#Frame      RoG_00005 RoG_00005[Max]
       1      16.2875        21.6774
       2      16.2140        21.5886
       3      16.2647        21.6929
       4      16.2570        21.8926
       5      16.3133        22.1426
       6      16.3677        21.9122
       7      16.3129        21.7422
       8      16.3253        22.2583
       9      16.3363        21.5344
      10      16.3352        21.6552
      11      16.2600        21.1527
      12      16.2947        21.6944
      13      16.2993        21.7060
      14      16.2628        21.9201
      15      16.2311        20.9250
      16      16.2986        21.1563
      17      16.3552        21.8281
      18      16.2759        22.1268
      19      16.2227        21.4352
      20      16.3039        21.7416
      21      16.2597        21.7777
      22      16.2924        21.8660
      23      16.3187        21.9228
      24      16.3277        22.3383
      25      16.2676        21.3628
      26      16.2299        21.7591
      27      16.2664        21.5603
      28      16.2897        22.3428
      29      16.2947        21.6088
      30      16.3351        22.6041
      31      16.2692        22.0325
      32      16.2366        21.8544
      33      16.3424        22.0828
      34      16.3489        22.2950
      35      16.3106        22.0853
      36      16.3223        22.4004
      37      16.2904        21.8904
      38      16.3192        21.8767
      39      16.2389        21.3427
      40      16.3213        21.3457
      41      16.2818        21.3186
      42      16.3056        22.3249
      43      16.2975        21.6437
      44      16.2815        21.6864
      45      16.2719        21.4280
      46      16.3085        21.5806
      47      16.3792        21.9108
      48      16.3661        21.9761
      49      16.2997        21.9602
      50      16.2814        21.4772
      51      16.3643        21.0013
      52      16.3431        21.7210
      53      16.2567        21.2876
      54      16.3192        21.3859
      55      16.2904        21.1033
      56      16.3022        21.0307
      57      16.3080        22.2102
      58      16.3093        21.0711
      59      16.2651        21.5174
      60      16.3207        21.1064
      61      16.2794        20.7669
      62      16.3420        22.1071
      63      16.3480        22.0655
      64      16.4163        21.5197
      65      16.2026        20.8179
      66      16.3082        21.8849
      67      16.3449        21.8821
      68      16.2755        21.4908
      69      16.1779        21.2437
      70      16.3446        21.6103
      71      16.3440        21.4261
      72      16.2991        21.3899
      73      16.3289        20.9395
      74      16.3410        21.1166
      75      16.2435        21.7258
      76      16.2847        21.6072
      77      16.3057        22.1278
      78      16.2931        21.4595
      79      16.3034        22.4533
      80      16.3324        22.8778
      81      16.3245        21.6296
      82      16.3197        21.4360
      83      16.3372        21.4544
      84      16.3194        21.4103
      85      16.2894        21.4650
      86      16.2909        21.4703
      87      16.2255        21.0996
      88      16.2618        20.5587
      89      16.2876        21.2745
      90      16.3007        21.5113
      91      16.3271        21.1747
      92      16.2780        21.1353
      93      16.3011        21.1486
      94      16.3017        20.9527
      95      16.3173        21.3578
      96      16.3329        22.0529
      97      16.3359        22.4161
      98      16.3755        22.2263
      99      16.3702        21.7072
     100      16.3294        21.7800
     101      16.3150        21.8535
     102      16.3548        21.0885
     103      16.3479        21.7707
     104      16.3076        21.5849
     105      16.3125        21.5743
     106      16.2657        21.2342
     107      16.2736        21.6733
     108      16.3111        21.2070
     109      16.2621        21.3720
     110      16.2517        21.4982
     111      16.2342        21.1296
     112      16.2849        21.4408
     113      16.2864        20.9086
     114      16.2602        21.3586
     115      16.2816        22.9119
     116      16.2535        22.2243
     117      16.2183        21.8133
     118      16.2605        21.0981
     119      16.2099        21.8016
     120      16.2027        21.0195
     121      16.2213        21.8306
     122      16.1841        21.5141
     123      16.2416        21.2096
     124      16.2960        21.3561
     125      16.2751        21.7199
     126      16.2938        21.5837
     127      16.2692        21.3044
     128      16.3306        21.6703
     129      16.3097        21.5213
     130      16.2067        21.5717
     131      16.1734        21.8790
     132      16.2329        20.5390
     133      16.2893        20.9702
     134      16.2550        21.0466
     135      16.2305        20.4153
     136      16.2531        21.0299
     137      16.2279        21.2610
     138      16.1827        21.3902
     139      16.2681        21.2391
     140      16.2428        21.3639
     141      16.2988        21.7107
     142      16.2968        22.0020
     143      16.2490        21.2994
     144      16.2003        21.3263
     145      16.2493        21.7551
     146      16.2113        21.2555
     147      16.2780        21.9635
     148      16.3029        22.2215
     149      16.3304        21.4126
     150      16.3100        21.1543
     151      16.3476        22.4477
     152      16.3463        21.8298
     153      16.2487        22.0616
     154      16.3189        21.6455
     155      16.2763        20.9043
     156      16.2427        21.5631
     157      16.2308        21.3990
     158      16.2011        21.6174
     159      16.2520        22.2988
     160      16.2551        22.2030
     161      16.2392        21.3578
     162      16.2873        21.9833
     163      16.2297        21.8099
     164      16.2668        21.5658
     165      16.1886        22.0206
     166      16.2171        21.8012
     167      16.3403        22.1677
     168      16.2850        21.7065
     169      16.3135        22.1247
     170      16.2953        20.8217
     171      16.3192        21.9712
     172      16.2698        21.9719
     173      16.3461        22.5536
     174      16.3161        21.9494
     175      16.2660        21.0954
     176      16.2237        20.7526
     177      16.3044        21.8472
     178      16.2137        20.9652
     179      16.3863        21.9048
     180      16.2001        21.1855
     181      16.2723        21.6969
     182      16.2459        21.4386
     183      16.2387        21.5421
     184      16.2017        21.4422
     185      16.2244        22.1062
     186      16.2062        21.4658
     187      16.2401        21.7660
     188      16.2640        21.4027
     189      16.2746        21.7615
     190      16.2955        20.7696
     191      16.2998        22.2011
     192      16.3205        22.1117
     193      16.2346        21.7591
     194      16.2404        21.7887
     195      16.2589        21.9664
     196      16.2570        22.0352
     197      16.2293        21.3259
     198      16.3102        21.2345
     199      16.3038        21.1847
     200      16.4155        21.6480
     201      16.2479        21.6475
     202      16.2545        21.5933
     203      16.2783        21.9820
     204      16.2262        21.4385
     205      16.2077        21.8881
     206      16.2320        21.8106
     207      16.2123        22.3146
     208      16.2402        22.0401
     209      16.3411        22.5594
     210      16.2397        21.4076
     211      16.2806        21.9499
     212      16.2966        21.6782
     213      16.3705        21.8094
     214      16.3134        21.3686
     215      16.2767        21.1170
     216      16.3612        22.0615
     217      16.2475        22.0275
     218      16.2449        21.8405
     219      16.2944        22.0268
     220      16.2267        21.6359
     221      16.2676        21.4431
     222      16.3003        21.8970
     223      16.2937        21.7038
     224      16.2776        22.3317
     225      16.2659        22.2580
     226      16.2861        22.2196
     227      16.2975        21.5409
     228      16.3327        22.4235
     229      16.3305        21.8324
     230      16.3103        22.1480
     231      16.2552        21.7868
     232      16.3111        21.9660
     233      16.2679        21.9118
     234      16.3198        21.8314
     235      16.2508        22.0486
     236      16.2630        21.9539
     237      16.2762        21.8249
     238      16.2233        21.6872
     239      16.2550        21.2067
     240      16.2230        21.6345
     241      16.2390        21.1093
     242      16.2201        21.5218
     243      16.1962        21.5068
     244      16.2393        21.7048
     245      16.2382        21.9139
     246      16.2805        21.3460
     247      16.2294        21.9650
     248      16.1978        21.4125
     249      16.3120        21.7420
     250      16.2361        21.8087
     251      16.3272        21.9209
     252      16.3035        22.0529
     253      16.2090        21.3083
     254      16.3034        21.5382
     255      16.1541        21.6207
     256      16.3245        22.4551
     257      16.3174        21.6196
     258      16.2452        22.1926
     259      16.2438        22.2195
     260      16.2284        22.0373
     261      16.3073        22.5497
     262      16.2475        21.7822
     263      16.2356        22.0533
     264      16.3577        22.1220
     265      16.2267        21.3487
     266      16.3271        22.3082
     267      16.1980        21.3404
     268      16.2456        21.1129
     269      16.1668        21.2187
     270      16.2607        21.8323
     271      16.2108        21.8720
     272      16.2792        21.7575
     273      16.2854        21.3956
     274      16.1993        21.5070
     275      16.2804        21.1087
     276      16.1984        20.9127
     277      16.2201        22.0519
     278      16.1980        21.7161
     279      16.2116        21.7080
     280      16.2077        21.4666
     281      16.2899        22.4157
     282      16.1682        21.5492
     283      16.2527        21.7729
     284      16.2058        21.5678
     285      16.2595        21.3364
     286      16.2581        21.7774
     287      16.2876        21.5406
     288      16.3072        21.1046
     289      16.2739        20.9502
     290      16.2511        20.9539
     291      16.1993        20.3651
     292      16.2659        21.3038
     293      16.2101        20.5731
     294      16.2527        20.5396
     295      16.3174        21.7616
     296      16.2982        21.8941
     297      16.2708        21.1592
     298      16.2485        21.7592
     299      16.2328        21.2403
     300      16.2583        21.7832
     301      16.2994        21.2376
     302      16.2355        20.5584
     303      16.2199        20.6880
     304      16.2417        21.0117
     305      16.2367        20.5299
     306      16.2514        21.4204
     307      16.2362        20.4887
     308      16.2084        20.2947
     309      16.2446        21.6830
     310      16.2765        21.1022
     311      16.2919        20.9446
     312      16.2401        20.9012
     313      16.3754        21.3659
     314      16.2952        21.2107
     315      16.3632        21.5824
     316      16.3142        20.3469
     317      16.3077        21.2865
     318      16.2616        21.4178
     319      16.3307        22.0714
     320      16.2286        21.2191
     321      16.2301        20.5706
     322      16.1763        20.3755
     323      16.2318        20.2392
     324      16.2429        20.8898
     325      16.1433        20.2150
     326      16.2720        21.4677
     327      16.1803        20.6373
     328      16.1838        21.1364
     329      16.3076        21.6878
     330      16.2297        21.9076
     331      16.1878        21.6933
     332      16.2726        20.8274
     333      16.2555        21.1293
     334      16.2295        21.6701
     335      16.3106        21.8042
     336      16.2985        21.0845
     337      16.2557        21.6642
     338      16.1897        20.3396
     339      16.2380        21.7093
     340      16.2515        21.8849
     341      16.2343        21.0806
     342      16.2675        21.4804
     343      16.1956        20.9338
     344      16.1973        21.0006
     345      16.2218        21.3973
     346      16.2838        20.7520
     347      16.2447        21.3059
     348      16.2539        20.9953
     349      16.2929        21.4779
     350      16.2301        21.3785
     351      16.2720        21.3072
     352      16.2907        21.5262
     353      16.2435        20.7295
     354      16.2765        21.1316
     355      16.2688        20.9387
     356      16.1984        21.4868
     357      16.2896        21.6338
     358      16.2298        20.8232
     359      16.2683        21.3945
     360      16.2858        22.1938
     361      16.2945        21.3428
     362      16.2129        20.9240
     363      16.2593        21.6371
     364      16.3354        21.2348
     365      16.3556        21.6939
     366      16.2733        21.4343
     367      16.3082        21.5247
     368      16.2447        20.7948
     369      16.3328        21.3227
     370      16.2128        20.4000
     371      16.2795        20.9352
     372      16.2329        21.2612
     373      16.2628        21.1681
     374      16.2941        21.1642
     375      16.1857        20.5976
     376      16.2265        20.4500
     377      16.2506        28.3632
     378      16.2395        20.8051
     379      16.2734        21.1433
     380      16.2281        20.5909
     381      16.2302        20.9213
     382      16.2206        20.9543
     383      16.3232        21.2805
     384      16.2824        21.5390
     385      16.2511        20.8308
     386      16.2855        21.4126
     387      16.2660        21.3265
     388      16.3058        21.8160
     389      16.2899        20.5555
     390      16.2976        21.6914
     391      16.2661        20.5741
     392      16.2411        20.4648
     393      16.2750        21.1062
     394      16.2867        21.6265
     395      16.2377        21.5776
     396      16.2445        20.9423
     397      16.1733        21.0961
     398      16.2067        20.6067
     399      16.2187        20.8533
     400      16.1995        20.7987
     401      16.1808        20.8575
     402      16.2290        20.9273
     403      16.2212        20.1805
     404      16.2184        20.5553
     405      16.2559        20.5511
     406      16.2373        21.1361
     407      16.2203        29.1066
     408      16.2594        21.9338
     409      16.2647        21.2346
     410      16.2106        21.1513
     411      16.2878        20.9750
     412      16.2694        20.3893
     413      16.2201        21.5567
     414      16.2251        20.8357
     415      16.2347        20.7448
     416      16.2379        20.7897
     417      16.2520        21.2247
     418      16.1972        20.5943
     419      16.1714        20.9144
     420      16.2668        21.5170
     421      16.2499        20.4053
     422      16.2405        20.6813
     423      16.2101        20.6873
     424      16.2216        20.2909
     425      16.2187        20.6521
     426      16.1801        20.7694
     427      16.1969        20.6525
     428      16.2023        20.4526
     429      16.1990        20.9746
     430      16.1492        21.1319
     431      16.1723        20.9557
     432      16.2668        20.8257
     433      16.1904        21.3842
     434      16.2495        20.2917
     435      16.2315        20.9678
     436      16.2209        21.5131
     437      16.3266        20.7628
     438      16.2491        21.0619
     439      16.1982        20.3132
     440      16.1508        20.4381
     441      16.2203        20.2404
     442      16.2897        20.3373
     443      16.2166        21.2842
     444      16.2573        21.0112
     445      16.2096        21.3209
     446      16.2566        21.1876
     447      16.2629        21.6068
     448      16.2993        20.7641
     449      16.2050        22.1023
     450      16.1769        20.8330
     451      16.2909        21.6743
     452      16.2301        21.8758
     453      16.2732        22.3191
     454      16.2926        22.2704
     455      16.2108        21.3026
     456      16.2064        20.7729
     457      16.2679        20.7807
     458      16.2413        20.8805
     459      16.2608        21.1886
     460      16.1859        21.5555
     461      16.1995        20.5010
     462      16.2275        20.6715
     463      16.1825        20.1437
     464      16.2217        20.9105
     465      16.2565        21.0625
     466      16.2391        21.2990
     467      16.2252        21.4725
     468      16.3010        21.7580
     469      16.2617        21.7742
     470      16.2445        21.6911
     471      16.2758        21.5733
     472      16.2186        20.4693
     473      16.2922        21.4958
     474      16.2426        22.2343
     475      16.2245        20.8382
     476      16.2103        21.1408
     477      16.1913        21.2811
     478      16.2444        21.1611
     479      16.2308        21.4367
     480      16.2509        21.4520
     481      16.1773        20.8258
     482      16.2397        20.7382
     483      16.3002        23.5085
     484      16.2400        20.5638
     485      16.3025        21.6148
     486      16.2790        21.4264
     487      16.2400        21.3649
     488      16.1535        21.7039
     489      16.2618        21.1661
     490      16.2499        21.9542
     491      16.3673        21.4753
     492      16.2358        21.5366
     493      16.2331        21.5528
     494      16.2809        21.7059
     495      16.2080        20.7463
     496      16.2806        21.1254
     497      16.2842        21.7886
     498      16.2508        21.6262
     499      16.3030        21.7033
     500      16.2851        21.2445
     501      16.2824        20.9674
     502      16.3287        20.7562
     503      16.3100        21.4816
     504      16.2338        20.5553
     505      16.3201        21.0196
     506      16.2945        21.6458
     507      16.2695        21.0724
     508      16.2654        21.3621
     509      16.3342        21.8179
     510      16.3860        22.3052
     511      16.3511        21.2319
     512      16.2514        21.4061
     513      16.3187        21.8622
     514      16.3639        21.2611
     515      16.3332        21.1336
     516      16.3131        21.8150
     517      16.2725        21.1246
     518      16.2252        22.2426
     519      16.3409        22.1660
     520      16.3390        21.2787
     521      16.3483        21.2385
     522      16.2262        20.9978
     523      16.2731        21.1440
     524      16.2124        21.0619
     525      16.3036        21.8792
     526      16.2421        21.3659
     527      16.2340        21.7278
     528      16.3041        22.2848
     529      16.2849        22.2400
     530      16.3581        22.0902
     531      16.3067        21.3273
     532      16.2446        28.7245
     533      16.2527        21.7050
     534      16.2103        21.2000
     535      16.3210        21.3295
     536      16.3633        21.8195
     537      16.2859        21.0280
     538      16.3251        21.0770
     539      16.3466        21.3570
     540      16.2889        20.9290
     541      16.2556        21.8039
     542      16.2637        20.6420
     543      16.3484        20.9756
     544      16.3323        21.0583
     545      16.3333        21.3739
     546      16.3049        21.7102
     547      16.2548        20.8615
     548      16.2652        21.6639
     549      16.2819        21.8878
     550      16.2952        21.0997
     551      16.2485        20.6671
     552      16.3304        21.1721
     553      16.3025        21.2661
     554      16.2760        21.1648
     555      16.3577        21.3775
     556      16.3309        21.2620
     557      16.2992        21.7440
     558      16.2381        21.3194
     559      16.2987        21.9957
     560      16.2984        21.6593
     561      16.2747        20.7912
     562      16.3462        21.3133
     563      16.2927        21.4080
     564      16.2316        20.6944
     565      16.3076        20.5991
     566      16.2877        20.1508
     567      16.2819        21.5254
     568      16.3584        21.3652
     569      16.3447        20.9408
     570      16.3505        21.1064
     571      16.3486        21.6049
     572      16.3560        21.9854
     573      16.3390        21.5895
     574      16.3054        21.2213
     575      16.3467        22.8959
     576      16.3356        22.5555
     577      16.2933        21.9213
     578      16.3389        21.1516
     579      16.2469        21.4388
     580      16.2841        21.5795
     581      16.2978        20.8874
     582      16.2464        21.4289
     583      16.2833        20.3683
     584      16.2326        21.8282
     585      16.3189        21.4880
     586      16.2761        22.1055
     587      16.3317        20.8617
     588      16.3217        21.2165
     589      16.2774        21.5477
     590      16.3173        21.2223
     591      16.3720        22.2410
     592      16.3659        21.4593
     593      16.2976        21.2385
     594      16.3509        20.8219
     595      16.3613        21.9709
     596      16.3220        21.1865
     597      16.3104        21.5187
     598      16.3616        21.5481
     599      16.3232        21.7684
     600      16.3121        22.0267
     601      16.3223        21.0400
     602      16.3028        21.7226
     603      16.3345        21.7328
     604      16.2718        20.9448
     605      16.3177        21.3595
     606      16.3889        21.4571
     607      16.2985        21.5478
     608      16.2801        21.5818
     609      16.2719        22.0529
     610      16.3289        21.2710
     611      16.2542        21.2745
     612      16.2582        21.1514
     613      16.3265        22.1587
     614      16.3260        22.0285
     615      16.2364        21.5697
     616      16.2975        21.4280
     617      16.2773        20.7793
     618      16.3414        21.4808
     619      16.2530        21.3934
     620      16.3539        21.8538
     621      16.3640        21.6452
     622      16.3151        21.1044
     623      16.3339        21.4931
     624      16.2635        21.2405
     625      16.2782        21.0663
     626      16.3176        21.4838
     627      16.3034        21.3317
     628      16.2796        21.2481
     629      16.2624        21.2915
     630      16.3232        21.9329
     631      16.3510        21.3758
     632      16.3690        21.6127
     633      16.2857        21.7796
     634      16.3905        21.8104
     635      16.3104        21.2094
     636      16.3193        21.4409
     637      16.3774        21.6024
     638      16.3982        21.7968
     639      16.3202        21.5112
     640      16.2778        21.2306
     641      16.3712        21.2268
     642      16.2781        21.7598
     643      16.3712        21.0170
     644      16.3686        21.2979
     645      16.3761        21.8766
     646      16.4124        21.5023
     647      16.3540        21.9894
     648      16.3353        21.6405
     649      16.3218        21.3369
     650      16.2935        21.6524
     651      16.3206        20.9407
     652      16.2354        21.4016
     653      16.2604        21.7544
     654      16.2950        21.8891
     655      16.2649        21.9913
     656      16.2728        21.7311
     657      16.2467        21.1581
     658      16.3078        21.0629
     659      16.2916        21.4321
     660      16.2739        21.5594
     661      16.2667        21.8844
     662      16.2461        20.9065
     663      16.1750        21.3275
     664      16.1743        22.0691
     665      16.2242        22.2889
     666      16.2669        21.2614
     667      16.2292        20.7260
     668      16.2330        20.6766
     669      16.2138        21.5394
     670      16.3738        21.8914
     671      16.3161        21.8758
     672      16.3201        21.6274
     673      16.3145        21.1920
     674      16.3893        21.9264
     675      16.2904        21.8209
     676      16.3488        22.1745
     677      16.2924        21.4922
     678      16.2714        21.8015
     679      16.3801        21.9465
     680      16.3057        21.1957
     681      16.2862        21.1065
     682      16.3951        21.5551
     683      16.3814        21.6430
     684      16.3230        21.0868
     685      16.3730        21.3091
     686      16.3733        21.6188
     687      16.3502        21.5808
     688      16.3568        21.7992
     689      16.4336        21.6169
     690      16.2786        20.9712
     691      16.2935        21.1411
     692      16.4065        21.8016
     693      16.3412        21.2864
     694      16.2585        21.6333
     695      16.3196        21.2024
     696      16.4120        22.0730
     697      16.2745        21.3550
     698      16.3350        21.9000
     699      16.3714        21.7402
     700      16.4199        21.4401
     701      16.2791        21.2918
     702      16.4075        21.1111
     703      16.2595        21.5175
     704      16.3849        21.3059
     705      16.3661        22.7042
     706      16.3413        21.6808
     707      16.3317        21.3214
     708      16.3397        21.7849
     709      16.2998        21.2046
     710      16.2947        21.3671
     711      16.2919        21.6588
     712      16.2902        22.1900
     713      16.3196        20.8131
     714      16.3268        21.2376
     715      16.2647        20.9565
     716      16.3160        21.7052
     717      16.3251        21.3263
     718      16.3496        21.1782
     719      16.3781        21.8253
     720      16.3557        21.6160
     721      16.3530        22.0244
     722      16.2935        21.6962
     723      16.2958        21.6759
     724      16.3927        21.8622
     725      16.3118        21.8387
     726      16.3773        21.4805
     727      16.2988        21.9477
     728      16.2731        21.8930
     729      16.2841        21.2778
     730      16.3335        21.8479
     731      16.2146        20.9826
     732      16.2388        21.1306
     733      16.2897        21.5365
     734      16.2942        21.2873
     735      16.2944        21.4755
     736      16.2783        21.5741
     737      16.2370        20.6704
     738      16.2805        21.2580
     739      16.3090        20.8842
     740      16.2591        20.9961
     741      16.2664        21.1246
     742      16.2239        21.3420
     743      16.3091        22.1766
     744      16.2716        21.2390
     745      16.3843        21.2673
     746      16.2763        21.2420
     747      16.2616        21.7504
     748      16.2624        21.1158
     749      16.2408        21.5017
     750      16.3151        22.0425
     751      16.3159        21.9023
     752      16.2407        21.0167
     753      16.2294        20.5805
     754      16.2007        21.2874
     755      16.2628        21.2657
     756      16.2399        21.6839
     757      16.2440        20.5202
     758      16.2924        21.8789
     759      16.2843        20.5995
     760      16.3045        20.6917
     761      16.3232        20.0731
     762      16.2467        20.0194
     763      16.2612        20.9035
     764      16.2654        20.9600
     765      16.2386        21.5452
     766      16.2952        20.6783
     767      16.2511        21.2522
     768      16.2242        20.6786
     769      16.2633        21.2219
     770      16.3140        21.1642
     771      16.2891        21.3417
     772      16.2957        21.3502
     773      16.2111        21.0052
     774      16.2912        21.7031
     775      16.2807        21.4089
     776      16.2460        21.3080
     777      16.2958        21.3765
     778      16.3793        21.7796
     779      16.3654        21.3723
     780      16.3737        21.5706
     781      16.3372        22.2454
     782      16.3628        21.2927
     783      16.3361        21.6118
     784      16.3294        21.3680
     785      16.3302        20.7736
     786      16.3608        21.6297
     787      16.3376        21.5654
     788      16.3064        21.1390
     789      16.3265        21.3340
     790      16.2646        21.5318
     791      16.3347        21.5157
     792      16.3274        21.3539
     793      16.4064        22.2186
     794      16.3458        22.2302
     795      16.3494        20.9490
     796      16.3610        21.3381
     797      16.3168        21.5242
     798      16.3166        21.5641
     799      16.3247        21.6323
     800      16.2841        21.3543
     801      16.3007        21.2662
     802      16.2663        20.9431
     803      16.2574        21.2124
     804      16.2971        21.2146
     805      16.2411        20.4686
     806      16.2439        21.4057
     807      16.2793        21.0334
     808      16.2547        21.1107
     809      16.2237        20.8418
     810      16.2501        20.9758
     811      16.2863        21.5473
     812      16.2919        21.0690
     813      16.3275        21.6096
     814      16.2751        21.1722
     815      16.2646        21.1454
     816      16.2726        21.2005
     817      16.2288        21.2059
     818      16.2703        21.3996
     819      16.2703        21.3148
     820      16.2677        21.3628
     821      16.1973        20.5971
     822      16.2247        21.7750
     823      16.2653        21.2328
     824      16.3180        21.3803
     825      16.2944        21.1905
     826      16.2320        21.4111
     827      16.3411        21.4666
     828      16.3466        20.9994
     829      16.2312        20.7656
     830      16.3351        21.0371
     831      16.3349        21.2582
     832      16.3836        21.0817
     833      16.2951        21.3995
     834      16.3771        21.0585
     835      16.3269        20.4370
     836      16.3312        20.8697
     837      16.3247        20.7992
     838      16.3959        21.2510
     839      16.3897        20.9050
     840      16.3177        21.4890
     841      16.3289        21.3436
     842      16.3149        20.7055
     843      16.3192        21.3569
     844      16.3732        21.1021
     845      16.2858        20.6811
     846      16.3246        21.4500
     847      16.3560        21.0550
     848      16.3760        21.5130
     849      16.4048        21.4442
     850      16.3267        21.2045
     851      16.3412        21.0409
     852      16.3510        21.0800
     853      16.3406        20.9302
     854      16.2964        21.0532
     855      16.3578        21.6941
     856      16.2805        21.0330
     857      16.3142        21.6018
     858      16.2092        20.3618
     859      16.2609        20.3097
     860      16.2544        20.9445
     861      16.2282        20.6876
     862      16.2506        21.2829
     863      16.2759        21.0512
     864      16.2691        21.2895
     865      16.2130        20.4936
     866      16.2661        20.7552
     867      16.2222        21.6781
     868      16.2988        21.0283
     869      16.2715        20.8060
     870      16.2860        21.0221
     871      16.3091        21.0645
     872      16.3174        21.0811
     873      16.3204        21.3405
     874      16.3599        21.3422
     875      16.3148        21.5022
     876      16.3580        21.6065
     877      16.3197        21.1890
     878      16.3114        21.2315
     879      16.1811        20.9361
     880      16.3240        20.9547
     881      16.2244        20.6202
     882      16.2720        20.6169
     883      16.2858        20.6468
     884      16.3099        21.0038
     885      16.3501        20.6031
     886      16.2497        28.5951
     887      16.3384        21.1607
     888      16.2624        21.0681
     889      16.3047        21.3808
     890      16.2631        21.5564
     891      16.3452        21.8016
     892      16.3193        21.9233
     893      16.3675        20.1423
     894      16.2639        20.6620
     895      16.2752        21.4543
     896      16.2091        20.6870
     897      16.2903        21.9541
     898      16.3198        20.6093
     899      16.3171        21.5477
     900      16.2619        21.1505
     901      16.1947        20.7419
     902      16.2703        20.7715
     903      16.2799        21.1157
     904      16.2684        20.9228
     905      16.2850        21.0245
     906      16.3497        21.2302
     907      16.4008        20.9231
     908      16.1904        20.7684
     909      16.2434        20.7757
     910      16.2482        21.7044
     911      16.2549        20.5343
     912      16.3124        21.3246
     913      16.2761        20.7226
     914      16.4025        21.7776
     915      16.2797        20.7046
     916      16.2114        20.4387
     917      16.2835        21.0982
     918      16.2519        20.2444
     919      16.3174        21.1931
     920      16.2864        21.2971
     921      16.2416        20.7961
     922      16.2547        21.3974
     923      16.2778        21.3453
     924      16.3304        21.0846
     925      16.2091        20.6442
     926      16.3470        20.7984
     927      16.3562        20.7551
     928      16.3130        21.7040
     929      16.2784        20.9690
     930      16.3273        21.2185
     931      16.3917        21.3098
     932      16.3195        21.4896
     933      16.3650        20.9685
     934      16.2879        20.9705
     935      16.2980        20.5389
     936      16.2465        20.6669
     937      16.3602        21.7821
     938      16.2943        21.6422
     939      16.3223        21.2786
     940      16.2306        20.6967
     941      16.1755        20.7446
     942      16.1750        21.7409
     943      16.2129        20.5605
     944      16.2685        21.8011
     945      16.2965        21.4836
     946      16.3023        21.8349
     947      16.2592        21.6170
     948      16.3261        22.1821
     949      16.2979        20.9433
     950      16.2341        21.2599
     951      16.3058        22.0629
     952      16.2976        21.3658
     953      16.2675        21.3038
     954      16.3135        20.5193
     955      16.2297        20.8903
     956      16.3628        21.2889
     957      16.2862        21.5008
     958      16.3063        21.4641
     959      16.3065        21.5945
     960      16.3410        21.3043
     961      16.2488        21.5143
     962      16.3332        21.8222
     963      16.3177        21.8901
     964      16.3158        21.1202
     965      16.2810        20.7713
     966      16.3220        21.1421
     967      16.2695        21.3178
     968      16.2224        20.5326
     969      16.3193        21.4772
     970      16.2547        21.5464
     971      16.2952        21.1918
     972      16.2183        21.0575
     973      16.2813        21.6820
     974      16.2707        21.2356
     975      16.2297        21.3703
     976      16.3641        21.9904
     977      16.2301        22.0604
     978      16.2727        21.2497
     979      16.2550        21.2100
     980      16.2735        21.5475
     981      16.2412        21.5686
     982      16.2552        21.0867
     983      16.2475        20.9174
     984      16.2292        21.5765
     985      16.3209        21.2813
     986      16.3160        21.1950
     987      16.2974        21.8267
     988      16.3761        21.5405
     989      16.2473        21.7031
     990      16.3448        21.3352
     991      16.3655        21.1896
     992      16.2359        20.7756
     993      16.2297        21.3571
     994      16.2545        20.6913
     995      16.2954        21.4195
     996      16.3423        20.6580
     997      16.3279        21.0110
     998      16.3671        21.5385
     999      16.3721        22.0897
    1000      16.3257        21.0875
    1001      16.2798        21.0251
    1002      16.2726        21.8309
    1003      16.2461        20.6889
    1004      16.2882        21.2702
    1005      16.2539        21.4214
    1006      16.2573        20.8705
    1007      16.2664        21.1545
    1008      16.3321        20.9357
    1009      16.3162        21.3738
    1010      16.2734        21.5975
    1011      16.2312        20.8399
    1012      16.2628        20.9052
    1013      16.3067        21.1833
    1014      16.2354        20.4917
    1015      16.2405        20.9482
    1016      16.3097        20.8625
    1017      16.2830        21.2944
    1018      16.2951        21.5813
    1019      16.3141        21.7052
    1020      16.2240        21.3062
    1021      16.2680        20.9731
    1022      16.3584        21.4088
    1023      16.3201        21.1390
    1024      16.3013        21.2024
    1025      16.3019        21.5664
    1026      16.3743        22.1591
    1027      16.2937        20.9244
    1028      16.3703        20.8778
    1029      16.3145        21.3559
    1030      16.3916        21.0927
    1031      16.3398        20.9078
    1032      16.3826        21.6004
    1033      16.3586        21.2548
    1034      16.3019        21.2332
    1035      16.2920        20.8166
    1036      16.3116        20.9967
    1037      16.2138        20.5659
    1038      16.3572        20.9227
    1039      16.3069        21.2099
    1040      16.3261        20.9702
    1041      16.2965        21.3392
    1042      16.3039        21.2687
    1043      16.3209        21.2228
    1044      16.3111        20.9240
    1045      16.2545        21.1673
    1046      16.3316        21.8521
    1047      16.2133        21.6753
    1048      16.3268        21.6675
    1049      16.2963        21.5631
    1050      16.2795        21.1207
    1051      16.3279        21.0809
    1052      16.2760        20.6557
    1053      16.3416        21.3764
    1054      16.2645        21.5390
    1055      16.3099        20.7820
    1056      16.2323        20.4274
    1057      16.3426        21.6121
    1058      16.2835        21.0917
    1059      16.2522        20.3283
    1060      16.2532        20.5982
    1061      16.2729        21.4222
    1062      16.2117        21.8997
    1063      16.3139        21.5409
    1064      16.3267        22.1184
    1065      16.2914        21.9217
    1066      16.3584        21.1319
    1067      16.3053        21.1414
    1068      16.3374        21.6856
    1069      16.3068        21.3964
    1070      16.2424        20.9408
    1071      16.2867        20.6756
    1072      16.2768        21.1149
    1073      16.2302        20.5967
    1074      16.2652        20.7974
    1075      16.3064        21.1441
    1076      16.2814        21.3022
    1077      16.2820        21.4854
    1078      16.2519        20.8611
    1079      16.2697        21.4461
    1080      16.2877        20.6457
    1081      16.1722        20.5132
    1082      16.2806        21.4144
    1083      16.2771        21.3512
    1084      16.3261        21.8950
    1085      16.3528        21.8943
    1086      16.3081        21.0168
    1087      16.3143        21.6343
    1088      16.3146        21.8879
    1089      16.2757        21.0425
    1090      16.2558        21.6940
    1091      16.2185        21.0012
    1092      16.3184        21.4304
    1093      16.2897        22.1274
    1094      16.2060        22.3494
    1095      16.2726        21.6566
    1096      16.3358        20.7706
    1097      16.3425        21.1347
    1098      16.2970        20.1261
    1099      16.2579        21.3701
    1100      16.2312        21.0741
    1101      16.2113        20.6171
    1102      16.2890        21.3828
    1103      16.3112        20.6230
    1104      16.2785        20.7181
    1105      16.3241        20.6295
    1106      16.3616        22.0426
    1107      16.3153        21.6939
    1108      16.2294        21.4552
    1109      16.3304        21.6702
    1110      16.3355        21.2359
    1111      16.3385        21.7856
    1112      16.3090        20.9816
    1113      16.3642        21.6827
    1114      16.3440        21.3248
    1115      16.2876        21.3448
    1116      16.3738        21.1630
    1117      16.3315        21.2408
    1118      16.3323        21.6770
    1119      16.2682        20.7114
    1120      16.2451        21.2301
    1121      16.2635        21.2003
    1122      16.3416        21.4424
    1123      16.2914        20.5401
    1124      16.2347        20.0139
    1125      16.3243        21.3757
    1126      16.2273        20.6500
    1127      16.3032        20.4254
    1128      16.3061        21.1919
    1129      16.2401        20.9190
    1130      16.2855        20.7467
    1131      16.3280        21.6285
    1132      16.2867        20.8218
    1133      16.4065        21.2151
    1134      16.3016        20.7793
    1135      16.2545        20.6241
    1136      16.3030        21.1950
    1137      16.2836        20.8202
    1138      16.3545        21.0696
    1139      16.2785        21.7674
    1140      16.2874        21.5376
    1141      16.3594        20.8064
    1142      16.4039        21.5666
    1143      16.2953        21.4666
    1144      16.3698        21.4312
    1145      16.2867        21.1802
    1146      16.2617        20.8847
    1147      16.3025        21.0953
    1148      16.3580        21.6478
    1149      16.3033        21.5498
    1150      16.2821        21.6585
    1151      16.2890        21.5819
    1152      16.2290        20.7438
    1153      16.3169        21.5955
    1154      16.3198        21.1285
    1155      16.3286        21.8190
    1156      16.3581        22.2052
    1157      16.3499        21.4020
    1158      16.3111        22.4443
    1159      16.2536        20.7334
    1160      16.3425        21.2601
    1161      16.3200        22.1659
    1162      16.2653        21.8632
    1163      16.3651        22.0524
    1164      16.3242        21.5574
    1165      16.3884        21.2240
    1166      16.2178        20.5363
    1167      16.2645        21.3777
    1168      16.2359        21.4128
    1169      16.1231        20.8968
    1170      16.2051        20.7595
    1171      16.2769        20.6935
    1172      16.3261        21.9051
    1173      16.3130        21.1107
    1174      16.2539        21.4014
    1175      16.3971        21.7163
    1176      16.3121        21.1222
    1177      16.3162        21.5019
    1178      16.3115        21.4164
    1179      16.3432        21.8123
    1180      16.2543        22.0034
    1181      16.3284        21.8293
    1182      16.3025        21.6225
    1183      16.3591        21.6165
    1184      16.3176        22.0646
    1185      16.3754        22.0522
    1186      16.3924        21.3837
    1187      16.3492        21.1088
    1188      16.3826        21.3199
    1189      16.3860        21.6296
    1190      16.3960        21.8571
    1191      16.3199        21.4389
    1192      16.3693        21.7897
    1193      16.4169        21.6627
    1194      16.4055        20.7290
    1195      16.3196        20.8234
    1196      16.3778        21.5295
    1197      16.3195        22.1101
    1198      16.3898        21.5902
    1199      16.3891        21.9213
    1200      16.3425        21.9761
    1201      16.3286        21.4945
    1202      16.3028        21.5737
    1203      16.3957        21.2178
    1204      16.3022        21.9830
    1205      16.3337        22.0335
    1206      16.3515        21.8386
    1207      16.2548        22.0667
    1208      16.3025        22.0468
    1209      16.2985        21.6213
    1210      16.2623        21.6375
    1211      16.3112        21.9982
    1212      16.3263        21.9771
    1213      16.2668        22.5577
    1214      16.3124        21.1892
    1215      16.3282        21.4508
    1216      16.3111        20.7591
    1217      16.3888        22.1499
    1218      16.2659        20.8948
    1219      16.2910        20.8851
    1220      16.2408        21.2957
    1221      16.2705        21.6467
    1222      16.3418        21.5735
    1223      16.3086        20.9386
    1224      16.3222        21.1199
    1225      16.2198        20.4488
    1226      16.2102        21.1530
    1227      16.2030        21.3656
    1228      16.2913        21.9552
    1229      16.2416        20.9126
    1230      16.3349        20.3459
    1231      16.2992        20.9578
    1232      16.2876        21.2951
    1233      16.2163        21.3550
    1234      16.3436        22.1193
    1235      16.2933        20.8651
    1236      16.2772        21.7388
    1237      16.3002        21.4313
    1238      16.3143        22.0976
    1239      16.2887        21.3347
    1240      16.3610        21.9086
    1241      16.2825        21.3247
    1242      16.2750        21.3106
    1243      16.3828        21.8646
    1244      16.3314        22.1741
    1245      16.3114        20.8251
    1246      16.3789        21.5750
    1247      16.3328        21.6369
    1248      16.2807        21.6566
    1249      16.3685        21.2461
    1250      16.3084        20.7471
    1251      16.2673        20.7467
    1252      16.2845        20.7561
    1253      16.2282        20.9554
    1254      16.2548        21.0570
    1255      16.2331        20.4653
    1256      16.2500        21.1788
    1257      16.2599        20.9652
    1258      16.2640        21.1666
    1259      16.2606        21.8709
    1260      16.2912        21.2242
    1261      16.2652        21.4193
    1262      16.1909        21.4702
    1263      16.3255        21.8313
    1264      16.3196        22.0180
    1265      16.2424        20.4325
    1266      16.2177        21.5649
    1267      16.3081        21.0110
    1268      16.2229        20.4734
    1269      16.2562        20.8030
    1270      16.2411        21.1094
    1271      16.2152        20.8464
    1272      16.2586        21.2937
    1273      16.2578        20.4891
    1274      16.3401        21.3389
    1275      16.3305        21.0767
    1276      16.2539        20.7256
    1277      16.2512        20.7881
    1278      16.3290        21.3663
    1279      16.2972        20.6301
    1280      16.2521        20.9443
    1281      16.3593        21.8219
    1282      16.2175        20.9553
    1283      16.2279        22.1964
    1284      16.3110        21.5422
    1285      16.2790        20.7520
    1286      16.2635        20.8451
    1287      16.2711        20.7345
    1288      16.2012        21.3014
    1289      16.2915        21.3280
    1290      16.3590        21.2520
    1291      16.2233        21.5043
    1292      16.2252        21.1992
    1293      16.3634        21.2634
    1294      16.2463        21.1848
    1295      16.2865        20.7379
    1296      16.3388        21.0559
    1297      16.2549        21.1427
    1298      16.3241        21.1175
    1299      16.3852        21.0438
    1300      16.3401        21.4549
    1301      16.3539        21.1159
    1302      16.3654        21.5825
    1303      16.3691        21.3950
    1304      16.3360        21.9251
    1305      16.3095        21.0185
    1306      16.3269        21.1590
    1307      16.2966        21.1289
    1308      16.3181        20.9499
    1309      16.3093        21.5171
    1310      16.3652        21.1239
    1311      16.3152        21.0592
    1312      16.3664        21.5777
    1313      16.3409        21.0691
    1314      16.3505        21.4369
    1315      16.3216        22.1854
    1316      16.3620        21.9890
    1317      16.3245        21.3669
    1318      16.3234        21.3676
    1319      16.3396        21.7168
    1320      16.3503        20.6078
    1321      16.3715        21.7820
    1322      16.3747        21.9834
    1323      16.2988        21.3664
    1324      16.3131        21.0923
    1325      16.3278        21.9047
    1326      16.2992        21.5650
    1327      16.3682        21.6119
    1328      16.4690        22.3357
    1329      16.3631        21.2973
    1330      16.4003        21.6085
    1331      16.3679        22.1155
    1332      16.3304        21.3857
    1333      16.3355        21.8626
    1334      16.3610        21.6675
    1335      16.4315        21.6905
    1336      16.3526        21.1800
    1337      16.4003        22.1086
    1338      16.3464        22.0643
    1339      16.4032        22.2060
    1340      16.3604        21.9890
    1341      16.2830        22.0507
    1342      16.2902        21.4257
    1343      16.3023        21.5990
    1344      16.2923        21.6641
    1345      16.3674        21.7236
    1346      16.4052        21.9338
    1347      16.3539        21.9980
    1348      16.3575        21.2301
    1349      16.3949        21.5572
    1350      16.3320        21.6710
    1351      16.3284        22.4364
    1352      16.3391        22.2231
    1353      16.3638        21.9265
    1354      16.3908        22.0093
    1355      16.3691        22.0170
    1356      16.3262        22.0220
    1357      16.3662        21.4384
    1358      16.3388        22.0110
    1359      16.3618        21.9117
    1360      16.4134        22.1849
    1361      16.3047        21.4966
    1362      16.2872        21.6064
    1363      16.3687        21.3229
    1364      16.2804        21.7079
    1365      16.3137        21.5012
    1366      16.2872        21.7564
    1367      16.3070        21.5353
    1368      16.2400        20.4038
    1369      16.2815        21.5363
    1370      16.3689        21.6763
    1371      16.2727        21.1256
    1372      16.2382        20.5499
    1373      16.3312        20.4784
    1374      16.2525        20.9810
    1375      16.2964        20.6000
    1376      16.3451        21.8072
    1377      16.2697        21.0412
    1378      16.2881        20.5772
    1379      16.2782        20.4772
    1380      16.2722        21.2415
    1381      16.2497        20.5135
    1382      16.2171        21.1105
    1383      16.3110        21.6715
    1384      16.2759        21.0518
    1385      16.3356        21.8594
    1386      16.3922        21.1512
    1387      16.2706        20.4242
    1388      16.2880        20.6476
    1389      16.3124        22.3805
    1390      16.3092        21.8048
    1391      16.3007        20.4617
    1392      16.2863        20.4860
    1393      16.2953        21.2727
    1394      16.3097        21.1531
    1395      16.3187        21.0188
    1396      16.2707        21.1251
    1397      16.2022        20.8270
    1398      16.1976        21.1482
    1399      16.3491        21.7643
    1400      16.2368        21.7351
    1401      16.3283        21.6115
    1402      16.2612        21.6970
    1403      16.3058        20.4481
    1404      16.2520        21.5838
    1405      16.2139        21.0727
    1406      16.3547        21.3234
    1407      16.3105        21.8859
    1408      16.3482        21.3279
    1409      16.3785        21.0835
    1410      16.3489        20.7798
    1411      16.2701        21.3390
    1412      16.2439        21.0995
    1413      16.3460        21.7889
    1414      16.3204        21.3179
    1415      16.2766        21.5483
    1416      16.2168        21.5019
    1417      16.3731        21.7426
    1418      16.2795        21.3897
    1419      16.2973        21.6084
    1420      16.3778        21.6451
    1421      16.3367        21.7310
    1422      16.2661        21.8605
    1423      16.3173        21.6221
    1424      16.2872        21.3847
    1425      16.2433        21.0853
    1426      16.3308        22.1454
    1427      16.3238        21.7839
    1428      16.3054        21.3851
    1429      16.1982        28.4384
    1430      16.3926        21.3011
    1431      16.3164        21.4359
    1432      16.3342        21.1551
    1433      16.3548        21.2108
    1434      16.2656        20.8677
    1435      16.2726        21.0644
    1436      16.2829        28.7796
    1437      16.2510        28.7214
    1438      16.2466        20.3307
    1439      16.2705        20.7349
    1440      16.3142        20.4961
    1441      16.2954        20.9045
    1442      16.2863        21.0855
    1443      16.3200        21.1059
    1444      16.3000        21.3492
    1445      16.2837        21.0486
    1446      16.3051        21.5550
    1447      16.3246        21.2359
    1448      16.3473        21.1039
    1449      16.2651        21.2730
    1450      16.3707        21.1697
    1451      16.2556        22.1743
    1452      16.2589        21.6496
    1453      16.3569        21.4720
    1454      16.3301        21.6643
    1455      16.3458        22.0319
    1456      16.2956        21.2737
    1457      16.2933        21.4201
    1458      16.2380        21.2688
    1459      16.3586        21.9849
    1460      16.2933        21.1598
    1461      16.2710        21.5190
    1462      16.3079        21.4655
    1463      16.2763        20.9304
    1464      16.3721        22.7009
    1465      16.3256        21.4458
    1466      16.3020        21.6937
    1467      16.3174        22.7019
    1468      16.3591        22.1032
    1469      16.1942        20.6187
    1470      16.2415        21.2921
    1471      16.2254        20.6087
    1472      16.2315        20.6774
    1473      16.2923        21.2202
    1474      16.2712        20.9495
    1475      16.2831        21.0094
    1476      16.2706        20.8763
    1477      16.2949        21.0559
    1478      16.2291        20.8756
    1479      16.2166        20.9844
    1480      16.2044        20.9330
    1481      16.2325        20.7314
    1482      16.2590        21.2247
    1483      16.2338        20.4947
    1484      16.2505        20.9303
    1485      16.2330        21.5248
    1486      16.2289        21.0639
    1487      16.2597        20.6789
    1488      16.2559        21.0418
    1489      16.3261        21.5361
    1490      16.2875        21.0560
    1491      16.2698        20.9269
    1492      16.3603        20.9977
    1493      16.3238        21.4247
    1494      16.2668        20.9451
    1495      16.2633        20.6377
    1496      16.2534        20.7591
    1497      16.3007        21.1072
    1498      16.2948        20.7293
    1499      16.3042        20.6546
    1500      16.3185        21.3279
    1501      16.2275        21.1203
    1502      16.2492        20.9971
    1503      16.2392        21.0331
    1504      16.3088        21.1072
    1505      16.2425        20.7003
    1506      16.2662        21.5893
    1507      16.2592        21.4413
    1508      16.2742        21.2523
    1509      16.2216        21.1164
    1510      16.3240        21.5353
    1511      16.3010        20.6042
    1512      16.2889        20.7327
    1513      16.2715        21.3364
    1514      16.2358        20.5069
    1515      16.2858        21.5445
    1516      16.2829        21.6620
    1517      16.2667        21.5899
    1518      16.3836        21.6809
    1519      16.2535        21.7256
    1520      16.3068        21.1477
    1521      16.2181        21.1811
    1522      16.3354        21.6906
    1523      16.2429        21.5422
    1524      16.3020        21.1851
    1525      16.2898        21.2902
    1526      16.2816        21.5302
    1527      16.3644        21.7757
    1528      16.2433        20.7221
    1529      16.3258        21.4833
    1530      16.2761        20.6892
    1531      16.3119        21.0246
    1532      16.3624        21.6501
    1533      16.3710        21.5941
    1534      16.2736        21.3455
    1535      16.2658        21.2243
    1536      16.4005        21.7368
    1537      16.4232        21.7911
    1538      16.2916        21.2174
    1539      16.3525        22.0714
    1540      16.3769        21.8733
    1541      16.3504        21.8201
    1542      16.3109        21.5006
    1543      16.2820        21.6630
    1544      16.3864        21.9787
    1545      16.3834        21.4593
    1546      16.2755        21.4013
    1547      16.2985        20.9903
    1548      16.3489        21.1220
    1549      16.2613        20.8651
    1550      16.2229        21.0941
    1551      16.3401        20.9303
    1552      16.3870        21.7412
    1553      16.3399        21.0404
    1554      16.3374        21.0964
    1555      16.2433        20.7620
    1556      16.2266        21.0926
    1557      16.2308        20.7412
    1558      16.2415        21.2797
    1559      16.2941        21.4233
    1560      16.2644        21.3770
    1561      16.2344        21.6299
    1562      16.2720        21.7150
    1563      16.3068        21.9569
    1564      16.2950        21.5678
    1565      16.2590        21.8393
    1566      16.3571        21.5512
    1567      16.2978        22.1832
    1568      16.3311        21.5244
    1569      16.3256        21.7909
    1570      16.3394        21.8070
    1571      16.3452        21.2830
    1572      16.3101        21.2259
    1573      16.2860        22.1946
    1574      16.3359        21.7167
    1575      16.3569        21.5458
    1576      16.4729        21.4481
    1577      16.3520        20.8054
    1578      16.3598        21.5239
    1579      16.2557        21.4390
    1580      16.2662        21.9347
    1581      16.3813        21.2495
    1582      16.3408        21.9770
    1583      16.2913        21.1210
    1584      16.3645        21.5243
    1585      16.3771        21.7728
    1586      16.3686        21.6783
    1587      16.4021        21.6842
    1588      16.3642        21.9341
    1589      16.3619        22.1611
    1590      16.4793        21.8726
    1591      16.3398        22.1765
    1592      16.3872        22.1768
    1593      16.3512        22.1209
    1594      16.3054        21.6210
    1595      16.3786        22.3761
    1596      16.3337        22.0916
    1597      16.3249        21.8597
    1598      16.2946        22.1179
    1599      16.3692        22.0497
    1600      16.2792        22.0062
    1601      16.3327        21.8223
    1602      16.3401        21.3825
    1603      16.2770        22.5114
    1604      16.3417        22.1570
    1605      16.2565        21.6282
    1606      16.2694        21.6567
    1607      16.2738        21.5104
    1608      16.3055        21.5827
    1609      16.3016        21.3453
    1610      16.3110        22.1766
    1611      16.3380        21.2682
    1612      16.3092        22.1971
    1613      16.3332        22.0368
    1614      16.2506        21.4564
    1615      16.3046        21.0571
    1616      16.3340        21.3637
    1617      16.2961        21.6289
    1618      16.2573        21.7438
    1619      16.2792        21.4377
    1620      16.3295        21.8763
    1621      16.2411        21.8383
    1622      16.3352        21.4179
    1623      16.2955        21.8427
    1624      16.3543        21.6892
    1625      16.3007        21.5269
    1626      16.3143        22.0351
    1627      16.4070        21.8063
    1628      16.2794        21.5069
    1629      16.3574        21.7686
    1630      16.3181        21.6300
    1631      16.2685        21.6183
    1632      16.2717        21.6939
    1633      16.3839        21.7816
    1634      16.2814        21.4282
    1635      16.2607        21.0398
    1636      16.3206        21.7586
    1637      16.3225        22.1551
    1638      16.3909        21.7080
    1639      16.3246        21.4068
    1640      16.2774        22.0139
    1641      16.3639        21.2774
    1642      16.2826        21.7743
    1643      16.2647        20.9680
    1644      16.3362        21.0770
    1645      16.2545        21.6778
    1646      16.2603        21.3006
    1647      16.3797        21.5881
    1648      16.1940        20.8565
    1649      16.2925        21.7123
    1650      16.2030        21.2607
    1651      16.2557        20.8998
    1652      16.2399        21.2549
    1653      16.1879        21.7685
    1654      16.2525        21.6861
    1655      16.2658        21.6702
    1656      16.2987        20.7734
    1657      16.2530        21.5961
    1658      16.2009        20.5220
    1659      16.1807        21.4039
    1660      16.2949        22.0611
    1661      16.1973        21.6216
    1662      16.2263        21.7400
    1663      16.2449        20.8878
    1664      16.1892        21.3177
    1665      16.2509        20.8333
    1666      16.2284        20.7123
    1667      16.2670        21.1155
    1668      16.2260        21.5717
    1669      16.2761        21.5539
    1670      16.3079        21.7504
    1671      16.3246        21.2396
    1672      16.3046        21.7267
    1673      16.2707        20.8550
    1674      16.2523        20.9995
    1675      16.2754        21.8835
    1676      16.2150        21.1062
    1677      16.3482        22.1587
    1678      16.2932        21.1709
    1679      16.2428        20.9741
    1680      16.2256        21.9453
    1681      16.2661        21.0712
    1682      16.2736        21.3413
    1683      16.2250        21.9021
    1684      16.2288        21.7078
    1685      16.2160        21.3997
    1686      16.2530        21.4613
    1687      16.2525        21.2581
    1688      16.2063        21.4693
    1689      16.2091        20.5432
    1690      16.2642        21.4992
    1691      16.3689        21.4330
    1692      16.2300        21.2259
    1693      16.2277        21.8296
    1694      16.2141        21.5403
    1695      16.2442        21.0245
    1696      16.2508        21.2635
    1697      16.1858        21.4761
    1698      16.2309        21.3786
    1699      16.1983        20.9369
    1700      16.2497        21.2032
    1701      16.2976        21.4301
    1702      16.2276        20.6822
    1703      16.2079        21.1151
    1704      16.2135        21.1201
    1705      16.3105        21.3759
    1706      16.2327        20.5043
    1707      16.2489        22.1784
    1708      16.3327        21.4278
    1709      16.1988        21.5324
    1710      16.1905        21.4979
    1711      16.2710        21.4293
    1712      16.2545        21.6233
    1713      16.2726        20.8466
    1714      16.2357        21.3382
    1715      16.3300        21.7218
    1716      16.2245        20.9593
    1717      16.2541        20.9272
    1718      16.2871        20.9126
    1719      16.3169        21.5268
    1720      16.3558        21.5820
    1721      16.3293        21.8248
    1722      16.3088        21.3930
    1723      16.2392        21.3729
    1724      16.2697        21.1014
    1725      16.2312        21.5678
    1726      16.2429        21.3490
    1727      16.2327        21.3358
    1728      16.2087        20.7806
    1729      16.2057        21.2695
    1730      16.2313        21.1010
    1731      16.2765        21.6308
    1732      16.2637        21.3115
    1733      16.3126        21.1376
    1734      16.2764        21.1184
    1735      16.2598        21.2458
    1736      16.3047        21.1814
    1737      16.3594        21.4741
    1738      16.3466        21.1944
    1739      16.3083        21.0311
    1740      16.3812        21.4872
    1741      16.3724        21.3357
    1742      16.3616        21.3099
    1743      16.3510        21.3813
    1744      16.2945        21.6558
    1745      16.3127        21.7356
    1746      16.2471        21.2287
    1747      16.2262        21.1095
    1748      16.2171        21.3515
    1749      16.3024        21.2889
    1750      16.2594        21.7356
    1751      16.2032        20.6736
    1752      16.2983        22.0339
    1753      16.2248        20.9755
    1754      16.2649        21.8907
    1755      16.3352        21.2979
    1756      16.3417        21.4423
    1757      16.2874        21.7492
    1758      16.2575        22.0720
    1759      16.3104        21.4544
    1760      16.2822        21.4342
    1761      16.2703        21.8950
    1762      16.2569        21.1459
    1763      16.2662        21.4463
    1764      16.2390        21.8311
    1765      16.2269        21.3472
    1766      16.2564        22.0954
    1767      16.2246        21.1217
    1768      16.3074        21.7660
    1769      16.2869        21.2470
    1770      16.2381        21.0162
    1771      16.2512        21.6105
    1772      16.3317        22.0163
    1773      16.2156        21.4733
    1774      16.2640        21.1765
    1775      16.2884        21.1068
    1776      16.3249        21.1047
    1777      16.2406        21.6673
    1778      16.2777        20.6984
    1779      16.2304        21.0253
    1780      16.2522        21.5383
    1781      16.2576        21.3932
    1782      16.2959        21.3785
    1783      16.2387        21.2334
    1784      16.3336        21.8681
    1785      16.2578        21.5127
    1786      16.2518        21.8409
    1787      16.2983        21.7338
    1788      16.2945        21.2905
    1789      16.2565        21.3225
    1790      16.2297        20.9451
    1791      16.2478        21.6271
    1792      16.1886        20.8731
    1793      16.2425        21.2137
    1794      16.2596        21.1398
    1795      16.2749        21.4320
    1796      16.2808        21.6043
    1797      16.2773        21.4346
    1798      16.2945        22.0321
    1799      16.2547        21.3481
    1800      16.2360        21.5967
    1801      16.3564        21.3208
    1802      16.2633        21.0866
    1803      16.2121        20.7690
    1804      16.2370        21.4127
    1805      16.2703        21.5638
    1806      16.1869        21.2453
    1807      16.2414        21.2277
    1808      16.1497        20.9840
    1809      16.3220        21.3724
    1810      16.3084        21.5172
    1811      16.2048        20.8570
    1812      16.2584        20.7345
    1813      16.2468        21.3961
    1814      16.2311        21.6245
    1815      16.3244        21.5144
    1816      16.2775        20.8912
    1817      16.4067        22.2283
    1818      16.2706        22.0416
    1819      16.3670        20.9275
    1820      16.2705        21.3568
    1821      16.2814        21.2064
    1822      16.3234        21.9038
    1823      16.3079        21.5698
    1824      16.3300        21.4317
    1825      16.3014        21.6404
    1826      16.2640        21.8289
    1827      16.2597        21.8254
    1828      16.3407        21.9695
    1829      16.3440        21.7348
    1830      16.2466        21.6198
    1831      16.2405        21.5179
    1832      16.3173        21.8718
    1833      16.1567        21.2668
    1834      16.1923        20.6274
    1835      16.2345        21.4321
    1836      16.1486        20.8268
    1837      16.1945        21.5576
    1838      16.2560        21.9261
    1839      16.2864        21.6188
    1840      16.3003        21.8512
    1841      16.2366        21.3668
    1842      16.3182        21.4946
    1843      16.2497        21.5422
    1844      16.3286        21.3447
    1845      16.3175        21.9373
    1846      16.3092        21.6722
    1847      16.2997        21.8210
    1848      16.2601        21.5685
    1849      16.3409        21.1304
    1850      16.3236        22.1188
    1851      16.2841        21.3371
    1852      16.2387        20.9284
    1853      16.2745        21.5698
    1854      16.2318        21.5226
    1855      16.2304        20.8200
    1856      16.2609        20.8809
    1857      16.2722        21.6521
    1858      16.2735        21.3210
    1859      16.2737        21.3904
    1860      16.2762        21.0163
    1861      16.2917        21.6212
    1862      16.2869        21.3139
    1863      16.3419        22.2445
    1864      16.2400        21.3038
    1865      16.2464        21.4656
    1866      16.2864        21.6581
    1867      16.2633        21.7396
    1868      16.1854        21.2516
    1869      16.2495        21.2568
    1870      16.2820        21.6718
    1871      16.2637        22.0489
    1872      16.2271        21.4463
    1873      16.2845        21.5893
    1874      16.2348        20.6409
    1875      16.3358        21.3836
    1876      16.3328        21.6931
    1877      16.2624        21.7397
    1878      16.2619        21.6829
    1879      16.1977        21.1434
    1880      16.2716        21.2699
    1881      16.2598        21.0590
    1882      16.2765        20.6693
    1883      16.2247        21.2234
    1884      16.2868        21.6217
    1885      16.2289        21.0005
    1886      16.2691        21.1937
    1887      16.2422        20.9035
    1888      16.2582        21.7239
    1889      16.1848        21.0741
    1890      16.2464        21.5333
    1891      16.2643        21.4585
    1892      16.2369        21.3176
    1893      16.2365        21.3983
    1894      16.2672        21.6054
    1895      16.2189        21.6670
    1896      16.2676        21.2909
    1897      16.2756        21.2766
    1898      16.2502        21.5238
    1899      16.2907        20.8830
    1900      16.2975        21.1731
    1901      16.2587        21.3816
    1902      16.2485        21.6414
    1903      16.2445        21.5467
    1904      16.2894        20.8919
    1905      16.2234        20.5778
    1906      16.3227        21.4816
    1907      16.2215        20.9860
    1908      16.2554        21.1844
    1909      16.3066        21.2495
    1910      16.1884        21.1389
    1911      16.2656        21.3462
    1912      16.2218        21.6127
    1913      16.3756        22.5532
    1914      16.2390        21.8372
    1915      16.3141        22.1683
    1916      16.3011        21.6641
    1917      16.2731        21.0721
    1918      16.3329        20.8019
    1919      16.2380        21.0793
    1920      16.2378        20.9875
    1921      16.2489        21.7263
    1922      16.3566        20.9785
    1923      16.2612        21.4239
    1924      16.2367        20.7112
    1925      16.2601        21.0554
    1926      16.2609        21.0100
    1927      16.2495        21.4699
    1928      16.3395        21.8294
    1929      16.2535        21.4226
    1930      16.2639        21.6883
    1931      16.2813        21.8399
    1932      16.3085        21.1657
    1933      16.2377        21.3658
    1934      16.2816        21.7194
    1935      16.2462        21.8829
    1936      16.2034        21.5798
    1937      16.2840        21.4246
    1938      16.2486        21.6064
    1939      16.2953        21.3670
    1940      16.2840        21.1992
    1941      16.3461        21.7250
    1942      16.2960        21.2187
    1943      16.2372        22.1185
    1944      16.3931        21.7185
    1945      16.3230        21.1386
    1946      16.3572        22.3560
    1947      16.2986        22.2612
    1948      16.1966        21.5084
    1949      16.2306        21.9126
    1950      16.1817        21.6743
    1951      16.2773        21.8447
    1952      16.2404        21.3631
    1953      16.2951        21.7746
    1954      16.2582        21.3530
    1955      16.2498        21.6995
    1956      16.3392        22.0911
    1957      16.2633        21.8605
    1958      16.3075        22.1277
    1959      16.2078        21.6514
    1960      16.3523        21.5995
    1961      16.2754        21.4211
    1962      16.2859        21.7442
    1963      16.3681        21.7866
    1964      16.2450        21.6840
    1965      16.2691        21.4628
    1966      16.2803        21.9736
    1967      16.3412        21.9376
    1968      16.3421        21.6124
    1969      16.2786        21.6092
    1970      16.3506        21.3277
    1971      16.2763        21.1615
    1972      16.3354        21.5096
    1973      16.3104        22.0404
    1974      16.3157        21.4051
    1975      16.2310        21.4164
    1976      16.2705        21.1868
    1977      16.2191        21.5532
    1978      16.3108        21.4580
    1979      16.2802        21.4047
    1980      16.2893        22.3301
    1981      16.2561        21.2096
    1982      16.2494        21.5903
    1983      16.2903        21.5091
    1984      16.2566        21.4383
    1985      16.2290        20.7796
    1986      16.2853        21.1709
    1987      16.3240        21.5820
    1988      16.3351        21.5168
    1989      16.2558        21.6932
    1990      16.3122        21.7644
    1991      16.3097        21.7524
    1992      16.2860        21.7279
    1993      16.1847        20.9972
    1994      16.2742        21.5615
    1995      16.2417        21.5389
    1996      16.1854        21.4329
    1997      16.2902        21.4241
    1998      16.1951        20.7814
    1999      16.1836        21.5830
    2000      16.2740        21.1318
    2001      16.2327        21.6652
    2002      16.2240        21.4079
    2003      16.2456        21.3101
    2004      16.2320        21.8761
    2005      16.3004        21.7725
    2006      16.2655        21.8110
    2007      16.2558        21.4816
    2008      16.2795        21.4650
    2009      16.2746        20.8618
    2010      16.2986        21.0920
    2011      16.2638        21.3001
    2012      16.2169        21.1515
    2013      16.2316        21.2561
    2014      16.2127        21.5139
    2015      16.3108        21.4629
    2016      16.3456        20.8794
    2017      16.2753        21.4312
    2018      16.3121        21.2546
    2019      16.3332        21.8673
    2020      16.2293        21.1325
    2021      16.3054        21.9365
    2022      16.2208        21.5493
    2023      16.2797        21.3917
    2024      16.2802        21.2658
    2025      16.2885        21.5252
    2026      16.2814        21.7407
    2027      16.2546        21.0154
    2028      16.3171        21.6040
    2029      16.3239        21.6490
    2030      16.2728        21.3084
    2031      16.3683        21.9030
    2032      16.3781        21.6387
    2033      16.2405        21.7601
    2034      16.2772        21.1053
    2035      16.3409        21.4917
    2036      16.3177        21.6424
    2037      16.2648        21.3995
    2038      16.2193        21.7945
    2039      16.3677        21.6704
    2040      16.3550        21.9312
    2041      16.3144        21.4162
    2042      16.2527        20.7156
    2043      16.2377        21.3285
    2044      16.2869        21.3452
    2045      16.2731        21.2672
    2046      16.3206        21.2693
    2047      16.3012        21.3190
    2048      16.2196        21.2976
    2049      16.3477        21.2725
    2050      16.3858        21.6391
    2051      16.2651        21.5627
    2052      16.2825        21.2964
    2053      16.2906        21.2983
    2054      16.2410        21.2250
    2055      16.2856        21.2002
    2056      16.2510        21.7643
    2057      16.2323        20.9254
    2058      16.2723        21.5973
    2059      16.2926        21.7604
    2060      16.3187        21.7917
    2061      16.2849        21.9867
    2062      16.2971        21.6394
    2063      16.2769        21.1643
    2064      16.2408        22.0220
    2065      16.3191        21.7840
    2066      16.3128        21.6652
    2067      16.3554        21.5433
    2068      16.3154        21.6554
    2069      16.3110        21.8782
    2070      16.3330        21.3321
    2071      16.3549        21.5679
    2072      16.2343        20.6327
    2073      16.3371        21.9128
    2074      16.3060        21.8117
    2075      16.2855        21.6562
    2076      16.2229        21.6164
    2077      16.2532        21.7949
    2078      16.2838        21.6298
    2079      16.2651        21.6026
    2080      16.3258        21.5350
    2081      16.3460        21.4125
    2082      16.3564        21.5049
    2083      16.3437        21.4813
    2084      16.3401        21.1159
    2085      16.3504        21.3753
    2086      16.3128        21.0767
    2087      16.2602        21.1851
    2088      16.3172        21.1476
    2089      16.3725        21.3731
    2090      16.3001        21.3295
    2091      16.2944        21.6110
    2092      16.3773        21.6156
    2093      16.3674        21.1135
    2094      16.3393        21.6184
    2095      16.3977        21.3521
    2096      16.2815        21.3761
    2097      16.3057        21.7028
    2098      16.2706        21.9737
    2099      16.3034        21.3520
    2100      16.3102        21.1535
    2101      16.2720        21.2752
    2102      16.2231        21.3977
    2103      16.3633        21.5041
    2104      16.3285        21.4567
    2105      16.2570        21.2400
    2106      16.2679        21.5595
    2107      16.3201        21.8392
    2108      16.2594        21.2708
    2109      16.3318        22.2615
    2110      16.3649        21.4549
    2111      16.3310        21.5113
    2112      16.3452        21.3570
    2113      16.3562        21.6397
    2114      16.3085        21.2720
    2115      16.3008        21.3970
    2116      16.2667        21.3260
    2117      16.3094        21.5317
    2118      16.3475        21.5053
    2119      16.3491        21.5807
    2120      16.3417        21.3515
    2121      16.3405        21.6017
    2122      16.2442        21.2550
    2123      16.3869        21.8836
    2124      16.3427        21.8059
    2125      16.3378        21.7791
    2126      16.2865        21.8829
    2127      16.3016        21.7123
    2128      16.2726        21.2296
    2129      16.2811        21.5459
    2130      16.3216        21.1957
    2131      16.3283        21.8528
    2132      16.4221        21.7576
    2133      16.3755        21.7466
    2134      16.2974        21.2719
    2135      16.3008        21.3854
    2136      16.3090        21.9726
    2137      16.2767        22.1286
    2138      16.3781        21.3543
    2139      16.3720        21.1130
    2140      16.3180        20.8986
    2141      16.2651        20.5612
    2142      16.3571        21.1118
    2143      16.3463        21.5883
    2144      16.2864        21.7193
    2145      16.2891        20.9675
    2146      16.3400        20.6801
    2147      16.3267        22.3104
    2148      16.3551        21.6973
    2149      16.2980        21.4708
    2150      16.3269        21.8141
    2151      16.4011        22.0403
    2152      16.4066        21.9459
    2153      16.4261        22.1935
    2154      16.3784        22.1378
    2155      16.3990        21.8977
    2156      16.3134        21.7209
    2157      16.2965        21.9186
    2158      16.3882        21.9775
    2159      16.3337        21.7254
    2160      16.3365        22.0230
    2161      16.3206        22.1766
    2162      16.2620        21.6811
    2163      16.3188        21.9554
    2164      16.3519        21.9533
    2165      16.3139        21.6110
    2166      16.4341        21.1514
    2167      16.3582        22.6307
    2168      16.3326        21.7002
    2169      16.3839        22.2492
    2170      16.3471        21.3416
    2171      16.3626        21.8934
    2172      16.3609        21.5074
    2173      16.3138        21.3942
    2174      16.3171        21.6087
    2175      16.3856        21.5340
    2176      16.3587        21.6706
    2177      16.4209        21.9363
    2178      16.3939        22.0147
    2179      16.3530        21.5130
    2180      16.3688        22.2298
    2181      16.3193        21.9298
    2182      16.3755        22.0079
    2183      16.3148        22.1348
    2184      16.2859        21.8439
    2185      16.2952        21.7782
    2186      16.2700        21.3012
    2187      16.4305        22.2926
    2188      16.3470        21.9362
    2189      16.3627        22.1972
    2190      16.3481        22.1096
    2191      16.3586        22.1746
    2192      16.3484        22.0035
    2193      16.4215        21.7880
    2194      16.3639        21.5756
    2195      16.4168        21.9822
    2196      16.3108        21.9519
    2197      16.2632        21.6118
    2198      16.3319        21.8867
    2199      16.3281        21.7699
    2200      16.3386        21.4513
    2201      16.3087        21.5271
    2202      16.4267        22.4257
    2203      16.4270        21.9738
    2204      16.3881        22.1118
    2205      16.3354        22.0914
    2206      16.3454        21.3587
    2207      16.2982        21.8580
    2208      16.3789        21.7724
    2209      16.3212        22.0898
    2210      16.3199        21.8429
    2211      16.3991        21.5783
    2212      16.3689        21.6681
    2213      16.3594        21.1017
    2214      16.3611        21.4020
    2215      16.3804        21.6364
    2216      16.4002        21.6899
    2217      16.3249        21.7563
    2218      16.3791        22.2482
    2219      16.3950        21.8665
    2220      16.3543        22.4988
    2221      16.3580        21.5003
    2222      16.4134        22.0248
    2223      16.3541        21.4661
    2224      16.3591        21.9330
    2225      16.3342        22.1623
    2226      16.4068        21.4433
    2227      16.3392        21.3901
    2228      16.3227        21.7024
    2229      16.3647        21.3354
    2230      16.3356        21.5927
    2231      16.4129        21.6681
    2232      16.3283        20.7915
    2233      16.3309        21.1144
    2234      16.4255        21.0617
    2235      16.4155        21.1466
    2236      16.3929        21.1046
    2237      16.3623        21.2738
    2238      16.3839        21.5795
    2239      16.3162        20.9965
    2240      16.3878        21.0033
    2241      16.3530        21.2003
    2242      16.4204        21.9039
    2243      16.3573        21.0806
    2244      16.3848        21.8522
    2245      16.3913        21.8393
    2246      16.3489        22.5320
    2247      16.3075        21.3543
    2248      16.3593        22.6430
    2249      16.3251        21.4345
    2250      16.3377        21.5773
    2251      16.3267        21.5084
    2252      16.3469        21.7231
    2253      16.2662        21.5097
    2254      16.3371        21.5949
    2255      16.3152        21.7393
    2256      16.3360        21.4361
    2257      16.2634        21.2264
    2258      16.3169        21.4691
    2259      16.2898        20.9780
    2260      16.3018        20.7037
    2261      16.3181        21.8126
    2262      16.3854        21.4030
    2263      16.3880        21.7482
    2264      16.3738        22.3365
    2265      16.3661        22.2558
    2266      16.2622        21.8449
    2267      16.3223        21.5959
    2268      16.3453        22.0707
    2269      16.3182        21.3839
    2270      16.4105        21.8535
    2271      16.3229        21.3111
    2272      16.2717        21.2054
    2273      16.3371        20.3618
    2274      16.3813        21.7291
    2275      16.3422        21.7268
    2276      16.4019        21.7398
    2277      16.3729        21.4651
    2278      16.3110        21.8963
    2279      16.3036        21.1861
    2280      16.3675        21.8502
    2281      16.3199        21.8225
    2282      16.3624        22.1129
    2283      16.3001        21.6067
    2284      16.3008        21.3185
    2285      16.3174        21.1428
    2286      16.3716        21.5238
    2287      16.2896        21.3124
    2288      16.2431        21.6299
    2289      16.2018        21.2534
    2290      16.3112        21.3034
    2291      16.3468        21.4919
    2292      16.2536        21.8223
    2293      16.3423        21.3338
    2294      16.2751        21.2707
    2295      16.3167        21.2776
    2296      16.3651        21.4356
    2297      16.3536        21.5542
    2298      16.2264        21.2493
    2299      16.2546        21.1828
    2300      16.2774        21.9567
    2301      16.3327        21.5146
    2302      16.3641        21.6176
    2303      16.3733        21.9094
    2304      16.3529        21.3778
    2305      16.3408        21.6991
    2306      16.3216        22.1963
    2307      16.3603        21.1564
    2308      16.3209        22.0123
    2309      16.2778        21.8305
    2310      16.3133        21.6599
    2311      16.3014        21.6822
    2312      16.3543        21.7616
    2313      16.3144        21.6343
    2314      16.3107        21.4790
    2315      16.3220        22.0042
    2316      16.3538        21.6011
    2317      16.3722        21.8837
    2318      16.3308        21.8040
    2319      16.3476        21.4986
    2320      16.3158        21.4345
    2321      16.3103        21.8758
    2322      16.3778        22.0031
    2323      16.3145        21.5293
    2324      16.3601        21.3958
    2325      16.2489        21.3408
    2326      16.2662        21.5754
    2327      16.2551        20.9812
    2328      16.3460        21.8751
    2329      16.3525        21.6063
    2330      16.3930        21.2216
    2331      16.3458        21.2079
    2332      16.2995        21.5206
    2333      16.3099        21.4698
    2334      16.3821        21.6230
    2335      16.2860        21.5931
    2336      16.3996        21.9271
    2337      16.3488        22.0870
    2338      16.3381        21.4738
    2339      16.4305        21.6193
    2340      16.2877        21.6405
    2341      16.3595        22.0646
    2342      16.4456        22.0724
    2343      16.3674        21.8850
    2344      16.3169        21.3223
    2345      16.3507        22.3489
    2346      16.4236        21.8771
    2347      16.3822        21.6579
    2348      16.3880        21.6253
    2349      16.3586        21.5668
    2350      16.2993        21.7315
    2351      16.3544        21.4856
    2352      16.3559        21.5552
    2353      16.3046        21.5461
    2354      16.4353        22.1245
    2355      16.3742        21.4586
    2356      16.3861        21.2467
    2357      16.3275        21.5269
    2358      16.3721        22.0137
    2359      16.3889        21.5577
    2360      16.3395        21.9117
    2361      16.4002        21.4202
    2362      16.3261        21.5415
    2363      16.4156        22.1541
    2364      16.3373        22.0046
    2365      16.3548        21.4830
    2366      16.3861        21.0799
    2367      16.3902        21.7584
    2368      16.4121        21.8675
    2369      16.4517        21.9931
    2370      16.3776        22.0605
    2371      16.3197        21.4225
    2372      16.3943        21.7308
    2373      16.3490        21.6366
    2374      16.3979        21.6869
    2375      16.3807        21.5499
    2376      16.3082        21.3518
    2377      16.2717        21.4601
    2378      16.4094        21.6522
    2379      16.3476        21.4145
    2380      16.4702        22.0923
    2381      16.3293        21.1545
    2382      16.4516        21.5796
    2383      16.3452        21.9251
    2384      16.3411        21.2402
    2385      16.3243        22.2649
    2386      16.3601        21.6429
    2387      16.3509        21.3480
    2388      16.3204        21.4381
    2389      16.3120        21.5200
    2390      16.3509        21.5248
    2391      16.3603        21.9483
    2392      16.3306        22.0000
    2393      16.3533        21.6674
    2394      16.3949        21.7726
    2395      16.3730        21.3820
    2396      16.4318        22.0345
    2397      16.3152        21.5038
    2398      16.3709        21.9701
    2399      16.3809        21.7095
    2400      16.4085        22.0561
    2401      16.3188        21.3438
    2402      16.3015        21.8297
    2403      16.3670        22.0180
    2404      16.3562        22.3190
    2405      16.3718        21.8755
    2406      16.2906        21.8623
    2407      16.2843        21.2496
    2408      16.3826        21.6155
    2409      16.3043        21.4889
    2410      16.3289        21.7959
    2411      16.3634        21.6951
    2412      16.3348        21.6945
    2413      16.3274        21.6263
    2414      16.2979        21.8937
    2415      16.4019        21.9602
    2416      16.4480        22.1019
    2417      16.3133        21.6712
    2418      16.3698        21.7687
    2419      16.3505        22.0335
    2420      16.3382        22.1258
    2421      16.3556        21.9245
    2422      16.2801        21.5068
    2423      16.3393        22.3873
    2424      16.3985        21.9977
    2425      16.3226        21.6145
    2426      16.3224        21.4897
    2427      16.3513        21.9272
    2428      16.3768        21.8682
    2429      16.3323        21.4290
    2430      16.2952        21.4002
    2431      16.3753        21.8399
    2432      16.3388        21.8062
    2433      16.3490        22.1872
    2434      16.2585        21.1553
    2435      16.2542        21.2410
    2436      16.3447        21.3239
    2437      16.2476        21.5068
    2438      16.3287        21.7551
    2439      16.3325        21.7756
    2440      16.3572        21.9907
    2441      16.2991        21.7118
    2442      16.3020        21.7392
    2443      16.3227        21.7934
    2444      16.4301        21.9242
    2445      16.3660        21.5201
    2446      16.3247        21.7713
    2447      16.3385        21.3538
    2448      16.3863        22.1269
    2449      16.2894        22.2350
    2450      16.3469        21.9661
    2451      16.3607        22.3283
    2452      16.3304        21.8253
    2453      16.3461        22.5196
    2454      16.3451        21.5647
    2455      16.3146        21.7027
    2456      16.3410        21.7329
    2457      16.3322        21.7454
    2458      16.3130        21.8125
    2459      16.2331        21.3226
    2460      16.3332        21.8024
    2461      16.3170        21.4186
    2462      16.3078        21.5075
    2463      16.2253        21.6961
    2464      16.3818        21.9990
    2465      16.3734        21.5824
    2466      16.3527        22.0257
    2467      16.3269        21.5707
    2468      16.2946        21.5536
    2469      16.3900        21.7720
    2470      16.3916        21.9473
    2471      16.3727        21.8014
    2472      16.3752        22.5950
    2473      16.3467        21.4050
    2474      16.3437        21.5630
    2475      16.3232        21.9007
    2476      16.3757        22.1594
    2477      16.2764        21.6165
    2478      16.3350        21.6872
    2479      16.2963        21.7449
    2480      16.3150        21.5312
    2481      16.3111        22.0997
    2482      16.3636        21.8275
    2483      16.3416        21.4931
    2484      16.3710        22.1343
    2485      16.3304        21.3385
    2486      16.3236        21.6282
    2487      16.4116        22.6791
    2488      16.3352        21.9993
    2489      16.3139        21.4166
    2490      16.3240        21.5348
    2491      16.3467        21.8743
    2492      16.3195        21.6839
    2493      16.3007        21.7967
    2494      16.3850        21.5929
    2495      16.4133        21.3483
    2496      16.3384        22.0414
    2497      16.2978        21.6315
    2498      16.4078        21.3312
    2499      16.4131        22.3204
    2500      16.3570        21.0343
    2501      16.3261        21.3082
    2502      16.3068        21.4554
    2503      16.3700        21.6496
    2504      16.3127        21.4765
    2505      16.3046        21.9266
    2506      16.3908        21.0398
    2507      16.3819        21.7726
    2508      16.2997        21.5421
    2509      16.3974        21.2137
    2510      16.4096        21.8019
    2511      16.3636        21.4685
    2512      16.3702        21.8903
    2513      16.3786        21.2552
    2514      16.3144        21.6453
    2515      16.2978        22.3345
    2516      16.2797        21.7039
    2517      16.3383        21.7687
    2518      16.2855        21.7532
    2519      16.3600        21.6156
    2520      16.3096        22.2530
    2521      16.3033        21.4281
    2522      16.3144        22.2224
    2523      16.3138        21.7894
    2524      16.3710        21.6832
    2525      16.3623        21.7317
    2526      16.3401        21.2485
    2527      16.3392        21.4939
    2528      16.3348        20.9250
    2529      16.2980        21.3243
    2530      16.3927        21.7931
    2531      16.3811        21.8669
    2532      16.3633        21.2183
    2533      16.3903        21.8075
    2534      16.3663        21.4108
    2535      16.3421        21.3850
    2536      16.3666        21.1450
    2537      16.3707        21.8178
    2538      16.3341        21.5583
    2539      16.2836        21.1212
    2540      16.3658        22.1325
    2541      16.3118        21.3901
    2542      16.3107        21.8157
    2543      16.3426        21.4049
    2544      16.2663        20.9423
    2545      16.2791        21.2296
    2546      16.3709        20.9734
    2547      16.3728        21.7629
    2548      16.3001        21.5199
    2549      16.2706        21.0701
    2550      16.2902        21.2257
    2551      16.3351        21.8594
    2552      16.3771        21.6571
    2553      16.3245        21.4614
    2554      16.4022        22.3177
    2555      16.3885        21.9441
    2556      16.3356        21.6141
    2557      16.3429        21.9038
    2558      16.3189        21.3463
    2559      16.3812        22.1621
    2560      16.2837        21.9499
    2561      16.2769        21.7395
    2562      16.2948        22.2655
    2563      16.3915        22.4461
    2564      16.3714        21.3378
    2565      16.3841        21.7961
    2566      16.3265        21.9250
    2567      16.2845        21.5365
    2568      16.3216        21.8188
    2569      16.3363        21.4638
    2570      16.3977        21.7411
    2571      16.3216        21.6204
    2572      16.3237        21.7270
    2573      16.3234        21.3558
    2574      16.4156        22.3638
    2575      16.3348        21.5069
    2576      16.3644        21.1200
    2577      16.2574        21.7419
    2578      16.3402        21.7832
    2579      16.3299        21.5366
    2580      16.2421        21.0926
    2581      16.3419        21.7160
    2582      16.2455        21.7644
    2583      16.3248        21.8606
    2584      16.3318        21.7324
    2585      16.3257        21.7227
    2586      16.3941        21.8162
    2587      16.3339        21.5690
    2588      16.3575        21.3192
    2589      16.3929        21.7197
    2590      16.3757        21.8637
    2591      16.4238        21.8392
    2592      16.3044        21.8501
    2593      16.3922        21.6229
    2594      16.3710        22.3283
    2595      16.3827        21.9379
    2596      16.3084        21.2583
    2597      16.2847        21.6263
    2598      16.3394        21.6482
    2599      16.3816        21.8347
    2600      16.3327        21.2137
    2601      16.3398        21.3902
    2602      16.2878        21.5669
    2603      16.2937        21.3631
    2604      16.2696        22.0765
    2605      16.3006        22.0399
    2606      16.3023        21.3437
    2607      16.3129        21.7187
    2608      16.3351        21.9864
    2609      16.3655        21.7288
    2610      16.2545        21.5039
    2611      16.3348        21.6448
    2612      16.3205        21.9387
    2613      16.3387        21.9014
    2614      16.3897        21.8342
    2615      16.3228        21.9069
    2616      16.3430        21.7486
    2617      16.2900        22.0073
    2618      16.3064        21.3062
    2619      16.3106        21.7927
    2620      16.2278        21.4080
    2621      16.3279        21.5342
    2622      16.2969        21.3655
    2623      16.3689        22.0781
    2624      16.3175        21.7843
    2625      16.3462        22.8623
    2626      16.3538        21.8068
    2627      16.3165        21.6215
    2628      16.3607        21.8878
    2629      16.3532        21.8080
    2630      16.3003        22.0930
    2631      16.2983        21.6023
    2632      16.3442        21.9165
    2633      16.2547        21.3558
    2634      16.3126        21.7077
    2635      16.2114        21.6140
    2636      16.3240        21.6480
    2637      16.2296        21.5576
    2638      16.2920        21.6645
    2639      16.2914        21.8260
    2640      16.2823        22.1876
    2641      16.3453        21.5847
    2642      16.3207        21.8363
    2643      16.2851        22.0500
    2644      16.2816        21.5831
    2645      16.3650        21.8981
    2646      16.3973        21.6835
    2647      16.3821        22.1212
    2648      16.3874        21.9637
    2649      16.3359        21.7545
    2650      16.3698        21.8883
    2651      16.3397        21.6213
    2652      16.2932        21.6429
    2653      16.2828        21.0280
    2654      16.3064        21.0225
    2655      16.4076        21.2572
    2656      16.3164        21.9949
    2657      16.3025        21.1400
    2658      16.2711        21.8149
    2659      16.2466        22.0511
    2660      16.3449        21.7217
    2661      16.2656        21.9051
    2662      16.3184        21.7060
    2663      16.2974        21.4670
    2664      16.3593        21.5084
    2665      16.3545        21.5737
    2666      16.3446        21.9159
    2667      16.4474        22.4738
    2668      16.2768        21.4950
    2669      16.3530        21.7683
    2670      16.3569        21.2984
    2671      16.3193        21.2687
    2672      16.3258        21.4003
    2673      16.3270        21.3006
    2674      16.3827        21.7164
    2675      16.3088        21.9235
    2676      16.3305        20.9488
    2677      16.3276        21.3328
    2678      16.3635        21.6391
    2679      16.3256        21.1577
    2680      16.3240        21.3482
    2681      16.3893        21.3756
    2682      16.3849        21.6069
    2683      16.4444        21.4134
    2684      16.3266        21.8193
    2685      16.2991        21.1323
    2686      16.3361        21.3650
    2687      16.3262        21.5039
    2688      16.2828        21.3578
    2689      16.3482        21.1177
    2690      16.3132        21.4718
    2691      16.3355        21.2875
    2692      16.3698        21.4213
    2693      16.3257        21.4347
    2694      16.3281        21.6970
    2695      16.3381        21.2798
    2696      16.2745        20.8407
    2697      16.2628        21.2116
    2698      16.3010        20.4722
    2699      16.3017        21.1797
    2700      16.2794        21.2382
    2701      16.3231        21.3482
    2702      16.3619        21.1237
    2703      16.2940        21.4064
    2704      16.3103        21.2134
    2705      16.2908        21.6521
    2706      16.2903        21.2351
    2707      16.3960        21.4657
    2708      16.3519        21.6465
    2709      16.3050        21.1586
    2710      16.3092        21.0905
    2711      16.3683        21.2799
    2712      16.4038        21.2000
    2713      16.4137        21.7509
    2714      16.4284        21.8417
    2715      16.4437        20.9456
    2716      16.3288        21.6017
    2717      16.3461        21.0983
    2718      16.4049        21.5928
    2719      16.3886        20.9214
    2720      16.3975        21.7169
    2721      16.3111        20.9389
    2722      16.3966        21.0927
    2723      16.3973        20.9347
    2724      16.3976        21.4036
    2725      16.2979        21.4602
    2726      16.3620        21.4793
    2727      16.3276        21.6177
    2728      16.3407        21.4099
    2729      16.3445        21.6020
    2730      16.3501        21.5027
    2731      16.3403        21.2827
    2732      16.3578        21.4045
    2733      16.4191        21.4457
    2734      16.3850        21.5474
    2735      16.4427        21.5334
    2736      16.3845        22.1459
    2737      16.2427        21.0568
    2738      16.3225        21.2444
    2739      16.3447        21.1631
    2740      16.3192        21.1532
    2741      16.2622        21.2303
    2742      16.3117        21.3495
    2743      16.2170        21.1211
    2744      16.3303        21.4951
    2745      16.2531        21.3884
    2746      16.3256        21.1080
    2747      16.2930        21.8594
    2748      16.3108        22.1230
    2749      16.3173        22.0323
    2750      16.3598        22.0048
    2751      16.4188        21.6739
    2752      16.3609        21.4512
    2753      16.2700        22.0360
    2754      16.3437        21.7311
    2755      16.3600        21.7301
    2756      16.3756        21.6042
    2757      16.3542        21.7179
    2758      16.3715        21.3837
    2759      16.2854        21.0961
    2760      16.3391        21.6097
    2761      16.3350        22.0334
    2762      16.3639        22.0137
    2763      16.3218        21.9948
    2764      16.3152        21.6336
    2765      16.2861        21.5815
    2766      16.3093        21.9252
    2767      16.3304        21.4984
    2768      16.2960        21.8738
    2769      16.3191        21.5219
    2770      16.2665        21.5753
    2771      16.3559        21.7301
    2772      16.3324        22.2130
    2773      16.3332        21.9131
    2774      16.2440        21.9551
    2775      16.2386        21.6444
    2776      16.3754        21.8937
    2777      16.3280        21.8549
    2778      16.3255        22.1708
    2779      16.3065        21.5984
    2780      16.2804        21.4274
    2781      16.3026        21.5995
    2782      16.3528        21.7738
    2783      16.2630        21.4280
    2784      16.2739        21.4327
    2785      16.3667        21.4519
    2786      16.2758        21.3425
    2787      16.2862        21.0135
    2788      16.2794        21.4343
    2789      16.3571        21.2437
    2790      16.2572        21.2802
    2791      16.2653        20.8304
    2792      16.2938        21.8282
    2793      16.2108        21.2131
    2794      16.2651        21.4671
    2795      16.2510        21.2976
    2796      16.3259        21.8069
    2797      16.3099        21.7779
    2798      16.2704        21.5379
    2799      16.2594        21.2142
    2800      16.2801        21.5003
    2801      16.2697        21.5581
    2802      16.4280        21.9964
    2803      16.3188        21.5803
    2804      16.3329        22.2573
    2805      16.3159        22.0467
    2806      16.3882        21.8088
    2807      16.3126        21.6805
    2808      16.3240        21.5671
    2809      16.2902        22.3324
    2810      16.3311        22.2175
    2811      16.3846        21.8309
    2812      16.2783        21.4880
    2813      16.2926        21.8860
    2814      16.2458        21.4090
    2815      16.2360        21.1971
    2816      16.2727        21.5954
    2817      16.1890        22.0670
    2818      16.2017        21.0859
    2819      16.2421        22.2344
    2820      16.2758        21.8384
    2821      16.2476        21.3234
    2822      16.2878        21.9522
    2823      16.2228        21.7668
    2824      16.3464        21.6727
    2825      16.2680        21.8871
    2826      16.2612        21.9677
    2827      16.2937        21.8186
    2828      16.2807        21.6183
    2829      16.2638        21.7323
    2830      16.2398        21.3037
    2831      16.2922        21.3657
    2832      16.3243        21.6098
    2833      16.3328        21.7998
    2834      16.3089        21.8793
    2835      16.3126        21.6393
    2836      16.2620        21.5782
    2837      16.3326        21.6968
    2838      16.3036        21.7192
    2839      16.2888        22.1002
    2840      16.3316        21.7578
    2841      16.2804        21.8253
    2842      16.3141        21.3991
    2843      16.3000        22.0185
    2844      16.2443        21.4260
    2845      16.3672        21.7080
    2846      16.3523        21.1645
    2847      16.3201        21.4374
    2848      16.3215        22.0856
    2849      16.3321        21.9029
    2850      16.3790        21.2895
    2851      16.2951        21.7089
    2852      16.3422        22.6321
    2853      16.3034        21.6797
    2854      16.3449        22.0308
    2855      16.3113        21.7399
    2856      16.3340        22.0665
    2857      16.2991        22.1924
    2858      16.2978        22.2802
    2859      16.2523        21.2155
    2860      16.3575        21.6857
    2861      16.3443        21.8761
    2862      16.3239        21.9309
    2863      16.3459        22.6840
    2864      16.2600        21.7217
    2865      16.2757        21.6404
    2866      16.3044        21.7850
    2867      16.2911        21.5596
    2868      16.4007        21.9582
    2869      16.3006        21.6140
    2870      16.4076        22.3876
    2871      16.2654        21.4484
    2872      16.2525        21.3201
    2873      16.2744        21.6104
    2874      16.2774        22.0617
    2875      16.2776        21.8268
    2876      16.3118        21.6205
    2877      16.3356        21.7219
    2878      16.3660        22.1431
    2879      16.3474        22.0600
    2880      16.2251        21.1690
    2881      16.3208        21.3856
    2882      16.2522        21.1301
    2883      16.3087        20.9498
    2884      16.2906        21.3997
    2885      16.2550        22.0165
    2886      16.3473        21.7154
    2887      16.2674        21.8984
    2888      16.3352        21.5138
    2889      16.3821        21.6905
    2890      16.3266        21.9857
    2891      16.2849        21.7936
    2892      16.2577        21.9912
    2893      16.2863        21.2477
    2894      16.2093        21.5788
    2895      16.3104        21.4516
    2896      16.2769        22.0702
    2897      16.1943        21.3262
    2898      16.2475        21.4308
    2899      16.2197        21.9431
    2900      16.2708        21.7957
    2901      16.2743        21.4752
    2902      16.1962        22.0627
    2903      16.2286        21.7841
    2904      16.2527        22.3224
    2905      16.3450        22.0191
    2906      16.1574        21.1281
    2907      16.2466        21.7786
    2908      16.3073        21.9081
    2909      16.2188        21.3775
    2910      16.2684        21.5791
    2911      16.2597        21.8458
    2912      16.3063        21.8231
    2913      16.3012        21.8621
    2914      16.3074        21.8698
    2915      16.2544        21.3238
    2916      16.2344        22.0479
    2917      16.3278        21.1425
    2918      16.2758        21.9535
    2919      16.2322        21.8541
    2920      16.2361        21.9804
    2921      16.3196        22.3992
    2922      16.2996        22.1586
    2923      16.2074        21.6919
    2924      16.3402        21.5510
    2925      16.2925        22.2603
    2926      16.3672        22.6391
    2927      16.3260        21.6690
    2928      16.2656        21.8040
    2929      16.2681        21.8871
    2930      16.3779        21.7710
    2931      16.2598        21.6693
    2932      16.2442        21.7728
    2933      16.2577        21.7066
    2934      16.2715        21.8347
    2935      16.2881        21.4671
    2936      16.2174        21.5485
    2937      16.2620        21.4741
    2938      16.3476        21.6475
    2939      16.3134        22.1889
    2940      16.2614        21.4208
    2941      16.2465        21.2179
    2942      16.3659        21.9421
    2943      16.2239        22.0344
    2944      16.3060        21.9520
    2945      16.2964        22.1148
    2946      16.1965        21.2413
    2947      16.2758        21.4611
    2948      16.3203        21.3567
    2949      16.2374        21.5598
    2950      16.2655        22.3145
    2951      16.3356        22.1587
    2952      16.2773        22.0978
    2953      16.2906        21.9383
    2954      16.3742        22.2817
    2955      16.3769        21.9131
    2956      16.3048        21.7972
    2957      16.3179        21.7481
    2958      16.2733        21.9654
    2959      16.2407        21.5730
    2960      16.3257        21.9128
    2961      16.3592        22.2852
    2962      16.3978        22.3479
    2963      16.4174        22.4835
    2964      16.3247        22.4362
    2965      16.3068        22.0022
    2966      16.2720        21.7616
    2967      16.3649        21.8842
    2968      16.4202        21.9428
    2969      16.4080        22.0896
    2970      16.3451        22.4593
    2971      16.2816        21.7851
    2972      16.3640        22.1879
    2973      16.3628        22.0776
    2974      16.3824        21.8228
    2975      16.3660        21.8139
    2976      16.3611        22.5818
    2977      16.3925        21.9754
    2978      16.4160        22.1404
    2979      16.3238        21.6285
    2980      16.3072        22.0241
    2981      16.3718        22.4222
    2982      16.3408        21.5684
    2983      16.3747        21.6304
    2984      16.3791        21.7073
    2985      16.3420        22.2385
    2986      16.3508        22.0398
    2987      16.3883        22.0057
    2988      16.3716        21.8727
    2989      16.3589        21.9924
    2990      16.3663        22.3977
    2991      16.3509        21.9169
    2992      16.3453        21.9538
    2993      16.3593        21.4945
    2994      16.3585        21.3253
    2995      16.2735        21.0442
    2996      16.4160        21.3570
    2997      16.3255        21.9716
    2998      16.3296        21.5720
    2999      16.3218        21.9403
    3000      16.3407        21.3890
    3001      16.3444        21.7115
    3002      16.3301        22.0708
    3003      16.3365        21.5376
    3004      16.3277        21.3824
    3005      16.2980        21.5901
    3006      16.3547        21.7774
    3007      16.3569        22.4663
    3008      16.3583        21.7548
    3009      16.2685        21.7250
    3010      16.3935        22.4767
    3011      16.3456        21.9337
    3012      16.3231        21.1553
    3013      16.2957        21.7637
    3014      16.4004        22.6115
    3015      16.3806        21.8751
    3016      16.3707        22.0940
    3017      16.2508        21.0035
    3018      16.3471        21.4621
    3019      16.3998        21.4417
    3020      16.2777        21.3078
    3021      16.3537        21.6383
    3022      16.3877        21.5897
    3023      16.3231        21.6039
    3024      16.3541        21.4385
    3025      16.3605        21.4907
    3026      16.3439        21.3087
    3027      16.3165        21.1196
    3028      16.4377        22.2071
    3029      16.4340        21.4239
    3030      16.3507        21.5575
    3031      16.3248        21.2126
    3032      16.3814        21.5562
    3033      16.3307        20.9602
    3034      16.3323        21.4497
    3035      16.3354        21.5799
    3036      16.3987        22.4375
    3037      16.3831        21.7194
    3038      16.4236        21.8477
    3039      16.2888        21.4582
    3040      16.3382        21.5664
    3041      16.3374        21.7592
    3042      16.3604        22.1090
    3043      16.3694        21.4843
    3044      16.3239        21.9699
    3045      16.3357        21.8131
    3046      16.3680        21.5753
    3047      16.3376        22.1901
    3048      16.3710        21.8160
    3049      16.3424        21.8683
    3050      16.3227        21.5942
    3051      16.2327        21.1501
    3052      16.2993        21.8294
    3053      16.2940        21.7088
    3054      16.3213        21.6818
    3055      16.3539        21.7019
    3056      16.3261        21.7038
    3057      16.2853        21.8167
    3058      16.3385        21.7854
    3059      16.3892        21.5457
    3060      16.3786        22.1851
    3061      16.2922        22.1863
    3062      16.3015        21.4495
    3063      16.3487        21.9835
    3064      16.4151        22.3394
    3065      16.3377        21.4829
    3066      16.3135        22.4340
    3067      16.3742        22.3352
    3068      16.2880        21.6415
    3069      16.4298        22.2580
    3070      16.4077        21.9486
    3071      16.4158        21.2379
    3072      16.3703        22.0031
    3073      16.4105        21.5297
    3074      16.3987        21.5632
    3075      16.3873        21.4986
    3076      16.3789        22.6443
    3077      16.2945        21.8358
    3078      16.3250        21.7517
    3079      16.3115        22.1537
    3080      16.4012        22.2487
    3081      16.2775        21.9424
    3082      16.2572        22.0837
    3083      16.2996        21.9520
    3084      16.2456        21.3674
    3085      16.3015        21.5967
    3086      16.3270        21.7745
    3087      16.3954        21.5109
    3088      16.2765        21.9320
    3089      16.2572        21.4699
    3090      16.3325        21.4101
    3091      16.2992        21.9670
    3092      16.3214        21.4678
    3093      16.2923        21.7214
    3094      16.2802        21.8124
    3095      16.3232        21.4646
    3096      16.2819        21.6015
    3097      16.2916        22.3333
    3098      16.2040        21.4122
    3099      16.3516        21.5574
    3100      16.3531        21.9543
    3101      16.3641        22.3288
    3102      16.3318        21.9271
    3103      16.3287        22.0749
    3104      16.3602        21.8262
    3105      16.3673        21.8314
    3106      16.3189        22.3780
    3107      16.2539        21.9686
    3108      16.3167        21.8824
    3109      16.3756        21.6989
    3110      16.2253        20.8744
    3111      16.2521        21.4369
    3112      16.2164        21.9813
    3113      16.3165        22.1376
    3114      16.3027        22.1322
    3115      16.3289        21.9649
    3116      16.2769        21.4122
    3117      16.2783        21.5817
    3118      16.2836        21.7299
    3119      16.3074        21.8669
    3120      16.3116        21.6657
    3121      16.4039        21.9675
    3122      16.3424        21.4847
    3123      16.2887        21.8642
    3124      16.3146        21.5220
    3125      16.2934        21.8179
    3126      16.2926        21.4174
    3127      16.3364        21.7138
    3128      16.3860        22.0022
    3129      16.4402        21.8336
    3130      16.3654        21.6346
    3131      16.2334        21.6557
    3132      16.3518        21.8506
    3133      16.3908        22.1182
    3134      16.3273        22.8748
    3135      16.3139        21.2302
    3136      16.2664        22.0768
    3137      16.3196        22.0342
    3138      16.3382        21.6366
    3139      16.2344        21.3654
    3140      16.2946        21.5752
    3141      16.2514        22.1584
    3142      16.3444        22.0018
    3143      16.2175        21.3915
    3144      16.3143        21.8539
    3145      16.3139        21.7776
    3146      16.2936        21.5706
    3147      16.3170        22.0998
    3148      16.2592        22.2959
    3149      16.3931        23.1161
    3150      16.3170        21.9290
    3151      16.4189        22.1153
    3152      16.3391        21.9921
    3153      16.1937        21.2814
    3154      16.3280        21.8399
    3155      16.3161        21.8551
    3156      16.2794        21.6583
    3157      16.3322        22.0104
    3158      16.3211        21.7177
    3159      16.3122        21.7794
    3160      16.2808        21.6957
    3161      16.2368        22.0116
    3162      16.2466        20.9987
    3163      16.2752        21.2900
    3164      16.3389        21.5235
    3165      16.3207        21.1875
    3166      16.3505        21.7989
    3167      16.3051        21.4835
    3168      16.3491        21.6670
    3169      16.3414        21.4842
    3170      16.3262        21.5758
    3171      16.2623        21.8339
    3172      16.2949        22.1577
    3173      16.2525        22.2461
    3174      16.2255        22.0906
    3175      16.2849        21.7727
    3176      16.1876        21.5882
    3177      16.2607        21.3713
    3178      16.2954        21.7711
    3179      16.2959        21.5703
    3180      16.3200        22.1029
    3181      16.3332        21.7543
    3182      16.3349        22.4898
    3183      16.3640        22.3102
    3184      16.2645        21.3129
    3185      16.3315        22.1809
    3186      16.2816        21.8637
    3187      16.3152        22.5041
    3188      16.3007        21.4442
    3189      16.3903        22.3650
    3190      16.3593        21.8644
    3191      16.2834        21.5731
    3192      16.2191        21.5391
    3193      16.3028        21.5783
    3194      16.3914        21.3478
    3195      16.3446        21.7047
    3196      16.3410        21.6205
    3197      16.3292        21.5171
    3198      16.3578        21.6180
    3199      16.4051        22.1737
    3200      16.3280        21.7063
    3201      16.4664        22.3032
    3202      16.2878        21.4113
    3203      16.3603        21.4133
    3204      16.2803        21.9907
    3205      16.3250        22.0710
    3206      16.3154        21.5380
    3207      16.3106        21.2609
    3208      16.3001        21.5469
    3209      16.3009        21.6731
    3210      16.2947        21.7581
    3211      16.3550        21.2844
    3212      16.3030        21.3245
    3213      16.3396        22.0761
    3214      16.3734        21.4601
    3215      16.3742        22.5945
    3216      16.3960        22.7064
    3217      16.2841        22.0343
    3218      16.3087        22.1050
    3219      16.2820        21.7905
    3220      16.3373        22.0049
    3221      16.3685        21.9776
    3222      16.3581        22.0600
    3223      16.3460        21.9812
    3224      16.3448        21.9880
    3225      16.3739        22.3310
    3226      16.3742        21.8844
    3227      16.3691        21.5957
    3228      16.4051        21.6054
    3229      16.3118        21.3909
    3230      16.3311        21.4198
    3231      16.3173        22.3812
    3232      16.4082        22.0870
    3233      16.3806        21.9833
    3234      16.3677        21.7441
    3235      16.3331        21.9529
    3236      16.3654        21.6200
    3237      16.4078        22.0229
    3238      16.2734        22.0653
    3239      16.3633        23.0958
    3240      16.4199        22.0425
    3241      16.2974        21.9597
    3242      16.3096        22.1396
    3243      16.3535        21.3832
    3244      16.3788        21.4923
    3245      16.3286        21.1310
    3246      16.2754        21.2817
    3247      16.3095        21.5278
    3248      16.4102        21.6603
    3249      16.3880        21.9907
    3250      16.3303        22.3745
    3251      16.2555        21.4687
    3252      16.3654        21.4684
    3253      16.3261        22.0909
    3254      16.3151        22.1204
    3255      16.4235        22.0312
    3256      16.3412        21.2059
    3257      16.3277        21.0910
    3258      16.3886        21.8573
    3259      16.3081        21.0951
    3260      16.3552        21.5308
    3261      16.3758        21.6587
    3262      16.3464        21.7693
    3263      16.3531        21.3354
    3264      16.2675        20.8839
    3265      16.3713        21.8383
    3266      16.3208        21.3302
    3267      16.2497        21.3143
    3268      16.2887        21.5367
    3269      16.3439        22.5079
    3270      16.3469        22.4254
    3271      16.3342        21.9240
    3272      16.3873        22.1314
    3273      16.3540        21.4921
    3274      16.4125        21.9942
    3275      16.3189        22.0925
    3276      16.2909        21.3148
    3277      16.3254        21.7821
    3278      16.3240        21.6278
    3279      16.3473        21.8135
    3280      16.3295        21.4031
    3281      16.3703        21.7392
    3282      16.3460        21.6967
    3283      16.3031        21.8692
    3284      16.3569        22.4062
    3285      16.3578        21.7319
    3286      16.3126        21.5558
    3287      16.3031        21.9731
    3288      16.3820        22.1404
    3289      16.3976        22.1286
    3290      16.3680        21.9328
    3291      16.3521        22.4113
    3292      16.2629        21.7052
    3293      16.2458        21.3359
    3294      16.4168        22.2966
    3295      16.3309        22.3057
    3296      16.4714        22.5631
    3297      16.3642        22.2367
    3298      16.3434        22.3122
    3299      16.4116        22.2925
    3300      16.3491        22.2420
    3301      16.3544        22.3745
    3302      16.3578        21.9870
    3303      16.3463        22.2702
    3304      16.2881        22.0056
    3305      16.3113        21.9306
    3306      16.3825        21.9599
    3307      16.2823        21.7039
    3308      16.2303        21.6925
    3309      16.2646        21.5929
    3310      16.3006        21.4443
    3311      16.3648        22.0101
    3312      16.2845        21.4016
    3313      16.3472        22.4269
    3314      16.2562        21.6481
    3315      16.2347        21.4827
    3316      16.3708        21.9038
    3317      16.3586        21.9263
    3318      16.2653        21.7601
    3319      16.4276        22.1150
    3320      16.2775        21.3040
    3321      16.3200        22.1110
    3322      16.2811        21.8245
    3323      16.2672        21.9948
    3324      16.3289        21.9688
    3325      16.2464        21.7677
    3326      16.3893        22.7927
    3327      16.3751        22.1719
    3328      16.3715        22.0167
    3329      16.2638        22.2002
    3330      16.2981        22.0225
    3331      16.3495        22.0909
    3332      16.3506        22.0145
    3333      16.3377        22.5749
    3334      16.3207        21.8895
    3335      16.2740        21.4828
    3336      16.3472        22.2840
    3337      16.3889        22.1435
    3338      16.3518        21.7503
    3339      16.3828        21.1720
    3340      16.3835        21.4425
    3341      16.3878        21.6233
    3342      16.3093        21.6436
    3343      16.3254        21.4943
    3344      16.3942        21.9462
    3345      16.3402        22.0498
    3346      16.4031        22.1337
    3347      16.3528        21.6379
    3348      16.2905        21.6402
    3349      16.3764        21.9229
    3350      16.3789        21.4351
    3351      16.3227        22.2959
    3352      16.3577        20.9630
    3353      16.3555        21.6274
    3354      16.3758        21.8427
    3355      16.3506        21.5126
    3356      16.3374        21.5657
    3357      16.3531        21.3771
    3358      16.3476        21.8354
    3359      16.3116        21.7002
    3360      16.2779        21.6870
    3361      16.2815        21.4835
    3362      16.2974        21.8601
    3363      16.2814        22.0125
    3364      16.2880        21.5936
    3365      16.2700        21.2700
    3366      16.3094        21.5594
    3367      16.3053        21.8123
    3368      16.2974        21.9741
    3369      16.3081        21.6512
    3370      16.2737        21.5506
    3371      16.2679        22.0732
    3372      16.2848        21.6378
    3373      16.2659        21.6244
    3374      16.3111        21.9431
    3375      16.2976        21.1279
    3376      16.2809        21.8447
    3377      16.2268        21.8119
    3378      16.2879        21.6094
    3379      16.3000        21.5383
    3380      16.2191        21.6729
    3381      16.2996        22.3435
    3382      16.3171        21.3850
    3383      16.3000        21.9995
    3384      16.2888        21.0329
    3385      16.2517        21.2078
    3386      16.3141        21.8382
    3387      16.3178        21.4619
    3388      16.3719        21.7157
    3389      16.3097        21.8872
    3390      16.3392        21.8494
    3391      16.3401        21.3698
    3392      16.3642        21.6680
    3393      16.3500        21.7734
    3394      16.3390        21.7582
    3395      16.3838        21.5532
    3396      16.3369        21.6058
    3397      16.3164        21.7641
    3398      16.4162        21.8505
    3399      16.4289        22.3907
    3400      16.3645        21.8910
    3401      16.3634        21.8599
    3402      16.3464        21.9231
    3403      16.3342        22.1743
    3404      16.3353        20.9603
    3405      16.3423        21.6288
    3406      16.3926        22.0810
    3407      16.3076        21.3819
    3408      16.2592        21.7951
    3409      16.3243        21.9086
    3410      16.3000        21.2490
    3411      16.3593        21.6343
    3412      16.3042        21.6603
    3413      16.3042        21.8334
    3414      16.2846        21.7425
    3415      16.3198        21.6266
    3416      16.2269        22.1213
    3417      16.2921        21.7327
    3418      16.4069        21.2856
    3419      16.3143        21.6434
    3420      16.3879        21.6879
    3421      16.3346        21.6113
    3422      16.3141        21.2390
    3423      16.3631        22.1095
    3424      16.3171        22.2688
    3425      16.3926        22.6874
    3426      16.3216        21.6217
    3427      16.3316        22.1560
    3428      16.3614        22.0788
    3429      16.3353        21.1451
    3430      16.2644        21.5546
    3431      16.3571        22.2566
    3432      16.2961        21.3053
    3433      16.3354        21.4627
    3434      16.3410        22.0340
    3435      16.2924        21.6271
    3436      16.3116        21.5924
    3437      16.2930        21.5974
    3438      16.3268        21.3542
    3439      16.3262        22.2957
    3440      16.2725        21.5370
    3441      16.2824        21.9670
    3442      16.3515        21.5505
    3443      16.3231        22.1521
    3444      16.2916        21.6579
    3445      16.2215        21.3908
    3446      16.3885        22.3361
    3447      16.3150        22.1169
    3448      16.2865        21.5730
    3449      16.3679        22.1210
    3450      16.3471        21.4741
    3451      16.2373        21.3440
    3452      16.3552        22.0495
    3453      16.3011        21.5118
    3454      16.3318        21.7915
    3455      16.2471        21.7185
    3456      16.2744        21.6768
    3457      16.2170        21.1127
    3458      16.3147        21.7013
    3459      16.3183        21.6563
    3460      16.3291        21.3459
    3461      16.3932        21.3079
    3462      16.2988        21.6161
    3463      16.3641        21.4584
    3464      16.3473        21.3666
    3465      16.2830        22.0310
    3466      16.2431        21.6603
    3467      16.3512        21.6889
    3468      16.3322        21.2698
    3469      16.2449        21.4939
    3470      16.3085        21.5544
    3471      16.3210        21.8981
    3472      16.3442        22.7176
    3473      16.2762        22.8789
    3474      16.2733        22.4373
    3475      16.2695        22.4991
    3476      16.3647        21.7885
    3477      16.2494        22.8307
    3478      16.3081        21.6948
    3479      16.3829        22.8393
    3480      16.3868        21.5377
    3481      16.3420        21.4195
    3482      16.2740        22.9434
    3483      16.2895        21.4452
    3484      16.3368        22.1760
    3485      16.3323        22.1268
    3486      16.3369        22.4227
    3487      16.2878        22.2312
    3488      16.3493        21.9156
    3489      16.3208        22.1533
    3490      16.3183        21.6634
    3491      16.3158        21.8414
    3492      16.3507        21.6568
    3493      16.2707        21.8082
    3494      16.3228        22.0854
    3495      16.2769        21.5812
    3496      16.3384        21.9825
    3497      16.3227        21.8533
    3498      16.2267        21.3630
    3499      16.3399        21.6456
    3500      16.3211        22.0606
    3501      16.2897        22.6194
    3502      16.2468        21.7021
    3503      16.2927        21.7461
    3504      16.3160        22.2280
    3505      16.3405        21.8928
    3506      16.2461        21.2892
    3507      16.3440        21.5373
    3508      16.3304        21.8980
    3509      16.2917        21.1823
    3510      16.3571        21.5125
    3511      16.3337        21.9225
    3512      16.2964        21.4727
    3513      16.3793        21.5150
    3514      16.4154        21.8569
    3515      16.3537        21.6968
    3516      16.3009        21.3938
    3517      16.3151        21.6870
    3518      16.3930        21.8606
    3519      16.3564        21.3763
    3520      16.3654        22.0058
    3521      16.3939        22.4431
    3522      16.3850        21.6282
    3523      16.4273        21.5925
    3524      16.3603        21.4519
    3525      16.3291        21.9432
    3526      16.3119        21.5157
    3527      16.2581        21.7772
    3528      16.3265        22.1668
    3529      16.3311        21.4663
    3530      16.3685        21.4542
    3531      16.3631        21.2410
    3532      16.3498        21.7361
    3533      16.3303        21.6468
    3534      16.4118        21.5478
    3535      16.4505        21.9290
    3536      16.3213        21.6057
    3537      16.3627        21.7104
    3538      16.4062        22.3610
    3539      16.4202        21.5850
    3540      16.4372        21.4408
    3541      16.3925        22.0256
    3542      16.3111        21.4690
    3543      16.3830        21.6260
    3544      16.3355        22.0611
    3545      16.3078        21.5991
    3546      16.3610        21.8816
    3547      16.3299        21.5807
    3548      16.3004        22.0501
    3549      16.3047        21.8848
    3550      16.3058        22.2588
    3551      16.3156        21.5340
    3552      16.3087        21.5220
    3553      16.2969        21.2587
    3554      16.3640        21.5861
    3555      16.3707        21.6362
    3556      16.3056        21.5139
    3557      16.3113        21.5463
    3558      16.3115        21.2656
    3559      16.2928        21.8453
    3560      16.2780        21.5932
    3561      16.3643        21.9918
    3562      16.3260        21.6946
    3563      16.3197        21.2714
    3564      16.3627        21.8448
    3565      16.3545        21.9053
    3566      16.3832        21.7449
    3567      16.3588        21.6854
    3568      16.3149        21.5900
    3569      16.3395        21.5987
    3570      16.2935        21.7350
    3571      16.3690        22.1320
    3572      16.3503        21.6448
    3573      16.2817        22.0797
    3574      16.3124        21.9576
    3575      16.3605        21.8540
    3576      16.3208        21.4790
    3577      16.3733        21.7448
    3578      16.2692        21.6153
    3579      16.3014        21.5463
    3580      16.3256        21.5657
    3581      16.2910        21.5278
    3582      16.2792        21.9568
    3583      16.3417        21.3023
    3584      16.3166        21.7036
    3585      16.2911        21.8505
    3586      16.3237        21.7699
    3587      16.3254        21.8374
    3588      16.3060        21.4298
    3589      16.3710        22.1800
    3590      16.2663        21.2470
    3591      16.3387        21.4647
    3592      16.3850        21.8747
    3593      16.4246        22.0823
    3594      16.3578        22.1641
    3595      16.3683        22.2922
    3596      16.3452        21.5160
    3597      16.3801        23.3264
    3598      16.3751        21.6614
    3599      16.3460        21.8759
    3600      16.3614        21.9060
    3601      16.3501        21.4751
    3602      16.4613        21.6850
    3603      16.3533        21.8699
    3604      16.3883        22.3103
    3605      16.4162        22.5425
    3606      16.3651        22.2987
    3607      16.3347        22.1128
    3608      16.3994        21.7253
    3609      16.3675        22.3749
    3610      16.3275        21.5153
    3611      16.3653        21.4861
    3612      16.3224        21.6026
    3613      16.3087        21.7932
    3614      16.3064        21.8229
    3615      16.3683        21.6903
    3616      16.2864        21.3246
    3617      16.2580        21.2237
    3618      16.3484        21.5257
    3619      16.3291        21.5673
    3620      16.3088        21.4528
    3621      16.3391        21.8397
    3622      16.3399        21.5554
    3623      16.3532        21.7377
    3624      16.3763        21.7470
    3625      16.4210        22.7015
    3626      16.4000        21.6232
    3627      16.3113        21.7831
    3628      16.3435        21.3150
    3629      16.3576        21.8975
    3630      16.3595        21.9208
    3631      16.3519        22.3085
    3632      16.3693        21.9866
    3633      16.2994        21.6038
    3634      16.3338        21.4280
    3635      16.3286        22.4177
    3636      16.3571        21.7163
    3637      16.3085        21.6848
    3638      16.3263        21.7508
    3639      16.3848        21.4969
    3640      16.3810        22.0267
    3641      16.3310        21.5815
    3642      16.3392        21.1239
    3643      16.3271        21.9993
    3644      16.3911        21.9983
    3645      16.3627        22.1102
    3646      16.2810        21.5422
    3647      16.3175        21.2881
    3648      16.4335        22.4425
    3649      16.3521        22.3000
    3650      16.3803        21.1684
    3651      16.2786        21.6094
    3652      16.3488        21.6571
    3653      16.3979        21.7895
    3654      16.4329        21.5612
    3655      16.3897        21.6525
    3656      16.4539        21.8923
    3657      16.3501        21.5122
    3658      16.3785        21.4106
    3659      16.3556        21.5053
    3660      16.3592        21.2524
    3661      16.3723        21.5502
    3662      16.3476        21.3897
    3663      16.3945        21.0450
    3664      16.3519        21.6358
    3665      16.3807        21.0291
    3666      16.3946        21.3715
    3667      16.3792        21.6125
    3668      16.4510        21.9100
    3669      16.4387        21.9720
    3670      16.4739        22.5068
    3671      16.3326        21.6228
    3672      16.3100        21.0700
    3673      16.3884        21.1132
    3674      16.3449        21.3504
    3675      16.3837        22.0815
    3676      16.3718        21.2804
    3677      16.3564        21.9010
    3678      16.3421        22.0182
    3679      16.2921        22.2338
    3680      16.3270        22.6002
    3681      16.3614        21.5794
    3682      16.3444        21.2583
    3683      16.3330        21.5815
    3684      16.3419        21.6974
    3685      16.3582        21.6086
    3686      16.2803        21.1052
    3687      16.3459        21.3540
    3688      16.3731        21.6577
    3689      16.3798        21.7462
    3690      16.3612        21.5185
    3691      16.3855        21.3027
    3692      16.3996        21.5516
    3693      16.3496        21.4885
    3694      16.3184        21.9582
    3695      16.2965        21.9785
    3696      16.3434        21.9127
    3697      16.3043        21.7188
    3698      16.3445        21.8917
    3699      16.3864        22.3872
    3700      16.3368        21.5902
    3701      16.3301        21.5805
    3702      16.3128        21.6491
    3703      16.3590        21.2447
    3704      16.3583        21.9417
    3705      16.3128        21.7198
    3706      16.3329        21.6531
    3707      16.3505        21.8990
    3708      16.2813        22.1509
    3709      16.3151        21.7255
    3710      16.3648        22.2595
    3711      16.3842        22.2162
    3712      16.3653        21.8756
    3713      16.3400        22.2045
    3714      16.4116        21.4795
    3715      16.3203        21.9738
    3716      16.3804        22.4362
    3717      16.3569        22.0771
    3718      16.3781        21.7223
    3719      16.3887        21.8184
    3720      16.2974        22.1492
    3721      16.3522        21.5625
    3722      16.3268        22.8524
    3723      16.3546        22.7469
    3724      16.3437        21.2068
    3725      16.3036        21.5555
    3726      16.3358        21.6230
    3727      16.3856        21.9649
    3728      16.3691        22.3626
    3729      16.3081        21.6856
    3730      16.4001        21.9911
    3731      16.3314        21.9132
    3732      16.4210        21.9202
    3733      16.4531        22.1114
    3734      16.4224        22.3080
    3735      16.4236        22.5665
    3736      16.3278        22.1118
    3737      16.3396        22.0906
    3738      16.3314        21.8502
    3739      16.3233        21.9279
    3740      16.2959        21.6944
    3741      16.2600        21.9974
    3742      16.3299        22.1139
    3743      16.3647        22.0444
    3744      16.4005        21.4630
    3745      16.3470        22.7611
    3746      16.2574        21.4044
    3747      16.3612        21.8070
    3748      16.3351        22.1043
    3749      16.2709        21.5724
    3750      16.3212        21.7440
    3751      16.4167        21.9171
    3752      16.4315        21.7735
    3753      16.3506        22.0629
    3754      16.2893        21.7309
    3755      16.2558        21.3304
    3756      16.2754        22.0632
    3757      16.3585        21.7629
    3758      16.4408        21.4487
    3759      16.4176        22.4796
    3760      16.3690        22.0706
    3761      16.3241        21.9629
    3762      16.3056        21.8705
    3763      16.3388        21.7318
    3764      16.3256        21.6672
    3765      16.3937        22.2950
    3766      16.3760        21.8403
    3767      16.3480        21.7605
    3768      16.4049        21.4420
    3769      16.3792        21.3269
    3770      16.3412        21.2639
    3771      16.2826        21.4859
    3772      16.2910        21.4208
    3773      16.3099        21.4489
    3774      16.3638        22.1926
    3775      16.3169        22.0517
    3776      16.3113        21.5876
    3777      16.2773        21.8882
    3778      16.3668        21.8248
    3779      16.4104        21.5712
    3780      16.3766        21.3201
    3781      16.3549        21.4450
    3782      16.3842        21.3181
    3783      16.3324        21.8856
    3784      16.3157        22.1177
    3785      16.3171        22.0259
    3786      16.3768        22.1226
    3787      16.4366        22.1006
    3788      16.3702        21.1721
    3789      16.3401        21.0412
    3790      16.4055        21.7142
    3791      16.3975        21.4667
    3792      16.4230        21.3941
    3793      16.3589        21.8007
    3794      16.3564        22.0378
    3795      16.3049        21.9370
    3796      16.3673        21.7336
    3797      16.3743        21.6775
    3798      16.2996        20.8858
    3799      16.3620        21.2742
    3800      16.4708        22.3522
    3801      16.4398        22.6181
    3802      16.3646        21.8274
    3803      16.3901        22.0472
    3804      16.3727        21.2368
    3805      16.3348        21.5159
    3806      16.4895        21.8544
    3807      16.3185        22.1555
    3808      16.3456        21.8451
    3809      16.2634        21.0851
    3810      16.4074        22.0120
    3811      16.4877        22.2755
    3812      16.3187        21.4354
    3813      16.3620        21.7877
    3814      16.3681        21.8087
    3815      16.3882        21.8785
    3816      16.3687        21.7128
    3817      16.3582        21.7638
    3818      16.3418        22.3204
    3819      16.3963        22.1078
    3820      16.5229        21.9186
    3821      16.4038        21.7253
    3822      16.3609        21.9617
    3823      16.4157        22.0090
    3824      16.4187        21.8985
    3825      16.4574        22.1043
    3826      16.3758        21.8356
    3827      16.3945        21.9030
    3828      16.3556        21.9582
    3829      16.4162        22.2504
    3830      16.2975        21.2334
    3831      16.3861        21.8930
    3832      16.3477        21.2397
    3833      16.3635        21.9994
    3834      16.4034        21.2719
    3835      16.4123        22.1260
    3836      16.4706        21.2256
    3837      16.4032        21.7377
    3838      16.4476        21.2142
    3839      16.3714        21.7310
    3840      16.3708        21.3315
    3841      16.3861        21.6356
    3842      16.4235        21.6680
    3843      16.4222        22.0745
    3844      16.3622        21.6987
    3845      16.3203        21.6921
    3846      16.4241        22.2177
    3847      16.3586        21.6734
    3848      16.3863        22.0204
    3849      16.3602        22.0786
    3850      16.2950        21.4379
    3851      16.4011        21.8286
    3852      16.3453        21.5380
    3853      16.3273        21.4280
    3854      16.3636        21.7792
    3855      16.3707        21.4473
    3856      16.3304        21.5598
    3857      16.3955        22.0303
    3858      16.3870        21.9846
    3859      16.3770        21.5634
    3860      16.4138        21.8056
    3861      16.3982        21.5797
    3862      16.3891        21.6284
    3863      16.3850        21.6815
    3864      16.4431        21.9320
    3865      16.3952        21.6035
    3866      16.4279        21.6608
    3867      16.3713        21.7247
    3868      16.4604        22.2834
    3869      16.4158        22.1699
    3870      16.3925        21.2442
    3871      16.3913        22.1089
    3872      16.4293        21.5416
    3873      16.4235        22.5019
    3874      16.4506        22.0172
    3875      16.4359        22.3225
    3876      16.5175        22.4551
    3877      16.4207        21.7761
    3878      16.3445        21.8040
    3879      16.3719        21.4454
    3880      16.3645        21.6003
    3881      16.3351        21.6402
    3882      16.3712        22.2601
    3883      16.4506        21.7978
    3884      16.3876        21.4062
    3885      16.4149        21.9939
    3886      16.3671        21.3042
    3887      16.4131        21.3193
    3888      16.3128        21.6844
    3889      16.3334        22.1283
    3890      16.3954        22.2468
    3891      16.3825        21.7049
    3892      16.3207        21.5046
    3893      16.3763        21.9755
    3894      16.4178        21.9922
    3895      16.3450        21.8173
    3896      16.3117        21.6807
    3897      16.3746        22.1989
    3898      16.4329        22.0678
    3899      16.3907        22.1566
    3900      16.3940        22.0047
    3901      16.4703        21.7053
    3902      16.4111        21.6396
    3903      16.3756        21.2564
    3904      16.4578        21.4767
    3905      16.4738        22.3007
    3906      16.3756        21.4311
    3907      16.3713        22.0502
    3908      16.4713        21.9903
    3909      16.4042        21.9189
    3910      16.3842        21.5913
    3911      16.3839        21.5475
    3912      16.4491        21.8213
    3913      16.3794        21.1170
    3914      16.4115        21.4036
    3915      16.3245        21.9534
    3916      16.3751        22.0401
    3917      16.3664        22.2191
    3918      16.2877        21.3258
    3919      16.3720        21.6344
    3920      16.3961        21.5536
    3921      16.3399        21.6746
    3922      16.4203        21.6539
    3923      16.2896        22.3478
    3924      16.3906        21.7879
    3925      16.2699        21.1777
    3926      16.3017        21.5729
    3927      16.3151        21.1977
    3928      16.2898        21.3401
    3929      16.3438        21.8016
    3930      16.3413        21.3472
    3931      16.3064        21.6196
    3932      16.3734        21.4221
    3933      16.3261        21.5767
    3934      16.4222        22.3781
    3935      16.3604        22.0757
    3936      16.3200        21.5922
    3937      16.3913        21.2878
    3938      16.2908        21.6589
    3939      16.3132        21.0265
    3940      16.3346        21.4207
    3941      16.3571        21.6744
    3942      16.3633        21.5615
    3943      16.3381        22.5429
    3944      16.2981        21.6599
    3945      16.4105        21.9966
    3946      16.3438        21.6696
    3947      16.3854        21.9433
    3948      16.3783        22.0390
    3949      16.3845        22.0411
    3950      16.3843        22.4641
    3951      16.3850        21.8254
    3952      16.4144        22.4412
    3953      16.4298        21.9490
    3954      16.3567        21.9140
    3955      16.2918        21.5942
    3956      16.3433        21.4051
    3957      16.3718        21.6148
    3958      16.4864        21.8210
    3959      16.4202        22.1120
    3960      16.3462        21.1457
    3961      16.3675        21.7090
    3962      16.3069        21.7247
    3963      16.3631        21.7528
    3964      16.3503        21.9370
    3965      16.3209        21.7201
    3966      16.3803        21.6428
    3967      16.3994        21.8700
    3968      16.4208        22.1589
    3969      16.3508        22.1965
    3970      16.3833        21.5404
    3971      16.4249        21.3895
    3972      16.3797        21.6072
    3973      16.4435        21.5481
    3974      16.3394        21.7262
    3975      16.3272        21.3138
    3976      16.3773        22.1567
    3977      16.3484        21.5285
    3978      16.4578        21.8206
    3979      16.3656        22.1651
    3980      16.4410        21.8774
    3981      16.4270        21.6987
    3982      16.4272        21.7531
    3983      16.3833        22.3804
    3984      16.3997        22.0736
    3985      16.3375        22.0213
    3986      16.3578        22.2451
    3987      16.4132        22.4794
    3988      16.4403        22.3050
    3989      16.3271        21.6329
    3990      16.3139        22.2287
    3991      16.3342        21.9889
    3992      16.2976        22.2647
    3993      16.3370        22.0778
    3994      16.2862        22.1249
    3995      16.4332        21.7992
    3996      16.3384        21.6460
    3997      16.4257        22.5707
    3998      16.3505        22.2167
    3999      16.4015        21.8783
    4000      16.3839        22.1023
    4001      16.3057        21.5586
    4002      16.3795        21.5446
    4003      16.3383        22.1695
    4004      16.3450        21.6784
    4005      16.3727        22.1215
    4006      16.3568        21.7296
    4007      16.3595        21.8386
    4008      16.3358        22.1943
    4009      16.3702        21.6419
    4010      16.4368        21.9175
    4011      16.3589        21.8408
    4012      16.4120        22.5748
    4013      16.4263        21.6815
    4014      16.3818        22.1510
    4015      16.4280        22.0653
    4016      16.4403        22.1177
    4017      16.3318        22.1188
    4018      16.3502        22.1276
    4019      16.3197        21.8276
    4020      16.3940        22.2078
    4021      16.3822        22.2743
    4022      16.4526        22.4443
    4023      16.3116        21.7025
    4024      16.3480        21.7535
    4025      16.3861        22.6969
    4026      16.3122        22.0074
    4027      16.4105        22.1672
    4028      16.4124        22.2211
    4029      16.4364        21.6966
    4030      16.4218        22.0954
    4031      16.3975        21.4527
    4032      16.3806        22.1414
    4033      16.3643        21.9540
    4034      16.4872        22.2888
    4035      16.3864        22.0220
    4036      16.3950        23.1359
    4037      16.4402        22.2820
    4038      16.4163        21.7193
    4039      16.3705        21.7812
    4040      16.4376        22.3697
    4041      16.3927        22.0382
    4042      16.4300        22.3967
    4043      16.4230        22.2985
    4044      16.5082        22.7593
    4045      16.4022        21.8833
    4046      16.4537        22.0863
    4047      16.4095        22.0541
    4048      16.4595        22.2509
    4049      16.2931        21.4692
    4050      16.3684        21.9901
    4051      16.4811        21.6901
    4052      16.4038        21.9527
    4053      16.3651        21.7683
    4054      16.4987        21.9671
    4055      16.3952        22.0751
    4056      16.4399        22.2439
    4057      16.3609        21.5399
    4058      16.4440        23.5214
    4059      16.3478        22.6474
    4060      16.3714        22.4461
    4061      16.3576        21.7872
    4062      16.3916        22.9553
    4063      16.3801        22.6302
    4064      16.3636        22.0061
    4065      16.3965        22.0773
    4066      16.3741        21.8967
    4067      16.3881        22.0922
    4068      16.4095        23.5434
    4069      16.5223        23.1359
    4070      16.4321        22.4374
    4071      16.4013        22.4613
    4072      16.3559        22.5027
    4073      16.3325        21.9236
    4074      16.3538        22.0314
    4075      16.3396        21.9720
    4076      16.4402        22.3154
    4077      16.4732        21.8783
    4078      16.4487        21.9622
    4079      16.3922        22.5359
    4080      16.3440        21.4802
    4081      16.3466        21.7744
    4082      16.4060        22.1313
    4083      16.3708        22.3480
    4084      16.4208        21.7139
    4085      16.4646        21.7233
    4086      16.3896        23.1209
    4087      16.4491        23.1725
    4088      16.3913        22.3661
    4089      16.3065        21.6764
    4090      16.3883        21.7849
    4091      16.4062        21.6631
    4092      16.3846        21.6624
    4093      16.3662        21.8582
    4094      16.3061        21.7494
    4095      16.3548        21.9835
    4096      16.2938        21.7437
    4097      16.3408        22.2032
    4098      16.3900        21.4980
    4099      16.3383        21.8614
    4100      16.3967        22.1127
    4101      16.4764        22.2806
    4102      16.3997        22.2752
    4103      16.3329        21.7487
    4104      16.3657        21.8737
    4105      16.4781        21.7698
    4106      16.3714        22.1265
    4107      16.4263        22.0199
    4108      16.3377        22.1645
    4109      16.3419        21.8850
    4110      16.3314        21.8528
    4111      16.4075        21.7321
    4112      16.3595        21.8489
    4113      16.3123        22.3811
    4114      16.3878        22.8319
    4115      16.3980        21.6849
    4116      16.3760        22.4725
    4117      16.4002        22.6464
    4118      16.3490        21.8910
    4119      16.3688        21.8971
    4120      16.3792        21.3326
    4121      16.3493        22.2502
    4122      16.3551        21.9806
    4123      16.3308        21.9186
    4124      16.3444        21.5804
    4125      16.3972        22.6118
    4126      16.3429        22.1725
    4127      16.3645        21.6540
    4128      16.3324        21.9004
    4129      16.3903        22.1351
    4130      16.3577        22.3707
    4131      16.3713        21.0994
    4132      16.3359        22.1763
    4133      16.3195        22.1871
    4134      16.3708        22.3737
    4135      16.3601        21.8673
    4136      16.3068        21.5668
    4137      16.3480        21.8659
    4138      16.3023        21.4896
    4139      16.4339        21.9811
    4140      16.3642        21.7481
    4141      16.3807        22.4371
    4142      16.3177        21.7477
    4143      16.3519        21.9459
    4144      16.2407        21.5439
    4145      16.3507        22.2129
    4146      16.3280        21.4471
    4147      16.3958        22.2655
    4148      16.3918        22.1591
    4149      16.3792        22.0530
    4150      16.3314        21.6240
    4151      16.2614        22.1055
    4152      16.2985        21.5790
    4153      16.3725        21.5522
    4154      16.2643        21.3555
    4155      16.3822        22.1061
    4156      16.3162        21.2703
    4157      16.4434        22.0953
    4158      16.3191        22.1858
    4159      16.3291        21.9009
    4160      16.4937        22.4472
    4161      16.3281        21.7101
    4162      16.3292        21.7748
    4163      16.3691        21.8991
    4164      16.3688        22.0463
    4165      16.3481        22.1248
    4166      16.3753        21.8566
    4167      16.4135        21.8882
    4168      16.4030        22.2862
    4169      16.3419        21.3301
    4170      16.2991        21.8570
    4171      16.3470        21.7240
    4172      16.3281        21.9917
    4173      16.3560        21.7446
    4174      16.2610        22.0310
    4175      16.3515        22.2542
    4176      16.3096        21.1240
    4177      16.3054        21.8039
    4178      16.3591        21.9919
    4179      16.3030        21.4745
    4180      16.2782        22.0482
    4181      16.3918        22.0598
    4182      16.4044        21.9820
    4183      16.3751        22.4514
    4184      16.3296        21.6809
    4185      16.3587        21.9754
    4186      16.3832        21.6796
    4187      16.3436        21.9633
    4188      16.3860        22.2363
    4189      16.3482        21.9773
    4190      16.3992        21.9911
    4191      16.3263        21.6803
    4192      16.4206        21.5990
    4193      16.3208        21.6300
    4194      16.3374        21.7053
    4195      16.2857        22.2639
    4196      16.3601        21.7209
    4197      16.4436        21.9459
    4198      16.3631        22.5389
    4199      16.3436        21.8713
    4200      16.3906        22.4212
    4201      16.3937        22.4062
    4202      16.3672        22.2521
    4203      16.3980        22.3597
    4204      16.3523        21.8610
    4205      16.3265        22.6204
    4206      16.4520        21.7188
    4207      16.4685        21.6520
    4208      16.3830        22.1068
    4209      16.4056        21.6593
    4210      16.4350        22.4759
    4211      16.4347        22.3133
    4212      16.4298        22.1721
    4213      16.3787        21.8029
    4214      16.4876        22.1844
    4215      16.3675        21.9179
    4216      16.4741        21.8084
    4217      16.4381        22.7430
    4218      16.4419        22.0761
    4219      16.4119        22.5549
    4220      16.3928        22.0792
    4221      16.3802        22.2640
    4222      16.4249        22.2739
    4223      16.5124        22.2212
    4224      16.4679        23.0672
    4225      16.4788        22.4019
    4226      16.5823        22.3498
    4227      16.5445        21.9369
    4228      16.4882        21.9661
    4229      16.4695        22.0218
    4230      16.4276        21.5207
    4231      16.4600        22.1641
    4232      16.4099        21.5593
    4233      16.4035        21.4370
    4234      16.4900        22.6488
    4235      16.4065        21.4737
    4236      16.4066        21.1506
    4237      16.3688        21.2255
    4238      16.4263        22.2561
    4239      16.3957        22.1064
    4240      16.3573        21.6914
    4241      16.3639        21.5706
    4242      16.4972        21.4564
    4243      16.4942        21.6814
    4244      16.4232        21.0629
    4245      16.4669        21.6953
    4246      16.5227        22.1529
    4247      16.4307        22.1324
    4248      16.4523        22.1970
    4249      16.4236        21.1577
    4250      16.3534        21.2776
    4251      16.3118        21.9083
    4252      16.3393        21.3824
    4253      16.3535        21.9211
    4254      16.2970        21.4890
    4255      16.4254        21.2422
    4256      16.4120        22.1601
    4257      16.3915        21.9389
    4258      16.3352        21.8854
    4259      16.3937        22.0992
    4260      16.3405        21.8287
    4261      16.3764        21.2213
    4262      16.3455        21.1442
    4263      16.3872        22.1317
    4264      16.3228        21.2935
    4265      16.4261        21.4142
    4266      16.4128        21.3045
    4267      16.3704        21.4809
    4268      16.3170        21.8516
    4269      16.3729        21.3204
    4270      16.4167        21.8896
    4271      16.4479        21.7612
    4272      16.3668        21.5487
    4273      16.4717        21.2557
    4274      16.4528        21.6624
    4275      16.4314        21.3913
    4276      16.3948        21.8054
    4277      16.4215        21.6506
    4278      16.4654        21.5551
    4279      16.4900        21.5771
    4280      16.4123        21.3058
    4281      16.4330        21.3258
    4282      16.5494        22.2894
    4283      16.4830        22.7056
    4284      16.4943        21.9678
    4285      16.4475        21.4895
    4286      16.4451        21.8037
    4287      16.3564        21.4118
    4288      16.3773        21.4633
    4289      16.3600        21.9414
    4290      16.3905        21.5001
    4291      16.3571        21.5109
    4292      16.4562        21.7700
    4293      16.3647        21.8576
    4294      16.4211        21.7639
    4295      16.3962        22.3852
    4296      16.3309        22.0500
    4297      16.4806        22.3384
    4298      16.4446        22.3889
    4299      16.4435        21.4555
    4300      16.4223        21.8323
    4301      16.2933        21.5352
    4302      16.3356        21.7248
    4303      16.3867        21.4416
    4304      16.4161        21.7076
    4305      16.4000        21.9780
    4306      16.4038        21.6735
    4307      16.4478        22.0106
    4308      16.4853        22.7523
    4309      16.4540        21.4904
    4310      16.4610        22.7872
    4311      16.4375        21.9868
    4312      16.4257        21.8205
    4313      16.3355        22.3661
    4314      16.4342        22.1630
    4315      16.4495        22.5129
    4316      16.4167        22.4316
    4317      16.3691        22.0365
    4318      16.4015        22.0540
    4319      16.3369        23.1374
    4320      16.3939        22.5005
    4321      16.3332        21.0678
    4322      16.4262        21.8333
    4323      16.3633        21.0429
    4324      16.3378        21.2429
    4325      16.4041        21.3260
    4326      16.3024        21.4677
    4327      16.3634        21.1480
    4328      16.3573        21.1341
    4329      16.3643        21.5633
    4330      16.3953        21.3714
    4331      16.3650        21.2572
    4332      16.3353        22.0878
    4333      16.3495        21.7031
    4334      16.2946        21.5710
    4335      16.2764        21.7432
    4336      16.3373        21.7050
    4337      16.3255        21.3470
    4338      16.3772        22.5503
    4339      16.3961        21.6338
    4340      16.4872        22.1078
    4341      16.3685        21.1516
    4342      16.3653        21.5196
    4343      16.3797        22.2147
    4344      16.3082        21.9805
    4345      16.2631        21.5268
    4346      16.3589        21.3457
    4347      16.3486        21.3623
    4348      16.3558        21.8839
    4349      16.3493        22.0310
    4350      16.3622        21.4717
    4351      16.3322        22.7841
    4352      16.3449        21.4687
    4353      16.2875        21.7410
    4354      16.3586        22.4546
    4355      16.4526        21.4282
    4356      16.3929        21.8005
    4357      16.3599        21.8320
    4358      16.2676        21.1046
    4359      16.2923        21.6853
    4360      16.2787        21.5186
    4361      16.3144        21.4848
    4362      16.4069        22.1656
    4363      16.4136        22.1352
    4364      16.4037        21.9446
    4365      16.2763        22.0819
    4366      16.3574        21.4856
    4367      16.3235        21.9740
    4368      16.3490        21.9526
    4369      16.3630        21.9342
    4370      16.2758        22.0144
    4371      16.2451        21.4848
    4372      16.3381        20.7224
    4373      16.2866        22.1016
    4374      16.3702        21.9982
    4375      16.3025        21.3876
    4376      16.2445        21.6379
    4377      16.3523        21.7752
    4378      16.3367        22.0861
    4379      16.3184        22.0655
    4380      16.3138        21.2383
    4381      16.2747        21.5994
    4382      16.3438        21.3661
    4383      16.3595        21.9661
    4384      16.3232        21.9880
    4385      16.2885        21.8660
    4386      16.3862        21.9691
    4387      16.3174        21.8493
    4388      16.2881        21.7099
    4389      16.3230        22.5658
    4390      16.3122        21.8474
    4391      16.3659        21.8823
    4392      16.3500        22.0910
    4393      16.3281        21.9047
    4394      16.3481        21.8125
    4395      16.3153        21.8787
    4396      16.3628        21.6389
    4397      16.4108        21.3010
    4398      16.3998        21.6612
    4399      16.4650        21.7032
    4400      16.3254        21.9083
    4401      16.4032        22.0684
    4402      16.4312        21.8513
    4403      16.3709        21.7312
    4404      16.4075        21.4903
    4405      16.3774        22.3781
    4406      16.3854        22.0822
    4407      16.3827        21.8266
    4408      16.3983        22.1100
    4409      16.3611        22.7251
    4410      16.3651        21.3557
    4411      16.3757        21.7112
    4412      16.3453        21.6810
    4413      16.4108        21.7974
    4414      16.3793        21.8311
    4415      16.3688        21.9757
    4416      16.4176        21.5816
    4417      16.4306        21.5810
    4418      16.3667        21.0846
    4419      16.3835        22.2124
    4420      16.4884        22.3394
    4421      16.3334        21.4980
    4422      16.4081        21.9521
    4423      16.3981        23.0465
    4424      16.4142        22.0069
    4425      16.3942        22.9089
    4426      16.4062        22.9678
    4427      16.3519        22.0391
    4428      16.2917        21.3570
    4429      16.4273        22.1602
    4430      16.3814        22.1658
    4431      16.3134        22.3170
    4432      16.2696        21.3634
    4433      16.3619        21.5914
    4434      16.3551        22.1123
    4435      16.3639        21.8297
    4436      16.3459        21.6015
    4437      16.3119        21.9804
    4438      16.3727        22.0182
    4439      16.2995        21.6641
    4440      16.3317        22.0288
    4441      16.3113        21.2474
    4442      16.3247        21.7307
    4443      16.3577        21.6298
    4444      16.3230        21.1492
    4445      16.4349        22.0642
    4446      16.3246        21.2707
    4447      16.3928        21.7677
    4448      16.3477        21.7110
    4449      16.4199        22.1994
    4450      16.3365        22.1827
    4451      16.3661        22.2229
    4452      16.3709        22.2768
    4453      16.4088        21.3409
    4454      16.3977        21.8918
    4455      16.3321        21.8020
    4456      16.3308        21.9116
    4457      16.3889        21.7490
    4458      16.3225        21.8452
    4459      16.3668        22.1690
    4460      16.3619        22.2716
    4461      16.4535        22.0260
    4462      16.4476        21.7690
    4463      16.3903        21.3764
    4464      16.3806        21.4325
    4465      16.3689        22.3518
    4466      16.2991        22.4845
    4467      16.3806        22.4693
    4468      16.3469        21.6214
    4469      16.3707        22.5731
    4470      16.2972        21.8033
    4471      16.3769        22.1227
    4472      16.4274        21.9678
    4473      16.4450        21.6976
    4474      16.4172        21.3624
    4475      16.3271        22.1803
    4476      16.3819        21.0818
    4477      16.3505        21.2841
    4478      16.3990        21.7490
    4479      16.2961        21.4042
    4480      16.3281        21.8995
    4481      16.4015        22.3097
    4482      16.3384        21.4172
    4483      16.3525        21.4303
    4484      16.4122        21.6233
    4485      16.3954        21.5344
    4486      16.2973        21.5777
    4487      16.4393        21.2716
    4488      16.2928        21.4897
    4489      16.2953        21.5716
    4490      16.2949        21.4760
    4491      16.3977        22.0382
    4492      16.3411        22.2272
    4493      16.3465        21.9217
    4494      16.3289        21.8848
    4495      16.3388        21.6047
    4496      16.3512        22.2611
    4497      16.3139        21.7478
    4498      16.4170        21.3187
    4499      16.3390        21.7343
    4500      16.2895        21.6083
    4501      16.3540        21.8067
    4502      16.3288        21.9430
    4503      16.3268        21.7889
    4504      16.3294        21.4071
    4505      16.3293        21.5936
    4506      16.2838        21.6242
    4507      16.2313        21.6147
    4508      16.3883        21.5896
    4509      16.2760        21.5640
    4510      16.3786        21.6676
    4511      16.3319        21.6630
    4512      16.3594        21.9817
    4513      16.3374        22.0317
    4514      16.3956        21.8357
    4515      16.2888        21.7063
    4516      16.3452        21.9854
    4517      16.3088        21.6581
    4518      16.3763        21.6798
    4519      16.3032        21.7117
    4520      16.3755        22.2118
    4521      16.2822        22.0200
    4522      16.2715        21.6338
    4523      16.3773        21.9617
    4524      16.4108        22.0671
    4525      16.3685        21.8527
    4526      16.3663        21.6974
    4527      16.3152        20.9226
    4528      16.3658        21.8974
    4529      16.3174        21.3032
    4530      16.2600        21.8838
    4531      16.2338        21.6666
    4532      16.2828        21.7222
    4533      16.3680        22.0107
    4534      16.3464        22.1378
    4535      16.3133        21.7801
    4536      16.4079        21.7447
    4537      16.4492        22.1046
    4538      16.4248        21.9292
    4539      16.4490        22.8480
    4540      16.3729        21.9734
    4541      16.4817        21.8536
    4542      16.3738        21.4661
    4543      16.3656        21.6846
    4544      16.3299        21.3536
    4545      16.3063        21.9656
    4546      16.2947        21.2919
    4547      16.3590        21.6522
    4548      16.3440        21.5397
    4549      16.3312        21.4340
    4550      16.3186        21.3307
    4551      16.3135        21.2350
    4552      16.3606        22.0047
    4553      16.3755        21.6093
    4554      16.3621        21.4315
    4555      16.3344        21.4703
    4556      16.3098        21.7183
    4557      16.2877        21.7451
    4558      16.2755        21.5861
    4559      16.3262        21.8737
    4560      16.3484        21.7219
    4561      16.4529        21.8990
    4562      16.3945        21.7354
    4563      16.3678        22.0136
    4564      16.3672        22.5535
    4565      16.3770        22.3154
    4566      16.4016        21.5779
    4567      16.3203        21.7704
    4568      16.2793        21.9028
    4569      16.3992        22.1733
    4570      16.4432        22.1021
    4571      16.3670        21.5990
    4572      16.3165        21.6439
    4573      16.3399        21.6876
    4574      16.3749        21.3863
    4575      16.3488        21.4286
    4576      16.3484        21.7156
    4577      16.3225        21.8578
    4578      16.3548        21.5412
    4579      16.2850        21.8281
    4580      16.2626        21.8395
    4581      16.3847        21.4551
    4582      16.2781        21.3047
    4583      16.3083        21.1711
    4584      16.2329        21.1458
    4585      16.3953        22.0204
    4586      16.2483        20.9349
    4587      16.3652        21.7614
    4588      16.3593        23.4220
    4589      16.3273        21.6731
    4590      16.3329        21.8362
    4591      16.3447        21.7332
    4592      16.3336        21.6124
    4593      16.3974        23.0451
    4594      16.4100        22.5117
    4595      16.3117        21.9240
    4596      16.3621        22.5701
    4597      16.3802        21.9629
    4598      16.4212        21.7397
    4599      16.4541        21.7388
    4600      16.3536        22.0335
    4601      16.3710        22.0540
    4602      16.3921        22.0051
    4603      16.3954        21.3199
    4604      16.2953        21.6881
    4605      16.3044        21.5005
    4606      16.3851        21.7496
    4607      16.3402        21.9343
    4608      16.3546        21.5980
    4609      16.2727        21.0112
    4610      16.2676        21.8159
    4611      16.3855        22.0783
    4612      16.3629        22.4366
    4613      16.3466        22.2215
    4614      16.3312        21.9591
    4615      16.4069        21.1981
    4616      16.3977        22.1217
    4617      16.3562        21.8628
    4618      16.3598        21.8074
    4619      16.3325        22.0286
    4620      16.3751        21.6606
    4621      16.3108        21.7120
    4622      16.2970        21.7417
    4623      16.3327        22.5618
    4624      16.3002        22.0118
    4625      16.3937        22.0979
    4626      16.4518        22.4021
    4627      16.4057        22.9986
    4628      16.3732        23.7800
    4629      16.4248        23.7216
    4630      16.3820        22.7517
    4631      16.4070        23.3243
    4632      16.4365        22.0608
    4633      16.3689        21.7417
    4634      16.3923        21.5040
    4635      16.4452        22.3003
    4636      16.3792        22.1778
    4637      16.3681        21.5773
    4638      16.4421        21.9553
    4639      16.3503        22.1407
    4640      16.4266        21.9318
    4641      16.3696        21.9237
    4642      16.4428        22.3877
    4643      16.3378        21.8311
    4644      16.3476        22.0035
    4645      16.3402        21.9944
    4646      16.3817        22.0191
    4647      16.4353        22.0838
    4648      16.3638        21.5718
    4649      16.3159        21.9145
    4650      16.4161        21.8808
    4651      16.3811        21.9085
    4652      16.3702        21.9795
    4653      16.3564        22.1694
    4654      16.3941        21.9996
    4655      16.2927        20.9491
    4656      16.3320        21.7117
    4657      16.2542        21.6079
    4658      16.2597        21.8160
    4659      16.3865        22.1475
    4660      16.3212        21.7919
    4661      16.3661        22.3593
    4662      16.3896        22.2863
    4663      16.3042        21.4111
    4664      16.3297        21.8567
    4665      16.3428        21.6474
    4666      16.3163        21.6729
    4667      16.3278        21.6503
    4668      16.2668        21.3583
    4669      16.3571        21.5999
    4670      16.3700        21.9429
    4671      16.3254        21.0147
    4672      16.3591        21.4810
    4673      16.3248        21.4944
    4674      16.3452        22.1471
    4675      16.3552        21.7641
    4676      16.4490        21.8848
    4677      16.3407        21.4552
    4678      16.4591        21.8797
    4679      16.2925        21.4782
    4680      16.3310        21.9785
    4681      16.2903        22.0161
    4682      16.3472        21.6926
    4683      16.3587        21.0473
    4684      16.3974        22.2139
    4685      16.3965        22.3331
    4686      16.4296        22.1990
    4687      16.3971        21.8571
    4688      16.2845        21.3615
    4689      16.4111        22.4893
    4690      16.3567        21.5634
    4691      16.3409        21.5555
    4692      16.3007        21.3504
    4693      16.3662        22.0853
    4694      16.3275        21.8358
    4695      16.2720        22.2641
    4696      16.3192        21.6356
    4697      16.3443        22.2142
    4698      16.3376        22.9599
    4699      16.3318        22.2274
    4700      16.3994        22.0046
    4701      16.3484        21.8311
    4702      16.3512        21.8913
    4703      16.3114        21.3279
    4704      16.3643        21.4835
    4705      16.3341        22.2793
    4706      16.3219        21.8285
    4707      16.4139        22.5317
    4708      16.3582        21.8720
    4709      16.3358        22.0401
    4710      16.3230        21.4204
    4711      16.3483        21.8155
    4712      16.3895        23.1211
    4713      16.3432        21.6776
    4714      16.3157        21.8341
    4715      16.3876        22.2056
    4716      16.3301        22.1171
    4717      16.3356        21.6220
    4718      16.3959        21.8070
    4719      16.3106        22.0436
    4720      16.2913        21.4127
    4721      16.3397        21.9426
    4722      16.4107        22.0062
    4723      16.4268        22.2519
    4724      16.3606        21.8031
    4725      16.3907        23.1735
    4726      16.4571        22.2984
    4727      16.3155        22.0080
    4728      16.4147        21.7345
    4729      16.3670        21.9648
    4730      16.4048        21.5728
    4731      16.3249        21.6809
    4732      16.3534        22.1543
    4733      16.3760        21.8511
    4734      16.2650        22.0346
    4735      16.3618        21.9944
    4736      16.3022        21.2449
    4737      16.3980        21.7634
    4738      16.3642        21.9520
    4739      16.2947        21.5261
    4740      16.3105        22.0061
    4741      16.3105        22.7343
    4742      16.2823        21.4944
    4743      16.3710        21.7362
    4744      16.3988        21.9468
    4745      16.3797        22.0461
    4746      16.3525        21.7866
    4747      16.3752        21.5373
    4748      16.3706        21.9681
    4749      16.3389        22.0725
    4750      16.3651        22.2246
    4751      16.4160        21.5199
    4752      16.3931        21.3911
    4753      16.3685        21.7344
    4754      16.4470        22.3002
    4755      16.4046        21.9565
    4756      16.3949        22.3954
    4757      16.4005        22.0154
    4758      16.3510        21.9194
    4759      16.3620        22.0260
    4760      16.3777        21.8553
    4761      16.3098        22.0110
    4762      16.3011        21.8393
    4763      16.3278        21.9591
    4764      16.3902        22.4177
    4765      16.4087        21.5068
    4766      16.3652        21.5583
    4767      16.3686        21.2936
    4768      16.4209        21.8878
    4769      16.4187        22.2897
    4770      16.3850        21.8139
    4771      16.3970        21.5304
    4772      16.3385        22.0962
    4773      16.3185        21.9612
    4774      16.3511        22.0230
    4775      16.3669        22.0910
    4776      16.3460        21.4308
    4777      16.3980        21.8238
    4778      16.3667        23.0042
    4779      16.3939        22.7432
    4780      16.2813        21.9178
    4781      16.3796        22.6764
    4782      16.3637        22.1100
    4783      16.3448        22.1101
    4784      16.3115        21.9217
    4785      16.3486        21.5995
    4786      16.3846        21.6158
    4787      16.3748        21.8726
    4788      16.3200        21.6269
    4789      16.3691        21.8280
    4790      16.3527        22.5873
    4791      16.3686        22.8664
    4792      16.2976        22.0596
    4793      16.4299        22.4526
    4794      16.3324        21.7849
    4795      16.2400        21.9847
    4796      16.3738        21.9065
    4797      16.3670        21.9860
    4798      16.3361        21.0984
    4799      16.3851        21.6093
    4800      16.3212        21.5381
    4801      16.3855        21.9076
    4802      16.3715        21.6691
    4803      16.3587        21.5856
    4804      16.3903        20.9354
    4805      16.3869        21.4509
    4806      16.3570        21.5966
    4807      16.4116        21.6162
    4808      16.3880        22.0753
    4809      16.3498        21.4315
    4810      16.4646        22.0466
    4811      16.3972        21.7323
    4812      16.3331        22.2032
    4813      16.4061        21.8461
    4814      16.3124        22.0126
    4815      16.2871        21.2167
    4816      16.3821        22.1110
    4817      16.2855        21.6077
    4818      16.3268        21.7941
    4819      16.3168        21.3493
    4820      16.2947        21.8627
    4821      16.3120        21.6082
    4822      16.3796        21.7823
    4823      16.2313        21.5003
    4824      16.2294        21.5541
    4825      16.3315        21.4284
    4826      16.3207        21.9355
    4827      16.2562        21.4400
    4828      16.3031        21.6720
    4829      16.3569        22.2021
    4830      16.3158        21.3040
    4831      16.3133        21.9228
    4832      16.3506        21.9951
    4833      16.2351        21.6334
    4834      16.2475        21.6474
    4835      16.3703        21.6281
    4836      16.3259        22.0191
    4837      16.3412        21.7566
    4838      16.3250        21.2641
    4839      16.3717        21.6117
    4840      16.3455        21.6985
    4841      16.3754        21.8122
    4842      16.2999        21.4834
    4843      16.3928        22.2081
    4844      16.3176        21.7423
    4845      16.3193        21.9104
    4846      16.2723        21.6502
    4847      16.3126        21.3045
    4848      16.3990        22.9533
    4849      16.3273        22.8752
    4850      16.3704        22.3698
    4851      16.3045        22.6235
    4852      16.3629        21.6024
    4853      16.3519        21.3951
    4854      16.3484        21.3926
    4855      16.3462        21.2583
    4856      16.3519        21.5678
    4857      16.3445        21.8154
    4858      16.2654        21.2548
    4859      16.3200        21.3654
    4860      16.3334        21.1848
    4861      16.3198        21.6222
    4862      16.3650        21.9266
    4863      16.2909        21.2974
    4864      16.3442        21.2883
    4865      16.3178        21.7360
    4866      16.4033        21.7164
    4867      16.3184        21.2698
    4868      16.3573        21.9230
    4869      16.3358        21.9204
    4870      16.3704        21.6790
    4871      16.3441        21.0414
    4872      16.2986        21.5023
    4873      16.2917        21.2863
    4874      16.3104        21.7454
    4875      16.2704        21.1849
    4876      16.3082        21.2840
    4877      16.3262        21.2590
    4878      16.3002        21.2664
    4879      16.2844        21.4234
    4880      16.4216        22.0929
    4881      16.3464        21.8763
    4882      16.3522        20.8193
    4883      16.3475        21.5253
    4884      16.3453        20.7254
    4885      16.3881        20.9992
    4886      16.3388        21.7781
    4887      16.4706        21.8583
    4888      16.4382        21.6198
    4889      16.3990        21.5782
    4890      16.4061        21.6059
    4891      16.3797        21.3308
    4892      16.3644        21.1244
    4893      16.3309        22.0162
    4894      16.4801        22.0198
    4895      16.3750        21.4002
    4896      16.3572        21.9137
    4897      16.4093        21.5931
    4898      16.4236        22.0566
    4899      16.4100        22.2782
    4900      16.4921        21.5594
    4901      16.4228        21.6852
    4902      16.4046        21.4048
    4903      16.4155        21.2536
    4904      16.4132        21.8267
    4905      16.3669        21.3282
    4906      16.3983        22.0122
    4907      16.4024        21.2443
    4908      16.4042        21.8282
    4909      16.4060        21.5241
    4910      16.4344        21.7667
    4911      16.4245        22.3250
    4912      16.3934        21.0569
    4913      16.4036        21.8376
    4914      16.4088        21.5359
    4915      16.3803        21.8690
    4916      16.3687        21.7966
    4917      16.4459        21.7062
    4918      16.4174        22.3605
    4919      16.4095        22.9660
    4920      16.3780        22.1388
    4921      16.4470        21.9377
    4922      16.3589        22.1199
    4923      16.4002        21.7539
    4924      16.4003        21.0855
    4925      16.3444        21.8589
    4926      16.3986        20.9846
    4927      16.4176        22.1350
    4928      16.4046        22.5296
    4929      16.2981        21.3674
    4930      16.4134        21.9030
    4931      16.3926        23.0175
    4932      16.3996        21.8026
    4933      16.3843        21.5395
    4934      16.3915        21.6271
    4935      16.5122        22.5986
    4936      16.3458        20.9595
    4937      16.3604        21.7152
    4938      16.3876        21.4432
    4939      16.4344        22.0142
    4940      16.4323        21.5712
    4941      16.3337        21.3250
    4942      16.4482        22.5263
    4943      16.4000        21.9694
    4944      16.4281        21.1810
    4945      16.3792        22.7779
    4946      16.3431        21.6860
    4947      16.3043        21.2146
    4948      16.3651        21.1750
    4949      16.3509        21.3434
    4950      16.3889        21.4021
    4951      16.4041        21.7593
    4952      16.3479        22.1422
    4953      16.3411        21.4352
    4954      16.4162        21.2828
    4955      16.3716        21.9541
    4956      16.3828        21.2807
    4957      16.3895        21.4907
    4958      16.3422        21.1349
    4959      16.3432        21.6631
    4960      16.3874        21.2953
    4961      16.2935        21.4048
    4962      16.3389        21.2743
    4963      16.3415        21.7377
    4964      16.4365        21.1525
    4965      16.5144        21.6782
    4966      16.4049        21.2065
    4967      16.3877        21.6070
    4968      16.3858        21.4837
    4969      16.3583        21.7003
    4970      16.4412        22.4920
    4971      16.3905        21.6565
    4972      16.3705        21.0638
    4973      16.3792        22.3732
    4974      16.4005        21.4885
    4975      16.4441        21.7092
    4976      16.4186        21.8873
    4977      16.4414        21.9341
    4978      16.4710        21.9196
    4979      16.5147        21.6080
    4980      16.4312        21.4382
    4981      16.3781        21.8527
    4982      16.4331        21.8589
    4983      16.4728        21.6665
    4984      16.4384        21.7792
    4985      16.4281        21.5645
    4986      16.4739        21.6774
    4987      16.4371        21.7620
    4988      16.3476        21.3249
    4989      16.3635        21.7649
    4990      16.4932        22.5223
    4991      16.3955        21.8830
    4992      16.3797        21.4760
    4993      16.4242        21.9003
    4994      16.4350        21.6227
    4995      16.4189        21.8332
    4996      16.3982        21.7337
    4997      16.4068        21.4486
    4998      16.4042        21.5641
    4999      16.4580        21.6940
    5000      16.4184        21.3747
    5001      16.4813        21.1281
    5002      16.4217        22.0916
    5003      16.4333        21.7100
    5004      16.4156        21.8665
    5005      16.4416        20.7726
    5006      16.3859        21.3392
    5007      16.3967        21.4727
    5008      16.4313        21.8895
    5009      16.3469        21.2009
    5010      16.4013        21.6858
    5011      16.2993        21.1240
    5012      16.4588        22.1039
    5013      16.3498        21.5732
    5014      16.4158        21.3071
    5015      16.4001        21.4609
    5016      16.3981        21.1086
    5017      16.3046        21.2451
    5018      16.3830        21.0102
    5019      16.4626        22.3854
    5020      16.4616        21.4602
    5021      16.4198        21.8338
    5022      16.4554        22.1675
    5023      16.3168        21.2372
    5024      16.3438        21.5922
    5025      16.3799        21.9345
    5026      16.3896        21.9244
    5027      16.4352        22.1787
    5028      16.4275        21.5628
    5029      16.3727        21.8768
    5030      16.3092        21.8005
    5031      16.4130        21.8153
    5032      16.4065        21.6092
    5033      16.3725        21.5074
    5034      16.3693        22.1880
    5035      16.3752        21.4656
    5036      16.3969        21.2020
    5037      16.3514        22.0674
    5038      16.4153        21.9565
    5039      16.3876        21.6801
    5040      16.3954        21.2143
    5041      16.4929        21.9382
    5042      16.4452        21.4257
    5043      16.4368        21.0565
    5044      16.5225        22.0051
    5045      16.4049        21.3512
    5046      16.4323        22.1198
    5047      16.4109        20.9466
    5048      16.4950        24.1720
    5049      16.3656        21.8591
    5050      16.4170        21.8703
    5051      16.4154        21.9079
    5052      16.4638        21.7659
    5053      16.4230        21.6133
    5054      16.4936        21.8885
    5055      16.4757        21.5903
    5056      16.4264        21.3309
    5057      16.4346        21.6831
    5058      16.4240        22.5035
    5059      16.4594        21.7791
    5060      16.4348        21.7919
    5061      16.5038        22.4538
    5062      16.4740        22.0321
    5063      16.4720        21.9301
    5064      16.5156        22.1709
    5065      16.4698        21.6333
    5066      16.5096        21.8839
    5067      16.4350        22.2085
    5068      16.5019        21.8726
    5069      16.4084        21.8717
    5070      16.3923        21.5002
    5071      16.4724        21.7229
    5072      16.5048        21.9421
    5073      16.3603        21.1718
    5074      16.3888        22.2476
    5075      16.4855        21.9879
    5076      16.3458        21.6250
    5077      16.4340        21.8763
    5078      16.4817        21.5867
    5079      16.4541        21.5581
    5080      16.5011        21.1799
    5081      16.5598        21.8869
    5082      16.4856        21.5878
    5083      16.4815        22.5599
    5084      16.3943        21.5648
    5085      16.4230        22.0464
    5086      16.3945        21.7049
    5087      16.5055        21.8623
    5088      16.4690        21.9918
    5089      16.4280        22.0285
    5090      16.4657        21.9569
    5091      16.4170        21.7821
    5092      16.4118        21.4247
    5093      16.4633        22.0020
    5094      16.5204        21.6809
    5095      16.4394        21.4791
    5096      16.3713        21.5172
    5097      16.4592        21.7345
    5098      16.4766        21.6767
    5099      16.5777        22.3035
    5100      16.4884        22.0043
    5101      16.4754        21.3378
    5102      16.4837        21.6245
    5103      16.5055        22.1265
    5104      16.5066        21.6642
    5105      16.4892        21.7167
    5106      16.5406        21.6680
    5107      16.5138        21.7938
    5108      16.5834        21.8826
    5109      16.4700        21.3532
    5110      16.5293        21.7418
    5111      16.4813        22.0856
    5112      16.5425        21.7413
    5113      16.5392        22.0265
    5114      16.5013        21.7985
    5115      16.4517        21.5630
    5116      16.5600        22.5840
    5117      16.4683        22.0402
    5118      16.4658        22.3187
    5119      16.4734        22.1497
    5120      16.5262        22.1582
    5121      16.5498        22.2589
    5122      16.4019        21.7112
    5123      16.4739        22.0023
    5124      16.4870        21.5818
    5125      16.4758        21.2621
    5126      16.5377        21.8003
    5127      16.4063        21.8570
    5128      16.4295        22.1494
    5129      16.4719        21.8701
    5130      16.4215        21.9030
    5131      16.4220        22.1399
    5132      16.4626        22.1881
    5133      16.4407        21.8912
    5134      16.4315        22.2511
    5135      16.4294        21.7276
    5136      16.3694        21.4957
    5137      16.4813        22.8638
    5138      16.3885        21.7816
    5139      16.4363        21.4863
    5140      16.4431        22.1629
    5141      16.4686        22.4234
    5142      16.3403        21.8597
    5143      16.3242        21.2830
    5144      16.4495        22.0230
    5145      16.3633        22.2006
    5146      16.4036        21.8234
    5147      16.4539        21.6024
    5148      16.3936        22.0293
    5149      16.3897        21.8811
    5150      16.4299        21.6994
    5151      16.4521        21.4805
    5152      16.4864        21.7903
    5153      16.3566        21.9919
    5154      16.3214        21.9228
    5155      16.3657        21.2776
    5156      16.4732        21.9063
    5157      16.3343        21.6866
    5158      16.3303        21.4872
    5159      16.4166        22.4105
    5160      16.4623        21.8683
    5161      16.4302        21.4283
    5162      16.4406        22.0345
    5163      16.4194        21.8421
    5164      16.4657        21.9743
    5165      16.3927        21.7371
    5166      16.4391        20.9944
    5167      16.4474        22.2514
    5168      16.4329        22.0192
    5169      16.4161        21.7017
    5170      16.4124        22.1952
    5171      16.4271        21.6002
    5172      16.3893        22.0791
    5173      16.3780        21.6346
    5174      16.4618        21.4127
    5175      16.3966        21.7537
    5176      16.4971        22.2397
    5177      16.5205        21.8968
    5178      16.4576        22.0034
    5179      16.4037        22.1075
    5180      16.4839        21.3601
    5181      16.4253        21.8254
    5182      16.4509        21.5021
    5183      16.4624        21.6346
    5184      16.3719        21.8947
    5185      16.3595        21.2491
    5186      16.3855        21.3212
    5187      16.4407        21.8113
    5188      16.3663        21.2986
    5189      16.4124        22.1217
    5190      16.4655        21.9070
    5191      16.4049        21.7895
    5192      16.4202        21.5364
    5193      16.3906        21.9690
    5194      16.4215        22.1088
    5195      16.4213        22.0290
    5196      16.3424        22.2980
    5197      16.4145        22.1391
    5198      16.5177        21.9068
    5199      16.3586        21.7644
    5200      16.3829        21.7579
    5201      16.4017        21.8560
    5202      16.3943        21.5673
    5203      16.3791        21.8231
    5204      16.3862        22.4143
    5205      16.3913        22.7987
    5206      16.3676        22.2353
    5207      16.3407        22.3269
    5208      16.3629        22.5001
    5209      16.3386        21.8572
    5210      16.3766        22.1944
    5211      16.3790        21.2700
    5212      16.4210        22.6505
    5213      16.5174        22.4178
    5214      16.3890        21.3894
    5215      16.3416        21.2110
    5216      16.3632        22.4943
    5217      16.3531        21.5915
    5218      16.4362        22.4011
    5219      16.4038        21.4580
    5220      16.3595        21.4814
    5221      16.3413        21.7227
    5222      16.3786        21.3223
    5223      16.4149        22.2827
    5224      16.4527        22.2844
    5225      16.4700        22.0423
    5226      16.3803        21.7044
    5227      16.3500        21.5745
    5228      16.3679        22.2263
    5229      16.3326        21.9365
    5230      16.3712        21.9686
    5231      16.3759        21.4936
    5232      16.3941        21.7270
    5233      16.4255        22.0198
    5234      16.4280        22.3223
    5235      16.3509        22.4432
    5236      16.3423        21.9328
    5237      16.3365        21.9537
    5238      16.4131        21.7879
    5239      16.4453        22.2334
    5240      16.3615        21.1962
    5241      16.3616        21.6937
    5242      16.3877        21.8194
    5243      16.4189        22.3197
    5244      16.4518        22.0960
    5245      16.3170        21.5358
    5246      16.3913        21.4127
    5247      16.3556        21.4832
    5248      16.3188        22.1791
    5249      16.3029        21.2834
    5250      16.3630        22.3229
    5251      16.3771        21.7561
    5252      16.3595        21.7392
    5253      16.3562        21.7330
    5254      16.4021        21.8172
    5255      16.3720        21.5457
    5256      16.4529        21.8694
    5257      16.4327        21.8039
    5258      16.4857        22.1235
    5259      16.3481        22.4325
    5260      16.3717        21.3755
    5261      16.3778        22.1816
    5262      16.4305        22.3116
    5263      16.3684        22.0263
    5264      16.4165        22.5145
    5265      16.3837        22.0407
    5266      16.3715        22.0140
    5267      16.4560        21.5334
    5268      16.3678        21.7356
    5269      16.4567        21.7168
    5270      16.3364        21.8172
    5271      16.3918        21.9555
    5272      16.3926        21.8931
    5273      16.3720        21.8324
    5274      16.4617        22.0972
    5275      16.3150        21.5071
    5276      16.3354        22.4049
    5277      16.3617        21.9944
    5278      16.4209        22.4095
    5279      16.3499        21.3421
    5280      16.4098        22.0848
    5281      16.3894        21.7903
    5282      16.3487        21.7189
    5283      16.4208        21.9429
    5284      16.3484        21.5732
    5285      16.4165        21.9196
    5286      16.4385        21.6754
    5287      16.4914        22.4008
    5288      16.3472        22.0061
    5289      16.3812        22.2714
    5290      16.4096        22.0229
    5291      16.4454        21.9538
    5292      16.4662        21.8474
    5293      16.4993        21.7354
    5294      16.4473        21.4831
    5295      16.4151        21.6601
    5296      16.3438        21.7280
    5297      16.4088        21.4979
    5298      16.4241        21.7595
    5299      16.4438        21.5347
    5300      16.4500        21.8717
    5301      16.3866        21.8414
    5302      16.3839        22.0957
    5303      16.4148        21.7544
    5304      16.4187        22.0278
    5305      16.4450        22.0226
    5306      16.3253        21.5519
    5307      16.3654        22.1585
    5308      16.4482        22.0458
    5309      16.3759        22.3938
    5310      16.4057        21.8477
    5311      16.4260        22.1516
    5312      16.4758        22.1444
    5313      16.4159        21.6297
    5314      16.5006        21.9495
    5315      16.4413        21.8330
    5316      16.4399        22.3333
    5317      16.4936        22.1719
    5318      16.4269        21.6599
    5319      16.3793        22.2747
    5320      16.4342        22.2226
    5321      16.3234        21.0542
    5322      16.3188        22.0341
    5323      16.3555        22.0953
    5324      16.3628        22.3752
    5325      16.3802        22.0433
    5326      16.4007        22.8775
    5327      16.3508        22.5346
    5328      16.3651        21.5733
    5329      16.3684        21.7076
    5330      16.3013        22.0843
    5331      16.4034        22.0390
    5332      16.3721        21.9616
    5333      16.4950        22.2741
    5334      16.4055        21.7221
    5335      16.3870        22.0717
    5336      16.4523        22.5062
    5337      16.3771        22.1418
    5338      16.4411        22.6740
    5339      16.4087        23.3766
    5340      16.3929        22.0307
    5341      16.3168        22.4028
    5342      16.4035        21.8008
    5343      16.3807        22.3456
    5344      16.3647        21.7368
    5345      16.4167        21.5969
    5346      16.4395        22.5314
    5347      16.3621        21.8570
    5348      16.3475        22.3276
    5349      16.4318        22.3039
    5350      16.4185        21.6327
    5351      16.3477        22.0703
    5352      16.3404        21.9054
    5353      16.4181        22.2326
    5354      16.4783        22.0846
    5355      16.3673        22.3393
    5356      16.3993        22.1994
    5357      16.4164        22.0734
    5358      16.4271        22.3875
    5359      16.3299        22.7045
    5360      16.3581        22.4402
    5361      16.3593        22.2481
    5362      16.3661        21.7032
    5363      16.3987        22.5012
    5364      16.2971        21.3611
    5365      16.4040        21.8534
    5366      16.3852        21.6947
    5367      16.4192        21.8254
    5368      16.4419        22.2161
    5369      16.4452        22.0383
    5370      16.3802        22.8336
    5371      16.3898        21.8327
    5372      16.3217        21.3319
    5373      16.3216        21.8427
    5374      16.2711        21.4562
    5375      16.4432        22.0383
    5376      16.2957        21.6121
    5377      16.4126        22.1827
    5378      16.3870        21.9947
    5379      16.4824        22.6318
    5380      16.4376        22.6237
    5381      16.4538        21.9819
    5382      16.4045        22.0385
    5383      16.4392        22.6805
    5384      16.3896        22.5058
    5385      16.2978        21.7130
    5386      16.3481        21.9175
    5387      16.3985        22.1833
    5388      16.3865        21.7661
    5389      16.3454        21.9468
    5390      16.3818        21.6224
    5391      16.3015        21.7625
    5392      16.3228        21.3296
    5393      16.3070        21.6439
    5394      16.3852        22.1927
    5395      16.4409        22.3823
    5396      16.3221        22.2916
    5397      16.4261        21.9625
    5398      16.3769        21.3235
    5399      16.3962        22.6638
    5400      16.3833        22.4675
    5401      16.3412        21.5390
    5402      16.3142        22.0896
    5403      16.3293        21.6299
    5404      16.2938        21.7419
    5405      16.2822        22.0368
    5406      16.3329        22.3244
    5407      16.2435        21.7356
    5408      16.3700        22.1558
    5409      16.3024        22.2536
    5410      16.3131        21.6509
    5411      16.3691        21.9694
    5412      16.3365        21.0186
    5413      16.2815        21.3220
    5414      16.2938        21.7261
    5415      16.3588        22.3332
    5416      16.3776        22.4476
    5417      16.3426        22.0548
    5418      16.2963        21.4255
    5419      16.4045        21.7494
    5420      16.3465        21.7240
    5421      16.3430        21.6700
    5422      16.3269        22.1968
    5423      16.3384        21.6276
    5424      16.3273        21.4083
    5425      16.3210        21.5792
    5426      16.3017        21.5271
    5427      16.3227        21.6573
    5428      16.1960        21.6523
    5429      16.3704        21.4536
    5430      16.3201        21.6697
    5431      16.2997        22.0063
    5432      16.3308        21.3335
    5433      16.3414        21.6151
    5434      16.3245        22.0888
    5435      16.2524        22.1203
    5436      16.3018        21.8447
    5437      16.2852        21.9114
    5438      16.3182        21.7269
    5439      16.3172        21.7351
    5440      16.2684        20.8861
    5441      16.3233        22.1716
    5442      16.3212        21.1905
    5443      16.3367        21.4970
    5444      16.3523        21.8615
    5445      16.2998        21.7141
    5446      16.3162        22.0906
    5447      16.3617        22.8088
    5448      16.2708        21.9287
    5449      16.3016        22.3403
    5450      16.3841        22.3534
    5451      16.2991        21.5576
    5452      16.3329        21.3834
    5453      16.3074        22.6030
    5454      16.3091        21.7310
    5455      16.3002        21.8312
    5456      16.3047        21.9026
    5457      16.3064        21.9432
    5458      16.3239        22.3406
    5459      16.2718        20.9359
    5460      16.3570        21.4902
    5461      16.3645        21.5172
    5462      16.3393        21.9369
    5463      16.3926        22.1707
    5464      16.3542        22.1398
    5465      16.3085        21.9293
    5466      16.3571        21.3822
    5467      16.3636        21.7003
    5468      16.3287        21.8508
    5469      16.3850        21.4630
    5470      16.3380        21.8607
    5471      16.3129        21.8213
    5472      16.3923        21.8938
    5473      16.2599        21.2029
    5474      16.3805        21.8383
    5475      16.3725        21.8174
    5476      16.3578        21.6899
    5477      16.3362        21.4228
    5478      16.3149        21.2338
    5479      16.2872        21.5308
    5480      16.3440        21.8077
    5481      16.2616        22.0568
    5482      16.2777        21.3522
    5483      16.3979        21.9403
    5484      16.3278        21.6174
    5485      16.2436        20.7670
    5486      16.3440        21.0924
    5487      16.2532        21.6997
    5488      16.3051        21.6058
    5489      16.3274        21.9550
    5490      16.3487        22.0998
    5491      16.3949        21.5567
    5492      16.3639        22.0987
    5493      16.3483        21.5267
    5494      16.3533        22.0500
    5495      16.3341        21.8897
    5496      16.2916        21.2140
    5497      16.2682        21.3088
    5498      16.3529        21.8774
    5499      16.3378        22.2017
    5500      16.3020        21.0936
    5501      16.3647        22.0911
    5502      16.3446        22.6634
    5503      16.3537        21.0042
    5504      16.3570        21.9928
    5505      16.2616        21.5907
    5506      16.2545        21.7645
    5507      16.2943        21.9049
    5508      16.2448        21.3623
    5509      16.3327        21.6004
    5510      16.3831        21.2957
    5511      16.3484        21.6609
    5512      16.3342        21.0717
    5513      16.3053        21.4551
    5514      16.3773        22.0054
    5515      16.3003        21.9128
    5516      16.3478        21.5033
    5517      16.3292        21.5788
    5518      16.3681        21.8560
    5519      16.3315        21.5059
    5520      16.3972        21.6459
    5521      16.3482        21.5487
    5522      16.2520        22.1144
    5523      16.3719        21.9105
    5524      16.4091        21.7710
    5525      16.3560        21.5423
    5526      16.3564        21.6492
    5527      16.4055        21.5133
    5528      16.3001        21.2802
    5529      16.3374        21.7841
    5530      16.2857        21.4543
    5531      16.3453        21.1920
    5532      16.3481        21.3061
    5533      16.2722        21.6919
    5534      16.3296        21.7437
    5535      16.2459        21.3282
    5536      16.3156        21.7496
    5537      16.2606        21.2757
    5538      16.2495        22.0013
    5539      16.2924        21.9054
    5540      16.3201        22.0519
    5541      16.3124        21.8006
    5542      16.3624        21.7532
    5543      16.3100        21.6191
    5544      16.2678        22.2461
    5545      16.3288        21.9057
    5546      16.3379        21.6385
    5547      16.3016        21.6445
    5548      16.3509        22.6449
    5549      16.2914        22.1752
    5550      16.4034        22.1912
    5551      16.3747        22.4455
    5552      16.3797        21.9777
    5553      16.3252        21.9054
    5554      16.3050        21.5206
    5555      16.3444        21.5204
    5556      16.2918        21.5666
    5557      16.3456        21.9170
    5558      16.3565        21.3845
    5559      16.2427        21.8242
    5560      16.2915        21.7604
    5561      16.3572        21.8263
    5562      16.2656        22.0420
    5563      16.3829        21.9885
    5564      16.4021        21.9146
    5565      16.3853        21.5386
    5566      16.3368        22.0507
    5567      16.3325        22.0837
    5568      16.3454        22.6937
    5569      16.3102        21.6942
    5570      16.3344        21.5403
    5571      16.2744        21.2293
    5572      16.3042        21.6564
    5573      16.3501        21.6913
    5574      16.2804        21.2819
    5575      16.3798        21.6759
    5576      16.3104        21.6726
    5577      16.3349        21.7410
    5578      16.3542        21.8162
    5579      16.3774        22.5018
    5580      16.2613        20.9257
    5581      16.2422        21.1958
    5582      16.2251        21.6128
    5583      16.3107        21.2948
    5584      16.2476        21.7624
    5585      16.3016        22.1522
    5586      16.3852        21.9873
    5587      16.3711        21.1396
    5588      16.3546        21.8314
    5589      16.3545        21.6787
    5590      16.3760        21.8234
    5591      16.3519        21.6745
    5592      16.4353        22.0818
    5593      16.3588        22.0527
    5594      16.3995        22.1455
    5595      16.3314        21.7096
    5596      16.2743        22.1708
    5597      16.3501        21.5745
    5598      16.2869        21.6449
    5599      16.3397        21.6921
    5600      16.3927        21.5274
    5601      16.2884        21.5461
    5602      16.3192        21.7568
    5603      16.4698        22.3442
    5604      16.3164        21.6492
    5605      16.4373        21.6284
    5606      16.2968        21.8816
    5607      16.3849        21.8438
    5608      16.4445        21.9370
    5609      16.4675        21.8310
    5610      16.3821        21.9273
    5611      16.4780        22.5740
    5612      16.3591        22.1553
    5613      16.3016        22.6186
    5614      16.3507        21.2999
    5615      16.3268        21.4391
    5616      16.3647        21.8554
    5617      16.2800        22.0227
    5618      16.3798        21.3226
    5619      16.3902        21.9985
    5620      16.3751        21.8558
    5621      16.3920        21.0208
    5622      16.3174        20.7743
    5623      16.3108        21.7083
    5624      16.2407        21.4750
    5625      16.3558        21.2787
    5626      16.3696        22.0452
    5627      16.3903        21.5568
    5628      16.3614        22.0525
    5629      16.4245        22.0919
    5630      16.4076        21.1689
    5631      16.3286        21.4006
    5632      16.2897        21.4126
    5633      16.3735        21.8545
    5634      16.4060        20.9003
    5635      16.4659        21.3234
    5636      16.3964        21.6804
    5637      16.4074        21.5415
    5638      16.3309        20.9742
    5639      16.3472        21.7043
    5640      16.2873        21.2632
    5641      16.4036        22.1395
    5642      16.3772        21.2943
    5643      16.3697        21.4437
    5644      16.3895        21.4995
    5645      16.3210        22.0095
    5646      16.4082        22.4159
    5647      16.3753        21.9161
    5648      16.4198        21.4532
    5649      16.3490        21.6069
    5650      16.4512        21.7997
    5651      16.3526        21.0786
    5652      16.4250        21.9895
    5653      16.3604        21.0441
    5654      16.3466        21.1855
    5655      16.4369        21.7451
    5656      16.3079        21.0236
    5657      16.3825        21.3860
    5658      16.3905        21.4937
    5659      16.3387        21.3461
    5660      16.3261        21.6908
    5661      16.4172        22.3197
    5662      16.3241        21.4336
    5663      16.3615        21.1984
    5664      16.3824        22.2299
    5665      16.3672        21.7012
    5666      16.3858        22.3722
    5667      16.3132        21.5723
    5668      16.2911        21.4494
    5669      16.4550        22.3730
    5670      16.4207        22.2804
    5671      16.4439        22.2877
    5672      16.4005        22.0676
    5673      16.3051        21.5299
    5674      16.3979        21.3816
    5675      16.3709        23.2796
    5676      16.4613        21.9931
    5677      16.4143        21.2356
    5678      16.3771        21.9562
    5679      16.4612        22.0525
    5680      16.3001        21.8107
    5681      16.4587        22.1780
    5682      16.4091        21.6101
    5683      16.5009        22.2019
    5684      16.4164        21.3919
    5685      16.4383        22.0642
    5686      16.4446        21.9463
    5687      16.4849        21.5091
    5688      16.3715        21.4957
    5689      16.3807        21.7342
    5690      16.3966        21.7608
    5691      16.3979        21.9304
    5692      16.3813        21.7162
    5693      16.4399        21.8017
    5694      16.3528        22.2684
    5695      16.4942        21.9335
    5696      16.4399        21.9374
    5697      16.4461        22.2351
    5698      16.4096        21.8764
    5699      16.4059        21.9629
    5700      16.4577        21.7069
    5701      16.4268        21.5236
    5702      16.4577        21.7336
    5703      16.4397        21.4315
    5704      16.3538        21.9150
    5705      16.3404        21.4399
    5706      16.3009        21.6823
    5707      16.4367        21.5648
    5708      16.4378        21.5786
    5709      16.3555        21.6382
    5710      16.3462        21.7026
    5711      16.3595        22.3543
    5712      16.4336        21.8956
    5713      16.3570        21.6268
    5714      16.4085        21.9425
    5715      16.4159        22.7957
    5716      16.3869        23.6093
    5717      16.3662        23.0976
    5718      16.3976        22.5206
    5719      16.4269        22.6907
    5720      16.4528        22.1761
    5721      16.4497        22.1816
    5722      16.3575        21.7885
    5723      16.3439        21.4672
    5724      16.4143        21.8891
    5725      16.3393        21.8994
    5726      16.3554        21.8675
    5727      16.3684        21.6718
    5728      16.3600        21.4506
    5729      16.3168        21.6548
    5730      16.3795        21.9084
    5731      16.3904        21.7071
    5732      16.3534        21.7334
    5733      16.3204        21.9389
    5734      16.3538        22.5585
    5735      16.3815        22.6246
    5736      16.2967        21.6464
    5737      16.2798        21.3791
    5738      16.3702        22.1749
    5739      16.3520        22.0408
    5740      16.3346        21.7068
    5741      16.3137        21.3680
    5742      16.3420        21.5451
    5743      16.2774        21.5154
    5744      16.3358        22.0730
    5745      16.3731        22.1972
    5746      16.1884        21.4679
    5747      16.3487        21.8304
    5748      16.3827        21.6567
    5749      16.3924        21.6491
    5750      16.4375        21.4000
    5751      16.3599        21.7508
    5752      16.4220        21.6831
    5753      16.3463        21.8526
    5754      16.4424        22.0075
    5755      16.2690        21.4009
    5756      16.2825        21.7384
    5757      16.2714        21.6600
    5758      16.3732        22.4982
    5759      16.3787        21.9891
    5760      16.2685        21.0859
    5761      16.3151        21.7942
    5762      16.4047        21.4555
    5763      16.4059        23.3709
    5764      16.3963        23.0081
    5765      16.3734        22.2018
    5766      16.3571        22.3813
    5767      16.3334        22.1295
    5768      16.4057        22.2498
    5769      16.3808        21.9467
    5770      16.3171        22.2743
    5771      16.3563        22.3268
    5772      16.3565        21.4864
    5773      16.3918        21.9069
    5774      16.3265        21.7154
    5775      16.3979        21.5388
    5776      16.3999        22.0393
    5777      16.3674        21.8534
    5778      16.3894        21.6829
    5779      16.3596        21.7513
    5780      16.3540        21.6661
    5781      16.4206        22.2953
    5782      16.3413        22.0977
    5783      16.3636        21.8963
    5784      16.3833        22.0471
    5785      16.4627        22.3301
    5786      16.4359        21.9384
    5787      16.4230        22.2042
    5788      16.3621        21.1160
    5789      16.3952        22.1390
    5790      16.4449        22.7438
    5791      16.4527        22.3418
    5792      16.4422        22.1742
    5793      16.3787        22.2703
    5794      16.4157        21.6789
    5795      16.3845        21.8320
    5796      16.4000        21.8239
    5797      16.3599        21.5844
    5798      16.4062        22.3490
    5799      16.4912        22.3129
    5800      16.4822        22.2667
    5801      16.4609        21.5119
    5802      16.4359        21.5276
    5803      16.4100        21.8679
    5804      16.4388        21.9655
    5805      16.3919        22.2801
    5806      16.4095        22.2539
    5807      16.4599        22.2531
    5808      16.4573        21.9570
    5809      16.4307        22.0864
    5810      16.4610        21.3968
    5811      16.4157        21.3052
    5812      16.4058        21.4936
    5813      16.4023        21.7436
    5814      16.4672        21.9482
    5815      16.4461        21.4453
    5816      16.4263        21.3266
    5817      16.3886        21.4466
    5818      16.4346        21.9112
    5819      16.4037        21.7507
    5820      16.3772        21.7945
    5821      16.4087        21.7811
    5822      16.4030        21.4991
    5823      16.4042        21.4611
    5824      16.4333        22.2472
    5825      16.3518        21.9971
    5826      16.4013        22.0689
    5827      16.4059        21.8324
    5828      16.3789        21.7532
    5829      16.3836        22.3459
    5830      16.4440        21.9684
    5831      16.3979        21.6272
    5832      16.4032        22.4910
    5833      16.4099        21.7555
    5834      16.4841        22.5418
    5835      16.4059        22.2548
    5836      16.3935        21.6805
    5837      16.4384        22.3379
    5838      16.4715        21.8807
    5839      16.4507        22.3508
    5840      16.3626        21.8996
    5841      16.3681        22.6928
    5842      16.4158        21.5816
    5843      16.4277        21.3888
    5844      16.4249        21.4715
    5845      16.3865        21.6962
    5846      16.3819        22.1425
    5847      16.5120        21.4812
    5848      16.4684        21.8540
    5849      16.4446        21.8695
    5850      16.4290        21.8521
    5851      16.4140        21.7506
    5852      16.4868        21.8287
    5853      16.4862        22.2002
    5854      16.4689        22.0339
    5855      16.5314        22.8232
    5856      16.5039        21.7869
    5857      16.5146        21.9321
    5858      16.4395        21.9818
    5859      16.4965        22.4802
    5860      16.4902        22.6439
    5861      16.4686        21.6531
    5862      16.5169        21.6759
    5863      16.4178        21.3253
    5864      16.4124        21.8599
    5865      16.3827        21.7777
    5866      16.4191        21.4296
    5867      16.5158        22.2978
    5868      16.4013        21.6415
    5869      16.3718        21.7368
    5870      16.3720        21.2646
    5871      16.5245        22.0879
    5872      16.4656        21.9188
    5873      16.4777        21.5543
    5874      16.4157        21.6178
    5875      16.4692        21.9195
    5876      16.4306        22.5378
    5877      16.4575        22.4127
    5878      16.4781        22.0729
    5879      16.4675        22.2170
    5880      16.4458        22.1262
    5881      16.4089        21.7689
    5882      16.4121        22.7131
    5883      16.3895        22.6026
    5884      16.3964        22.9894
    5885      16.3958        21.1475
    5886      16.4689        21.8273
    5887      16.4447        21.6315
    5888      16.4709        21.4370
    5889      16.4269        21.6587
    5890      16.4120        22.8197
    5891      16.3943        21.6611
    5892      16.4083        22.2312
    5893      16.4558        22.0311
    5894      16.5143        22.6076
    5895      16.4703        21.7289
    5896      16.4509        22.0047
    5897      16.4809        22.1286
    5898      16.4595        21.8047
    5899      16.4430        22.4241
    5900      16.3548        21.2590
    5901      16.3484        21.4591
    5902      16.3626        21.4901
    5903      16.3706        21.6009
    5904      16.3929        21.4798
    5905      16.4325        21.2455
    5906      16.3720        21.5161
    5907      16.4152        21.0080
    5908      16.4567        21.8016
    5909      16.3970        21.3843
    5910      16.4678        22.0478
    5911      16.4713        22.1428
    5912      16.4176        22.0187
    5913      16.4929        22.1516
    5914      16.3620        21.0493
    5915      16.4191        21.7467
    5916      16.4581        21.7779
    5917      16.4500        21.4779
    5918      16.4172        22.0632
    5919      16.4568        21.8305
    5920      16.4342        21.5280
    5921      16.4219        22.0444
    5922      16.3841        21.0007
    5923      16.3955        21.3632
    5924      16.4265        21.2068
    5925      16.4450        21.4166
    5926      16.4496        21.2941
    5927      16.5052        21.5509
    5928      16.4432        22.1401
    5929      16.4108        21.7288
    5930      16.4152        21.6103
    5931      16.3004        22.1120
    5932      16.3661        21.3805
    5933      16.4284        21.7790
    5934      16.4248        21.7590
    5935      16.4064        21.7725
    5936      16.4298        22.1151
    5937      16.3905        21.7117
    5938      16.3855        21.9052
    5939      16.3494        21.8883
    5940      16.3942        21.9266
    5941      16.4122        21.9739
    5942      16.4219        21.4699
    5943      16.3253        21.8202
    5944      16.3369        21.2086
    5945      16.4265        21.9896
    5946      16.4263        21.8261
    5947      16.4407        21.6377
    5948      16.4174        21.6135
    5949      16.3254        21.5216
    5950      16.3586        21.3273
    5951      16.3513        21.8098
    5952      16.4387        22.3816
    5953      16.2883        21.6572
    5954      16.3919        21.6216
    5955      16.4209        21.4766
    5956      16.3123        21.0986
    5957      16.4039        21.9614
    5958      16.4438        22.1567
    5959      16.3957        21.7527
    5960      16.3640        21.7587
    5961      16.4355        21.8257
    5962      16.4230        21.9636
    5963      16.3367        21.8456
    5964      16.2929        21.3987
    5965      16.3642        22.0253
    5966      16.3943        21.6390
    5967      16.2700        20.8128
    5968      16.4126        21.8357
    5969      16.3517        21.8587
    5970      16.4220        21.8674
    5971      16.3905        21.9021
    5972      16.3914        22.1187
    5973      16.3995        21.1763
    5974      16.4347        21.6133
    5975      16.3952        22.0516
    5976      16.3754        21.6479
    5977      16.3906        21.9503
    5978      16.3260        21.3148
    5979      16.3328        21.2767
    5980      16.2563        21.3626
    5981      16.3369        21.3196
    5982      16.3489        21.1908
    5983      16.2741        20.8038
    5984      16.3422        21.3944
    5985      16.3291        21.1822
    5986      16.2559        21.5690
    5987      16.3269        21.3099
    5988      16.3135        21.5477
    5989      16.3529        21.9158
    5990      16.3451        21.4974
    5991      16.3509        21.2984
    5992      16.3819        21.7774
    5993      16.3947        21.5307
    5994      16.3628        21.5619
    5995      16.3566        21.9288
    5996      16.3434        21.6235
    5997      16.4330        21.4085
    5998      16.3601        21.4832
    5999      16.4090        22.2033
    6000      16.3689        21.8318
    6001      16.4159        21.6276
    6002      16.2770        21.8486
    6003      16.3470        21.8087
    6004      16.3082        21.3266
    6005      16.3991        21.4361
    6006      16.3490        22.1080
    6007      16.3364        21.8097
    6008      16.3025        22.0106
    6009      16.3855        22.1193
    6010      16.3501        21.8224
    6011      16.3400        21.3507
    6012      16.3778        21.7322
    6013      16.3856        21.9333
    6014      16.3273        21.6247
    6015      16.3910        21.9330
    6016      16.3443        21.8061
    6017      16.3423        21.6763
    6018      16.3883        22.2299
    6019      16.3721        21.9425
    6020      16.3824        21.7628
    6021      16.4038        21.9681
    6022      16.4338        21.9200
    6023      16.3457        22.1228
    6024      16.3341        22.0717
    6025      16.3573        21.6215
    6026      16.3794        21.8625
    6027      16.3257        21.6808
    6028      16.3964        21.6457
    6029      16.3125        21.7878
    6030      16.3691        22.1061
    6031      16.3235        22.0467
    6032      16.3656        22.3293
    6033      16.2984        21.5173
    6034      16.3447        21.4939
    6035      16.3325        22.0124
    6036      16.3991        21.7341
    6037      16.3206        21.7895
    6038      16.3502        21.6485
    6039      16.3909        21.6445
    6040      16.3591        22.3323
    6041      16.2831        21.5973
    6042      16.4039        21.6204
    6043      16.3225        21.9557
    6044      16.2733        21.6676
    6045      16.3743        22.2389
    6046      16.3517        21.6707
    6047      16.3765        22.2948
    6048      16.3376        22.1928
    6049      16.3689        21.6310
    6050      16.4098        21.5023
    6051      16.3043        21.6260
    6052      16.3638        21.6752
    6053      16.2897        21.3168
    6054      16.2910        21.7004
    6055      16.2945        21.3000
    6056      16.3239        21.4767
    6057      16.4579        22.2699
    6058      16.3944        21.9298
    6059      16.4197        22.0518
    6060      16.3266        21.4924
    6061      16.3760        21.7051
    6062      16.3817        21.7026
    6063      16.3869        22.1653
    6064      16.3467        21.3826
    6065      16.3539        21.7266
    6066      16.3613        21.6144
    6067      16.3771        21.9899
    6068      16.3762        21.9745
    6069      16.3686        21.6396
    6070      16.3686        21.7509
    6071      16.4231        22.1629
    6072      16.4122        22.1472
    6073      16.3246        21.8667
    6074      16.3549        21.9560
    6075      16.3262        21.8057
    6076      16.4262        22.0600
    6077      16.3720        22.2880
    6078      16.3758        22.3187
    6079      16.3535        22.1256
    6080      16.3940        21.8859
    6081      16.3030        21.7126
    6082      16.3816        22.1923
    6083      16.3303        21.7208
    6084      16.3308        22.1128
    6085      16.3944        22.5039
    6086      16.3760        21.5562
    6087      16.3558        22.3582
    6088      16.3404        21.9635
    6089      16.3351        22.0188
    6090      16.3048        22.0939
    6091      16.3643        21.9824
    6092      16.3523        22.3851
    6093      16.3380        21.7632
    6094      16.3489        22.3060
    6095      16.4510        23.0142
    6096      16.3664        22.5978
    6097      16.4250        22.2075
    6098      16.3663        21.5242
    6099      16.3703        21.9244
    6100      16.3681        22.1543
    6101      16.3257        21.6350
    6102      16.3355        21.9423
    6103      16.3837        21.9218
    6104      16.3083        21.8581
    6105      16.3213        21.8782
    6106      16.4009        22.1579
    6107      16.3491        22.3087
    6108      16.3590        22.2850
    6109      16.3238        21.5941
    6110      16.2889        21.8716
    6111      16.3693        21.8913
    6112      16.3082        21.8642
    6113      16.4301        22.2992
    6114      16.3567        22.3136
    6115      16.3622        22.0506
    6116      16.4156        22.3137
    6117      16.3226        22.2732
    6118      16.3807        22.3618
    6119      16.3581        22.1670
    6120      16.3639        22.0676
    6121      16.3748        22.1759
    6122      16.2890        22.2973
    6123      16.2828        21.6144
    6124      16.3002        21.8478
    6125      16.3026        21.4419
    6126      16.3383        21.6747
    6127      16.3679        22.5946
    6128      16.3020        22.1739
    6129      16.3228        21.8516
    6130      16.3489        21.4115
    6131      16.3223        21.3284
    6132      16.3700        21.3035
    6133      16.3538        21.7993
    6134      16.3169        21.5608
    6135      16.3502        21.6819
    6136      16.3600        21.8291
    6137      16.4076        22.2017
    6138      16.5255        22.3715
    6139      16.3329        21.3682
    6140      16.3037        21.5462
    6141      16.3159        21.3001
    6142      16.3179        21.4972
    6143      16.2931        21.5000
    6144      16.4479        21.4335
    6145      16.2751        21.9425
    6146      16.2990        21.9264
    6147      16.2349        21.8964
    6148      16.3804        21.8497
    6149      16.3279        21.9735
    6150      16.3854        22.2604
    6151      16.3285        21.6613
    6152      16.2981        21.6467
    6153      16.3145        21.6139
    6154      16.2632        22.1054
    6155      16.2646        21.5631
    6156      16.2820        21.5869
    6157      16.4227        21.5855
    6158      16.4272        21.2477
    6159      16.3612        21.4740
    6160      16.3837        21.7943
    6161      16.4621        22.1742
    6162      16.4988        22.4060
    6163      16.4233        22.1220
    6164      16.3863        22.1221
    6165      16.4087        22.1337
    6166      16.4434        22.6156
    6167      16.4467        21.8812
    6168      16.4313        22.1510
    6169      16.4797        22.2315
    6170      16.3861        22.0707
    6171      16.3750        21.3262
    6172      16.3474        21.8884
    6173      16.4719        22.0724
    6174      16.3820        22.3479
    6175      16.4727        22.5529
    6176      16.4424        21.7459
    6177      16.3455        21.6133
    6178      16.3883        21.8802
    6179      16.4206        22.0441
    6180      16.3781        21.7415
    6181      16.3931        21.5458
    6182      16.4305        22.1315
    6183      16.4660        22.1746
    6184      16.4781        21.9528
    6185      16.4772        22.0977
    6186      16.4319        21.8070
    6187      16.3363        21.5167
    6188      16.3900        22.3528
    6189      16.3842        21.7361
    6190      16.3120        21.9752
    6191      16.3358        22.3997
    6192      16.3964        21.8514
    6193      16.3560        22.2342
    6194      16.3739        22.4207
    6195      16.3714        22.1362
    6196      16.4166        21.9150
    6197      16.3677        21.8328
    6198      16.3468        21.9139
    6199      16.3455        22.1729
    6200      16.2638        21.6073
    6201      16.3625        22.3932
    6202      16.3079        21.8589
    6203      16.3126        22.0531
    6204      16.3510        21.9162
    6205      16.3735        22.1955
    6206      16.4334        21.6581
    6207      16.4988        21.8372
    6208      16.4367        22.5884
    6209      16.3620        21.6848
    6210      16.3975        22.5401
    6211      16.3238        21.9575
    6212      16.2871        21.4692
    6213      16.3337        22.6698
    6214      16.3379        21.3671
    6215      16.3342        21.4835
    6216      16.2832        21.8767
    6217      16.3173        21.9229
    6218      16.2845        22.2633
    6219      16.2181        21.0519
    6220      16.4030        22.0082
    6221      16.2918        21.8911
    6222      16.3206        22.2191
    6223      16.2795        21.5440
    6224      16.3043        21.7063
    6225      16.2927        21.0988
    6226      16.2561        21.7322
    6227      16.2364        21.9695
    6228      16.3883        21.9185
    6229      16.2915        21.8225
    6230      16.3374        21.9304
    6231      16.3101        22.1498
    6232      16.2451        21.8897
    6233      16.3573        22.0699
    6234      16.2354        21.7885
    6235      16.3466        22.7211
    6236      16.3084        22.4576
    6237      16.3052        22.0821
    6238      16.3065        22.0008
    6239      16.2847        22.2386
    6240      16.4411        22.1313
    6241      16.3461        21.9671
    6242      16.3986        21.5744
    6243      16.3836        21.6684
    6244      16.3100        21.3310
    6245      16.3920        22.3755
    6246      16.4165        22.1486
    6247      16.3655        21.2776
    6248      16.2820        21.2448
    6249      16.2932        21.9161
    6250      16.3422        21.4727
    6251      16.2726        21.6459
    6252      16.2890        21.4199
    6253      16.3691        21.8437
    6254      16.3478        21.6024
    6255      16.4283        22.4509
    6256      16.3725        21.5668
    6257      16.4153        21.5584
    6258      16.3335        21.9608
    6259      16.3229        21.7300
    6260      16.3199        21.8880
    6261      16.2969        21.3287
    6262      16.3274        21.8864
    6263      16.3966        21.8334
    6264      16.3649        22.3703
    6265      16.3693        21.5798
    6266      16.2776        21.7708
    6267      16.3609        21.9319
    6268      16.3382        21.7009
    6269      16.3879        21.5966
    6270      16.2786        21.2830
    6271      16.3101        21.4490
    6272      16.2978        21.8657
    6273      16.3735        22.0361
    6274      16.3492        22.1690
    6275      16.3508        21.7395
    6276      16.2575        21.6106
    6277      16.3095        21.6349
    6278      16.2941        21.2878
    6279      16.3238        21.2398
    6280      16.2710        21.0289
    6281      16.3074        21.5396
    6282      16.3377        21.7012
    6283      16.3218        21.7509
    6284      16.3345        21.3578
    6285      16.3342        21.5356
    6286      16.3885        21.3602
    6287      16.2837        21.9636
    6288      16.2527        21.8256
    6289      16.3338        21.6385
    6290      16.2634        21.5122
    6291      16.3600        21.5516
    6292      16.3442        21.5100
    6293      16.3868        21.6803
    6294      16.2745        22.0376
    6295      16.3539        21.6591
    6296      16.2854        21.4494
    6297      16.4203        21.7433
    6298      16.3688        21.6022
    6299      16.2845        21.7308
    6300      16.3797        21.8727
    6301      16.3754        22.0017
    6302      16.4196        21.5352
    6303      16.3408        21.5314
    6304      16.3335        21.6332
    6305      16.3837        22.1309
    6306      16.3515        21.5062
    6307      16.3881        21.8034
    6308      16.2967        21.2010
    6309      16.3121        21.8412
    6310      16.2935        21.3389
    6311      16.2632        21.7390
    6312      16.3861        21.9604
    6313      16.3401        21.8535
    6314      16.3512        21.4930
    6315      16.3378        21.5119
    6316      16.3273        21.4942
    6317      16.3167        22.2157
    6318      16.3299        21.5981
    6319      16.3146        21.5640
    6320      16.3637        22.2314
    6321      16.3456        21.5343
    6322      16.3512        21.4822
    6323      16.4645        21.8887
    6324      16.3360        22.0093
    6325      16.4959        21.9207
    6326      16.3223        21.8226
    6327      16.3423        21.8122
    6328      16.3661        21.6204
    6329      16.3462        22.1664
    6330      16.2693        21.5830
    6331      16.3324        22.1876
    6332      16.3333        21.6565
    6333      16.3349        21.8236
    6334      16.3603        21.8275
    6335      16.3361        21.5540
    6336      16.3644        22.2120
    6337      16.3261        21.6526
    6338      16.3478        21.8324
    6339      16.2812        21.5607
    6340      16.3506        21.9988
    6341      16.3373        22.4693
    6342      16.2635        21.5889
    6343      16.3054        21.3406
    6344      16.2633        21.4209
    6345      16.3146        21.8530
    6346      16.3735        22.0633
    6347      16.3891        22.0677
    6348      16.3961        22.1164
    6349      16.4139        22.3781
    6350      16.3525        21.5558
    6351      16.3208        21.5861
    6352      16.3245        21.2725
    6353      16.3555        21.8774
    6354      16.2822        21.7250
    6355      16.3262        21.6689
    6356      16.3138        21.6445
    6357      16.3485        21.9653
    6358      16.3988        21.9510
    6359      16.3549        21.4843
    6360      16.3427        22.2841
    6361      16.4269        21.7722
    6362      16.4100        22.4973
    6363      16.3247        21.2122
    6364      16.3798        21.1390
    6365      16.3990        22.0785
    6366      16.3369        21.6415
    6367      16.3673        22.2405
    6368      16.3740        21.9132
    6369      16.3136        21.5476
    6370      16.3739        21.7114
    6371      16.4446        22.2320
    6372      16.3691        21.2860
    6373      16.3781        21.6733
    6374      16.3656        21.7677
    6375      16.3981        21.8468
    6376      16.3704        21.7564
    6377      16.3165        21.4717
    6378      16.2920        21.0943
    6379      16.3037        22.1229
    6380      16.2457        21.5691
    6381      16.2358        21.7224
    6382      16.3490        21.7364
    6383      16.3118        21.4917
    6384      16.3877        21.9560
    6385      16.3100        21.6979
    6386      16.3369        21.6677
    6387      16.3071        21.5996
    6388      16.3541        21.3495
    6389      16.3746        22.0318
    6390      16.3526        21.9193
    6391      16.3631        22.1960
    6392      16.3963        22.4410
    6393      16.3513        22.9059
    6394      16.3278        22.0802
    6395      16.3532        21.7245
    6396      16.3649        21.5354
    6397      16.3173        21.9974
    6398      16.3007        21.0770
    6399      16.2948        21.1037
    6400      16.3467        21.5798
    6401      16.3041        21.8362
    6402      16.3471        21.7871
    6403      16.3215        21.7507
    6404      16.3542        21.4001
    6405      16.3699        21.1106
    6406      16.3084        21.2441
    6407      16.2877        21.4745
    6408      16.3093        21.7156
    6409      16.3760        22.3813
    6410      16.3663        21.7943
    6411      16.3277        22.4135
    6412      16.3491        21.7636
    6413      16.3962        21.6528
    6414      16.2878        21.8609
    6415      16.2983        21.5293
    6416      16.3357        21.7456
    6417      16.3849        21.6121
    6418      16.2208        21.6543
    6419      16.3701        21.6437
    6420      16.3878        22.6219
    6421      16.3776        22.3912
    6422      16.3600        22.0595
    6423      16.3596        21.7291
    6424      16.3843        22.2259
    6425      16.2687        21.5167
    6426      16.3087        21.3577
    6427      16.3532        21.4746
    6428      16.3389        21.4636
    6429      16.4015        21.8131
    6430      16.2885        21.6482
    6431      16.3443        21.7034
    6432      16.3782        21.9081
    6433      16.4210        22.0099
    6434      16.3470        22.4128
    6435      16.3066        21.7648
    6436      16.3468        21.6395
    6437      16.3125        21.0965
    6438      16.3583        21.9783
    6439      16.3880        21.9699
    6440      16.3854        21.8039
    6441      16.4412        22.3402
    6442      16.3484        21.5469
    6443      16.4004        22.1599
    6444      16.3068        21.8458
    6445      16.3654        21.7442
    6446      16.3910        21.8373
    6447      16.4040        21.8944
    6448      16.3203        21.8214
    6449      16.2189        21.5049
    6450      16.2852        21.4499
    6451      16.2950        22.0526
    6452      16.3314        22.2495
    6453      16.3196        21.5998
    6454      16.3122        22.2219
    6455      16.2441        21.4058
    6456      16.2931        21.3824
    6457      16.3103        22.1403
    6458      16.2947        22.1014
    6459      16.3025        21.6668
    6460      16.2982        21.9352
    6461      16.2560        21.7609
    6462      16.2698        21.8725
    6463      16.3533        21.7496
    6464      16.3487        21.8520
    6465      16.2625        21.5582
    6466      16.3273        21.5561
    6467      16.3833        21.9213
    6468      16.3866        21.7496
    6469      16.4158        21.7969
    6470      16.4489        22.4606
    6471      16.3528        21.9409
    6472      16.3623        21.4005
    6473      16.3857        22.1641
    6474      16.4780        21.6962
    6475      16.3668        21.8164
    6476      16.4215        22.2893
    6477      16.4242        21.8669
    6478      16.3609        21.5888
    6479      16.3531        21.6327
    6480      16.3627        21.7135
    6481      16.4108        21.3052
    6482      16.4129        22.1483
    6483      16.4206        22.1236
    6484      16.3667        22.4074
    6485      16.4545        22.1273
    6486      16.3794        21.9618
    6487      16.4070        21.4315
    6488      16.4184        21.8813
    6489      16.4243        22.4620
    6490      16.4131        21.6015
    6491      16.3646        21.9675
    6492      16.3524        21.9798
    6493      16.3783        21.8752
    6494      16.3331        21.5415
    6495      16.3248        21.8348
    6496      16.3122        21.3319
    6497      16.4053        22.1553
    6498      16.3893        21.9767
    6499      16.3978        21.6928
    6500      16.3793        21.4764
    6501      16.4178        22.3514
    6502      16.3485        21.4327
    6503      16.3720        21.6612
    6504      16.3418        21.4803
    6505      16.4257        22.1871
    6506      16.3991        21.4362
    6507      16.3453        21.6852
    6508      16.4295        22.0794
    6509      16.3812        21.8605
    6510      16.3191        21.2644
    6511      16.3568        21.7877
    6512      16.3503        22.2078
    6513      16.4194        22.3553
    6514      16.4773        22.3725
    6515      16.2826        21.7287
    6516      16.2884        21.5642
    6517      16.3347        21.7432
    6518      16.3670        21.5188
    6519      16.4338        21.7937
    6520      16.3179        21.9424
    6521      16.3826        22.7556
    6522      16.4242        22.1525
    6523      16.3865        21.8044
    6524      16.3345        22.4020
    6525      16.4118        21.8841
    6526      16.3247        21.6684
    6527      16.4018        22.0434
    6528      16.4357        22.1323
    6529      16.3105        22.0874
    6530      16.2945        21.7973
    6531      16.3053        21.8151
    6532      16.3142        21.7635
    6533      16.3512        22.3832
    6534      16.3280        21.5981
    6535      16.2980        22.0957
    6536      16.3313        22.3130
    6537      16.2667        21.1180
    6538      16.3366        21.7272
    6539      16.3172        22.0275
    6540      16.3192        22.5618
    6541      16.3507        22.3662
    6542      16.4496        22.8683
    6543      16.3740        22.0855
    6544      16.3678        22.1376
    6545      16.4424        22.0833
    6546      16.3362        21.4993
    6547      16.3745        21.7371
    6548      16.3954        22.3483
    6549      16.3540        22.0097
    6550      16.4179        21.7957
    6551      16.3399        21.8316
    6552      16.2889        21.6211
    6553      16.4528        21.9916
    6554      16.3410        21.7185
    6555      16.3728        22.1643
    6556      16.3666        21.9280
    6557      16.3118        22.0068
    6558      16.3561        22.1841
    6559      16.3766        21.8958
    6560      16.3733        22.4892
    6561      16.3604        21.4867
    6562      16.4353        22.4506
    6563      16.4167        21.8498
    6564      16.3868        21.6593
    6565      16.3383        21.4081
    6566      16.3748        22.0398
    6567      16.4786        22.2491
    6568      16.3764        22.0473
    6569      16.4043        22.0216
    6570      16.4261        22.0926
    6571      16.3955        21.4470
    6572      16.4202        22.0685
    6573      16.4027        22.3205
    6574      16.3746        21.8950
    6575      16.3642        21.7658
    6576      16.2982        22.2373
    6577      16.3886        22.2365
    6578      16.3639        21.9696
    6579      16.3334        22.0238
    6580      16.3561        21.9162
    6581      16.3538        21.5569
    6582      16.3477        22.4387
    6583      16.3520        22.1551
    6584      16.3589        21.8122
    6585      16.3484        22.6246
    6586      16.3181        21.4467
    6587      16.2942        22.2302
    6588      16.2852        22.3277
    6589      16.3862        21.9640
    6590      16.3683        22.1413
    6591      16.4751        22.0397
    6592      16.3965        22.0784
    6593      16.4106        22.6173
    6594      16.4865        21.9770
    6595      16.3233        21.9604
    6596      16.3971        21.9768
    6597      16.4177        22.0772
    6598      16.4916        22.3848
    6599      16.4202        22.2734
    6600      16.4288        21.8326
    6601      16.3885        22.1074
    6602      16.4323        22.5271
    6603      16.4399        22.4296
    6604      16.4377        22.0129
    6605      16.3505        21.5295
    6606      16.4451        22.6743
    6607      16.4011        22.0014
    6608      16.3772        22.4744
    6609      16.4574        22.2456
    6610      16.3742        22.1498
    6611      16.3156        21.9539
    6612      16.3255        22.0453
    6613      16.4243        22.4564
    6614      16.3101        21.8427
    6615      16.2898        21.7994
    6616      16.3022        21.7549
    6617      16.2535        21.5904
    6618      16.3528        21.7668
    6619      16.4063        21.9755
    6620      16.3319        21.1820
    6621      16.4030        21.6225
    6622      16.4117        22.1146
    6623      16.4287        22.1066
    6624      16.4193        22.2734
    6625      16.3563        21.8297
    6626      16.4192        21.7688
    6627      16.3405        22.4493
    6628      16.3693        22.0724
    6629      16.3652        21.6230
    6630      16.3665        21.8302
    6631      16.3529        21.8871
    6632      16.2927        22.0143
    6633      16.2804        21.3986
    6634      16.4024        21.9950
    6635      16.3195        21.5576
    6636      16.3587        21.8154
    6637      16.3692        21.8477
    6638      16.2915        22.1360
    6639      16.3818        21.6650
    6640      16.3506        21.2628
    6641      16.3214        21.7207
    6642      16.3793        21.6583
    6643      16.3686        22.2261
    6644      16.3790        21.8596
    6645      16.3775        22.0528
    6646      16.3740        21.8155
    6647      16.3871        21.9874
    6648      16.3687        22.0156
    6649      16.3174        21.6527
    6650      16.3278        21.8054
    6651      16.3565        21.6124
    6652      16.4292        22.0440
    6653      16.3851        21.5693
    6654      16.3343        21.8891
    6655      16.3738        22.3383
    6656      16.4365        22.3761
    6657      16.4414        21.6026
    6658      16.3568        21.8798
    6659      16.3717        22.0683
    6660      16.3805        22.1360
    6661      16.4091        21.7875
    6662      16.2953        21.3107
    6663      16.3617        21.9369
    6664      16.4094        22.5197
    6665      16.4573        22.0994
    6666      16.4576        22.0624
    6667      16.3601        21.4167
    6668      16.3666        21.8024
    6669      16.4267        21.5447
    6670      16.3506        21.7781
    6671      16.3705        22.1274
    6672      16.4128        21.8743
    6673      16.3112        21.7314
    6674      16.3183        21.5184
    6675      16.3908        22.0968
    6676      16.4406        22.3191
    6677      16.3606        21.8719
    6678      16.4213        22.0008
    6679      16.3998        21.9868
    6680      16.3738        22.1101
    6681      16.4410        22.0082
    6682      16.4209        21.7606
    6683      16.3786        21.9219
    6684      16.4289        22.4675
    6685      16.3957        21.8659
    6686      16.3998        21.8966
    6687      16.2877        21.5695
    6688      16.3508        21.6643
    6689      16.3336        21.9919
    6690      16.3847        21.8651
    6691      16.4191        21.7006
    6692      16.3322        21.6516
    6693      16.3912        21.5466
    6694      16.3411        21.4597
    6695      16.3316        21.4753
    6696      16.3975        21.7643
    6697      16.4286        21.7456
    6698      16.4391        21.8876
    6699      16.4787        21.8343
    6700      16.3776        22.1482
    6701      16.3219        21.7069
    6702      16.4163        22.3795
    6703      16.3966        21.6583
    6704      16.3452        21.3883
    6705      16.4264        21.9306
    6706      16.4367        22.8374
    6707      16.4087        22.2430
    6708      16.3321        22.4154
    6709      16.3560        21.6216
    6710      16.3195        21.7688
    6711      16.3808        21.5676
    6712      16.4373        21.4566
    6713      16.4355        22.3800
    6714      16.4746        21.9080
    6715      16.4537        22.2121
    6716      16.3496        21.6834
    6717      16.4833        21.9422
    6718      16.4394        22.0508
    6719      16.4933        22.0718
    6720      16.4005        22.0167
    6721      16.3510        21.8680
    6722      16.3755        22.1475
    6723      16.3695        22.1398
    6724      16.3631        22.1541
    6725      16.4108        21.9036
    6726      16.3376        21.8461
    6727      16.4257        22.0052
    6728      16.3358        21.8443
    6729      16.3700        22.4827
    6730      16.3828        21.6749
    6731      16.4331        22.7154
    6732      16.3918        22.1908
    6733      16.3351        21.8982
    6734      16.3583        21.8744
    6735      16.4073        22.0506
    6736      16.3477        21.8338
    6737      16.4640        21.9091
    6738      16.4190        22.0184
    6739      16.4119        21.8862
    6740      16.3732        22.6299
    6741      16.2985        22.8206
    6742      16.4038        21.8560
    6743      16.3933        21.6845
    6744      16.3861        21.6212
    6745      16.3764        21.3593
    6746      16.4059        21.5046
    6747      16.3591        21.4996
    6748      16.3478        22.2305
    6749      16.3923        22.2721
    6750      16.3341        21.4998
    6751      16.2270        21.5887
    6752      16.2952        21.5600
    6753      16.3339        21.7338
    6754      16.3192        21.9222
    6755      16.3019        21.6280
    6756      16.2915        22.2699
    6757      16.3521        21.5985
    6758      16.3356        21.2774
    6759      16.3486        21.5419
    6760      16.3124        21.4102
    6761      16.2626        21.6167
    6762      16.2992        22.4457
    6763      16.2959        21.6877
    6764      16.3521        21.5687
    6765      16.2785        21.9598
    6766      16.3173        21.7829
    6767      16.4061        21.7748
    6768      16.3795        21.7093
    6769      16.3679        21.9828
    6770      16.3857        21.8851
    6771      16.4368        22.5198
    6772      16.3519        22.0749
    6773      16.3491        22.1966
    6774      16.3641        21.5979
    6775      16.3049        21.8231
    6776      16.3519        22.3365
    6777      16.4253        22.3429
    6778      16.4584        22.3285
    6779      16.4067        22.2654
    6780      16.3457        21.6821
    6781      16.3806        22.3925
    6782      16.4079        22.1012
    6783      16.4251        21.9046
    6784      16.4067        22.2563
    6785      16.4305        22.2779
    6786      16.3884        21.7770
    6787      16.4446        22.2829
    6788      16.4008        22.2047
    6789      16.3603        22.4738
    6790      16.3788        22.2910
    6791      16.3537        21.4153
    6792      16.3547        22.0532
    6793      16.3367        21.5326
    6794      16.4298        22.5775
    6795      16.3919        21.7828
    6796      16.3751        22.0541
    6797      16.3168        22.3889
    6798      16.3691        21.6560
    6799      16.3596        22.2911
    6800      16.4085        22.0605
    6801      16.4177        22.9568
    6802      16.3858        21.8620
    6803      16.3966        22.2891
    6804      16.4024        22.4441
    6805      16.4153        22.7377
    6806      16.4525        23.8520
    6807      16.4112        22.3164
    6808      16.3732        22.0431
    6809      16.4284        21.4702
    6810      16.3703        22.6484
    6811      16.4980        23.1012
    6812      16.4069        22.5786
    6813      16.3744        21.7137
    6814      16.4552        22.1043
    6815      16.4665        22.4482
    6816      16.4029        24.0217
    6817      16.4333        23.6247
    6818      16.4117        23.6713
    6819      16.3524        23.5242
    6820      16.4022        22.8891
    6821      16.3980        22.0469
    6822      16.2586        21.3618
    6823      16.3990        22.1198
    6824      16.3300        21.8710
    6825      16.2440        21.3871
    6826      16.3870        21.4893
    6827      16.3342        21.5641
    6828      16.2834        21.3622
    6829      16.4426        22.3903
    6830      16.3372        21.5848
    6831      16.3100        21.3444
    6832      16.4028        21.8100
    6833      16.2673        21.7631
    6834      16.3455        22.4518
    6835      16.3782        22.0190
    6836      16.3760        21.7813
    6837      16.3220        22.0625
    6838      16.3295        21.9730
    6839      16.2319        21.5514
    6840      16.2594        21.5930
    6841      16.2817        21.7622
    6842      16.3564        22.0197
    6843      16.3237        21.9879
    6844      16.3223        22.2052
    6845      16.3891        22.6478
    6846      16.3361        21.3060
    6847      16.3959        21.7258
    6848      16.4098        21.6569
    6849      16.3288        21.7762
    6850      16.2917        21.0989
    6851      16.2499        22.1166
    6852      16.2904        21.6543
    6853      16.2927        22.2971
    6854      16.3905        22.2865
    6855      16.3281        21.6153
    6856      16.3180        21.3110
    6857      16.3252        21.6903
    6858      16.3430        22.3124
    6859      16.2987        22.2231
    6860      16.3606        22.1957
    6861      16.2647        21.6287
    6862      16.3319        22.7226
    6863      16.2675        21.6783
    6864      16.3800        22.3569
    6865      16.3319        21.9733
    6866      16.3298        22.2918
    6867      16.3768        22.4790
    6868      16.3521        21.8097
    6869      16.3737        21.5983
    6870      16.4477        21.9608
    6871      16.3702        22.2619
    6872      16.3889        22.0266
    6873      16.3509        21.9763
    6874      16.4092        21.5252
    6875      16.4852        22.2712
    6876      16.2918        21.7393
    6877      16.4195        22.1668
    6878      16.4589        22.2317
    6879      16.3746        21.7890
    6880      16.3094        21.4953
    6881      16.3802        21.8425
    6882      16.3379        21.4357
    6883      16.3476        21.4207
    6884      16.4361        22.1098
    6885      16.4599        22.1743
    6886      16.3501        21.7698
    6887      16.4381        22.5421
    6888      16.4235        22.8157
    6889      16.4531        23.3819
    6890      16.4219        23.2694
    6891      16.4976        22.7380
    6892      16.3628        22.0730
    6893      16.3258        21.6657
    6894      16.4493        22.5177
    6895      16.4764        22.4306
    6896      16.3802        21.8450
    6897      16.3592        21.7902
    6898      16.3876        21.2301
    6899      16.3790        22.1243
    6900      16.4252        21.8869
    6901      16.3538        21.9588
    6902      16.4381        21.8453
    6903      16.4015        21.9357
    6904      16.3223        21.7785
    6905      16.3717        21.2633
    6906      16.4205        21.5008
    6907      16.4740        21.4175
    6908      16.3456        21.5921
    6909      16.3398        22.3746
    6910      16.4481        21.7534
    6911      16.3755        21.7629
    6912      16.4173        21.6970
    6913      16.4396        22.0661
    6914      16.3528        21.0711
    6915      16.3999        22.1709
    6916      16.3977        21.4995
    6917      16.4331        22.4372
    6918      16.4112        21.6468
    6919      16.3994        21.9346
    6920      16.3355        21.8624
    6921      16.4173        21.5080
    6922      16.3719        22.0437
    6923      16.4480        21.7058
    6924      16.3969        21.6415
    6925      16.3276        22.0838
    6926      16.3426        21.4507
    6927      16.4069        21.8162
    6928      16.3601        21.6818
    6929      16.3449        21.8544
    6930      16.3464        21.4832
    6931      16.3475        22.0900
    6932      16.3653        21.8700
    6933      16.3839        21.3706
    6934      16.3807        21.6745
    6935      16.4290        22.0715
    6936      16.4167        22.1976
    6937      16.4652        22.7762
    6938      16.3634        22.0954
    6939      16.4390        21.5117
    6940      16.4019        22.0365
    6941      16.3425        22.0615
    6942      16.2531        21.2464
    6943      16.3995        21.5803
    6944      16.3646        21.9261
    6945      16.3395        21.5324
    6946      16.4247        22.2294
    6947      16.3117        21.6597
    6948      16.3938        21.4344
    6949      16.4903        22.0252
    6950      16.3744        21.5769
    6951      16.3362        21.9005
    6952      16.3924        21.5059
    6953      16.4681        21.9157
    6954      16.3396        22.2975
    6955      16.4281        21.8638
    6956      16.3603        21.7644
    6957      16.3672        21.6919
    6958      16.3942        21.6469
    6959      16.3224        22.0046
    6960      16.4016        21.5449
    6961      16.3235        20.9472
    6962      16.2745        21.1027
    6963      16.3002        22.0023
    6964      16.4087        21.7864
    6965      16.3535        21.5829
    6966      16.4036        21.6121
    6967      16.4666        22.4235
    6968      16.3761        21.9482
    6969      16.4320        21.7629
    6970      16.3510        21.6968
    6971      16.3724        21.7004
    6972      16.3024        20.8760
    6973      16.4316        21.5438
    6974      16.3707        22.4356
    6975      16.3944        21.6489
    6976      16.3215        21.6516
    6977      16.4417        21.4718
    6978      16.4498        21.2389
    6979      16.3855        21.8596
    6980      16.3695        21.9441
    6981      16.3546        21.6988
    6982      16.4373        21.9810
    6983      16.2799        21.5299
    6984      16.3889        21.4489
    6985      16.3819        21.8539
    6986      16.4752        22.0309
    6987      16.4591        22.1642
    6988      16.4228        21.9834
    6989      16.3786        21.9322
    6990      16.4510        22.3505
    6991      16.4353        21.7896
    6992      16.4714        20.9181
    6993      16.4225        21.9444
    6994      16.4395        21.3635
    6995      16.3861        21.1134
    6996      16.4522        21.5472
    6997      16.4206        21.8305
    6998      16.4935        21.5148
    6999      16.4188        21.7222
    7000      16.4240        22.0158
    7001      16.4093        22.6294
    7002      16.4037        21.4304
    7003      16.3619        21.5555
    7004      16.3329        21.2391
    7005      16.3426        21.5959
    7006      16.3667        21.6598
    7007      16.4009        21.7065
    7008      16.4653        22.3965
    7009      16.4624        22.6563
    7010      16.4143        21.6898
    7011      16.4553        22.0456
    7012      16.3720        21.6843
    7013      16.3636        21.8716
    7014      16.4409        21.7915
    7015      16.3843        22.2173
    7016      16.3836        21.5355
    7017      16.3863        21.8228
    7018      16.3944        21.5692
    7019      16.4520        21.4949
    7020      16.4231        21.8513
    7021      16.4474        21.8453
    7022      16.4186        21.4538
    7023      16.3689        22.0565
    7024      16.4209        22.0171
    7025      16.3070        21.2672
    7026      16.3756        21.8871
    7027      16.3947        21.5085
    7028      16.4916        22.5088
    7029      16.4015        22.1074
    7030      16.4122        21.5895
    7031      16.4390        22.1152
    7032      16.3897        21.9287
    7033      16.3991        21.9535
    7034      16.3626        21.8204
    7035      16.3561        21.6943
    7036      16.4182        22.3975
    7037      16.3788        21.5246
    7038      16.4098        22.0661
    7039      16.2299        21.7615
    7040      16.3150        21.6332
    7041      16.3796        22.0022
    7042      16.3940        21.2360
    7043      16.3980        21.2907
    7044      16.3433        21.3696
    7045      16.4148        21.8033
    7046      16.4445        21.9140
    7047      16.3876        22.1840
    7048      16.4185        22.1376
    7049      16.3360        21.5109
    7050      16.3052        20.7668
    7051      16.3545        21.8349
    7052      16.3521        21.9399
    7053      16.3933        21.9261
    7054      16.3975        21.8710
    7055      16.3669        22.1592
    7056      16.4330        22.4730
    7057      16.4155        21.3431
    7058      16.3824        22.0872
    7059      16.3987        21.5893
    7060      16.3181        21.7555
    7061      16.3747        21.3464
    7062      16.3478        21.6109
    7063      16.3482        21.6337
    7064      16.3035        21.8505
    7065      16.3479        22.1185
    7066      16.3480        22.0310
    7067      16.4065        22.1080
    7068      16.3856        21.9211
    7069      16.3227        21.7106
    7070      16.3295        21.3075
    7071      16.3326        21.8363
    7072      16.3479        21.5258
    7073      16.2785        21.8237
    7074      16.3588        21.8383
    7075      16.4126        21.5778
    7076      16.3366        22.0672
    7077      16.3423        22.0940
    7078      16.4273        21.7644
    7079      16.3393        21.8134
    7080      16.3916        22.2400
    7081      16.3900        22.3570
    7082      16.3766        21.9065
    7083      16.3507        21.9475
    7084      16.3834        22.6102
    7085      16.3568        21.7681
    7086      16.3950        22.1884
    7087      16.4237        22.2642
    7088      16.3197        22.4826
    7089      16.3785        21.9020
    7090      16.3330        21.7518
    7091      16.3134        21.5475
    7092      16.2742        21.7535
    7093      16.3484        21.7898
    7094      16.3867        22.4742
    7095      16.2843        21.7531
    7096      16.4005        22.1719
    7097      16.4139        22.0978
    7098      16.3899        22.0341
    7099      16.3924        22.3337
    7100      16.3911        21.8794
    7101      16.3286        22.0370
    7102      16.4004        22.0851
    7103      16.3535        21.5293
    7104      16.4785        22.4473
    7105      16.2932        21.3701
    7106      16.3184        21.6657
    7107      16.4320        22.1976
    7108      16.3186        21.4993
    7109      16.2859        21.9297
    7110      16.3813        21.7725
    7111      16.3233        22.0818
    7112      16.3161        21.7844
    7113      16.3428        21.6623
    7114      16.3981        21.5141
    7115      16.3500        21.4918
    7116      16.3839        22.2978
    7117      16.3309        21.5928
    7118      16.3654        21.9490
    7119      16.3658        21.6841
    7120      16.3768        21.6422
    7121      16.2992        22.0024
    7122      16.3002        22.0197
    7123      16.3453        22.2235
    7124      16.3506        21.9107
    7125      16.3596        22.1153
    7126      16.3171        21.3668
    7127      16.4329        22.0661
    7128      16.4110        22.5221
    7129      16.2950        22.2654
    7130      16.3965        21.8217
    7131      16.3955        22.1004
    7132      16.4631        21.6727
    7133      16.3752        21.5876
    7134      16.3324        22.0603
    7135      16.3732        21.8988
    7136      16.3668        21.5796
    7137      16.4309        21.6383
    7138      16.3244        22.2764
    7139      16.3651        22.2405
    7140      16.3401        22.0405
    7141      16.2741        21.8499
    7142      16.3881        22.2526
    7143      16.4405        21.9299
    7144      16.3581        22.0579
    7145      16.2752        21.9351
    7146      16.3919        22.4638
    7147      16.2937        21.8345
    7148      16.4674        22.2843
    7149      16.3155        21.8452
    7150      16.3360        21.6831
    7151      16.3747        22.0014
    7152      16.4012        22.6469
    7153      16.4291        22.1493
    7154      16.3582        22.2432
    7155      16.3360        21.8876
    7156      16.3473        21.4710
    7157      16.3462        21.8147
    7158      16.3625        21.7516
    7159      16.3665        22.2890
    7160      16.3165        22.2091
    7161      16.3158        21.9246
    7162      16.3230        22.0633
    7163      16.4051        21.9841
    7164      16.3005        21.7220
    7165      16.3142        21.9305
    7166      16.4118        22.0795
    7167      16.3161        21.5590
    7168      16.2943        21.4901
    7169      16.2929        21.6570
    7170      16.3718        22.6278
    7171      16.3491        22.1984
    7172      16.3735        21.5481
    7173      16.4553        21.8032
    7174      16.3371        21.7346
    7175      16.3715        21.9035
    7176      16.4283        21.7407
    7177      16.4014        22.0249
    7178      16.3452        22.0762
    7179      16.3548        21.7423
    7180      16.3702        21.9021
    7181      16.3438        21.7238
    7182      16.3982        22.1125
    7183      16.4068        21.9357
    7184      16.5013        22.0622
    7185      16.3953        21.9980
    7186      16.3392        22.2826
    7187      16.4368        22.2595
    7188      16.3562        21.9437
    7189      16.3759        22.2362
    7190      16.4809        22.1987
    7191      16.4529        22.1954
    7192      16.4039        22.5916
    7193      16.3493        21.9700
    7194      16.4265        22.0962
    7195      16.3318        21.8130
    7196      16.3338        21.1637
    7197      16.4116        21.8997
    7198      16.3442        21.3234
    7199      16.3162        21.8679
    7200      16.3472        21.9268
    7201      16.3742        22.2843
    7202      16.3448        21.8036
    7203      16.3547        22.2120
    7204      16.2880        22.2125
    7205      16.3488        21.8222
    7206      16.4043        22.3175
    7207      16.3365        21.8310
    7208      16.3528        22.1618
    7209      16.3842        22.1644
    7210      16.3528        21.7411
    7211      16.3016        21.2860
    7212      16.3859        21.6115
    7213      16.3884        22.1311
    7214      16.3779        21.8968
    7215      16.4262        22.1769
    7216      16.3073        21.2960
    7217      16.3599        21.8820
    7218      16.3140        21.3564
    7219      16.3193        21.6704
    7220      16.3593        21.6515
    7221      16.2832        21.9950
    7222      16.3614        21.9462
    7223      16.4472        22.4298
    7224      16.4146        22.3831
    7225      16.3902        21.8717
    7226      16.3930        21.9636
    7227      16.4288        22.4372
    7228      16.3860        22.2295
    7229      16.3719        21.9038
    7230      16.3320        21.8116
    7231      16.3776        21.3146
    7232      16.3787        21.8060
    7233      16.3813        21.7328
    7234      16.4494        21.9183
    7235      16.4037        21.9599
    7236      16.3370        21.6107
    7237      16.3974        21.9088
    7238      16.3426        21.5039
    7239      16.3540        21.7657
    7240      16.3566        21.8863
    7241      16.3772        21.9271
    7242      16.3297        21.3010
    7243      16.3895        21.4695
    7244      16.3916        22.0775
    7245      16.3510        21.4692
    7246      16.3709        21.7925
    7247      16.4004        22.5303
    7248      16.3761        21.5448
    7249      16.3656        21.1577
    7250      16.3138        21.0706
    7251      16.3621        21.4344
    7252      16.3809        21.3223
    7253      16.4541        22.1721
    7254      16.4087        23.1118
    7255      16.4036        22.7349
    7256      16.3759        21.3642
    7257      16.3707        22.6124
    7258      16.3334        22.0099
    7259      16.3331        21.6393
    7260      16.3377        21.3230
    7261      16.3315        21.8303
    7262      16.3989        21.7247
    7263      16.4522        21.9294
    7264      16.3962        22.7301
    7265      16.4227        21.9461
    7266      16.3108        21.8021
    7267      16.3653        22.0162
    7268      16.3217        21.9352
    7269      16.4333        22.0158
    7270      16.3561        22.1398
    7271      16.2749        21.3723
    7272      16.3075        21.9204
    7273      16.2404        21.8179
    7274      16.2992        21.9415
    7275      16.3676        21.7925
    7276      16.3442        21.9852
    7277      16.3915        22.2250
    7278      16.3300        22.0927
    7279      16.3063        21.9205
    7280      16.2860        21.8187
    7281      16.3211        22.2762
    7282      16.3197        22.0489
    7283      16.3216        21.4046
    7284      16.3297        22.0428
    7285      16.2960        22.3553
    7286      16.2880        21.6942
    7287      16.3644        22.4911
    7288      16.4012        21.9066
    7289      16.4386        22.5770
    7290      16.3938        22.1044
    7291      16.2646        21.7179
    7292      16.3108        21.8982
    7293      16.4174        22.5663
    7294      16.3180        22.2996
    7295      16.3936        22.4599
    7296      16.3635        22.2230
    7297      16.2513        21.8470
    7298      16.3206        21.4146
    7299      16.4582        22.0117
    7300      16.3807        22.2548
    7301      16.3889        21.7272
    7302      16.3591        22.0561
    7303      16.3908        22.3891
    7304      16.3716        22.0545
    7305      16.3334        22.4765
    7306      16.3157        21.9162
    7307      16.3093        21.9527
    7308      16.3838        21.7859
    7309      16.3358        21.5724
    7310      16.3221        22.2885
    7311      16.3354        22.5322
    7312      16.2467        21.8054
    7313      16.2325        21.2855
    7314      16.3150        21.8435
    7315      16.3568        21.9126
    7316      16.3137        21.6497
    7317      16.2942        21.8474
    7318      16.3126        21.9027
    7319      16.3293        22.1307
    7320      16.2719        22.7828
    7321      16.3031        21.5608
    7322      16.2776        22.0993
    7323      16.2562        21.7821
    7324      16.2467        21.5865
    7325      16.2980        22.1368
    7326      16.3034        21.9572
    7327      16.3032        21.9465
    7328      16.3180        21.9214
    7329      16.2935        21.9973
    7330      16.3423        22.0965
    7331      16.3301        22.1229
    7332      16.3025        21.7256
    7333      16.3004        22.2906
    7334      16.2873        22.3289
    7335      16.2994        23.1420
    7336      16.2471        22.3881
    7337      16.3037        22.4844
    7338      16.2818        21.6489
    7339      16.4555        21.8957
    7340      16.3388        22.1362
    7341      16.3252        21.5065
    7342      16.3503        22.1455
    7343      16.3718        21.9817
    7344      16.3894        22.3012
    7345      16.3960        21.8076
    7346      16.2499        21.6035
    7347      16.3100        21.6258
    7348      16.2743        21.9988
    7349      16.3127        22.1839
    7350      16.2933        21.7964
    7351      16.3415        22.2039
    7352      16.3417        22.0085
    7353      16.3017        21.4918
    7354      16.3311        21.8037
    7355      16.3550        22.6594
    7356      16.3665        21.9993
    7357      16.2868        22.1082
    7358      16.3543        21.9851
    7359      16.3391        21.7735
    7360      16.3214        21.8980
    7361      16.2914        21.5894
    7362      16.3198        21.7724
    7363      16.2798        21.8086
    7364      16.2978        21.9093
    7365      16.3077        21.6765
    7366      16.3062        21.5437
    7367      16.3179        21.5387
    7368      16.3003        21.9092
    7369      16.3040        21.5799
    7370      16.3079        22.4675
    7371      16.4075        23.0412
    7372      16.3861        22.6834
    7373      16.3570        22.2648
    7374      16.3787        21.4464
    7375      16.4057        22.2264
    7376      16.4051        22.0119
    7377      16.4091        22.1300
    7378      16.3858        21.9042
    7379      16.3773        21.9966
    7380      16.3358        21.5812
    7381      16.4085        22.0903
    7382      16.3296        21.6561
    7383      16.3975        22.4211
    7384      16.3668        22.2972
    7385      16.3947        21.8576
    7386      16.3687        22.5943
    7387      16.3544        22.0273
    7388      16.3401        21.5632
    7389      16.3866        21.0750
    7390      16.3244        22.0372
    7391      16.3325        22.2268
    7392      16.3987        21.4124
    7393      16.3889        22.4049
    7394      16.4268        21.9525
    7395      16.4119        21.6890
    7396      16.4576        22.0960
    7397      16.3985        21.9962
    7398      16.4551        21.5221
    7399      16.3509        21.6272
    7400      16.3325        21.4412
    7401      16.3967        22.0644
    7402      16.3732        22.9502
    7403      16.2574        21.7460
    7404      16.3740        21.5517
    7405      16.2599        21.6087
    7406      16.4266        22.1812
    7407      16.3795        21.5574
    7408      16.2841        21.5893
    7409      16.3317        21.7946
    7410      16.3543        21.6454
    7411      16.3881        21.7492
    7412      16.3165        22.0226
    7413      16.2864        21.7016
    7414      16.3897        21.3843
    7415      16.2848        21.4239
    7416      16.3311        21.3780
    7417      16.4092        21.9662
    7418      16.3995        21.4103
    7419      16.3253        21.6119
    7420      16.3666        21.8200
    7421      16.3798        21.4405
    7422      16.3829        21.7110
    7423      16.3640        21.6952
    7424      16.3885        21.6720
    7425      16.3444        21.6716
    7426      16.3239        21.9203
    7427      16.3887        21.8611
    7428      16.4525        21.7618
    7429      16.3701        21.7902
    7430      16.3304        21.7234
    7431      16.4053        22.2912
    7432      16.3686        21.8946
    7433      16.3797        22.0603
    7434      16.2816        21.5184
    7435      16.3732        22.1817
    7436      16.4280        21.7196
    7437      16.3386        21.4996
    7438      16.2687        21.7834
    7439      16.3366        22.0519
    7440      16.3370        22.0661
    7441      16.4018        22.1655
    7442      16.3495        22.1390
    7443      16.3170        21.9806
    7444      16.3468        21.9960
    7445      16.3541        22.1709
    7446      16.3657        22.1159
    7447      16.2661        21.5553
    7448      16.3101        21.8001
    7449      16.3173        21.8885
    7450      16.3584        22.4146
    7451      16.3142        21.9872
    7452      16.2659        22.1151
    7453      16.4342        22.4451
    7454      16.3386        22.2580
    7455      16.3263        22.5622
    7456      16.4064        22.1885
    7457      16.3917        22.3472
    7458      16.4071        22.2750
    7459      16.4058        21.7197
    7460      16.3372        22.4551
    7461      16.3307        21.9746
    7462      16.4083        22.0865
    7463      16.4001        21.9234
    7464      16.3440        21.4757
    7465      16.3431        21.6970
    7466      16.3448        21.5980
    7467      16.4464        22.2667
    7468      16.3663        22.4886
    7469      16.4316        22.1832
    7470      16.3739        21.5842
    7471      16.3009        21.7637
    7472      16.3064        21.7043
    7473      16.3550        21.4928
    7474      16.3539        21.9761
    7475      16.3784        22.0790
    7476      16.3733        22.0710
    7477      16.4121        22.0804
    7478      16.4000        21.8214
    7479      16.3661        21.7828
    7480      16.4320        22.5218
    7481      16.3299        21.8470
    7482      16.3609        21.7117
    7483      16.4668        21.6452
    7484      16.3358        21.9138
    7485      16.3272        21.6224
    7486      16.4040        21.9463
    7487      16.2704        21.8472
    7488      16.3143        22.0867
    7489      16.3725        21.6817
    7490      16.3127        21.2493
    7491      16.3282        21.4037
    7492      16.4997        21.6154
    7493      16.3237        22.3187
    7494      16.4090        22.3010
    7495      16.4399        21.7697
    7496      16.3428        21.7801
    7497      16.4683        21.9218
    7498      16.3498        22.1054
    7499      16.3810        21.5832
    7500      16.4001        22.0941
    7501      16.3348        21.9212
    7502      16.3533        22.1964
    7503      16.3996        22.2802
    7504      16.3852        22.0819
    7505      16.4322        21.9315
    7506      16.3868        22.3093
    7507      16.3671        22.3101
    7508      16.3759        21.7163
    7509      16.4127        22.6571
    7510      16.3820        22.3075
    7511      16.4085        21.9961
    7512      16.4004        21.8039
    7513      16.4218        22.8921
    7514      16.3282        24.1189
    7515      16.4085        22.5567
    7516      16.3708        22.5475
    7517      16.3780        22.0543
    7518      16.4284        23.1661
    7519      16.3898        23.4710
    7520      16.3652        23.0332
    7521      16.4218        22.8608
    7522      16.3271        22.5876
    7523      16.3646        22.3088
    7524      16.3413        21.9555
    7525      16.3123        22.0080
    7526      16.4128        21.9378
    7527      16.4498        22.5844
    7528      16.3121        22.7274
    7529      16.3664        22.1370
    7530      16.3711        22.2110
    7531      16.3576        22.0516
    7532      16.3358        22.0936
    7533      16.3638        22.3954
    7534      16.3601        21.7876
    7535      16.3376        22.6430
    7536      16.3375        21.8678
    7537      16.2963        21.9406
    7538      16.3534        21.8387
    7539      16.3429        21.8493
    7540      16.3708        22.6397
    7541      16.4274        23.4626
    7542      16.3064        22.3361
    7543      16.4275        23.8189
    7544      16.4031        22.2295
    7545      16.3641        22.0317
    7546      16.3873        21.9616
    7547      16.3570        22.3106
    7548      16.4465        22.7169
    7549      16.3757        21.9779
    7550      16.4078        21.9454
    7551      16.3323        21.8176
    7552      16.3841        21.9489
    7553      16.3399        22.4023
    7554      16.4519        22.0333
    7555      16.3917        22.3412
    7556      16.3736        22.7998
    7557      16.3293        22.8267
    7558      16.3185        22.1357
    7559      16.3504        22.9775
    7560      16.3920        22.6532
    7561      16.3363        22.0048
    7562      16.3551        21.3326
    7563      16.3127        21.8866
    7564      16.3902        21.5017
    7565      16.2736        21.6387
    7566      16.3675        21.9231
    7567      16.3783        22.2900
    7568      16.2977        22.0387
    7569      16.3208        21.6954
    7570      16.3729        21.7219
    7571      16.3260        22.3361
    7572      16.3913        21.8070
    7573      16.3192        21.9579
    7574      16.2821        21.4389
    7575      16.3675        21.7192
    7576      16.2851        22.1143
    7577      16.3568        22.0764
    7578      16.3622        21.7970
    7579      16.2964        21.9370
    7580      16.2972        21.5771
    7581      16.2218        21.9626
    7582      16.3154        22.2529
    7583      16.3343        21.8169
    7584      16.3250        22.8212
    7585      16.3666        22.7898
    7586      16.3202        21.7958
    7587      16.3734        22.3150
    7588      16.4119        21.9184
    7589      16.3658        22.1713
    7590      16.3240        22.0540
    7591      16.3387        21.7380
    7592      16.2172        21.7829
    7593      16.3551        22.0981
    7594      16.2674        21.6664
    7595      16.3038        22.1350
    7596      16.3140        22.0486
    7597      16.3316        21.7024
    7598      16.3471        21.5885
    7599      16.3349        21.7637
    7600      16.3855        23.1124
    7601      16.3755        22.1760
    7602      16.3262        22.1142
    7603      16.3089        21.8465
    7604      16.3483        21.6005
    7605      16.3579        22.0281
    7606      16.4167        22.6820
    7607      16.3771        22.1771
    7608      16.3665        22.1152
    7609      16.3612        22.4237
    7610      16.3485        22.2616
    7611      16.3562        21.9769
    7612      16.3608        21.9773
    7613      16.3899        22.0533
    7614      16.3718        21.6865
    7615      16.3817        22.1037
    7616      16.3715        21.7058
    7617      16.3765        21.6972
    7618      16.4120        22.1315
    7619      16.3788        22.1976
    7620      16.3465        21.6281
    7621      16.3745        22.0587
    7622      16.2915        21.9053
    7623      16.3273        21.6121
    7624      16.3429        21.6313
    7625      16.3138        22.1292
    7626      16.3279        21.4234
    7627      16.4062        21.8653
    7628      16.3368        21.3320
    7629      16.4254        21.7013
    7630      16.3288        21.9721
    7631      16.3129        21.7511
    7632      16.3130        21.2343
    7633      16.3021        22.1568
    7634      16.3009        22.2732
    7635      16.3243        21.5472
    7636      16.2252        21.6278
    7637      16.3421        21.8164
    7638      16.3118        21.3855
    7639      16.2928        21.8706
    7640      16.2740        21.3952
    7641      16.2922        21.2975
    7642      16.3164        21.5808
    7643      16.3044        21.0599
    7644      16.3967        22.0109
    7645      16.3580        21.6016
    7646      16.3930        21.3946
    7647      16.3416        21.8874
    7648      16.4263        22.0444
    7649      16.4261        21.7642
    7650      16.4330        21.9963
    7651      16.3115        21.5082
    7652      16.4403        21.9449
    7653      16.3129        22.1016
    7654      16.3914        22.0848
    7655      16.4896        23.0274
    7656      16.4650        22.1376
    7657      16.5500        21.8017
    7658      16.4119        21.5784
    7659      16.4633        22.0954
    7660      16.5198        22.0129
    7661      16.4213        22.1110
    7662      16.4043        21.4915
    7663      16.4154        21.4654
    7664      16.4708        21.4841
    7665      16.4126        21.5956
    7666      16.3973        21.5276
    7667      16.3521        21.7139
    7668      16.4309        22.0594
    7669      16.4042        21.8793
    7670      16.4272        22.0297
    7671      16.3526        21.7530
    7672      16.3662        22.0444
    7673      16.3552        22.5230
    7674      16.3466        21.4697
    7675      16.4094        21.8758
    7676      16.3721        22.2902
    7677      16.3598        21.7694
    7678      16.3697        22.0499
    7679      16.3460        21.4907
    7680      16.3870        21.7328
    7681      16.3494        21.7055
    7682      16.3235        21.5510
    7683      16.2590        21.5822
    7684      16.2797        22.2500
    7685      16.2711        21.8191
    7686      16.3131        21.9235
    7687      16.2807        20.8064
    7688      16.2661        21.7910
    7689      16.3844        21.5665
    7690      16.3576        21.3776
    7691      16.3968        21.2717
    7692      16.3831        21.6065
    7693      16.3090        21.8327
    7694      16.3056        21.5603
    7695      16.3099        21.4727
    7696      16.2991        21.3639
    7697      16.3207        21.4652
    7698      16.3161        21.3555
    7699      16.3483        21.2219
    7700      16.2449        21.2891
    7701      16.3080        21.5517
    7702      16.3255        21.5694
    7703      16.3288        21.9332
    7704      16.3004        21.6680
    7705      16.3875        21.7063
    7706      16.3284        21.5440
    7707      16.2680        22.0705
    7708      16.2786        21.6815
    7709      16.2880        21.5749
    7710      16.3396        22.6603
    7711      16.3362        21.5254
    7712      16.3182        21.7565
    7713      16.3273        21.6377
    7714      16.4075        22.3331
    7715      16.3642        22.1924
    7716      16.2681        21.4732
    7717      16.3497        21.4646
    7718      16.3336        21.2604
    7719      16.3280        21.4328
    7720      16.3191        21.9210
    7721      16.3559        22.3986
    7722      16.3967        22.0940
    7723      16.4064        21.3166
    7724      16.3653        22.0399
    7725      16.3169        21.7229
    7726      16.3460        21.9236
    7727      16.4223        22.3443
    7728      16.3868        22.0549
    7729      16.2897        21.4358
    7730      16.3569        22.1106
    7731      16.2905        21.7924
    7732      16.3784        21.8224
    7733      16.2146        21.4498
    7734      16.3542        22.1720
    7735      16.2122        21.8837
    7736      16.2165        21.7824
    7737      16.3029        21.7595
    7738      16.3206        21.6777
    7739      16.3394        22.0031
    7740      16.3060        21.6203
    7741      16.3055        21.5870
    7742      16.3803        22.3028
    7743      16.3826        22.9945
    7744      16.3359        22.5381
    7745      16.3547        23.0768
    7746      16.3611        22.3651
    7747      16.3029        21.8619
    7748      16.4133        22.7476
    7749      16.3758        22.3252
    7750      16.3806        22.9700
    7751      16.3671        21.7839
    7752      16.3593        22.5279
    7753      16.3819        22.1967
    7754      16.3805        22.7364
    7755      16.3377        21.9957
    7756      16.3520        22.4004
    7757      16.3157        21.6555
    7758      16.3739        21.4261
    7759      16.3994        21.5364
    7760      16.2987        21.2880
    7761      16.3807        21.2984
    7762      16.3816        22.1166
    7763      16.2740        21.6973
    7764      16.3524        21.5789
    7765      16.3920        21.5100
    7766      16.3129        21.7951
    7767      16.3491        21.3140
    7768      16.2501        21.6791
    7769      16.3010        21.8618
    7770      16.2834        21.3436
    7771      16.3204        21.6950
    7772      16.3291        21.5932
    7773      16.2949        21.8606
    7774      16.2416        21.4261
    7775      16.3288        22.1220
    7776      16.2013        21.4594
    7777      16.3096        21.0200
    7778      16.2556        21.6727
    7779      16.4126        21.4899
    7780      16.3021        21.6125
    7781      16.3648        22.5921
    7782      16.3826        21.1540
    7783      16.2879        21.2042
    7784      16.3232        22.0278
    7785      16.3012        23.1627
    7786      16.3057        23.4271
    7787      16.3088        23.1175
    7788      16.4328        24.0860
    7789      16.3052        22.1944
    7790      16.2847        21.4104
    7791      16.3267        21.4107
    7792      16.3221        21.2211
    7793      16.3270        21.1741
    7794      16.3798        21.8100
    7795      16.2421        21.6811
    7796      16.2205        21.1238
    7797      16.2523        21.5467
    7798      16.3578        21.2676
    7799      16.3428        22.0217
    7800      16.3299        21.4094
    7801      16.3111        22.1438
    7802      16.3469        21.5833
    7803      16.3184        21.3761
    7804      16.3683        21.3075
    7805      16.3512        21.6036
    7806      16.3892        22.5478
    7807      16.3768        21.7281
    7808      16.3821        21.7537
    7809      16.2942        21.4600
    7810      16.3851        22.3014
    7811      16.3913        21.8762
    7812      16.3518        22.0323
    7813      16.3487        21.3849
    7814      16.3845        21.6854
    7815      16.3144        21.4226
    7816      16.3206        21.4999
    7817      16.4385        22.4943
    7818      16.4134        21.7355
    7819      16.3492        21.6908
    7820      16.3597        21.8129
    7821      16.3504        21.4746
    7822      16.3346        21.6421
    7823      16.3391        20.9965
    7824      16.2521        21.6001
    7825      16.3288        21.6128
    7826      16.2847        21.6302
    7827      16.3179        22.4148
    7828      16.3246        21.7486
    7829      16.3418        22.1440
    7830      16.3735        21.8152
    7831      16.3105        22.1774
    7832      16.3261        22.0556
    7833      16.3609        21.6800
    7834      16.3105        21.9505
    7835      16.2662        21.4750
    7836      16.3424        22.1110
    7837      16.3045        22.2371
    7838      16.3509        22.0462
    7839      16.3949        22.1389
    7840      16.3294        21.7876
    7841      16.3633        21.7949
    7842      16.4090        22.2766
    7843      16.2910        21.5232
    7844      16.2778        21.5366
    7845      16.2972        21.8927
    7846      16.2822        21.4345
    7847      16.3101        22.2205
    7848      16.3316        22.6188
    7849      16.2205        22.2058
    7850      16.3254        21.9158
    7851      16.3132        22.1507
    7852      16.2892        22.1023
    7853      16.2871        21.6104
    7854      16.2283        21.6655
    7855      16.2039        21.4396
    7856      16.2500        21.7582
    7857      16.2995        22.3372
    7858      16.2611        21.9380
    7859      16.2620        21.8302
    7860      16.3550        22.4388
    7861      16.3784        21.9109
    7862      16.3445        21.9780
    7863      16.3840        21.9692
    7864      16.3548        22.1707
    7865      16.3363        22.8374
    7866      16.3076        22.3689
    7867      16.3631        22.3318
    7868      16.2824        22.0629
    7869      16.2443        21.2817
    7870      16.2702        22.2624
    7871      16.3414        21.6664
    7872      16.3315        21.9714
    7873      16.2313        22.4590
    7874      16.2797        22.3821
    7875      16.3375        22.2762
    7876      16.2910        22.7730
    7877      16.3467        22.2965
    7878      16.2553        21.9053
    7879      16.3210        21.6555
    7880      16.2048        21.8282
    7881      16.2555        21.5582
    7882      16.3201        21.4860
    7883      16.2579        21.4938
    7884      16.3193        21.7065
    7885      16.3384        21.8595
    7886      16.3367        21.9387
    7887      16.3344        21.8675
    7888      16.2937        21.7004
    7889      16.3282        21.3252
    7890      16.3162        21.3312
    7891      16.3134        21.0865
    7892      16.3908        21.6501
    7893      16.4175        21.6073
    7894      16.3572        22.3160
    7895      16.3619        21.6174
    7896      16.3458        21.2944
    7897      16.3381        22.3531
    7898      16.3223        22.2604
    7899      16.3292        22.2396
    7900      16.3491        21.8896
    7901      16.3821        21.5015
    7902      16.3742        21.8898
    7903      16.2869        21.8637
    7904      16.3254        21.3350
    7905      16.2780        21.3953
    7906      16.3040        22.3611
    7907      16.2679        21.6924
    7908      16.3261        22.2991
    7909      16.2429        21.6183
    7910      16.2950        21.6198
    7911      16.2550        21.4637
    7912      16.2894        22.2809
    7913      16.2787        21.4872
    7914      16.3131        21.3467
    7915      16.3854        22.0173
    7916      16.3071        22.2227
    7917      16.4355        21.9471
    7918      16.3132        21.7959
    7919      16.2726        21.1718
    7920      16.3217        21.5508
    7921      16.2660        21.4095
    7922      16.2775        21.8133
    7923      16.3391        21.7930
    7924      16.3608        21.6775
    7925      16.3367        21.9037
    7926      16.3904        21.6709
    7927      16.3690        21.6899
    7928      16.3589        21.7321
    7929      16.3389        21.9366
    7930      16.3814        21.9702
    7931      16.4163        22.3707
    7932      16.3265        21.7489
    7933      16.3592        22.2859
    7934      16.3454        21.8000
    7935      16.3688        21.6400
    7936      16.2939        21.4818
    7937      16.3426        22.2674
    7938      16.3267        21.1126
    7939      16.3705        21.7304
    7940      16.3517        21.5054
    7941      16.3610        21.5504
    7942      16.3506        21.8845
    7943      16.3109        21.8268
    7944      16.3070        21.8051
    7945      16.3765        21.5258
    7946      16.3455        21.7533
    7947      16.3284        22.1255
    7948      16.3739        21.9462
    7949      16.2768        21.2941
    7950      16.2756        21.6511
    7951      16.2752        21.3297
    7952      16.3754        21.5987
    7953      16.3193        20.6943
    7954      16.3620        21.3895
    7955      16.2853        20.8276
    7956      16.2973        21.7692
    7957      16.3404        21.5783
    7958      16.3222        21.5709
    7959      16.3770        21.2914
    7960      16.3197        21.7250
    7961      16.2867        21.2580
    7962      16.3099        21.7945
    7963      16.3890        21.4952
    7964      16.3890        21.7602
    7965      16.3739        21.2343
    7966      16.3349        21.5065
    7967      16.2418        21.8899
    7968      16.2785        21.3930
    7969      16.3215        22.1790
    7970      16.2904        21.2569
    7971      16.4015        21.3268
    7972      16.4027        21.4631
    7973      16.3421        21.8637
    7974      16.3928        22.3941
    7975      16.3628        21.2884
    7976      16.2779        21.0925
    7977      16.3583        21.2143
    7978      16.3624        21.3463
    7979      16.3976        21.4006
    7980      16.2815        21.2253
    7981      16.3359        21.3663
    7982      16.3730        20.9708
    7983      16.3593        20.8388
    7984      16.3888        21.1405
    7985      16.4175        21.6081
    7986      16.3141        21.0363
    7987      16.3014        21.3077
    7988      16.3227        21.2483
    7989      16.3389        21.7918
    7990      16.3309        21.3773
    7991      16.3032        21.3806
    7992      16.2797        21.0864
    7993      16.2756        21.2491
    7994      16.2868        21.5085
    7995      16.3172        21.3609
    7996      16.3219        21.1285
    7997      16.2696        21.7945
    7998      16.2723        21.4241
    7999      16.3204        21.9068
    8000      16.2514        21.6652
    8001      16.2726        21.0386
    8002      16.2722        21.4696
    8003      16.2559        21.8764
    8004      16.2694        21.1609
    8005      16.2317        21.8525
    8006      16.2619        22.1713
    8007      16.3264        22.0658
    8008      16.2775        21.8332
    8009      16.3548        21.4320
    8010      16.3317        21.5325
    8011      16.3010        22.3173
    8012      16.3441        21.9162
    8013      16.3113        21.4875
    8014      16.2644        21.3680
    8015      16.3363        21.6727
    8016      16.3982        21.4544
    8017      16.2752        21.4867
    8018      16.4105        21.8866
    8019      16.3008        21.5361
    8020      16.3846        21.9401
    8021      16.3529        21.7848
    8022      16.3082        21.2124
    8023      16.3541        21.0536
    8024      16.3048        20.7896
    8025      16.2158        21.3374
    8026      16.3607        21.8475
    8027      16.3298        21.6810
    8028      16.3223        21.7766
    8029      16.3175        21.6579
    8030      16.3450        21.3542
    8031      16.4050        21.8360
    8032      16.3139        21.8693
    8033      16.3569        21.5763
    8034      16.4160        21.5663
    8035      16.3100        21.9775
    8036      16.2940        21.3835
    8037      16.2879        21.2576
    8038      16.3005        21.8861
    8039      16.3156        21.5138
    8040      16.2622        22.1645
    8041      16.3628        21.1289
    8042      16.3117        21.1339
    8043      16.3625        21.6705
    8044      16.3390        21.7899
    8045      16.2771        21.9707
    8046      16.3778        21.8562
    8047      16.2732        21.9347
    8048      16.2616        21.8387
    8049      16.3018        21.9640
    8050      16.2347        21.5674
    8051      16.3119        21.4132
    8052      16.3173        20.7749
    8053      16.3577        21.7065
    8054      16.3515        21.7575
    8055      16.2927        21.3729
    8056      16.3266        20.8374
    8057      16.3030        21.1537
    8058      16.2814        21.5190
    8059      16.3555        22.3361
    8060      16.2948        21.5291
    8061      16.3297        21.6096
    8062      16.3373        21.4468
    8063      16.2656        22.2004
    8064      16.3202        21.7439
    8065      16.2938        21.7088
    8066      16.3348        21.7943
    8067      16.2761        21.6090
    8068      16.2288        21.6807
    8069      16.2864        21.7856
    8070      16.2980        21.5045
    8071      16.3078        21.2809
    8072      16.2919        21.2341
    8073      16.3658        21.1442
    8074      16.3311        21.0139
    8075      16.4258        21.8122
    8076      16.3091        21.3761
    8077      16.3459        21.2508
    8078      16.2929        20.9273
    8079      16.3119        21.1445
    8080      16.3466        20.9561
    8081      16.3313        21.4869
    8082      16.4295        21.7486
    8083      16.3099        21.0194
    8084      16.4087        21.6322
    8085      16.3796        21.3629
    8086      16.4179        21.5536
    8087      16.4094        20.5841
    8088      16.3346        21.0109
    8089      16.3474        21.0453
    8090      16.3266        21.6272
    8091      16.4298        22.1987
    8092      16.3745        21.9591
    8093      16.3687        21.4118
    8094      16.3474        21.3522
    8095      16.3851        21.7596
    8096      16.4315        21.9584
    8097      16.4001        22.3805
    8098      16.3379        21.5192
    8099      16.4244        22.3342
    8100      16.3900        22.0003
    8101      16.4199        21.5441
    8102      16.3633        22.1563
    8103      16.3594        22.0063
    8104      16.3561        21.9907
    8105      16.3761        22.1961
    8106      16.4016        22.1506
    8107      16.3361        21.7224
    8108      16.3525        21.4530
    8109      16.3278        21.3653
    8110      16.2883        21.3956
    8111      16.4201        22.1486
    8112      16.3570        21.6991
    8113      16.3405        21.5934
    8114      16.3749        21.8070
    8115      16.4025        21.8640
    8116      16.3771        22.0371
    8117      16.3729        21.5209
    8118      16.4386        21.9992
    8119      16.3055        21.8767
    8120      16.3781        22.2062
    8121      16.4363        21.5725
    8122      16.4179        22.5006
    8123      16.3766        22.0256
    8124      16.3687        21.9107
    8125      16.3499        21.5776
    8126      16.4201        22.1376
    8127      16.3408        22.1803
    8128      16.4306        22.2120
    8129      16.3622        22.0172
    8130      16.3569        21.6951
    8131      16.3065        22.0091
    8132      16.4262        22.0616
    8133      16.3695        22.6360
    8134      16.4021        22.1555
    8135      16.4202        21.7543
    8136      16.3353        21.7641
    8137      16.3960        22.2345
    8138      16.2586        22.2373
    8139      16.3667        22.4490
    8140      16.3551        22.0720
    8141      16.3994        21.8769
    8142      16.3901        22.2116
    8143      16.3704        22.0974
    8144      16.3716        21.9373
    8145      16.3898        21.5015
    8146      16.3369        21.4135
    8147      16.4033        22.2858
    8148      16.4042        22.2088
    8149      16.3541        21.2902
    8150      16.2700        21.5943
    8151      16.3563        22.0790
    8152      16.3999        22.0373
    8153      16.3009        21.9690
    8154      16.4266        21.4420
    8155      16.3154        22.5498
    8156      16.3668        21.8013
    8157      16.3391        21.6177
    8158      16.3570        21.9081
    8159      16.3575        21.7371
    8160      16.3852        21.7850
    8161      16.3464        21.8853
    8162      16.3441        22.0923
    8163      16.3142        21.4647
    8164      16.3492        21.4374
    8165      16.3290        21.9939
    8166      16.3324        21.6957
    8167      16.3959        21.8184
    8168      16.3758        22.1863
    8169      16.3697        21.8532
    8170      16.3948        22.0825
    8171      16.4036        21.7692
    8172      16.3414        21.7493
    8173      16.3117        22.6028
    8174      16.2586        21.8254
    8175      16.3418        22.0306
    8176      16.3452        22.1625
    8177      16.4111        21.8207
    8178      16.4180        21.4664
    8179      16.4129        22.1822
    8180      16.4055        22.4802
    8181      16.3388        21.5090
    8182      16.3159        21.9704
    8183      16.3677        21.4445
    8184      16.3708        21.8092
    8185      16.4236        22.2353
    8186      16.3607        21.9016
    8187      16.4021        22.5582
    8188      16.3669        22.2689
    8189      16.3748        22.3404
    8190      16.3737        22.1231
    8191      16.3971        22.4067
    8192      16.4145        21.7508
    8193      16.3796        21.3614
    8194      16.4282        22.4541
    8195      16.4623        21.4995
    8196      16.3906        22.1889
    8197      16.3217        21.2912
    8198      16.3634        21.8650
    8199      16.3442        21.9594
    8200      16.3995        22.2356
    8201      16.4137        22.7826
    8202      16.4598        22.1624
    8203      16.3970        21.6663
    8204      16.3518        22.1314
    8205      16.4406        22.0686
    8206      16.3372        21.7661
    8207      16.3636        22.1325
    8208      16.4223        22.3736
    8209      16.2872        22.3983
    8210      16.3561        21.9856
    8211      16.3834        21.9387
    8212      16.3512        21.9372
    8213      16.4408        22.3853
    8214      16.3817        22.1505
    8215      16.4099        22.7516
    8216      16.3741        21.9310
    8217      16.3966        22.5085
    8218      16.3877        21.5371
    8219      16.3700        21.7536
    8220      16.3324        21.9823
    8221      16.3607        21.6800
    8222      16.3717        21.7125
    8223      16.3170        21.6448
    8224      16.4907        22.5578
    8225      16.3330        21.5737
    8226      16.3320        21.5369
    8227      16.3897        22.1267
    8228      16.4168        22.1778
    8229      16.3815        22.0714
    8230      16.3850        21.2354
    8231      16.4178        22.1599
    8232      16.4248        21.3100
    8233      16.3648        21.4486
    8234      16.3911        22.0425
    8235      16.4239        21.0436
    8236      16.2541        21.5830
    8237      16.2923        21.6806
    8238      16.3212        21.4734
    8239      16.3642        21.5152
    8240      16.3686        21.5990
    8241      16.3688        21.3642
    8242      16.3285        21.7563
    8243      16.3865        21.9476
    8244      16.4026        21.9736
    8245      16.3868        21.8916
    8246      16.3819        22.0587
    8247      16.3634        22.3008
    8248      16.3733        21.7828
    8249      16.3964        21.5273
    8250      16.4528        21.7531
    8251      16.3569        21.8588
    8252      16.4036        22.0578
    8253      16.3707        21.8316
    8254      16.3659        21.9832
    8255      16.4421        22.0056
    8256      16.4028        22.1627
    8257      16.3745        21.8404
    8258      16.4500        21.9292
    8259      16.4387        22.2359
    8260      16.3924        21.7195
    8261      16.4103        21.8820
    8262      16.4584        21.7697
    8263      16.4055        21.5690
    8264      16.4727        21.4226
    8265      16.3619        22.2032
    8266      16.4261        22.2771
    8267      16.4482        22.1216
    8268      16.4101        21.8079
    8269      16.4189        21.7511
    8270      16.3744        21.7706
    8271      16.4041        22.2222
    8272      16.3651        21.6289
    8273      16.4990        23.1851
    8274      16.4320        22.6712
    8275      16.5086        21.4461
    8276      16.4127        22.4475
    8277      16.4621        22.0643
    8278      16.4362        22.1837
    8279      16.4250        22.3969
    8280      16.3615        22.3780
    8281      16.3669        21.9968
    8282      16.4532        21.8946
    8283      16.4196        22.0377
    8284      16.4722        22.1699
    8285      16.3907        22.1213
    8286      16.2892        21.7017
    8287      16.4067        21.8398
    8288      16.4996        22.2446
    8289      16.4846        21.8119
    8290      16.3376        21.7557
    8291      16.3262        21.9037
    8292      16.4065        21.4023
    8293      16.4026        21.8852
    8294      16.3871        21.1862
    8295      16.4400        22.2270
    8296      16.4295        21.6731
    8297      16.3759        21.7192
    8298      16.3369        21.6989
    8299      16.3935        21.8532
    8300      16.3569        21.6809
    8301      16.3370        22.4088
    8302      16.3998        21.7299
    8303      16.4563        21.7104
    8304      16.3386        22.0764
    8305      16.3965        21.9767
    8306      16.3798        22.2072
    8307      16.3746        22.1593
    8308      16.3624        21.8722
    8309      16.4171        22.2261
    8310      16.3511        21.8275
    8311      16.3447        21.9206
    8312      16.2710        22.1869
    8313      16.3458        22.1211
    8314      16.3209        21.8521
    8315      16.3012        21.7724
    8316      16.3200        21.9125
    8317      16.3789        22.0912
    8318      16.3452        21.7819
    8319      16.3799        22.0843
    8320      16.3290        23.0842
    8321      16.2442        22.0495
    8322      16.3798        22.0954
    8323      16.3667        21.8390
    8324      16.3127        21.7587
    8325      16.3194        21.4271
    8326      16.3047        22.2571
    8327      16.3125        21.6329
    8328      16.3337        21.5587
    8329      16.3191        22.2594
    8330      16.3142        21.7387
    8331      16.3062        21.3257
    8332      16.3612        22.2322
    8333      16.3034        21.8776
    8334      16.3496        21.9826
    8335      16.3551        21.6087
    8336      16.2974        21.9589
    8337      16.3743        21.9140
    8338      16.3334        21.7746
    8339      16.3844        21.7567
    8340      16.3239        21.8539
    8341      16.3640        21.6892
    8342      16.3080        21.6147
    8343      16.3266        22.0246
    8344      16.3220        22.3826
    8345      16.3604        22.1129
    8346      16.4053        22.3227
    8347      16.3474        21.6112
    8348      16.4084        21.5530
    8349      16.3336        21.7200
    8350      16.3572        21.7880
    8351      16.3680        22.3563
    8352      16.3666        21.8551
    8353      16.3948        21.7234
    8354      16.3338        22.4247
    8355      16.3578        22.1538
    8356      16.3707        21.8836
    8357      16.3742        22.8991
    8358      16.4326        22.3160
    8359      16.3775        21.7562
    8360      16.4523        22.5570
    8361      16.4681        22.2287
    8362      16.3879        23.4054
    8363      16.4003        21.6814
    8364      16.3360        21.7092
    8365      16.3471        22.2935
    8366      16.3939        21.9990
    8367      16.3982        22.2907
    8368      16.4129        22.1011
    8369      16.3914        22.8125
    8370      16.3577        22.0480
    8371      16.3735        21.4015
    8372      16.3091        21.5571
    8373      16.3035        21.9224
    8374      16.4282        22.5184
    8375      16.2344        21.4834
    8376      16.3116        22.0814
    8377      16.2952        21.6205
    8378      16.3613        21.5591
    8379      16.3519        22.3134
    8380      16.2761        21.6759
    8381      16.2623        21.7836
    8382      16.2587        21.6461
    8383      16.3287        21.5209
    8384      16.3160        21.5218
    8385      16.2538        22.0786
    8386      16.3016        22.0208
    8387      16.3636        22.3866
    8388      16.3064        21.7255
    8389      16.3940        22.1156
    8390      16.2807        21.6592
    8391      16.3054        22.3540
    8392      16.3232        22.2327
    8393      16.3870        22.0155
    8394      16.2992        22.0831
    8395      16.2995        22.0477
    8396      16.3218        21.9907
    8397      16.3262        22.1694
    8398      16.2345        21.8402
    8399      16.3039        21.9824
    8400      16.3697        22.0993
    8401      16.3359        22.0557
    8402      16.3397        22.2281
    8403      16.3830        22.6002
    8404      16.3789        22.3212
    8405      16.2994        22.3130
    8406      16.2809        21.9197
    8407      16.3694        22.5571
    8408      16.3019        21.9996
    8409      16.3203        22.1866
    8410      16.3388        22.2819
    8411      16.3076        22.1723
    8412      16.3006        21.7117
    8413      16.2929        21.9608
    8414      16.3086        22.5520
    8415      16.4069        22.0364
    8416      16.3639        21.9026
    8417      16.3110        22.1333
    8418      16.3438        21.7592
    8419      16.3157        21.5184
    8420      16.3001        21.6688
    8421      16.3834        21.5944
    8422      16.4263        21.6425
    8423      16.3961        21.6965
    8424      16.4091        22.1128
    8425      16.4022        22.6331
    8426      16.3209        22.0416
    8427      16.3698        21.5513
    8428      16.3272        23.2593
    8429      16.3615        22.2563
    8430      16.4110        22.1021
    8431      16.3196        21.6124
    8432      16.3588        21.3947
    8433      16.4091        21.4240
    8434      16.3893        21.3715
    8435      16.4451        21.9214
    8436      16.4079        22.0020
    8437      16.3425        22.1400
    8438      16.4478        21.8176
    8439      16.2884        21.7628
    8440      16.3241        22.1798
    8441      16.3927        21.9214
    8442      16.3578        21.9360
    8443      16.3959        22.2195
    8444      16.4265        21.7593
    8445      16.3957        21.8564
    8446      16.3079        21.6254
    8447      16.3412        21.9476
    8448      16.3148        21.5485
    8449      16.3615        22.0490
    8450      16.3367        21.9281
    8451      16.3460        22.0219
    8452      16.3030        21.5149
    8453      16.3136        21.6587
    8454      16.4019        21.6620
    8455      16.3032        21.4203
    8456      16.3102        22.0613
    8457      16.3166        21.7930
    8458      16.3643        21.8460
    8459      16.3856        21.8826
    8460      16.2907        21.5568
    8461      16.3196        21.9986
    8462      16.2062        21.9280
    8463      16.3101        21.6728
    8464      16.2682        22.5487
    8465      16.3686        22.6011
    8466      16.3466        22.0053
    8467      16.4275        22.1517
    8468      16.3836        22.1022
    8469      16.3417        22.1834
    8470      16.2566        22.1761
    8471      16.3186        22.0865
    8472      16.3445        22.0666
    8473      16.3599        21.8661
    8474      16.3831        22.1977
    8475      16.4047        22.8018
    8476      16.4579        22.2313
    8477      16.3962        22.2648
    8478      16.2830        22.0524
    8479      16.3677        21.6296
    8480      16.3420        21.8447
    8481      16.3631        21.2796
    8482      16.2947        21.7418
    8483      16.2388        21.9994
    8484      16.3151        21.6054
    8485      16.3644        21.7646
    8486      16.3960        21.4530
    8487      16.3403        21.8864
    8488      16.3850        21.5558
    8489      16.3457        21.6254
    8490      16.3745        21.6397
    8491      16.4027        22.0716
    8492      16.4462        22.3892
    8493      16.4613        22.0515
    8494      16.3191        21.7319
    8495      16.4954        21.9594
    8496      16.4076        21.9783
    8497      16.3209        21.9120
    8498      16.3077        21.8112
    8499      16.3461        21.4002
    8500      16.3019        21.5691
    8501      16.4086        21.6886
    8502      16.3377        21.4260
    8503      16.4225        21.6359
    8504      16.3954        21.6023
    8505      16.4031        21.5727
    8506      16.3698        21.6332
    8507      16.4407        21.0540
    8508      16.3702        21.6162
    8509      16.3662        22.0839
    8510      16.3264        21.0852
    8511      16.3867        21.7034
    8512      16.4840        22.3914
    8513      16.4600        23.4488
    8514      16.4596        23.2803
    8515      16.4459        23.5047
    8516      16.4379        23.0734
    8517      16.3959        23.1918
    8518      16.4709        23.6732
    8519      16.2871        22.4618
    8520      16.4357        22.5290
    8521      16.4270        21.4892
    8522      16.4973        22.7885
    8523      16.4071        22.9956
    8524      16.4631        21.6942
    8525      16.3584        21.2260
    8526      16.4281        21.5329
    8527      16.3188        21.4551
    8528      16.3402        21.6972
    8529      16.3666        21.2639
    8530      16.3971        21.8634
    8531      16.4163        21.9849
    8532      16.4030        23.0424
    8533      16.4305        21.6524
    8534      16.4509        21.8223
    8535      16.3927        22.0913
    8536      16.4645        21.9183
    8537      16.4012        21.8130
    8538      16.4433        22.8432
    8539      16.4784        21.9820
    8540      16.4083        22.1904
    8541      16.4121        22.0210
    8542      16.4119        21.7311
    8543      16.3700        21.9154
    8544      16.4273        21.9782
    8545      16.3537        21.6793
    8546      16.3988        22.2948
    8547      16.3794        22.4398
    8548      16.3632        21.9427
    8549      16.4357        22.1070
    8550      16.4236        21.4136
    8551      16.3774        21.9527
    8552      16.4156        21.3444
    8553      16.3195        21.7426
    8554      16.3733        21.9389
    8555      16.3447        21.1750
    8556      16.3791        21.8540
    8557      16.4110        21.9763
    8558      16.3832        22.1064
    8559      16.3590        21.7753
    8560      16.4117        21.5443
    8561      16.2971        21.4331
    8562      16.3731        21.1688
    8563      16.4422        21.1276
    8564      16.4324        21.8385
    8565      16.4008        21.6270
    8566      16.3197        21.4290
    8567      16.3649        21.3725
    8568      16.3795        22.0315
    8569      16.3793        21.9432
    8570      16.3177        21.3693
    8571      16.3902        21.7959
    8572      16.4031        21.9609
    8573      16.2634        21.5021
    8574      16.3814        21.8288
    8575      16.2859        21.9335
    8576      16.2901        21.5718
    8577      16.3804        20.9965
    8578      16.3663        21.5155
    8579      16.3622        21.3410
    8580      16.3257        21.8282
    8581      16.4297        21.5837
    8582      16.4392        21.5938
    8583      16.4166        22.3843
    8584      16.4093        22.0473
    8585      16.3761        21.5768
    8586      16.4173        21.6875
    8587      16.4171        22.0131
    8588      16.3900        21.8318
    8589      16.4026        21.8042
    8590      16.4253        21.8362
    8591      16.3642        21.9814
    8592      16.3477        22.9170
    8593      16.3675        22.2879
    8594      16.4448        21.5754
    8595      16.4075        22.4507
    8596      16.3672        22.3468
    8597      16.4227        22.0604
    8598      16.3425        21.2066
    8599      16.3223        21.1478
    8600      16.3733        21.4659
    8601      16.3300        21.5717
    8602      16.2714        21.9304
    8603      16.2771        21.7889
    8604      16.3326        21.6904
    8605      16.3013        21.1926
    8606      16.3323        21.8540
    8607      16.4367        22.2403
    8608      16.3461        22.1573
    8609      16.3622        22.1178
    8610      16.4153        21.4008
    8611      16.4072        22.6989
    8612      16.3958        22.1062
    8613      16.3479        22.1139
    8614      16.4335        22.0690
    8615      16.4895        22.3181
    8616      16.3733        22.0373
    8617      16.4054        21.9531
    8618      16.3742        22.0142
    8619      16.3756        21.7214
    8620      16.4371        21.8805
    8621      16.3020        21.2599
    8622      16.3135        21.1091
    8623      16.4236        21.6950
    8624      16.4250        21.7048
    8625      16.4448        21.8117
    8626      16.4496        22.4525
    8627      16.3643        22.3212
    8628      16.4390        22.3000
    8629      16.3881        22.1058
    8630      16.4043        21.6746
    8631      16.3780        22.5075
    8632      16.3205        21.7609
    8633      16.4461        22.5298
    8634      16.3008        21.8559
    8635      16.4590        22.5437
    8636      16.4658        22.2516
    8637      16.4610        21.8399
    8638      16.4317        22.3574
    8639      16.4369        21.5450
    8640      16.4169        22.2182
    8641      16.4827        21.6192
    8642      16.4603        22.4653
    8643      16.4271        21.4373
    8644      16.4761        22.6181
    8645      16.3672        21.9347
    8646      16.4023        22.3462
    8647      16.4185        22.1581
    8648      16.3138        21.8215
    8649      16.4409        21.8822
    8650      16.4642        22.2361
    8651      16.4268        21.8991
    8652      16.3788        21.7303
    8653      16.4101        21.7294
    8654      16.4104        21.7992
    8655      16.3154        21.5332
    8656      16.4320        21.5586
    8657      16.4053        21.9231
    8658      16.4347        21.9905
    8659      16.4124        22.4077
    8660      16.3927        21.8099
    8661      16.3726        22.1652
    8662      16.3875        22.1406
    8663      16.4085        22.2811
    8664      16.3797        22.1919
    8665      16.3943        21.8809
    8666      16.4255        22.6958
    8667      16.3238        21.8059
    8668      16.4321        22.0481
    8669      16.4208        22.1794
    8670      16.4070        22.4650
    8671      16.3552        22.1058
    8672      16.4185        21.7385
    8673      16.4149        22.2083
    8674      16.4411        22.5698
    8675      16.3767        22.4157
    8676      16.3781        21.5587
    8677      16.4627        22.2327
    8678      16.4195        21.9280
    8679      16.3980        21.8204
    8680      16.4639        22.2101
    8681      16.4490        21.8628
    8682      16.3775        22.1743
    8683      16.3552        21.7775
    8684      16.3287        22.1345
    8685      16.4162        22.0727
    8686      16.3747        21.8433
    8687      16.5069        21.8908
    8688      16.3977        22.3052
    8689      16.3717        21.7648
    8690      16.4242        21.7190
    8691      16.4701        22.4384
    8692      16.4091        22.0085
    8693      16.5370        22.0158
    8694      16.4350        22.0963
    8695      16.4477        22.2193
    8696      16.4181        22.0654
    8697      16.3627        21.6684
    8698      16.3800        21.7229
    8699      16.3337        21.9471
    8700      16.4156        22.5124
    8701      16.3814        21.8118
    8702      16.3479        21.9726
    8703      16.3541        22.3694
    8704      16.3740        22.0213
    8705      16.3212        21.9508
    8706      16.3107        21.9214
    8707      16.3728        21.8185
    8708      16.4038        22.5935
    8709      16.4603        22.3297
    8710      16.3134        22.1066
    8711      16.3874        23.1303
    8712      16.3539        22.2899
    8713      16.3928        23.0456
    8714      16.4070        22.1932
    8715      16.3278        22.4725
    8716      16.3992        22.3487
    8717      16.3703        21.6733
    8718      16.3392        22.0993
    8719      16.3859        22.1794
    8720      16.3633        22.5961
    8721      16.3027        21.7498
    8722      16.3364        21.7155
    8723      16.3805        21.7899
    8724      16.3913        21.4408
    8725      16.4167        22.5059
    8726      16.3328        22.0422
    8727      16.3523        22.0661
    8728      16.3397        21.9039
    8729      16.3064        22.0134
    8730      16.3552        22.4087
    8731      16.3116        22.4693
    8732      16.3582        21.6311
    8733      16.3153        21.6780
    8734      16.3641        21.7051
    8735      16.3279        21.9343
    8736      16.4032        21.9053
    8737      16.2598        21.5118
    8738      16.3107        21.6204
    8739      16.3171        21.9958
    8740      16.3517        23.0253
    8741      16.3532        22.5982
    8742      16.3011        21.7960
    8743      16.3626        21.8446
    8744      16.3596        22.0311
    8745      16.3862        22.2470
    8746      16.3234        21.8981
    8747      16.3560        22.2876
    8748      16.3879        22.3173
    8749      16.3031        22.0948
    8750      16.3219        22.2154
    8751      16.3631        22.6060
    8752      16.3429        21.8913
    8753      16.3203        21.7718
    8754      16.3402        21.7321
    8755      16.3219        22.1334
    8756      16.3142        21.7187
    8757      16.3356        21.9792
    8758      16.3819        21.9424
    8759      16.3541        22.2283
    8760      16.3861        22.3931
    8761      16.3560        22.4960
    8762      16.4026        21.9798
    8763      16.3996        22.2313
    8764      16.3331        21.4724
    8765      16.3539        21.8323
    8766      16.3620        22.0276
    8767      16.4355        22.4597
    8768      16.3752        22.2189
    8769      16.4211        22.3433
    8770      16.4779        22.7325
    8771      16.3955        22.0794
    8772      16.4228        22.1492
    8773      16.4262        22.2632
    8774      16.3398        22.7147
    8775      16.4220        22.6144
    8776      16.3646        22.3381
    8777      16.3709        22.1171
    8778      16.3683        21.8944
    8779      16.3467        22.2294
    8780      16.3386        21.8324
    8781      16.2965        21.9016
    8782      16.3894        21.8459
    8783      16.3142        22.4798
    8784      16.3987        21.8018
    8785      16.3788        21.9606
    8786      16.2820        22.0749
    8787      16.3857        22.3345
    8788      16.3756        22.2179
    8789      16.3501        21.8903
    8790      16.3427        22.3691
    8791      16.4459        22.2490
    8792      16.3605        21.9172
    8793      16.4108        21.6039
    8794      16.3988        21.7955
    8795      16.4506        21.7414
    8796      16.4416        21.7766
    8797      16.5020        22.5438
    8798      16.4504        21.7471
    8799      16.4249        21.9646
    8800      16.4381        21.5697
    8801      16.4709        22.1694
    8802      16.4266        22.0494
    8803      16.5120        22.6759
    8804      16.5160        22.2735
    8805      16.4410        22.9178
    8806      16.4271        23.0510
    8807      16.4723        22.3512
    8808      16.3462        22.8892
    8809      16.5113        22.4762
    8810      16.3913        23.2033
    8811      16.3614        23.3561
    8812      16.4387        22.9810
    8813      16.4522        22.4321
    8814      16.4352        22.8665
    8815      16.4608        22.8509
    8816      16.4450        22.2996
    8817      16.4366        23.0956
    8818      16.4250        23.1927
    8819      16.4477        22.9716
    8820      16.4208        23.3673
    8821      16.4818        22.9629
    8822      16.4640        21.8251
    8823      16.4049        21.4766
    8824      16.4353        21.8857
    8825      16.4532        22.1809
    8826      16.4643        22.2042
    8827      16.4832        22.1542
    8828      16.4601        22.4673
    8829      16.4000        22.2171
    8830      16.5224        22.9943
    8831      16.4091        21.6868
    8832      16.3951        22.2036
    8833      16.4033        21.6823
    8834      16.4336        21.8552
    8835      16.4131        22.1731
    8836      16.3455        21.5061
    8837      16.3941        21.8810
    8838      16.3706        21.7919
    8839      16.3036        22.1927
    8840      16.3798        22.6606
    8841      16.2822        21.3186
    8842      16.3620        21.4377
    8843      16.3770        23.5442
    8844      16.3260        21.4662
    8845      16.3734        22.6456
    8846      16.4029        21.9926
    8847      16.3506        21.8705
    8848      16.3553        22.0432
    8849      16.3694        22.2697
    8850      16.3329        21.5416
    8851      16.4326        22.0744
    8852      16.3293        21.9173
    8853      16.4409        22.0178
    8854      16.4014        22.6240
    8855      16.3629        22.1480
    8856      16.3127        22.3143
    8857      16.3909        23.0567
    8858      16.3776        21.7848
    8859      16.3691        21.8333
    8860      16.4224        23.5977
    8861      16.2936        22.0612
    8862      16.4226        23.2700
    8863      16.3813        22.3680
    8864      16.3561        22.2123
    8865      16.3809        22.0554
    8866      16.4455        21.6660
    8867      16.3006        21.9062
    8868      16.3451        22.5804
    8869      16.4135        22.3143
    8870      16.4244        22.9659
    8871      16.3996        21.8863
    8872      16.3124        21.7885
    8873      16.3583        21.6179
    8874      16.4190        21.9971
    8875      16.3903        21.8600
    8876      16.3479        21.6148
    8877      16.3989        22.0239
    8878      16.4116        22.0415
    8879      16.3503        22.2506
    8880      16.4153        21.8515
    8881      16.3312        22.1425
    8882      16.3850        22.2800
    8883      16.3995        21.9552
    8884      16.3449        21.8346
    8885      16.3433        21.6608
    8886      16.4747        22.0663
    8887      16.4255        21.6629
    8888      16.4931        21.6178
    8889      16.4338        22.1660
    8890      16.3671        21.9528
    8891      16.3825        21.7636
    8892      16.3875        22.0983
    8893      16.3752        21.7346
    8894      16.3006        21.5200
    8895      16.3810        21.4981
    8896      16.3582        22.2725
    8897      16.3335        21.5039
    8898      16.3999        21.6868
    8899      16.3793        21.9457
    8900      16.3857        21.6527
    8901      16.3185        21.7680
    8902      16.4313        22.2878
    8903      16.3106        21.6478
    8904      16.3207        21.7017
    8905      16.3597        21.8920
    8906      16.3368        21.6497
    8907      16.3687        22.3652
    8908      16.3712        21.7348
    8909      16.3914        21.4925
    8910      16.4174        21.8927
    8911      16.3638        22.2710
    8912      16.4011        21.5913
    8913      16.3414        22.0983
    8914      16.3717        22.3054
    8915      16.3948        22.2311
    8916      16.3321        22.0167
    8917      16.4109        21.5802
    8918      16.3807        21.4698
    8919      16.4258        22.4352
    8920      16.3981        21.8374
    8921      16.4511        21.8218
    8922      16.3856        22.0084
    8923      16.3761        22.0355
    8924      16.4362        22.1656
    8925      16.4348        21.9594
    8926      16.3821        22.0889
    8927      16.4338        22.3381
    8928      16.3822        22.2027
    8929      16.3867        22.2373
    8930      16.4626        22.3593
    8931      16.3908        21.9668
    8932      16.3835        22.4652
    8933      16.4278        22.4978
    8934      16.3473        23.2553
    8935      16.3315        22.0310
    8936      16.3478        21.6109
    8937      16.3588        21.5459
    8938      16.3221        21.4589
    8939      16.3673        21.7108
    8940      16.3594        22.2831
    8941      16.2487        21.7415
    8942      16.2814        21.6677
    8943      16.3353        21.8474
    8944      16.4119        21.9927
    8945      16.3315        22.2062
    8946      16.3741        21.7533
    8947      16.3692        22.1693
    8948      16.2904        21.8563
    8949      16.3614        21.7268
    8950      16.4504        22.1485
    8951      16.4158        21.6478
    8952      16.2944        21.7337
    8953      16.3647        21.5576
    8954      16.2960        21.3771
    8955      16.3414        21.6292
    8956      16.3187        21.6979
    8957      16.3565        21.9760
    8958      16.4097        22.0768
    8959      16.4034        21.6944
    8960      16.4355        22.0389
    8961      16.3370        21.9409
    8962      16.4103        21.1307
    8963      16.4206        22.0739
    8964      16.3776        22.0728
    8965      16.3850        22.1583
    8966      16.3879        21.6078
    8967      16.3815        22.4329
    8968      16.4030        21.8237
    8969      16.3203        21.7287
    8970      16.3385        20.7456
    8971      16.3029        21.3396
    8972      16.4303        21.7372
    8973      16.3732        21.9975
    8974      16.3598        21.9489
    8975      16.4073        21.5292
    8976      16.3790        22.2064
    8977      16.3617        21.4944
    8978      16.4530        21.8346
    8979      16.3121        21.3922
    8980      16.3411        22.2525
    8981      16.3530        21.6631
    8982      16.3798        21.6927
    8983      16.3898        21.8200
    8984      16.3657        22.3596
    8985      16.3682        21.8238
    8986      16.3535        21.3818
    8987      16.4033        21.9615
    8988      16.3715        21.6488
    8989      16.3926        22.0301
    8990      16.4142        22.1151
    8991      16.3681        21.9494
    8992      16.3872        22.0794
    8993      16.3975        21.6391
    8994      16.4336        22.1226
    8995      16.3380        21.8770
    8996      16.4064        21.9499
    8997      16.3495        22.0131
    8998      16.3925        22.3936
    8999      16.3107        21.6416
    9000      16.2905        21.5598
    9001      16.4391        21.9262
    9002      16.4427        21.7010
    9003      16.3604        21.4673
    9004      16.3709        22.3420
    9005      16.3188        21.9026
    9006      16.2665        21.4040
    9007      16.3443        21.5485
    9008      16.4340        22.2426
    9009      16.3347        21.9550
    9010      16.3260        21.1739
    9011      16.3511        21.9364
    9012      16.3736        23.4544
    9013      16.4148        23.1346
    9014      16.3167        21.3652
    9015      16.3733        21.9794
    9016      16.4067        21.9866
    9017      16.3878        21.5106
    9018      16.3530        21.8586
    9019      16.4003        22.3218
    9020      16.3873        22.0106
    9021      16.3996        22.0466
    9022      16.4287        22.1157
    9023      16.3444        21.8915
    9024      16.3810        22.0577
    9025      16.3433        22.2155
    9026      16.3924        21.6143
    9027      16.3292        22.3299
    9028      16.3129        22.3109
    9029      16.3477        22.0346
    9030      16.3324        21.8201
    9031      16.3092        24.0649
    9032      16.3437        23.2746
    9033      16.3484        22.7903
    9034      16.2717        22.7441
    9035      16.4347        22.0847
    9036      16.3946        23.0322
    9037      16.3589        22.6009
    9038      16.3426        22.2359
    9039      16.4014        23.6675
    9040      16.4135        22.5337
    9041      16.3111        24.3547
    9042      16.3394        24.1448
    9043      16.4134        23.8328
    9044      16.4094        23.8075
    9045      16.4683        23.5116
    9046      16.3870        22.7830
    9047      16.3487        22.9294
    9048      16.3883        23.4613
    9049      16.3810        21.9960
    9050      16.3820        21.9848
    9051      16.3794        21.9787
    9052      16.3056        21.5941
    9053      16.3537        21.1495
    9054      16.3239        21.8261
    9055      16.3608        21.5877
    9056      16.3557        21.9381
    9057      16.3253        21.7979
    9058      16.3548        21.6880
    9059      16.3368        21.8652
    9060      16.3805        21.7903
    9061      16.2992        21.4779
    9062      16.4356        22.1512
    9063      16.3761        21.5525
    9064      16.3833        21.5175
    9065      16.3749        22.0629
    9066      16.4292        21.8236
    9067      16.4837        22.1995
    9068      16.3227        22.1335
    9069      16.3438        22.0537
    9070      16.3803        21.5878
    9071      16.2764        22.0942
    9072      16.3478        22.1545
    9073      16.3482        21.3531
    9074      16.3474        22.3014
    9075      16.3554        21.8034
    9076      16.3498        21.7203
    9077      16.3650        21.7654
    9078      16.3725        21.3462
    9079      16.3328        21.4501
    9080      16.3754        21.8506
    9081      16.3635        21.8298
    9082      16.4661        21.8941
    9083      16.3108        21.9724
    9084      16.3267        22.0070
    9085      16.3260        22.1305
    9086      16.3291        21.9812
    9087      16.3272        21.7356
    9088      16.3497        22.4219
    9089      16.3363        21.5618
    9090      16.3527        21.7976
    9091      16.3265        21.8992
    9092      16.2660        21.9148
    9093      16.2780        21.4387
    9094      16.3073        21.7704
    9095      16.3138        22.3010
    9096      16.3810        22.5214
    9097      16.3948        22.2370
    9098      16.3409        21.6209
    9099      16.3691        22.1572
    9100      16.3958        21.7654
    9101      16.4952        22.9651
    9102      16.4243        20.9517
    9103      16.3412        21.5313
    9104      16.4586        21.9540
    9105      16.3689        21.3305
    9106      16.3776        22.0215
    9107      16.3482        21.4913
    9108      16.2888        21.3554
    9109      16.3483        22.5266
    9110      16.3586        21.4311
    9111      16.2697        21.4775
    9112      16.3916        21.4308
    9113      16.3646        21.5180
    9114      16.4399        21.4462
    9115      16.3051        20.9307
    9116      16.3138        21.8669
    9117      16.4030        22.1254
    9118      16.4067        21.9568
    9119      16.3460        21.4294
    9120      16.2884        21.6242
    9121      16.3565        22.3244
    9122      16.2792        21.7237
    9123      16.2581        22.1293
    9124      16.2387        21.9226
    9125      16.2740        21.3629
    9126      16.3116        21.5308
    9127      16.3426        21.3196
    9128      16.3770        21.8493
    9129      16.2804        21.4135
    9130      16.2797        21.5603
    9131      16.2958        21.2355
    9132      16.3142        21.2867
    9133      16.3588        21.5991
    9134      16.2782        21.2005
    9135      16.3172        21.2159
    9136      16.3060        20.9542
    9137      16.2725        21.4829
    9138      16.3234        21.7499
    9139      16.3179        21.6558
    9140      16.3512        22.0431
    9141      16.3010        21.6350
    9142      16.3613        21.6619
    9143      16.3527        21.5426
    9144      16.3266        21.6602
    9145      16.2876        22.1389
    9146      16.3207        21.7181
    9147      16.3784        21.8310
    9148      16.3044        22.1776
    9149      16.2746        22.4071
    9150      16.2591        21.3655
    9151      16.3343        21.8291
    9152      16.3199        21.7876
    9153      16.2936        21.7294
    9154      16.3831        21.3959
    9155      16.3555        21.6039
    9156      16.3580        22.1776
    9157      16.3409        22.0093
    9158      16.2985        21.9538
    9159      16.3684        21.4550
    9160      16.2961        21.8919
    9161      16.3104        21.3836
    9162      16.3143        21.4204
    9163      16.3609        22.3734
    9164      16.3463        22.0914
    9165      16.4066        21.7410
    9166      16.4548        21.9885
    9167      16.3655        21.8378
    9168      16.3017        21.4977
    9169      16.2722        21.4150
    9170      16.3645        21.9789
    9171      16.2334        21.1349
    9172      16.3183        21.8594
    9173      16.3373        22.2363
    9174      16.2536        22.0389
    9175      16.4186        21.8869
    9176      16.3815        21.9946
    9177      16.3408        22.4129
    9178      16.2557        22.0360
    9179      16.3478        21.3331
    9180      16.2461        21.6788
    9181      16.3595        21.9676
    9182      16.2892        22.1693
    9183      16.2979        21.1713
    9184      16.2981        21.8654
    9185      16.4315        21.4238
    9186      16.3280        21.6306
    9187      16.3719        21.7912
    9188      16.3731        21.6911
    9189      16.2973        21.2773
    9190      16.2785        21.4058
    9191      16.3175        21.7525
    9192      16.3115        21.1735
    9193      16.2343        20.7572
    9194      16.2307        22.0509
    9195      16.2612        21.5105
    9196      16.2447        21.3717
    9197      16.2208        21.7443
    9198      16.2543        21.8396
    9199      16.2416        21.2817
    9200      16.2422        21.7237
    9201      16.3578        21.6253
    9202      16.2829        21.6407
    9203      16.3416        21.7604
    9204      16.3560        22.3656
    9205      16.2869        21.3514
    9206      16.2280        21.6152
    9207      16.1979        21.5757
    9208      16.2943        21.9041
    9209      16.2990        22.1567
    9210      16.3080        22.1040
    9211      16.3540        21.9008
    9212      16.3170        21.8195
    9213      16.2365        21.8091
    9214      16.3388        21.5144
    9215      16.3254        21.7778
    9216      16.2819        21.8550
    9217      16.2970        21.8089
    9218      16.2451        21.5713
    9219      16.2857        22.3378
    9220      16.2096        21.4920
    9221      16.2486        21.8111
    9222      16.3069        21.6129
    9223      16.3593        21.8620
    9224      16.3378        22.2286
    9225      16.2788        21.6016
    9226      16.2494        21.7455
    9227      16.2143        22.5471
    9228      16.2728        22.4040
    9229      16.2401        21.4952
    9230      16.3362        22.2065
    9231      16.3197        21.7283
    9232      16.2505        22.1834
    9233      16.3210        21.8287
    9234      16.3456        22.0644
    9235      16.3458        22.0922
    9236      16.2925        21.9291
    9237      16.3638        21.8910
    9238      16.3092        22.0562
    9239      16.2786        21.8596
    9240      16.3570        21.5175
    9241      16.3183        21.8724
    9242      16.2989        21.9458
    9243      16.3176        22.1028
    9244      16.3289        22.0529
    9245      16.3458        21.6602
    9246      16.2972        21.6674
    9247      16.2761        21.7852
    9248      16.2663        22.3386
    9249      16.2517        21.5574
    9250      16.2573        21.4175
    9251      16.2891        21.9929
    9252      16.3189        22.3574
    9253      16.3231        22.0504
    9254      16.3223        22.3586
    9255      16.3125        22.0506
    9256      16.3248        22.0449
    9257      16.3498        21.5167
    9258      16.3446        21.9670
    9259      16.2753        21.7110
    9260      16.3422        22.0833
    9261      16.2532        21.1667
    9262      16.2343        21.5153
    9263      16.2856        21.7130
    9264      16.2100        20.8990
    9265      16.2451        21.8903
    9266      16.2606        21.3827
    9267      16.2326        21.1412
    9268      16.3280        21.7426
    9269      16.2800        21.2849
    9270      16.2703        21.7318
    9271      16.2656        21.5140
    9272      16.3550        21.5706
    9273      16.3676        21.9868
    9274      16.3894        21.8691
    9275      16.2672        21.4570
    9276      16.2566        20.9682
    9277      16.4314        22.0563
    9278      16.3860        21.3185
    9279      16.3688        21.8663
    9280      16.4112        22.2637
    9281      16.3776        21.4871
    9282      16.2981        21.8036
    9283      16.3136        21.7361
    9284      16.3638        22.1127
    9285      16.3033        22.0080
    9286      16.3823        21.6661
    9287      16.4164        22.1241
    9288      16.3291        21.6451
    9289      16.3135        21.9053
    9290      16.3177        21.5736
    9291      16.3279        21.2942
    9292      16.2855        21.7566
    9293      16.3084        21.5358
    9294      16.2560        22.0676
    9295      16.4230        22.2485
    9296      16.2242        21.1438
    9297      16.2367        21.6117
    9298      16.3017        21.1274
    9299      16.2601        21.7458
    9300      16.2707        21.1263
    9301      16.2903        21.6734
    9302      16.3194        22.1559
    9303      16.2998        21.6098
    9304      16.3213        21.6146
    9305      16.3434        21.8187
    9306      16.2868        22.1910
    9307      16.3143        21.4128
    9308      16.3676        21.3394
    9309      16.3075        21.6458
    9310      16.2744        21.5923
    9311      16.3385        21.4950
    9312      16.2684        21.6224
    9313      16.3841        22.3081
    9314      16.3533        22.2043
    9315      16.3160        22.1929
    9316      16.3147        21.3922
    9317      16.3028        21.7145
    9318      16.2676        22.2891
    9319      16.3225        22.4581
    9320      16.3301        21.7969
    9321      16.2119        21.6661
    9322      16.2415        21.5061
    9323      16.3821        21.9150
    9324      16.3480        21.8376
    9325      16.3600        21.8701
    9326      16.3441        21.5841
    9327      16.3151        21.6185
    9328      16.3474        21.4688
    9329      16.3462        22.0810
    9330      16.4085        21.6354
    9331      16.2633        21.8945
    9332      16.2625        21.4136
    9333      16.3262        21.6758
    9334      16.2683        21.4212
    9335      16.2931        21.6635
    9336      16.2842        21.2428
    9337      16.1969        21.8689
    9338      16.2989        22.1142
    9339      16.3232        21.7214
    9340      16.3278        22.4067
    9341      16.3101        22.1908
    9342      16.3757        22.2664
    9343      16.3489        22.1302
    9344      16.2012        21.0250
    9345      16.2775        21.4772
    9346      16.3226        21.9633
    9347      16.3713        22.1004
    9348      16.3778        22.2597
    9349      16.2854        22.3875
    9350      16.3250        22.3720
    9351      16.3408        22.2794
    9352      16.3055        21.6030
    9353      16.3065        21.6134
    9354      16.2696        21.6800
    9355      16.3927        22.2451
    9356      16.3183        21.9171
    9357      16.3225        21.6419
    9358      16.3500        22.2899
    9359      16.2274        21.7223
    9360      16.2816        21.8910
    9361      16.3281        21.6477
    9362      16.2674        21.9852
    9363      16.3123        21.4970
    9364      16.2505        21.4759
    9365      16.3364        21.7105
    9366      16.3050        21.8332
    9367      16.2789        21.5835
    9368      16.2870        21.7157
    9369      16.3191        22.0741
    9370      16.2987        22.0756
    9371      16.3485        21.9742
    9372      16.4320        21.9540
    9373      16.3638        22.4108
    9374      16.3199        21.8999
    9375      16.4037        21.9841
    9376      16.3577        21.7771
    9377      16.3239        21.5654
    9378      16.3606        21.7747
    9379      16.3742        22.0518
    9380      16.2792        22.5547
    9381      16.2773        21.6589
    9382      16.3221        21.8060
    9383      16.2874        21.3734
    9384      16.3424        22.5684
    9385      16.3583        22.3204
    9386      16.2755        22.0943
    9387      16.3313        22.1802
    9388      16.2447        21.6707
    9389      16.2752        21.7215
    9390      16.2775        21.5342
    9391      16.3211        21.6360
    9392      16.3447        21.8843
    9393      16.2502        21.7760
    9394      16.3106        21.7644
    9395      16.3250        22.0912
    9396      16.3330        21.5301
    9397      16.2064        21.3618
    9398      16.3033        21.4655
    9399      16.3988        21.8919
    9400      16.2314        20.9184
    9401      16.3256        22.0425
    9402      16.3270        21.3674
    9403      16.3099        21.4181
    9404      16.2887        22.1579
    9405      16.2920        21.9696
    9406      16.2607        21.8605
    9407      16.3840        22.0914
    9408      16.3106        21.6612
    9409      16.3795        21.9520
    9410      16.3609        21.5451
    9411      16.3283        21.7380
    9412      16.3535        21.9186
    9413      16.2803        21.3615
    9414      16.3617        21.6697
    9415      16.3209        21.7996
    9416      16.4129        22.2732
    9417      16.4346        22.0960
    9418      16.5067        22.0083
    9419      16.4470        22.3143
    9420      16.3605        21.6369
    9421      16.4853        22.0635
    9422      16.3560        21.9219
    9423      16.3187        21.2451
    9424      16.4759        22.3553
    9425      16.4248        21.9015
    9426      16.4258        21.8923
    9427      16.3797        21.6391
    9428      16.2806        21.8870
    9429      16.2843        21.5617
    9430      16.4333        22.2557
    9431      16.3868        21.7221
    9432      16.3172        21.5979
    9433      16.3797        22.5312
    9434      16.3648        22.2952
    9435      16.3657        21.5550
    9436      16.3543        21.7168
    9437      16.2837        21.7194
    9438      16.3047        21.3604
    9439      16.2662        21.5948
    9440      16.3960        22.0157
    9441      16.3360        21.4342
    9442      16.3560        21.7173
    9443      16.3699        21.9032
    9444      16.3394        21.9484
    9445      16.2937        21.4486
    9446      16.3548        21.7096
    9447      16.3475        21.7842
    9448      16.3709        22.0112
    9449      16.2978        21.5727
    9450      16.2916        21.3323
    9451      16.3547        21.9517
    9452      16.2841        21.5755
    9453      16.3180        21.3592
    9454      16.3695        21.8770
    9455      16.2982        21.9673
    9456      16.3764        21.9817
    9457      16.3255        21.6311
    9458      16.3174        22.4076
    9459      16.3294        22.4755
    9460      16.3257        22.1730
    9461      16.3928        22.0066
    9462      16.3363        21.8021
    9463      16.3667        22.1461
    9464      16.2572        21.8606
    9465      16.3865        21.8778
    9466      16.3522        21.7335
    9467      16.2775        21.7037
    9468      16.2820        21.5310
    9469      16.3044        21.7560
    9470      16.3302        21.3240
    9471      16.2345        21.3866
    9472      16.2416        21.4724
    9473      16.3276        21.3432
    9474      16.3432        21.5096
    9475      16.3466        22.1036
    9476      16.3627        21.4868
    9477      16.3044        21.8159
    9478      16.3073        21.5564
    9479      16.3763        21.4465
    9480      16.3093        21.7400
    9481      16.3642        22.2244
    9482      16.3197        22.4503
    9483      16.3457        22.3968
    9484      16.2883        21.5784
    9485      16.3230        21.7780
    9486      16.2997        21.4826
    9487      16.3588        21.9456
    9488      16.3660        22.2763
    9489      16.3475        21.7063
    9490      16.3050        22.4818
    9491      16.3633        21.7122
    9492      16.3694        22.1727
    9493      16.3856        21.9208
    9494      16.3047        21.6862
    9495      16.3727        21.9129
    9496      16.3426        21.7517
    9497      16.3621        21.8253
    9498      16.3150        21.6749
    9499      16.3530        21.8108
    9500      16.3035        21.6696
    9501      16.2362        21.3353
    9502      16.3955        22.4097
    9503      16.3366        22.0341
    9504      16.3511        21.7832
    9505      16.3586        21.5843
    9506      16.3175        21.7938
    9507      16.3055        22.1428
    9508      16.3457        21.9626
    9509      16.3112        21.4742
    9510      16.3150        21.3458
    9511      16.2920        21.4589
    9512      16.3557        22.0767
    9513      16.3982        21.4679
    9514      16.2896        21.7803
    9515      16.3178        21.4660
    9516      16.3607        22.0708
    9517      16.3983        22.0697
    9518      16.4170        22.1489
    9519      16.3170        22.3286
    9520      16.4090        21.7898
    9521      16.3394        21.6810
    9522      16.2759        22.0833
    9523      16.3590        21.9345
    9524      16.2109        21.9787
    9525      16.3366        22.0500
    9526      16.2700        22.0928
    9527      16.3149        21.6929
    9528      16.3657        21.6831
    9529      16.3623        21.9566
    9530      16.2530        21.3610
    9531      16.3351        21.3620
    9532      16.3455        22.1043
    9533      16.3534        21.5388
    9534      16.3436        21.5510
    9535      16.3271        21.3860
    9536      16.3382        21.9218
    9537      16.2992        21.8398
    9538      16.3220        21.9374
    9539      16.3128        21.6618
    9540      16.2761        21.8333
    9541      16.3153        22.5191
    9542      16.3031        21.5836
    9543      16.3354        22.2619
    9544      16.2093        21.3995
    9545      16.3083        22.0878
    9546      16.2598        21.7065
    9547      16.3321        21.8456
    9548      16.3303        22.0416
    9549      16.3030        22.1215
    9550      16.2722        21.5132
    9551      16.2370        21.9210
    9552      16.3046        21.9204
    9553      16.3104        22.1106
    9554      16.3266        21.9827
    9555      16.3653        22.1531
    9556      16.3749        21.9354
    9557      16.4106        21.6623
    9558      16.3803        21.6284
    9559      16.2722        21.8100
    9560      16.2720        21.5193
    9561      16.3482        21.6112
    9562      16.3600        21.2862
    9563      16.3052        21.3368
    9564      16.3812        22.2677
    9565      16.3476        21.9446
    9566      16.3350        21.8760
    9567      16.2873        21.3573
    9568      16.3456        21.2255
    9569      16.3736        22.2752
    9570      16.4046        22.4059
    9571      16.4366        22.3628
    9572      16.2514        21.7055
    9573      16.3006        21.6454
    9574      16.3675        21.5998
    9575      16.3289        21.9197
    9576      16.3008        21.9581
    9577      16.3965        22.3058
    9578      16.3107        22.0065
    9579      16.3275        21.9239
    9580      16.3033        21.5733
    9581      16.3475        21.7157
    9582      16.3915        21.6818
    9583      16.3643        22.5895
    9584      16.3266        21.2559
    9585      16.4250        21.3378
    9586      16.3469        21.0601
    9587      16.3615        22.1852
    9588      16.3348        22.2471
    9589      16.3993        22.0369
    9590      16.3527        22.3418
    9591      16.3383        21.7437
    9592      16.3223        21.1519
    9593      16.2687        22.1265
    9594      16.3143        22.3086
    9595      16.3300        21.9951
    9596      16.2990        21.8860
    9597      16.3175        21.3293
    9598      16.3665        22.1867
    9599      16.3675        21.6587
    9600      16.4079        22.9884
    9601      16.3407        21.8278
    9602      16.2965        21.9904
    9603      16.2441        22.3559
    9604      16.3235        21.5593
    9605      16.4307        21.7843
    9606      16.4288        22.7502
    9607      16.4040        21.5848
    9608      16.3998        22.0504
    9609      16.4310        22.0179
    9610      16.3420        21.9159
    9611      16.3602        21.7121
    9612      16.4294        21.5522
    9613      16.4262        21.4747
    9614      16.4255        21.4483
    9615      16.4463        21.9458
    9616      16.4014        21.9014
    9617      16.4479        21.9515
    9618      16.3179        21.4431
    9619      16.3848        21.1479
    9620      16.4190        22.2266
    9621      16.4047        22.1314
    9622      16.4059        22.4794
    9623      16.4368        22.0426
    9624      16.3481        21.7992
    9625      16.4299        22.6443
    9626      16.3935        22.3868
    9627      16.3718        21.7761
    9628      16.4223        22.7522
    9629      16.3793        21.5683
    9630      16.4180        22.2034
    9631      16.4261        21.7658
    9632      16.3471        21.7793
    9633      16.4209        21.9741
    9634      16.4139        22.8068
    9635      16.3168        22.0104
    9636      16.3415        22.7066
    9637      16.3998        21.8429
    9638      16.3464        21.7196
    9639      16.2951        21.7697
    9640      16.3847        21.5945
    9641      16.2973        22.2060
    9642      16.3553        22.1448
    9643      16.2976        21.7274
    9644      16.3396        21.8301
    9645      16.3285        22.1275
    9646      16.3417        21.9279
    9647      16.3056        21.9285
    9648      16.2675        21.6666
    9649      16.3751        22.5201
    9650      16.3199        21.6624
    9651      16.4191        22.3604
    9652      16.3128        21.4606
    9653      16.3580        21.7200
    9654      16.3762        21.8804
    9655      16.3646        21.8883
    9656      16.3327        21.7907
    9657      16.3524        21.5647
    9658      16.2631        21.5048
    9659      16.4095        22.2654
    9660      16.4028        22.9664
    9661      16.3666        21.9869
    9662      16.3982        21.8276
    9663      16.3793        21.6384
    9664      16.2690        21.4061
    9665      16.3462        22.3238
    9666      16.2904        22.1531
    9667      16.2167        21.9390
    9668      16.3555        22.1650
    9669      16.3138        21.8699
    9670      16.3096        22.0321
    9671      16.2620        22.1021
    9672      16.3148        22.1593
    9673      16.3072        22.3226
    9674      16.2783        21.9313
    9675      16.2286        21.3430
    9676      16.3959        22.1564
    9677      16.3350        21.8272
    9678      16.3237        21.7634
    9679      16.3087        21.8338
    9680      16.2609        21.4460
    9681      16.3089        21.6694
    9682      16.3267        21.8724
    9683      16.3942        22.2511
    9684      16.3180        22.0163
    9685      16.2752        22.0171
    9686      16.3202        21.2513
    9687      16.3864        22.2860
    9688      16.2801        21.4814
    9689      16.3046        21.9364
    9690      16.3407        22.2189
    9691      16.3152        22.2039
    9692      16.3930        21.6540
    9693      16.3849        21.9390
    9694      16.3088        21.7157
    9695      16.2964        21.8617
    9696      16.3181        21.9389
    9697      16.3519        21.3483
    9698      16.3388        21.8275
    9699      16.3157        21.9817
    9700      16.2682        21.8077
    9701      16.2935        22.1373
    9702      16.3211        21.7273
    9703      16.3132        21.5161
    9704      16.3261        22.0304
    9705      16.2532        21.7537
    9706      16.2543        21.7015
    9707      16.2362        21.3956
    9708      16.3833        22.0448
    9709      16.3095        22.3821
    9710      16.3257        21.2825
    9711      16.3276        21.8288
    9712      16.3042        21.8898
    9713      16.2932        21.6773
    9714      16.2656        22.0855
    9715      16.2968        21.5137
    9716      16.3053        21.6440
    9717      16.3144        21.6888
    9718      16.3089        22.3602
    9719      16.2981        21.2615
    9720      16.3250        21.6369
    9721      16.3620        21.9063
    9722      16.3206        22.5394
    9723      16.3885        21.9786
    9724      16.2832        21.9777
    9725      16.3850        21.7676
    9726      16.2680        21.6381
    9727      16.2984        21.5676
    9728      16.3633        21.8976
    9729      16.3541        22.0934
    9730      16.2798        21.5791
    9731      16.2727        21.6156
    9732      16.3497        21.4970
    9733      16.3881        22.5499
    9734      16.3900        21.6662
    9735      16.3599        21.4915
    9736      16.3069        21.9448
    9737      16.2903        21.5043
    9738      16.3381        22.0688
    9739      16.2462        21.7630
    9740      16.3225        22.0169
    9741      16.3297        21.6846
    9742      16.3386        21.7438
    9743      16.3773        22.0534
    9744      16.3416        21.4067
    9745      16.2219        21.4389
    9746      16.2605        21.8219
    9747      16.3158        21.7858
    9748      16.3069        22.1037
    9749      16.2740        22.0968
    9750      16.3374        21.9204
    9751      16.3468        22.1358
    9752      16.3947        22.0326
    9753      16.3030        21.6138
    9754      16.3233        21.3258
    9755      16.3005        21.2872
    9756      16.3474        21.3135
    9757      16.3658        21.5125
    9758      16.3541        21.4249
    9759      16.3868        21.6734
    9760      16.3302        21.7035
    9761      16.3562        21.9148
    9762      16.3034        21.9520
    9763      16.2628        21.1011
    9764      16.3297        21.9518
    9765      16.3354        21.2528
    9766      16.3406        21.3719
    9767      16.3066        21.6883
    9768      16.3834        22.0531
    9769      16.3399        21.4556
    9770      16.3456        21.7410
    9771      16.3695        23.2732
    9772      16.3172        22.2809
    9773      16.4477        21.9583
    9774      16.3668        22.0344
    9775      16.3893        22.0791
    9776      16.3684        22.7494
    9777      16.3679        22.0933
    9778      16.3807        22.8564
    9779      16.3473        22.6705
    9780      16.4475        22.2926
    9781      16.4087        22.4046
    9782      16.3536        22.0111
    9783      16.3467        21.3457
    9784      16.2723        22.0619
    9785      16.2821        21.9575
    9786      16.2594        21.8039
    9787      16.3848        22.2583
    9788      16.3527        21.7773
    9789      16.4201        22.0400
    9790      16.3955        21.6426
    9791      16.4134        22.3639
    9792      16.3722        21.6942
    9793      16.3228        22.3464
    9794      16.3712        21.4488
    9795      16.4113        21.5391
    9796      16.3563        21.7550
    9797      16.3815        21.2946
    9798      16.3805        22.0586
    9799      16.3523        21.3624
    9800      16.3624        21.4499
    9801      16.4084        21.6435
    9802      16.3130        20.9670
    9803      16.4154        21.7477
    9804      16.3537        21.6859
    9805      16.3940        22.6506
    9806      16.3205        21.4235
    9807      16.3242        22.0713
    9808      16.3372        22.0029
    9809      16.3944        22.2492
    9810      16.4041        21.8539
    9811      16.4004        21.8030
    9812      16.3202        21.8561
    9813      16.2684        21.7154
    9814      16.3046        21.2275
    9815      16.3048        21.3099
    9816      16.3638        21.9545
    9817      16.3209        21.2740
    9818      16.3445        21.8529
    9819      16.3310        21.9428
    9820      16.3485        21.9956
    9821      16.4402        21.5952
    9822      16.4159        21.6779
    9823      16.4406        22.1539
    9824      16.3834        21.6600
    9825      16.4172        22.4028
    9826      16.4300        22.5892
    9827      16.3901        21.6551
    9828      16.2956        21.3386
    9829      16.3364        22.1016
    9830      16.4048        21.6762
    9831      16.3886        21.4025
    9832      16.3201        21.5511
    9833      16.4124        22.3751
    9834      16.3152        22.1684
    9835      16.3488        22.1084
    9836      16.3198        21.7814
    9837      16.3529        22.3350
    9838      16.4049        21.5891
    9839      16.4149        22.1830
    9840      16.3215        22.2525
    9841      16.3045        21.5593
    9842      16.3409        21.8308
    9843      16.3503        21.9867
    9844      16.3074        21.4951
    9845      16.3640        21.5586
    9846      16.3728        21.6687
    9847      16.3893        21.5008
    9848      16.4369        21.6463
    9849      16.3303        21.6575
    9850      16.3942        22.3907
    9851      16.3728        22.3246
    9852      16.3162        22.3201
    9853      16.3682        22.0026
    9854      16.2872        21.6303
    9855      16.3306        21.3985
    9856      16.3163        21.6858
    9857      16.2420        21.5970
    9858      16.3630        22.1631
    9859      16.3211        21.6389
    9860      16.2361        21.5012
    9861      16.3014        21.5128
    9862      16.3242        21.7721
    9863      16.2815        21.8190
    9864      16.2949        21.7202
    9865      16.2907        21.4767
    9866      16.2807        21.2642
    9867      16.1998        20.8712
    9868      16.2851        21.8708
    9869      16.2592        21.3043
    9870      16.2989        21.3867
    9871      16.3230        21.8296
    9872      16.3883        22.5150
    9873      16.2449        21.2012
    9874      16.3256        21.8746
    9875      16.3543        21.6821
    9876      16.2535        21.8084
    9877      16.2353        22.1210
    9878      16.3865        22.3556
    9879      16.3271        21.6190
    9880      16.3145        21.9206
    9881      16.2962        22.1643
    9882      16.2794        21.9123
    9883      16.2849        21.6042
    9884      16.3445        21.6418
    9885      16.3143        21.9456
    9886      16.2996        22.0411
    9887      16.2632        21.5077
    9888      16.4028        22.0771
    9889      16.3102        22.1475
    9890      16.3000        22.0833
    9891      16.2438        21.7467
    9892      16.2352        21.6451
    9893      16.2907        22.0101
    9894      16.2538        21.8531
    9895      16.2818        21.4621
    9896      16.2641        21.8905
    9897      16.2916        21.7794
    9898      16.2349        21.6669
    9899      16.2654        21.1737
    9900      16.3066        21.9360
    9901      16.2881        22.0495
    9902      16.3771        21.7271
    9903      16.2975        21.8828
    9904      16.2985        21.7687
    9905      16.3622        21.8285
    9906      16.2727        21.8453
    9907      16.2607        22.0864
    9908      16.2474        21.9919
    9909      16.3567        22.1505
    9910      16.2848        21.3835
    9911      16.3233        21.6614
    9912      16.2843        22.1936
    9913      16.3886        21.7720
    9914      16.3373        21.6908
    9915      16.3452        21.9958
    9916      16.3228        21.8331
    9917      16.3596        21.8903
    9918      16.4341        22.0924
    9919      16.3583        21.4375
    9920      16.3573        22.1120
    9921      16.3879        22.0154
    9922      16.3907        21.8929
    9923      16.3208        21.3563
    9924      16.4334        21.5268
    9925      16.3718        21.7256
    9926      16.3104        21.7521
    9927      16.3457        21.3265
    9928      16.2730        22.1972
    9929      16.3760        21.9542
    9930      16.3088        21.4835
    9931      16.3303        21.9378
    9932      16.2698        21.2246
    9933      16.3263        22.0701
    9934      16.3558        22.3180
    9935      16.3272        22.3999
    9936      16.3079        22.1551
    9937      16.3093        22.4598
    9938      16.3857        22.3727
    9939      16.3798        21.9911
    9940      16.3377        21.4409
    9941      16.3710        22.0132
    9942      16.2956        21.9853
    9943      16.3076        21.6942
    9944      16.3329        21.8290
    9945      16.3268        21.9276
    9946      16.3069        22.2844
    9947      16.2764        21.7146
    9948      16.5116        22.3105
    9949      16.3743        21.7249
    9950      16.3731        21.8618
    9951      16.4057        22.4400
    9952      16.4081        22.0406
    9953      16.3382        22.0497
    9954      16.3724        21.7975
    9955      16.4036        21.8188
    9956      16.3438        21.4409
    9957      16.3356        21.7986
    9958      16.3158        22.2921
    9959      16.3728        21.8095
    9960      16.3711        21.1475
    9961      16.3188        22.1454
    9962      16.3252        22.1303
    9963      16.3621        22.0056
    9964      16.3391        22.1056
    9965      16.3588        21.9851
    9966      16.3598        22.2418
    9967      16.2920        22.0371
    9968      16.3198        21.9335
    9969      16.3506        21.7859
    9970      16.3772        21.9381
    9971      16.3840        22.2221
    9972      16.3947        22.0024
    9973      16.3549        21.7053
    9974      16.3771        21.8334
    9975      16.3780        21.9583
    9976      16.3402        21.8646
    9977      16.2812        22.1194
    9978      16.3544        22.1550
    9979      16.3057        22.0344
    9980      16.2835        21.6598
    9981      16.3693        21.5918
    9982      16.3234        21.7653
    9983      16.2924        22.2795
    9984      16.3225        21.9049
    9985      16.2764        21.8387
    9986      16.3648        21.9095
    9987      16.4779        22.0586
    9988      16.3051        21.6043
    9989      16.2716        21.3770
    9990      16.3173        22.1389
    9991      16.2886        21.9450
    9992      16.3307        21.9492
    9993      16.3103        22.1742
    9994      16.3287        21.6762
    9995      16.3843        22.3996
    9996      16.2852        22.1488
    9997      16.2972        21.6888
    9998      16.4539        22.2576
    9999      16.3678        21.8428
   10000      16.3788        22.0870
   10001      16.3580        22.1546
   10002      16.4056        22.0669
   10003      16.3371        21.6476
   10004      16.3331        22.2775
   10005      16.3816        21.9417
   10006      16.3974        22.1595
   10007      16.3274        22.3894
   10008      16.3167        22.5765
   10009      16.3691        22.3791
   10010      16.3487        21.8476
   10011      16.3786        22.0825
   10012      16.3531        21.8858
   10013      16.4454        22.2263
   10014      16.4042        22.2360
   10015      16.3728        21.7126
   10016      16.3786        22.0366
   10017      16.3843        21.8339
   10018      16.2979        21.7207
   10019      16.3058        21.2745
   10020      16.3954        21.8628
   10021      16.3373        21.7782
   10022      16.3503        21.9924
   10023      16.3285        22.3128
   10024      16.4161        22.4680
   10025      16.3246        21.5184
   10026      16.3317        21.8813
   10027      16.3895        22.1772
   10028      16.4055        21.9080
   10029      16.3711        22.5560
   10030      16.3885        21.6898
   10031      16.3916        21.7528
   10032      16.3491        22.2503
   10033      16.4050        21.5607
   10034      16.3515        21.7111
   10035      16.4352        21.8403
   10036      16.3515        22.2445
   10037      16.3356        21.4478
   10038      16.3729        21.6022
   10039      16.4016        21.8288
   10040      16.3764        21.7775
   10041      16.3532        21.3671
   10042      16.3252        22.0194
   10043      16.3541        21.6461
   10044      16.3708        22.1709
   10045      16.4003        22.1854
   10046      16.3017        21.7321
   10047      16.3649        21.8371
   10048      16.3963        21.7508
   10049      16.3095        21.7566
   10050      16.3300        22.3484
   10051      16.3585        22.1891
   10052      16.4248        22.1453
   10053      16.4287        22.0762
   10054      16.3973        22.1420
   10055      16.3585        21.9567
   10056      16.3910        21.5872
   10057      16.3670        22.0096
   10058      16.3879        21.7451
   10059      16.4179        21.7377
   10060      16.3931        22.5672
   10061      16.4031        21.7139
   10062      16.3851        21.9434
   10063      16.3343        21.4859
   10064      16.3539        21.8285
   10065      16.3746        21.8489
   10066      16.4332        21.8465
   10067      16.3485        21.6933
   10068      16.3406        21.2365
   10069      16.3669        21.3426
   10070      16.3760        21.8419
   10071      16.2943        21.2161
   10072      16.3530        22.2071
   10073      16.3523        21.3960
   10074      16.3767        22.0216
   10075      16.4176        22.0952
   10076      16.3547        21.5368
   10077      16.3266        21.6541
   10078      16.2776        21.3987
   10079      16.3626        22.0644
   10080      16.4060        21.8959
   10081      16.4023        21.9971
   10082      16.3852        21.9146
   10083      16.3255        21.9652
   10084      16.3715        21.9732
   10085      16.3451        21.6430
   10086      16.2792        21.8214
   10087      16.4100        22.0098
   10088      16.3283        21.6624
   10089      16.3577        21.4311
   10090      16.3163        21.4665
   10091      16.3163        21.7835
   10092      16.3001        21.7837
   10093      16.3799        22.2176
   10094      16.3351        22.3275
   10095      16.3185        21.5494
   10096      16.3779        22.0765
   10097      16.3881        21.9361
   10098      16.4787        22.3397
   10099      16.3362        22.0540
   10100      16.3855        22.2158
   10101      16.4148        21.7874
   10102      16.3451        21.9852
   10103      16.3522        21.7707
   10104      16.3183        21.9539
   10105      16.3904        21.8017
   10106      16.4401        21.6734
   10107      16.3817        21.7952
   10108      16.3752        21.3690
   10109      16.3750        21.4799
   10110      16.3782        21.7547
   10111      16.3324        21.8456
   10112      16.4131        21.9648
   10113      16.3569        21.8034
   10114      16.4116        21.8260
   10115      16.3799        22.0048
   10116      16.3656        21.5681
   10117      16.3489        21.5359
   10118      16.3284        21.8799
   10119      16.3965        21.6371
   10120      16.3178        21.9850
   10121      16.3063        21.6574
   10122      16.3654        22.3225
   10123      16.3737        21.5912
   10124      16.3461        21.5706
   10125      16.3918        22.2915
   10126      16.3056        21.9357
   10127      16.3651        21.7061
   10128      16.3841        21.8729
   10129      16.3597        22.2585
   10130      16.3609        22.1029
   10131      16.3961        21.9284
   10132      16.3258        21.3832
   10133      16.3825        21.4537
   10134      16.3534        21.9968
   10135      16.3771        21.8037
   10136      16.3688        22.9350
   10137      16.3708        22.1357
   10138      16.4276        21.3256
   10139      16.3830        21.4824
   10140      16.3726        22.1394
   10141      16.4379        22.1413
   10142      16.3503        22.2283
   10143      16.3951        22.4670
   10144      16.3977        21.9286
   10145      16.3809        22.3214
   10146      16.3595        22.4844
   10147      16.3542        22.4665
   10148      16.3157        22.0438
   10149      16.4162        22.6524
   10150      16.3346        22.0294
   10151      16.3781        21.4821
   10152      16.4380        22.2864
   10153      16.4076        22.1922
   10154      16.3558        22.2050
   10155      16.4399        22.1361
   10156      16.4055        22.6301
   10157      16.4490        22.3124
   10158      16.3904        21.5325
   10159      16.4592        22.6084
   10160      16.4496        22.2155
   10161      16.3320        22.0744
   10162      16.3104        21.6473
   10163      16.3650        22.7330
   10164      16.4141        22.2485
   10165      16.4193        22.6827
   10166      16.3569        22.4506
   10167      16.3615        22.2208
   10168      16.3885        22.3119
   10169      16.3466        22.3801
   10170      16.3953        22.4437
   10171      16.4279        21.9538
   10172      16.3095        21.9440
   10173      16.3876        21.7388
   10174      16.3927        22.1099
   10175      16.4000        21.9980
   10176      16.4431        22.1466
   10177      16.4637        23.0302
   10178      16.4943        22.3329
   10179      16.4388        22.4448
   10180      16.4680        22.5525
   10181      16.4630        22.1880
   10182      16.4063        22.2099
   10183      16.4653        21.8488
   10184      16.3856        21.6744
   10185      16.4078        22.1135
   10186      16.4673        21.8398
   10187      16.3502        21.9326
   10188      16.2988        21.6482
   10189      16.4243        21.8552
   10190      16.3599        21.9016
   10191      16.4159        22.0904
   10192      16.3154        22.3194
   10193      16.4369        22.7070
   10194      16.4374        22.2163
   10195      16.3586        22.3031
   10196      16.4202        22.1262
   10197      16.4075        22.2207
   10198      16.3687        21.8482
   10199      16.3895        22.0415
   10200      16.4081        22.0948
   10201      16.3681        22.0239
   10202      16.3682        21.6126
   10203      16.4079        22.3503
   10204      16.3426        21.4170
   10205      16.3825        21.5924
   10206      16.3196        21.8363
   10207      16.3330        21.9203
   10208      16.3807        22.0299
   10209      16.3761        22.1253
   10210      16.3447        22.3898
   10211      16.3397        22.1297
   10212      16.3961        21.7513
   10213      16.3319        22.0976
   10214      16.3492        22.1000
   10215      16.3158        22.0047
   10216      16.3172        22.6208
   10217      16.3568        22.4639
   10218      16.3278        22.0148
   10219      16.4019        23.1453
   10220      16.3061        22.6855
   10221      16.3247        22.9663
   10222      16.3617        22.4499
   10223      16.3642        21.6649
   10224      16.3397        22.3146
   10225      16.4187        22.4038
   10226      16.4057        22.3855
   10227      16.4861        22.3655
   10228      16.3126        22.3243
   10229      16.3234        21.8463
   10230      16.4017        22.1038
   10231      16.2826        21.7804
   10232      16.3873        22.2687
   10233      16.2327        21.2053
   10234      16.3066        22.2285
   10235      16.3353        21.8487
   10236      16.3189        21.5563
   10237      16.2786        22.0540
   10238      16.3203        21.9247
   10239      16.3190        21.6526
   10240      16.3860        21.7649
   10241      16.3591        21.8821
   10242      16.2877        22.5306
   10243      16.3243        22.1010
   10244      16.3614        21.5667
   10245      16.3698        21.8781
   10246      16.3167        22.2010
   10247      16.2905        21.5151
   10248      16.2995        21.8634
   10249      16.3402        22.7848
   10250      16.2672        21.1577
   10251      16.3775        22.1150
   10252      16.3366        22.0120
   10253      16.3455        22.1618
   10254      16.3973        21.5650
   10255      16.3244        21.8578
   10256      16.3000        21.9148
   10257      16.3130        21.3660
   10258      16.3417        22.2497
   10259      16.3082        21.8193
   10260      16.3869        21.9791
   10261      16.3958        22.4385
   10262      16.3373        21.3925
   10263      16.3001        21.4011
   10264      16.3310        21.5918
   10265      16.2399        22.2964
   10266      16.3138        22.4105
   10267      16.3638        22.4535
   10268      16.2429        21.5848
   10269      16.3130        21.8658
   10270      16.3306        21.8332
   10271      16.3735        22.7983
   10272      16.3629        22.0036
   10273      16.3082        21.7585
   10274      16.3456        21.7692
   10275      16.4323        22.7051
   10276      16.3368        22.1647
   10277      16.4233        22.3841
   10278      16.3984        22.1261
   10279      16.3580        22.1960
   10280      16.3930        22.2107
   10281      16.3654        21.9991
   10282      16.3445        22.2640
   10283      16.3895        21.8107
   10284      16.3226        21.2411
   10285      16.2666        21.6300
   10286      16.3954        21.6176
   10287      16.3702        22.1601
   10288      16.3693        21.7465
   10289      16.3845        22.0789
   10290      16.3195        22.0943
   10291      16.3636        21.6782
   10292      16.3417        21.8144
   10293      16.4347        21.3688
   10294      16.3714        21.9297
   10295      16.4058        21.9103
   10296      16.3492        21.8648
   10297      16.4102        21.9848
   10298      16.3226        21.5478
   10299      16.2685        21.3179
   10300      16.3674        21.8594
   10301      16.3188        21.6702
   10302      16.2702        21.0872
   10303      16.2595        21.6853
   10304      16.3627        22.0002
   10305      16.3228        21.5859
   10306      16.2963        21.8697
   10307      16.2533        22.0549
   10308      16.2675        21.9862
   10309      16.2805        21.9149
   10310      16.3256        22.3271
   10311      16.2614        22.1131
   10312      16.2581        21.4818
   10313      16.2710        21.6105
   10314      16.3156        22.0284
   10315      16.3013        22.4154
   10316      16.3377        21.9612
   10317      16.2636        21.7724
   10318      16.3252        21.7060
   10319      16.3941        21.3708
   10320      16.3362        21.4105
   10321      16.3176        21.6608
   10322      16.2979        21.6680
   10323      16.2796        21.7169
   10324      16.2425        21.8842
   10325      16.3397        22.0897
   10326      16.3420        22.1284
   10327      16.3262        21.9174
   10328      16.2860        21.4912
   10329      16.3706        21.8941
   10330      16.3906        21.7768
   10331      16.4187        22.3401
   10332      16.2827        21.9289
   10333      16.2828        21.4481
   10334      16.2615        21.7269
   10335      16.2744        21.5533
   10336      16.2831        22.1196
   10337      16.3299        22.3865
   10338      16.3728        22.4980
   10339      16.3921        22.5690
   10340      16.3860        22.1611
   10341      16.2724        21.8499
   10342      16.3106        22.0593
   10343      16.3616        22.3996
   10344      16.3737        21.9883
   10345      16.3698        22.3967
   10346      16.4074        22.0849
   10347      16.3190        21.8322
   10348      16.3607        22.4082
   10349      16.4043        22.9544
   10350      16.3323        21.5996
   10351      16.3417        22.1395
   10352      16.3722        22.0764
   10353      16.2680        21.4021
   10354      16.3028        21.7281
   10355      16.3121        22.2171
   10356      16.3902        22.2636
   10357      16.3956        22.2263
   10358      16.3851        22.0862
   10359      16.3172        21.5866
   10360      16.3885        21.7833
   10361      16.4045        21.8580
   10362      16.3603        22.1434
   10363      16.3263        22.1254
   10364      16.4463        22.1104
   10365      16.4013        22.2497
   10366      16.4145        22.4930
   10367      16.4215        22.2545
   10368      16.3711        21.7130
   10369      16.3330        21.8036
   10370      16.3388        21.6381
   10371      16.3933        21.9560
   10372      16.3291        22.0185
   10373      16.3809        22.1514
   10374      16.3643        22.4512
   10375      16.3521        21.9404
   10376      16.3479        21.7047
   10377      16.3400        21.4889
   10378      16.3597        21.5589
   10379      16.3081        21.4645
   10380      16.3777        21.7509
   10381      16.3155        21.3554
   10382      16.3798        22.1169
   10383      16.3868        21.3912
   10384      16.3896        22.5397
   10385      16.3762        21.6850
   10386      16.3912        21.9528
   10387      16.4054        21.9817
   10388      16.3746        21.3932
   10389      16.3676        21.8309
   10390      16.3973        22.1471
   10391      16.4357        22.3847
   10392      16.3274        21.8329
   10393      16.3563        21.5089
   10394      16.4151        22.8231
   10395      16.4952        22.4863
   10396      16.4588        21.8830
   10397      16.4024        21.8844
   10398      16.3516        21.9394
   10399      16.4637        22.4793
   10400      16.3992        21.4674
   10401      16.3128        21.7270
   10402      16.4308        22.4816
   10403      16.3587        22.0627
   10404      16.3693        22.0235
   10405      16.3679        21.6888
   10406      16.4021        21.9572
   10407      16.3756        21.8879
   10408      16.3392        21.9608
   10409      16.4033        22.4489
   10410      16.4163        22.2747
   10411      16.4142        22.6008
   10412      16.4469        22.8029
   10413      16.3991        22.4073
   10414      16.3277        21.7660
   10415      16.3003        21.5539
   10416      16.4396        22.8570
   10417      16.2995        21.6773
   10418      16.3782        22.3011
   10419      16.4482        22.3840
   10420      16.4540        22.5956
   10421      16.3991        22.3707
   10422      16.2966        22.4997
   10423      16.2918        21.6383
   10424      16.3322        22.5384
   10425      16.3879        21.9729
   10426      16.3605        22.7125
   10427      16.3323        22.2720
   10428      16.3651        22.4072
   10429      16.3690        22.1138
   10430      16.3150        22.1014
   10431      16.3503        22.1296
   10432      16.3675        22.0955
   10433      16.4007        21.9316
   10434      16.3292        22.6262
   10435      16.3133        22.1358
   10436      16.3525        21.8828
   10437      16.3798        22.3524
   10438      16.3299        21.9942
   10439      16.2843        22.0036
   10440      16.3760        21.9238
   10441      16.3726        21.9625
   10442      16.3415        21.6676
   10443      16.2872        21.8997
   10444      16.2769        22.1435
   10445      16.3058        22.0081
   10446      16.2992        22.3835
   10447      16.3156        22.1767
   10448      16.4075        21.7430
   10449      16.2856        21.3725
   10450      16.3790        21.8473
   10451      16.4717        22.0952
   10452      16.5208        22.4804
   10453      16.4599        21.5614
   10454      16.4486        22.0640
   10455      16.3361        21.4295
   10456      16.3312        22.0030
   10457      16.3933        21.9389
   10458      16.3947        22.0084
   10459      16.4008        22.2941
   10460      16.3991        22.1153
   10461      16.3986        22.0266
   10462      16.3992        21.7564
   10463      16.3200        22.0971
   10464      16.3556        21.4656
   10465      16.3514        21.8427
   10466      16.3958        22.0824
   10467      16.3700        22.1251
   10468      16.3026        21.9244
   10469      16.3451        22.0454
   10470      16.4367        21.9516
   10471      16.3659        21.9865
   10472      16.3197        22.6178
   10473      16.3584        21.6676
   10474      16.3881        22.5304
   10475      16.3601        22.4514
   10476      16.4038        22.6156
   10477      16.4243        22.3519
   10478      16.4582        22.9129
   10479      16.3715        22.6609
   10480      16.3374        22.2994
   10481      16.3362        21.6016
   10482      16.2644        21.8118
   10483      16.3232        21.8017
   10484      16.3635        22.1400
   10485      16.3021        21.7615
   10486      16.3775        21.8339
   10487      16.3430        22.1288
   10488      16.3880        22.3468
   10489      16.3097        22.0675
   10490      16.3766        22.2539
   10491      16.3660        21.6993
   10492      16.4428        21.7149
   10493      16.3918        22.1864
   10494      16.3774        22.5302
   10495      16.3619        21.8738
   10496      16.3911        21.6655
   10497      16.4221        22.1624
   10498      16.3293        21.8268
   10499      16.3725        21.8357
   10500      16.4107        22.3917
   10501      16.4185        22.1201
   10502      16.5178        22.6042
   10503      16.4527        21.9611
   10504      16.4635        21.9555
   10505      16.4649        22.2480
   10506      16.4202        22.3785
   10507      16.4270        22.6107
   10508      16.4584        22.3324
   10509      16.3721        22.8114
   10510      16.4056        21.7817
   10511      16.4011        22.1072
   10512      16.3602        21.8828
   10513      16.3479        22.2346
   10514      16.3710        21.3137
   10515      16.3633        21.9735
   10516      16.4064        22.0183
   10517      16.3265        21.7494
   10518      16.3651        21.7874
   10519      16.4971        22.3876
   10520      16.5711        21.9416
   10521      16.4324        22.5165
   10522      16.4205        21.9268
   10523      16.4141        22.4713
   10524      16.3393        21.8603
   10525      16.3699        21.6327
   10526      16.3882        21.9834
   10527      16.3779        22.0454
   10528      16.4716        22.5906
   10529      16.4157        21.5716
   10530      16.4490        21.8881
   10531      16.4838        21.8586
   10532      16.3527        21.4756
   10533      16.4591        21.7760
   10534      16.3710        21.9891
   10535      16.3769        21.5025
   10536      16.3650        21.3863
   10537      16.4153        22.1842
   10538      16.3997        21.9444
   10539      16.3928        21.8382
   10540      16.4102        21.7259
   10541      16.3677        22.1113
   10542      16.3983        22.3512
   10543      16.4380        22.6491
   10544      16.3419        21.7242
   10545      16.3610        22.2700
   10546      16.3693        22.0756
   10547      16.3680        21.7438
   10548      16.3780        22.0945
   10549      16.3686        21.3150
   10550      16.3348        22.1940
   10551      16.3955        21.4597
   10552      16.3746        22.4481
   10553      16.3869        22.2406
   10554      16.4285        21.7334
   10555      16.4046        21.6986
   10556      16.3693        22.2180
   10557      16.3361        21.5187
   10558      16.3613        21.7956
   10559      16.3467        21.9664
   10560      16.3900        22.3394
   10561      16.4099        21.6493
   10562      16.3985        22.0869
   10563      16.4017        21.8075
   10564      16.3904        21.9487
   10565      16.4458        22.1738
   10566      16.3722        21.8983
   10567      16.3576        21.7704
   10568      16.3896        22.0459
   10569      16.3894        21.7379
   10570      16.3314        22.0699
   10571      16.4055        21.7905
   10572      16.3295        21.7995
   10573      16.3936        22.2602
   10574      16.3254        22.0184
   10575      16.4486        22.1435
   10576      16.4509        22.2435
   10577      16.4297        21.8088
   10578      16.4177        22.1641
   10579      16.4618        22.3754
   10580      16.4111        22.3362
   10581      16.3701        22.3101
   10582      16.3745        22.2118
   10583      16.2884        21.7978
   10584      16.3622        21.5441
   10585      16.4290        22.5207
   10586      16.4785        22.8877
   10587      16.4502        22.4070
   10588      16.3709        22.0083
   10589      16.4291        22.3096
   10590      16.4302        22.8000
   10591      16.3350        21.9793
   10592      16.3641        21.4994
   10593      16.3732        22.3090
   10594      16.3740        21.8524
   10595      16.4035        22.3607
   10596      16.3211        21.9758
   10597      16.4137        21.9515
   10598      16.3975        22.4149
   10599      16.4484        22.1879
   10600      16.4686        22.9749
   10601      16.4206        22.2011
   10602      16.3754        22.0810
   10603      16.4076        21.9119
   10604      16.4905        22.7871
   10605      16.4004        21.8842
   10606      16.5300        21.9660
   10607      16.4281        22.3360
   10608      16.4981        22.8684
   10609      16.4405        22.4898
   10610      16.4353        22.4146
   10611      16.4521        22.2905
   10612      16.4308        22.2471
   10613      16.5435        22.5162
   10614      16.4680        22.0993
   10615      16.3893        22.0506
   10616      16.4343        22.3914
   10617      16.4636        22.1492
   10618      16.5077        22.0693
   10619      16.4441        22.8114
   10620      16.4138        22.0586
   10621      16.4802        22.3258
   10622      16.4225        21.9794
   10623      16.4962        21.8554
   10624      16.4804        22.3784
   10625      16.4550        22.7846
   10626      16.5284        22.7873
   10627      16.5262        22.2288
   10628      16.4170        21.4801
   10629      16.5056        21.9337
   10630      16.4417        21.6339
   10631      16.3837        22.2747
   10632      16.4496        22.3621
   10633      16.4301        22.3222
   10634      16.4104        22.1017
   10635      16.4115        21.6287
   10636      16.4381        22.1517
   10637      16.4654        22.2047
   10638      16.4727        22.0931
   10639      16.4051        21.9855
   10640      16.4017        22.1652
   10641      16.3891        22.0955
   10642      16.4164        22.4035
   10643      16.3371        21.8766
   10644      16.4378        22.4954
   10645      16.4575        22.4335
   10646      16.5119        22.3491
   10647      16.4485        22.3026
   10648      16.5218        22.6235
   10649      16.5405        22.2505
   10650      16.4361        22.1414
   10651      16.4098        21.7536
   10652      16.3757        21.8614
   10653      16.3961        22.0518
   10654      16.4326        21.9683
   10655      16.4195        22.3535
   10656      16.4252        22.1796
   10657      16.3988        21.8450
   10658      16.3899        21.6034
   10659      16.3798        21.4258
   10660      16.4752        21.9158
   10661      16.4523        22.0658
   10662      16.4301        22.3818
   10663      16.3951        21.8427
   10664      16.4564        21.5738
   10665      16.4180        21.7491
   10666      16.4225        22.0674
   10667      16.3746        21.7888
   10668      16.3481        21.4535
   10669      16.4066        22.3768
   10670      16.4421        22.1743
   10671      16.4148        22.0743
   10672      16.4036        22.1061
   10673      16.4065        22.0236
   10674      16.4185        21.6950
   10675      16.3810        22.0829
   10676      16.3765        21.7671
   10677      16.4003        21.9155
   10678      16.4267        21.8804
   10679      16.4376        22.1786
   10680      16.4138        22.0862
   10681      16.4785        22.2807
   10682      16.3732        21.7313
   10683      16.4467        21.6168
   10684      16.3554        22.4931
   10685      16.3484        22.2367
   10686      16.2925        21.5733
   10687      16.3370        21.6954
   10688      16.4101        21.8413
   10689      16.3530        22.1065
   10690      16.2913        21.6255
   10691      16.3051        21.8830
   10692      16.3043        21.4674
   10693      16.2983        22.0129
   10694      16.3162        22.2887
   10695      16.2822        21.4989
   10696      16.2849        22.0956
   10697      16.2574        21.7467
   10698      16.3076        21.8703
   10699      16.3034        22.3915
   10700      16.2737        21.5693
   10701      16.3802        22.1892
   10702      16.3627        21.7545
   10703      16.3670        21.7081
   10704      16.3204        21.8094
   10705      16.3645        21.9108
   10706      16.3088        21.6230
   10707      16.2667        21.4744
   10708      16.3761        21.7531
   10709      16.3579        21.9848
   10710      16.3691        22.1441
   10711      16.3908        21.8174
   10712      16.3855        22.1693
   10713      16.3838        21.5097
   10714      16.4090        22.4939
   10715      16.4370        21.8755
   10716      16.3987        22.1100
   10717      16.3913        22.1677
   10718      16.4089        22.5246
   10719      16.3717        22.2805
   10720      16.3558        22.0388
   10721      16.3419        21.9851
   10722      16.4411        21.8845
   10723      16.4277        22.7148
   10724      16.3883        22.1979
   10725      16.3296        22.1380
   10726      16.4063        21.9987
   10727      16.3643        21.8736
   10728      16.4195        22.0625
   10729      16.3673        21.8568
   10730      16.3178        21.8677
   10731      16.3163        22.0255
   10732      16.3017        21.8220
   10733      16.3413        22.1993
   10734      16.3928        22.4036
   10735      16.3339        22.2649
   10736      16.3818        21.8729
   10737      16.3499        21.9700
   10738      16.3297        21.7485
   10739      16.3529        21.8071
   10740      16.3410        22.3255
   10741      16.3469        21.9586
   10742      16.3375        22.3906
   10743      16.4097        22.3837
   10744      16.3299        22.2734
   10745      16.3248        21.6742
   10746      16.4008        22.4229
   10747      16.2900        21.8557
   10748      16.3510        22.0822
   10749      16.3747        21.9666
   10750      16.3565        21.5951
   10751      16.3371        21.9993
   10752      16.3068        21.9150
   10753      16.3553        22.1984
   10754      16.3625        21.7596
   10755      16.3381        22.0042
   10756      16.3291        21.7909
   10757      16.3087        22.7272
   10758      16.3443        22.0308
   10759      16.2714        21.5906
   10760      16.2701        21.3067
   10761      16.2884        21.6712
   10762      16.3237        21.3813
   10763      16.2888        21.8607
   10764      16.3243        21.0856
   10765      16.2529        21.8897
   10766      16.3024        21.9212
   10767      16.3031        21.8538
   10768      16.3038        22.1530
   10769      16.3282        21.7164
   10770      16.3705        22.3995
   10771      16.3351        21.8704
   10772      16.3764        22.0349
   10773      16.2981        21.5938
   10774      16.3035        21.8294
   10775      16.3369        21.5331
   10776      16.3399        21.3718
   10777      16.3340        22.0038
   10778      16.3111        21.8382
   10779      16.3917        22.7735
   10780      16.3781        21.9725
   10781      16.3610        22.1467
   10782      16.3646        21.8940
   10783      16.2761        21.4614
   10784      16.3509        21.8501
   10785      16.3387        21.7910
   10786      16.3406        22.2571
   10787      16.3358        21.9668
   10788      16.3000        21.5684
   10789      16.3885        21.8212
   10790      16.3483        21.8832
   10791      16.3266        21.8790
   10792      16.3538        22.0755
   10793      16.3515        21.9151
   10794      16.3303        21.6648
   10795      16.3722        21.6967
   10796      16.4118        22.2821
   10797      16.3684        22.4968
   10798      16.3400        22.1219
   10799      16.4401        21.8692
   10800      16.4119        21.9314
   10801      16.3735        21.6442
   10802      16.3466        21.3547
   10803      16.4126        21.7755
   10804      16.4165        22.4652
   10805      16.3556        22.0592
   10806      16.4030        22.0803
   10807      16.4671        21.7041
   10808      16.4134        22.4569
   10809      16.3694        22.3106
   10810      16.3347        21.8502
   10811      16.3573        21.8229
   10812      16.3863        22.5959
   10813      16.4081        22.7549
   10814      16.4180        22.1820
   10815      16.4284        21.8525
   10816      16.4124        21.8630
   10817      16.4221        22.4494
   10818      16.3562        21.7936
   10819      16.3597        21.9207
   10820      16.3360        22.1719
   10821      16.3536        22.0831
   10822      16.3699        22.1424
   10823      16.3665        22.5025
   10824      16.3013        21.7584
   10825      16.3675        21.9691
   10826      16.3625        21.7911
   10827      16.3877        22.4963
   10828      16.3807        21.5313
   10829      16.3407        22.1917
   10830      16.5051        22.2112
   10831      16.3485        21.7873
   10832      16.4283        21.9567
   10833      16.4180        21.9142
   10834      16.3787        22.0299
   10835      16.3530        22.1295
   10836      16.3379        21.9798
   10837      16.4571        21.8730
   10838      16.4307        22.4987
   10839      16.3588        22.0185
   10840      16.3522        22.2032
   10841      16.4075        22.8382
   10842      16.4145        21.8327
   10843      16.4005        22.8649
   10844      16.3778        22.0559
   10845      16.4032        22.4426
   10846      16.3338        21.9687
   10847      16.3562        21.9786
   10848      16.3875        22.1734
   10849      16.3752        22.1675
   10850      16.4481        21.8708
   10851      16.3752        22.1853
   10852      16.4397        22.0895
   10853      16.4097        21.9587
   10854      16.3333        21.7704
   10855      16.3849        21.6285
   10856      16.4020        22.1286
   10857      16.4182        22.1279
   10858      16.3910        21.9076
   10859      16.3651        21.8426
   10860      16.3052        21.8876
   10861      16.3705        22.1836
   10862      16.4087        21.9782
   10863      16.3906        22.0103
   10864      16.3496        22.0825
   10865      16.3218        21.9662
   10866      16.3393        21.9413
   10867      16.3546        21.9804
   10868      16.3657        22.2319
   10869      16.3874        22.3599
   10870      16.3213        21.2595
   10871      16.3655        21.9754
   10872      16.3389        21.4047
   10873      16.3609        21.9196
   10874      16.3838        21.8085
   10875      16.3181        21.5998
   10876      16.4068        22.0382
   10877      16.3711        21.8364
   10878      16.4561        21.8947
   10879      16.5024        22.1297
   10880      16.4668        21.1710
   10881      16.3594        21.6651
   10882      16.3047        21.5879
   10883      16.3262        21.4642
   10884      16.3911        21.5744
   10885      16.4017        21.6992
   10886      16.3157        21.3029
   10887      16.3574        21.5980
   10888      16.4027        22.0979
   10889      16.4019        22.2326
   10890      16.3037        23.0988
   10891      16.3767        21.7115
   10892      16.4648        22.2006
   10893      16.3487        22.2495
   10894      16.4493        21.7548
   10895      16.3516        21.9729
   10896      16.4011        21.7005
   10897      16.3469        21.2148
   10898      16.3987        21.4271
   10899      16.4048        21.8410
   10900      16.3160        21.6370
   10901      16.3446        21.3525
   10902      16.3583        22.1923
   10903      16.2894        21.7050
   10904      16.3216        21.3563
   10905      16.4121        22.0450
   10906      16.4019        21.6852
   10907      16.4047        21.6844
   10908      16.3570        21.9040
   10909      16.4100        22.0536
   10910      16.4753        22.4079
   10911      16.4169        21.6926
   10912      16.4920        21.8319
   10913      16.4105        21.8765
   10914      16.3658        21.8243
   10915      16.4039        22.3428
   10916      16.4629        21.7390
   10917      16.4102        21.5200
   10918      16.4837        22.1436
   10919      16.4128        21.6922
   10920      16.4199        22.1603
   10921      16.4149        21.5656
   10922      16.4241        21.7125
   10923      16.4528        21.9089
   10924      16.4138        21.4998
   10925      16.3288        21.5577
   10926      16.4454        21.8003
   10927      16.4639        22.0361
   10928      16.3482        21.5118
   10929      16.3890        21.6711
   10930      16.4463        21.6854
   10931      16.3626        21.8213
   10932      16.4217        21.5581
   10933      16.4015        22.6155
   10934      16.4094        22.3961
   10935      16.3501        22.1830
   10936      16.4020        22.5141
   10937      16.3276        22.2456
   10938      16.3771        22.3196
   10939      16.4024        22.2072
   10940      16.3870        22.9497
   10941      16.4093        22.5362
   10942      16.3167        21.8026
   10943      16.3255        22.6810
   10944      16.3713        22.6321
   10945      16.4303        21.9030
   10946      16.3505        22.2734
   10947      16.4444        22.7357
   10948      16.4094        22.5765
   10949      16.3852        21.9155
   10950      16.4652        22.2590
   10951      16.4490        22.5422
   10952      16.4147        22.2182
   10953      16.4414        22.7112
   10954      16.4279        21.9591
   10955      16.4347        22.1160
   10956      16.3441        21.6783
   10957      16.4518        22.9449
   10958      16.3852        22.4521
   10959      16.3252        22.2372
   10960      16.3612        22.6039
   10961      16.4181        22.4122
   10962      16.4037        21.7027
   10963      16.3490        22.1261
   10964      16.4619        22.6590
   10965      16.5098        22.7821
   10966      16.4767        22.7827
   10967      16.3553        22.1572
   10968      16.3721        22.4626
   10969      16.3623        22.1291
   10970      16.3707        22.1338
   10971      16.3575        22.4892
   10972      16.3086        21.8723
   10973      16.3169        22.2922
   10974      16.3781        22.0660
   10975      16.3734        22.3315
   10976      16.3146        22.1569
   10977      16.3678        22.1187
   10978      16.2648        22.0173
   10979      16.3751        21.8547
   10980      16.3600        22.6454
   10981      16.3767        22.3248
   10982      16.3901        22.3961
   10983      16.3697        21.7016
   10984      16.3630        22.2540
   10985      16.3645        22.0182
   10986      16.3694        21.8829
   10987      16.3161        21.6380
   10988      16.3955        21.5620
   10989      16.3516        21.8629
   10990      16.4349        21.3821
   10991      16.4167        21.7679
   10992      16.4301        21.9246
   10993      16.3818        21.6441
   10994      16.3269        21.8694
   10995      16.3313        21.2324
   10996      16.4437        22.1662
   10997      16.3772        21.9636
   10998      16.3599        21.8989
   10999      16.3956        22.1146
   11000      16.3398        21.8417
   11001      16.2975        21.5521
   11002      16.4032        22.5222
   11003      16.3906        22.4193
   11004      16.4230        22.6498
   11005      16.3402        22.0821
   11006      16.3417        22.6449
   11007      16.4611        22.3709
   11008      16.3697        22.0612
   11009      16.4336        22.2553
   11010      16.3835        22.5348
   11011      16.4243        21.9802
   11012      16.3386        22.2740
   11013      16.3378        22.2070
   11014      16.4377        23.1568
   11015      16.4206        22.5796
   11016      16.4414        22.3667
   11017      16.3583        22.1025
   11018      16.4002        21.6112
   11019      16.4370        22.1476
   11020      16.3442        22.3474
   11021      16.4686        22.3007
   11022      16.3997        22.1254
   11023      16.3836        21.9033
   11024      16.4987        22.4713
   11025      16.3063        21.7709
   11026      16.3908        22.2355
   11027      16.4253        22.4648
   11028      16.3759        21.5744
   11029      16.4356        21.6951
   11030      16.4936        22.3055
   11031      16.3894        21.6064
   11032      16.3867        22.3798
   11033      16.4069        22.2214
   11034      16.3701        22.0841
   11035      16.3528        22.1907
   11036      16.4402        22.1871
   11037      16.3723        21.8525
   11038      16.4361        22.5042
   11039      16.4045        21.9239
   11040      16.3678        22.3107
   11041      16.4207        22.5314
   11042      16.4190        22.0758
   11043      16.3907        22.5468
   11044      16.4348        22.0031
   11045      16.3593        22.2305
   11046      16.3616        22.8767
   11047      16.4283        22.6929
   11048      16.3880        22.4143
   11049      16.2712        21.9009
   11050      16.4356        22.0978
   11051      16.3807        22.0745
   11052      16.4199        21.8327
   11053      16.4193        21.8502
   11054      16.4153        21.9694
   11055      16.3753        21.8047
   11056      16.4471        22.2871
   11057      16.3997        22.2278
   11058      16.3575        21.9730
   11059      16.3731        22.1084
   11060      16.4090        21.8514
   11061      16.4291        22.2576
   11062      16.3723        22.1292
   11063      16.4145        21.9193
   11064      16.3120        21.6812
   11065      16.3044        22.0010
   11066      16.4137        21.8161
   11067      16.4738        22.1742
   11068      16.3627        22.2298
   11069      16.3049        22.0103
   11070      16.4024        21.9107
   11071      16.4347        22.3791
   11072      16.3203        22.0186
   11073      16.3937        21.9707
   11074      16.4254        21.7534
   11075      16.4168        22.5707
   11076      16.4329        22.0740
   11077      16.4578        22.3041
   11078      16.4077        21.9553
   11079      16.4424        22.1642
   11080      16.3538        21.8927
   11081      16.3669        21.8718
   11082      16.3543        21.9997
   11083      16.3950        22.2265
   11084      16.4516        22.6776
   11085      16.4691        22.1753
   11086      16.3729        22.6600
   11087      16.3807        21.9843
   11088      16.3895        21.6464
   11089      16.3928        22.1354
   11090      16.2921        21.7950
   11091      16.3712        21.6907
   11092      16.3869        21.7830
   11093      16.4655        22.5538
   11094      16.4284        21.8291
   11095      16.3749        22.4702
   11096      16.3629        21.9529
   11097      16.3742        21.7636
   11098      16.4289        22.3606
   11099      16.3137        21.7826
   11100      16.3366        21.6601
   11101      16.3780        22.0303
   11102      16.3255        21.7431
   11103      16.3969        22.5154
   11104      16.4306        22.0783
   11105      16.3850        22.5084
   11106      16.3064        21.1534
   11107      16.3268        22.2136
   11108      16.3574        22.0703
   11109      16.3441        22.0986
   11110      16.3824        22.2618
   11111      16.4142        22.0447
   11112      16.4118        21.8069
   11113      16.3926        21.6776
   11114      16.3935        22.1532
   11115      16.3410        21.9400
   11116      16.3283        21.6413
   11117      16.3180        21.5014
   11118      16.3933        21.8657
   11119      16.4077        22.1628
   11120      16.4191        21.7068
   11121      16.3505        21.8849
   11122      16.3926        22.1593
   11123      16.3430        21.8493
   11124      16.3613        22.0989
   11125      16.3988        22.1295
   11126      16.3439        22.0571
   11127      16.4358        22.2898
   11128      16.4054        22.0992
   11129      16.4103        22.1397
   11130      16.3615        22.3561
   11131      16.3144        22.1993
   11132      16.3073        21.9381
   11133      16.3856        22.6539
   11134      16.3913        21.9269
   11135      16.3889        21.8848
   11136      16.3787        22.2447
   11137      16.3939        21.9470
   11138      16.3425        22.3483
   11139      16.4167        22.0974
   11140      16.3432        22.0979
   11141      16.3645        21.8586
   11142      16.3921        21.8769
   11143      16.3561        21.8120
   11144      16.3626        22.1416
   11145      16.4707        21.8365
   11146      16.3440        21.2622
   11147      16.3604        21.3451
   11148      16.4284        21.8910
   11149      16.4435        22.2608
   11150      16.3935        21.4910
   11151      16.3648        21.7793
   11152      16.4467        22.2432
   11153      16.3929        22.0174
   11154      16.3827        21.9427
   11155      16.3786        22.3917
   11156      16.3220        21.4528
   11157      16.3493        21.7579
   11158      16.3441        22.1021
   11159      16.3351        21.9060
   11160      16.3745        22.3565
   11161      16.3028        21.8384
   11162      16.3681        22.1299
   11163      16.3753        21.7208
   11164      16.3893        22.3424
   11165      16.4140        21.6608
   11166      16.3943        22.0676
   11167      16.3696        21.8676
   11168      16.3710        21.9595
   11169      16.3472        21.9556
   11170      16.3796        22.5381
   11171      16.3921        21.7575
   11172      16.3730        22.1210
   11173      16.4115        21.9627
   11174      16.3581        21.6775
   11175      16.5090        21.8419
   11176      16.3016        21.8006
   11177      16.3223        22.1542
   11178      16.4497        21.7281
   11179      16.3559        21.3196
   11180      16.3695        21.6906
   11181      16.2961        21.6963
   11182      16.4480        21.5412
   11183      16.3329        21.4512
   11184      16.4165        21.4455
   11185      16.3037        21.2414
   11186      16.4500        22.1210
   11187      16.3036        22.0141
   11188      16.3491        21.9683
   11189      16.3716        22.1256
   11190      16.3395        22.1861
   11191      16.3185        21.3621
   11192      16.3591        21.7817
   11193      16.2803        21.8750
   11194      16.3634        21.8194
   11195      16.3954        21.2878
   11196      16.4966        22.1841
   11197      16.3881        22.0051
   11198      16.3656        22.0665
   11199      16.4243        22.2372
   11200      16.3458        21.6330
   11201      16.3306        21.7032
   11202      16.3648        22.1552
   11203      16.3364        21.9469
   11204      16.4044        22.3637
   11205      16.3874        21.6982
   11206      16.4527        22.4450
   11207      16.4374        22.2983
   11208      16.3809        21.8163
   11209      16.3919        21.3172
   11210      16.4457        21.9716
   11211      16.4014        22.1338
   11212      16.4213        22.2455
   11213      16.3484        21.6521
   11214      16.4127        22.3144
   11215      16.4330        22.1354
   11216      16.4331        21.9171
   11217      16.4646        22.4352
   11218      16.4025        21.6944
   11219      16.4206        22.0079
   11220      16.3875        21.3943
   11221      16.4244        22.2180
   11222      16.3753        21.5188
   11223      16.4026        21.8817
   11224      16.4544        22.2441
   11225      16.3466        21.6687
   11226      16.4355        21.9507
   11227      16.3885        22.3197
   11228      16.3238        21.5844
   11229      16.3025        21.5463
   11230      16.3691        21.5872
   11231      16.2851        21.6348
   11232      16.3483        21.8193
   11233      16.3677        21.1681
   11234      16.2334        21.2100
   11235      16.3837        21.4655
   11236      16.2775        21.1179
   11237      16.3700        22.0072
   11238      16.4175        21.6778
   11239      16.3495        21.3764
   11240      16.4017        21.4219
   11241      16.3196        21.5313
   11242      16.3186        21.3602
   11243      16.3051        21.6655
   11244      16.3614        21.7237
   11245      16.2167        21.3763
   11246      16.3290        21.6924
   11247      16.2720        21.3165
   11248      16.3930        21.5359
   11249      16.2766        20.9745
   11250      16.3567        21.8549
   11251      16.3524        21.8494
   11252      16.2631        21.8764
   11253      16.3552        22.4088
   11254      16.3979        21.6836
   11255      16.3226        21.2558
   11256      16.3157        21.8477
   11257      16.2830        21.2249
   11258      16.3160        21.7446
   11259      16.4192        21.7431
   11260      16.3388        21.8852
   11261      16.3338        22.5328
   11262      16.3646        22.4772
   11263      16.3576        21.7339
   11264      16.4048        21.7693
   11265      16.3501        22.2708
   11266      16.3658        22.4672
   11267      16.3684        21.5961
   11268      16.2990        21.8935
   11269      16.3315        21.8773
   11270      16.3955        22.4907
   11271      16.3591        21.9172
   11272      16.4051        21.9796
   11273      16.4031        21.8912
   11274      16.3779        21.4502
   11275      16.3876        21.4963
   11276      16.3972        22.0073
   11277      16.4006        22.0185
   11278      16.4336        22.0031
   11279      16.4217        21.8291
   11280      16.3991        21.4962
   11281      16.4102        22.3119
   11282      16.2573        21.6741
   11283      16.3740        22.0739
   11284      16.4526        22.6104
   11285      16.4189        21.7586
   11286      16.3320        21.7282
   11287      16.3835        22.1872
   11288      16.3737        21.9978
   11289      16.3676        22.0048
   11290      16.4096        22.3446
   11291      16.3799        21.4263
   11292      16.4288        22.1611
   11293      16.4035        21.5741
   11294      16.3950        21.7059
   11295      16.4466        21.8104
   11296      16.2894        21.4827
   11297      16.4041        21.7470
   11298      16.3983        22.0784
   11299      16.5130        22.3562
   11300      16.3332        21.7384
   11301      16.4174        21.7910
   11302      16.3422        21.8203
   11303      16.3871        22.6020
   11304      16.4107        21.9844
   11305      16.3943        22.3147
   11306      16.4257        21.6683
   11307      16.3944        21.9872
   11308      16.4265        21.9816
   11309      16.3763        21.9218
   11310      16.3467        21.9527
   11311      16.3601        21.5053
   11312      16.3773        22.1001
   11313      16.5147        22.1570
   11314      16.3943        21.6526
   11315      16.4134        21.9929
   11316      16.4615        21.5575
   11317      16.3993        21.8102
   11318      16.4542        21.7170
   11319      16.3996        21.6662
   11320      16.4420        22.9078
   11321      16.3662        22.0693
   11322      16.3684        21.8426
   11323      16.3945        22.7842
   11324      16.3305        21.0907
   11325      16.4079        21.7056
   11326      16.4431        21.8100
   11327      16.3280        21.5107
   11328      16.2909        21.4455
   11329      16.3551        21.1522
   11330      16.3175        21.6470
   11331      16.3184        21.3140
   11332      16.3698        22.0802
   11333      16.3718        21.5929
   11334      16.3913        22.2872
   11335      16.4234        21.4020
   11336      16.3921        21.4823
   11337      16.4044        21.6783
   11338      16.3900        21.8792
   11339      16.3968        21.8649
   11340      16.4405        22.0488
   11341      16.3653        21.4590
   11342      16.3629        21.7315
   11343      16.3282        21.8734
   11344      16.2316        21.6764
   11345      16.2777        21.3977
   11346      16.3902        22.2147
   11347      16.3159        21.5296
   11348      16.3330        22.6895
   11349      16.2941        22.0941
   11350      16.3182        21.9514
   11351      16.3174        22.0323
   11352      16.3609        21.6546
   11353      16.3846        21.5894
   11354      16.3406        21.7661
   11355      16.2354        21.7506
   11356      16.3169        21.6789
   11357      16.3586        21.4446
   11358      16.3563        22.1593
   11359      16.3415        21.7393
   11360      16.2927        21.3888
   11361      16.3057        21.6034
   11362      16.2968        21.6334
   11363      16.3190        21.5008
   11364      16.3710        21.3137
   11365      16.3605        21.5425
   11366      16.3773        21.7474
   11367      16.3061        21.3250
   11368      16.3750        21.8028
   11369      16.3609        21.2851
   11370      16.3210        20.8607
   11371      16.3628        21.9717
   11372      16.3524        21.7417
   11373      16.3457        21.8305
   11374      16.3409        21.7891
   11375      16.4164        22.4413
   11376      16.3871        22.5344
   11377      16.3692        22.1622
   11378      16.3690        21.9903
   11379      16.2968        21.3581
   11380      16.3802        22.0355
   11381      16.4126        21.8014
   11382      16.3697        21.2893
   11383      16.3333        21.4535
   11384      16.3624        21.5945
   11385      16.3559        21.6218
   11386      16.3799        21.4637
   11387      16.3155        21.7472
   11388      16.4135        22.3595
   11389      16.4001        21.9059
   11390      16.3145        21.7597
   11391      16.4693        22.5737
   11392      16.3992        21.6791
   11393      16.4297        21.2246
   11394      16.3882        21.3423
   11395      16.3384        21.4166
   11396      16.3726        21.8757
   11397      16.3787        21.6665
   11398      16.3799        22.0841
   11399      16.3941        21.9484
   11400      16.4558        21.8334
   11401      16.4143        22.0026
   11402      16.4066        21.6873
   11403      16.3373        21.7338
   11404      16.3917        21.8608
   11405      16.3853        21.4832
   11406      16.4278        21.6306
   11407      16.3638        22.4518
   11408      16.3743        22.1954
   11409      16.3412        21.7089
   11410      16.4578        21.6354
   11411      16.3882        21.8239
   11412      16.4021        21.3269
   11413      16.4327        22.1177
   11414      16.4474        21.8587
   11415      16.4079        21.9117
   11416      16.3770        21.8311
   11417      16.3552        22.0663
   11418      16.4242        21.9617
   11419      16.3608        21.9775
   11420      16.3972        22.1837
   11421      16.4089        21.8632
   11422      16.3723        21.6935
   11423      16.2818        21.4850
   11424      16.3330        21.6137
   11425      16.3432        22.0795
   11426      16.3716        21.8926
   11427      16.3984        21.8452
   11428      16.3487        21.6470
   11429      16.4603        22.0087
   11430      16.3756        21.9211
   11431      16.3720        22.3595
   11432      16.3254        21.7630
   11433      16.3863        21.9573
   11434      16.3730        22.2696
   11435      16.3479        21.5983
   11436      16.3666        22.1255
   11437      16.3661        21.4796
   11438      16.4186        21.6795
   11439      16.4109        22.3611
   11440      16.3853        21.2030
   11441      16.3679        21.5585
   11442      16.4493        21.6086
   11443      16.4282        21.5898
   11444      16.4046        21.3949
   11445      16.3515        21.8774
   11446      16.3500        21.9492
   11447      16.3449        21.3938
   11448      16.3582        21.3260
   11449      16.3722        21.8993
   11450      16.3746        21.6173
   11451      16.3425        21.8773
   11452      16.3473        21.6726
   11453      16.3328        21.8183
   11454      16.3689        21.2973
   11455      16.4002        21.7199
   11456      16.3466        21.4298
   11457      16.3189        22.1357
   11458      16.3197        21.8677
   11459      16.4073        21.7361
   11460      16.4630        22.5193
   11461      16.3138        22.1961
   11462      16.3747        22.0790
   11463      16.4155        21.6825
   11464      16.3063        21.6047
   11465      16.2709        21.1890
   11466      16.3546        21.5881
   11467      16.3491        22.7128
   11468      16.3293        21.3589
   11469      16.2780        21.8071
   11470      16.3257        21.2902
   11471      16.3825        21.6004
   11472      16.3596        21.8549
   11473      16.3461        21.9452
   11474      16.3699        21.9953
   11475      16.3510        21.8460
   11476      16.3704        21.7640
   11477      16.3629        21.8241
   11478      16.3325        21.7267
   11479      16.3794        21.3603
   11480      16.2982        21.8844
   11481      16.3344        22.4035
   11482      16.3740        21.4020
   11483      16.3394        21.9290
   11484      16.3671        22.0246
   11485      16.3368        21.4327
   11486      16.3139        21.8617
   11487      16.3540        22.1444
   11488      16.3075        21.8161
   11489      16.4100        22.1225
   11490      16.3239        21.3758
   11491      16.3674        21.5115
   11492      16.4314        21.8706
   11493      16.3975        21.8750
   11494      16.4361        22.5948
   11495      16.3311        21.6389
   11496      16.4082        21.9339
   11497      16.3089        22.0860
   11498      16.3460        22.1067
   11499      16.3483        22.0379
   11500      16.3352        22.0125
   11501      16.3087        21.8492
   11502      16.4151        21.6538
   11503      16.2980        21.7045
   11504      16.2890        21.9961
   11505      16.3509        21.6357
   11506      16.3935        21.8200
   11507      16.3942        21.8511
   11508      16.3436        21.8438
   11509      16.3755        21.8735
   11510      16.3803        22.2966
   11511      16.3466        21.8840
   11512      16.3599        21.8914
   11513      16.3121        22.3169
   11514      16.3771        21.8910
   11515      16.4000        21.8513
   11516      16.3438        21.8676
   11517      16.3116        21.5074
   11518      16.4013        22.0817
   11519      16.3786        21.6259
   11520      16.3637        22.1193
   11521      16.2844        21.7926
   11522      16.2681        21.2402
   11523      16.3176        21.7382
   11524      16.3188        21.6596
   11525      16.3127        21.7792
   11526      16.2992        21.3250
   11527      16.3614        21.6000
   11528      16.2731        21.7138
   11529      16.3513        21.6273
   11530      16.3097        21.4914
   11531      16.2432        21.3336
   11532      16.3221        21.6549
   11533      16.3376        21.3076
   11534      16.3055        21.9092
   11535      16.3128        21.2927
   11536      16.3564        21.5449
   11537      16.3401        21.3337
   11538      16.3534        21.9498
   11539      16.3178        22.0310
   11540      16.3228        21.5456
   11541      16.3873        21.9206
   11542      16.4011        21.5086
   11543      16.3768        21.7149
   11544      16.3847        21.9484
   11545      16.3799        21.6668
   11546      16.3451        21.4088
   11547      16.3569        21.8394
   11548      16.4623        22.1599
   11549      16.4342        21.2218
   11550      16.3531        22.0573
   11551      16.3827        21.8433
   11552      16.3771        21.7312
   11553      16.3849        22.2682
   11554      16.3828        21.6358
   11555      16.3669        21.8798
   11556      16.3125        21.9947
   11557      16.3027        22.3662
   11558      16.2118        21.9654
   11559      16.3453        21.6331
   11560      16.3033        22.2422
   11561      16.3097        21.8062
   11562      16.2201        21.2828
   11563      16.3932        21.7699
   11564      16.3759        21.8160
   11565      16.2387        20.7905
   11566      16.3284        22.2312
   11567      16.2923        21.6769
   11568      16.3327        21.9209
   11569      16.3578        21.9271
   11570      16.2882        21.6033
   11571      16.3237        21.3751
   11572      16.3351        22.1873
   11573      16.3091        22.1233
   11574      16.3767        21.6792
   11575      16.3337        21.9760
   11576      16.3868        21.9568
   11577      16.3595        22.3642
   11578      16.3667        21.3172
   11579      16.3423        21.5290
   11580      16.3833        21.6265
   11581      16.3364        21.6411
   11582      16.4610        22.1713
   11583      16.4456        21.9125
   11584      16.4017        21.8631
   11585      16.3997        22.0747
   11586      16.3855        22.3353
   11587      16.3556        21.3346
   11588      16.3716        21.7497
   11589      16.2989        21.7574
   11590      16.2584        21.4330
   11591      16.4115        22.0998
   11592      16.3289        21.2271
   11593      16.2985        21.8387
   11594      16.3297        21.8644
   11595      16.3338        21.8509
   11596      16.3172        22.0053
   11597      16.3148        21.7371
   11598      16.3322        21.6479
   11599      16.3524        21.7553
   11600      16.3119        21.6249
   11601      16.3580        22.4468
   11602      16.3881        22.2227
   11603      16.3150        21.8170
   11604      16.3807        21.5057
   11605      16.4307        21.5023
   11606      16.4117        21.3499
   11607      16.3543        22.1323
   11608      16.3625        22.3153
   11609      16.3534        21.6160
   11610      16.3470        21.7863
   11611      16.3715        21.5743
   11612      16.3716        22.2240
   11613      16.3027        21.7552
   11614      16.4033        21.7113
   11615      16.4022        22.1108
   11616      16.4272        21.9757
   11617      16.4172        22.4219
   11618      16.3658        22.2917
   11619      16.3847        21.7358
   11620      16.3093        22.5826
   11621      16.3183        21.7525
   11622      16.3784        21.8047
   11623      16.4218        21.5604
   11624      16.3657        21.8381
   11625      16.3869        21.7274
   11626      16.3615        21.8567
   11627      16.3665        21.4702
   11628      16.4442        22.0760
   11629      16.3805        21.5417
   11630      16.4200        21.4064
   11631      16.4156        21.7606
   11632      16.3733        22.2573
   11633      16.3609        22.0172
   11634      16.3931        22.1597
   11635      16.4076        21.7624
   11636      16.4338        21.7112
   11637      16.4175        21.7461
   11638      16.3566        21.6154
   11639      16.3693        21.6699
   11640      16.3537        21.8372
   11641      16.4121        21.9870
   11642      16.4159        21.8722
   11643      16.4334        21.9020
   11644      16.3725        22.0459
   11645      16.3632        21.7427
   11646      16.3836        21.7971
   11647      16.3884        21.8579
   11648      16.3884        21.3954
   11649      16.3479        21.7269
   11650      16.3878        22.3327
   11651      16.3878        21.5998
   11652      16.3362        21.5474
   11653      16.3345        21.5908
   11654      16.4244        22.0431
   11655      16.4648        21.9965
   11656      16.3050        21.9696
   11657      16.3731        22.6732
   11658      16.3245        21.8072
   11659      16.3055        21.7391
   11660      16.3618        21.8373
   11661      16.3350        21.6790
   11662      16.3145        21.7703
   11663      16.3667        21.4303
   11664      16.3274        21.8147
   11665      16.3649        21.9121
   11666      16.3962        21.7995
   11667      16.3552        21.3652
   11668      16.2550        21.1931
   11669      16.3898        21.9791
   11670      16.3591        22.0186
   11671      16.3775        21.7137
   11672      16.3841        21.8654
   11673      16.3517        21.6823
   11674      16.3793        21.8328
   11675      16.3283        21.6998
   11676      16.3799        21.8955
   11677      16.3649        21.7208
   11678      16.3561        21.5303
   11679      16.3855        21.4626
   11680      16.4083        21.3917
   11681      16.3566        21.2018
   11682      16.4044        21.6092
   11683      16.4370        21.9713
   11684      16.3587        22.1408
   11685      16.3694        21.6374
   11686      16.3486        22.2068
   11687      16.4086        21.7904
   11688      16.4415        22.2484
   11689      16.3617        21.5027
   11690      16.4448        21.9105
   11691      16.4471        21.6482
   11692      16.4011        22.4781
   11693      16.4759        21.8375
   11694      16.4933        21.9308
   11695      16.4199        21.8419
   11696      16.3521        21.7260
   11697      16.4027        22.2211
   11698      16.3325        22.0359
   11699      16.4141        21.8276
   11700      16.3333        22.1793
   11701      16.3998        22.2708
   11702      16.4117        22.3323
   11703      16.3987        22.1303
   11704      16.4547        22.2214
   11705      16.3185        21.4936
   11706      16.3622        21.2969
   11707      16.3700        21.3751
   11708      16.3755        21.3183
   11709      16.3589        21.0924
   11710      16.3865        22.1341
   11711      16.3784        21.3141
   11712      16.3731        22.1172
   11713      16.2997        22.0200
   11714      16.3213        21.4008
   11715      16.3350        21.5821
   11716      16.4005        21.7618
   11717      16.4160        21.5156
   11718      16.4958        22.3421
   11719      16.4367        21.3687
   11720      16.3708        21.5015
   11721      16.3478        21.3702
   11722      16.3460        21.7470
   11723      16.3448        21.9253
   11724      16.3365        21.7684
   11725      16.3275        21.4874
   11726      16.4203        21.9752
   11727      16.3419        21.5440
   11728      16.4953        22.4027
   11729      16.4508        22.2158
   11730      16.3607        21.3992
   11731      16.3693        21.2202
   11732      16.2841        21.3250
   11733      16.3592        21.2527
   11734      16.3323        21.1353
   11735      16.3461        21.3087
   11736      16.3557        21.6535
   11737      16.3278        21.2448
   11738      16.3006        21.2879
   11739      16.3170        21.9413
   11740      16.2950        21.5422
   11741      16.3191        21.4023
   11742      16.3318        21.9383
   11743      16.3623        21.2593
   11744      16.3919        21.8148
   11745      16.4297        22.0379
   11746      16.3343        21.3667
   11747      16.3758        21.9549
   11748      16.3459        21.0751
   11749      16.3501        21.6451
   11750      16.3439        21.4310
   11751      16.3142        21.5470
   11752      16.3572        21.5755
   11753      16.3207        21.4713
   11754      16.2958        21.5242
   11755      16.3725        21.8392
   11756      16.3858        21.6248
   11757      16.4398        21.6164
   11758      16.3813        21.4159
   11759      16.3995        21.2216
   11760      16.4031        21.9199
   11761      16.3969        21.6822
   11762      16.4422        22.1320
   11763      16.3824        21.8611
   11764      16.4729        21.7435
   11765      16.5292        21.5674
   11766      16.3668        21.5178
   11767      16.4016        21.9006
   11768      16.4464        21.5160
   11769      16.4326        21.9287
   11770      16.3865        21.8037
   11771      16.3713        21.4974
   11772      16.4176        21.2479
   11773      16.3940        21.8259
   11774      16.4587        21.9494
   11775      16.3731        21.1575
   11776      16.4329        21.7207
   11777      16.3891        21.3987
   11778      16.3629        21.9678
   11779      16.3971        22.0088
   11780      16.3694        21.4590
   11781      16.3485        22.1121
   11782      16.4014        21.8205
   11783      16.4132        21.9712
   11784      16.4133        21.8489
   11785      16.3085        21.5437
   11786      16.4282        21.9985
   11787      16.4397        21.8736
   11788      16.4451        22.0171
   11789      16.4080        22.4476
   11790      16.3955        22.1168
   11791      16.3975        21.5370
   11792      16.4176        21.2487
   11793      16.3868        22.2764
   11794      16.4173        22.1205
   11795      16.3900        21.9813
   11796      16.4267        21.7382
   11797      16.3254        21.3218
   11798      16.3578        21.5723
   11799      16.3543        21.7413
   11800      16.4702        22.8544
   11801      16.4098        21.8122
   11802      16.3965        23.2354
   11803      16.4335        23.4469
   11804      16.4356        22.5264
   11805      16.3214        21.4362
   11806      16.4208        21.7750
   11807      16.4079        22.8240
   11808      16.3778        21.8563
   11809      16.4061        21.8185
   11810      16.3522        22.4673
   11811      16.3502        21.8793
   11812      16.4900        23.0077
   11813      16.3832        21.9895
   11814      16.4026        22.5158
   11815      16.3110        21.5485
   11816      16.3886        22.0706
   11817      16.4245        21.4607
   11818      16.3437        21.5710
   11819      16.3825        21.4579
   11820      16.4016        21.7638
   11821      16.4240        21.9369
   11822      16.4349        21.2575
   11823      16.3953        21.6862
   11824      16.3768        22.0104
   11825      16.4170        21.6893
   11826      16.4121        22.1460
   11827      16.3112        21.7640
   11828      16.3202        21.7148
   11829      16.3745        21.6937
   11830      16.3343        21.7144
   11831      16.3985        21.3508
   11832      16.3237        21.8057
   11833      16.3483        21.9219
   11834      16.4320        21.8817
   11835      16.3512        21.6274
   11836      16.3587        21.7034
   11837      16.3497        21.8927
   11838      16.3721        21.4620
   11839      16.2740        21.2729
   11840      16.4275        21.3451
   11841      16.3082        21.3732
   11842      16.3264        21.6698
   11843      16.3734        21.2862
   11844      16.3130        21.9793
   11845      16.2868        21.5202
   11846      16.3415        21.4347
   11847      16.3627        22.2481
   11848      16.3423        21.7218
   11849      16.3479        21.1050
   11850      16.4000        21.8469
   11851      16.4083        21.8798
   11852      16.4510        22.1516
   11853      16.3154        21.4876
   11854      16.4554        22.3819
   11855      16.3608        22.1317
   11856      16.3482        21.8783
   11857      16.3058        21.6459
   11858      16.3376        22.0674
   11859      16.4325        21.8661
   11860      16.3466        22.1555
   11861      16.3837        23.4543
   11862      16.3474        22.7827
   11863      16.4405        21.4538
   11864      16.5224        23.0006
   11865      16.4840        22.3469
   11866      16.4298        22.2277
   11867      16.4302        22.6833
   11868      16.4051        22.4168
   11869      16.3970        21.9425
   11870      16.4688        21.8458
   11871      16.4536        21.7100
   11872      16.4781        22.0556
   11873      16.4480        21.8163
   11874      16.3924        22.4099
   11875      16.4074        21.7676
   11876      16.4839        22.0459
   11877      16.4551        22.0094
   11878      16.3575        22.3618
   11879      16.3355        22.1958
   11880      16.4159        22.2077
   11881      16.3891        21.5991
   11882      16.3246        21.5665
   11883      16.3934        21.3462
   11884      16.3187        21.3757
   11885      16.4242        21.8673
   11886      16.4410        21.5710
   11887      16.4259        21.4981
   11888      16.4623        21.7387
   11889      16.3881        21.2953
   11890      16.3761        21.2427
   11891      16.4290        21.5276
   11892      16.4101        21.7638
   11893      16.4000        21.6127
   11894      16.4472        21.4478
   11895      16.5102        21.3913
   11896      16.3841        21.5344
   11897      16.3857        22.2196
   11898      16.3971        21.0217
   11899      16.4252        21.0931
   11900      16.3945        21.4223
   11901      16.4035        21.2835
   11902      16.5229        21.6293
   11903      16.4827        21.5629
   11904      16.4828        21.2643
   11905      16.4293        21.4277
   11906      16.3921        21.1013
   11907      16.4131        21.5954
   11908      16.4242        21.4227
   11909      16.4362        22.2956
   11910      16.3187        21.6403
   11911      16.3694        21.2874
   11912      16.3838        21.5112
   11913      16.4208        21.8464
   11914      16.3733        21.1818
   11915      16.4715        21.8354
   11916      16.3615        21.8106
   11917      16.3615        21.6702
   11918      16.3664        22.1784
   11919      16.4026        21.1639
   11920      16.3459        22.0150
   11921      16.4330        22.2273
   11922      16.3150        21.6127
   11923      16.3847        22.1024
   11924      16.3757        21.9774
   11925      16.3332        21.4925
   11926      16.3376        21.6718
   11927      16.2902        21.5223
   11928      16.3364        20.9016
   11929      16.3958        21.8674
   11930      16.4485        21.9594
   11931      16.4037        21.6496
   11932      16.3562        22.5970
   11933      16.4447        22.5848
   11934      16.4959        22.6088
   11935      16.4900        21.7049
   11936      16.5142        21.6647
   11937      16.4593        22.2736
   11938      16.4288        22.0130
   11939      16.5624        22.4223
   11940      16.4087        22.1886
   11941      16.4228        21.6139
   11942      16.4513        21.8011
   11943      16.4426        22.5340
   11944      16.4258        22.2162
   11945      16.4238        22.0837
   11946      16.3250        21.6939
   11947      16.3762        21.4476
   11948      16.3543        21.4938
   11949      16.4039        21.3906
   11950      16.3822        21.6056
   11951      16.3775        21.4499
   11952      16.3565        21.8141
   11953      16.2855        21.7238
   11954      16.4543        21.7549
   11955      16.2907        21.6291
   11956      16.3759        21.7504
   11957      16.4291        21.4200
   11958      16.4300        21.4655
   11959      16.3745        21.7037
   11960      16.4091        21.7837
   11961      16.4381        21.9935
   11962      16.3148        21.7053
   11963      16.4223        21.5610
   11964      16.4380        21.6001
   11965      16.4909        21.3768
   11966      16.3601        21.3013
   11967      16.4478        20.8443
   11968      16.3943        20.9574
   11969      16.3261        21.7953
   11970      16.4264        21.1161
   11971      16.4148        22.0416
   11972      16.3795        21.1427
   11973      16.3431        20.8502
   11974      16.4028        21.6034
   11975      16.4061        22.0512
   11976      16.4629        21.6950
   11977      16.3915        21.8685
   11978      16.4575        21.7759
   11979      16.4232        21.7483
   11980      16.3920        21.7231
   11981      16.4296        21.7498
   11982      16.4155        21.2238
   11983      16.3380        21.6392
   11984      16.3896        21.5026
   11985      16.4044        21.9450
   11986      16.4438        21.7531
   11987      16.4395        21.8846
   11988      16.3846        21.6709
   11989      16.3624        22.0245
   11990      16.4298        22.3582
   11991      16.4692        22.2320
   11992      16.4460        22.4846
   11993      16.3805        21.6971
   11994      16.4012        21.4974
   11995      16.4446        22.3959
   11996      16.3630        22.4244
   11997      16.3229        21.3598
   11998      16.3076        21.4172
   11999      16.3430        21.4642
   12000      16.3361        21.8463
   12001      16.4235        21.6262
   12002      16.4481        21.9187
   12003      16.3962        22.0111
   12004      16.4655        22.0225
   12005      16.4269        22.0414
   12006      16.4092        21.5403
   12007      16.4423        20.7812
   12008      16.3997        22.9602
   12009      16.4175        21.6078
   12010      16.3988        22.0776
   12011      16.4366        21.9495
   12012      16.4681        21.9178
   12013      16.4304        21.8779
   12014      16.4402        21.5041
   12015      16.4062        21.7191
   12016      16.4319        21.7823
   12017      16.3999        21.4460
   12018      16.3757        21.5546
   12019      16.3759        21.1029
   12020      16.4259        21.8643
   12021      16.3985        21.9834
   12022      16.4282        22.3918
   12023      16.3707        21.7523
   12024      16.3989        22.6721
   12025      16.3737        21.1751
   12026      16.4195        21.3435
   12027      16.3702        21.6544
   12028      16.3698        21.6280
   12029      16.3833        21.5140
   12030      16.3896        20.9404
   12031      16.3159        21.7353
   12032      16.3138        21.1253
   12033      16.2947        21.1338
   12034      16.3520        21.6217
   12035      16.3706        21.7214
   12036      16.3469        21.6992
   12037      16.3768        21.7496
   12038      16.3362        21.7590
   12039      16.2997        20.6567
   12040      16.3382        21.3606
   12041      16.2464        21.7262
   12042      16.3698        21.2922
   12043      16.3150        21.8730
   12044      16.3546        21.8815
   12045      16.3482        21.9599
   12046      16.3808        21.7351
   12047      16.3502        22.3731
   12048      16.3715        21.6207
   12049      16.3442        21.6090
   12050      16.2795        21.7031
   12051      16.3695        21.6797
   12052      16.3367        21.6693
   12053      16.3625        21.5115
   12054      16.4191        21.7501
   12055      16.4176        22.1047
   12056      16.3827        21.6347
   12057      16.3086        21.2294
   12058      16.3721        21.8872
   12059      16.4655        21.9597
   12060      16.3333        22.1891
   12061      16.3087        21.8550
   12062      16.3931        21.1956
   12063      16.4032        22.4584
   12064      16.3312        21.5218
   12065      16.2453        21.1254
   12066      16.3800        21.8972
   12067      16.3883        21.7920
   12068      16.2588        20.7179
   12069      16.2300        21.6282
   12070      16.3480        21.7028
   12071      16.3053        22.0449
   12072      16.2810        21.7289
   12073      16.3606        21.5126
   12074      16.3320        21.8866
   12075      16.3199        21.5702
   12076      16.4318        22.3774
   12077      16.3379        22.0468
   12078      16.3659        21.3687
   12079      16.3981        21.8287
   12080      16.3728        21.7253
   12081      16.4510        22.0787
   12082      16.4083        22.1511
   12083      16.4868        22.1478
   12084      16.4180        21.8358
   12085      16.4353        21.5883
   12086      16.4165        22.0430
   12087      16.4529        22.1228
   12088      16.3936        21.6731
   12089      16.4861        22.9724
   12090      16.4562        21.7490
   12091      16.4172        22.1444
   12092      16.3501        22.0861
   12093      16.3360        22.7995
   12094      16.4108        21.5229
   12095      16.4230        21.8235
   12096      16.3482        21.7397
   12097      16.3932        22.3751
   12098      16.4102        21.7817
   12099      16.3668        21.9840
   12100      16.4057        22.5872
   12101      16.4971        21.9331
   12102      16.4360        22.0926
   12103      16.3859        22.3663
   12104      16.4248        21.6507
   12105      16.3743        22.3203
   12106      16.4014        22.0026
   12107      16.4068        22.1919
   12108      16.4396        22.0824
   12109      16.3482        21.7677
   12110      16.3810        22.1174
   12111      16.3828        22.1049
   12112      16.3990        21.8101
   12113      16.3556        21.3236
   12114      16.4585        22.0637
   12115      16.3994        21.3097
   12116      16.4004        21.4734
   12117      16.4239        21.6837
   12118      16.4307        21.6516
   12119      16.3860        21.5015
   12120      16.4394        21.8353
   12121      16.4539        21.9531
   12122      16.3882        21.7635
   12123      16.4165        21.7050
   12124      16.3494        21.5456
   12125      16.3870        22.0787
   12126      16.3595        21.7219
   12127      16.3826        21.8474
   12128      16.4242        21.9626
   12129      16.4140        22.2067
   12130      16.3787        21.3928
   12131      16.4086        22.9093
   12132      16.3881        21.6817
   12133      16.4538        22.3355
   12134      16.3903        21.6846
   12135      16.3828        21.8953
   12136      16.3773        21.5799
   12137      16.4475        21.6129
   12138      16.3615        21.7853
   12139      16.3088        21.2861
   12140      16.3650        21.7666
   12141      16.3636        21.9354
   12142      16.3908        22.4011
   12143      16.3852        21.4392
   12144      16.4209        21.7446
   12145      16.3893        21.8208
   12146      16.2849        21.8329
   12147      16.3129        21.6353
   12148      16.3981        21.3682
   12149      16.3418        21.9398
   12150      16.3457        21.6046
   12151      16.3065        21.3580
   12152      16.3494        21.2785
   12153      16.3300        21.7390
   12154      16.3314        21.3970
   12155      16.3508        21.4475
   12156      16.4201        21.7996
   12157      16.3882        21.8528
   12158      16.3886        22.4044
   12159      16.2976        21.9346
   12160      16.3271        21.5508
   12161      16.3462        21.6251
   12162      16.4711        22.2290
   12163      16.4150        22.2285
   12164      16.3454        21.8713
   12165      16.3637        22.3369
   12166      16.4101        22.0921
   12167      16.3421        22.8276
   12168      16.3744        22.7293
   12169      16.3400        22.3207
   12170      16.3529        22.5102
   12171      16.3949        22.6360
   12172      16.3334        22.0041
   12173      16.3627        22.2104
   12174      16.3087        21.4934
   12175      16.3362        21.6035
   12176      16.3633        22.4740
   12177      16.4469        22.1046
   12178      16.3553        21.9233
   12179      16.3938        22.2443
   12180      16.3397        21.2190
   12181      16.3825        21.9197
   12182      16.3582        21.7049
   12183      16.3624        21.8672
   12184      16.3720        22.6456
   12185      16.4707        23.4765
   12186      16.4395        22.5473
   12187      16.3736        22.1690
   12188      16.4240        22.5174
   12189      16.4525        21.9967
   12190      16.3947        23.2489
   12191      16.3863        22.1118
   12192      16.3843        22.2526
   12193      16.4475        22.7907
   12194      16.4141        21.9258
   12195      16.4898        22.3032
   12196      16.4320        22.1792
   12197      16.3268        22.1452
   12198      16.4953        21.9521
   12199      16.4685        22.6764
   12200      16.4293        22.1318
   12201      16.4124        22.5620
   12202      16.4055        22.5406
   12203      16.4434        22.3618
   12204      16.4752        23.1854
   12205      16.4160        22.4333
   12206      16.4287        21.7470
   12207      16.4912        22.5828
   12208      16.4337        22.8059
   12209      16.4394        22.6516
   12210      16.3456        22.1091
   12211      16.3882        21.8042
   12212      16.4136        21.8113
   12213      16.4398        21.8593
   12214      16.3615        21.3806
   12215      16.4598        22.0560
   12216      16.4039        21.8188
   12217      16.3526        21.4378
   12218      16.4122        21.7950
   12219      16.3691        21.5512
   12220      16.3550        21.8910
   12221      16.2727        21.3042
   12222      16.3163        21.5230
   12223      16.3880        21.1083
   12224      16.3002        21.2769
   12225      16.3744        21.9934
   12226      16.3411        21.5571
   12227      16.3025        21.7826
   12228      16.3822        21.7197
   12229      16.4288        21.9357
   12230      16.4250        22.0128
   12231      16.3931        22.0412
   12232      16.3097        22.2845
   12233      16.3017        21.4542
   12234      16.3177        21.2831
   12235      16.3528        21.3017
   12236      16.3779        21.4968
   12237      16.3340        21.6809
   12238      16.3507        21.4400
   12239      16.3388        21.2958
   12240      16.2924        21.3434
   12241      16.3248        21.7606
   12242      16.3213        21.7500
   12243      16.2824        21.5108
   12244      16.2249        21.5615
   12245      16.2681        21.5472
   12246      16.1925        21.2567
   12247      16.2836        21.3098
   12248      16.3163        21.7110
   12249      16.3111        21.3079
   12250      16.3371        21.8888
   12251      16.3328        21.8768
   12252      16.2648        21.5110
   12253      16.3174        21.2471
   12254      16.3001        21.3676
   12255      16.3330        21.8299
   12256      16.3070        21.4002
   12257      16.3527        21.5254
   12258      16.3569        21.5383
   12259      16.3224        21.7488
   12260      16.2175        21.6436
   12261      16.3115        21.9498
   12262      16.3425        21.7860
   12263      16.2855        21.8144
   12264      16.3771        21.6796
   12265      16.3079        21.8062
   12266      16.2738        21.6595
   12267      16.3399        21.7884
   12268      16.3178        21.5623
   12269      16.4524        21.9024
   12270      16.3381        21.0066
   12271      16.3137        21.1623
   12272      16.2672        21.5242
   12273      16.3132        21.5181
   12274      16.3252        21.5311
   12275      16.2840        21.4435
   12276      16.3914        21.4954
   12277      16.4175        22.5827
   12278      16.3499        21.0789
   12279      16.3645        21.5466
   12280      16.3429        21.6415
   12281      16.4072        21.4854
   12282      16.3723        21.7021
   12283      16.3872        21.9791
   12284      16.3080        21.8533
   12285      16.3885        21.2874
   12286      16.3991        22.2192
   12287      16.4253        21.7807
   12288      16.3857        21.6442
   12289      16.3612        21.3508
   12290      16.4001        21.6948
   12291      16.3003        21.6036
   12292      16.3034        21.5657
   12293      16.3751        22.3168
   12294      16.3668        21.6348
   12295      16.3936        21.6137
   12296      16.3762        21.5289
   12297      16.4270        21.8978
   12298      16.3748        22.0146
   12299      16.4052        21.9844
   12300      16.3430        21.7965
   12301      16.3743        21.1522
   12302      16.3616        21.8342
   12303      16.4347        22.2855
   12304      16.3757        21.9492
   12305      16.3093        21.7285
   12306      16.3728        22.3035
   12307      16.3645        22.1755
   12308      16.3132        21.6200
   12309      16.4056        21.6510
   12310      16.4094        22.0942
   12311      16.4163        22.4191
   12312      16.3766        20.9717
   12313      16.2448        21.4376
   12314      16.3353        21.7737
   12315      16.3508        21.4280
   12316      16.3851        20.9663
   12317      16.3775        21.7394
   12318      16.3366        21.4112
   12319      16.4259        21.5044
   12320      16.3605        21.3230
   12321      16.3940        20.9969
   12322      16.3737        21.3405
   12323      16.4383        21.0205
   12324      16.3756        22.3785
   12325      16.3387        22.1449
   12326      16.4093        21.3978
   12327      16.4769        21.6884
   12328      16.4936        21.0626
   12329      16.4126        21.4756
   12330      16.3728        21.2464
   12331      16.3808        22.0568
   12332      16.3988        21.5792
   12333      16.4135        21.5903
   12334      16.4890        22.1293
   12335      16.3830        22.0893
   12336      16.4525        22.1586
   12337      16.3250        20.8355
   12338      16.4606        21.4647
   12339      16.3511        21.3439
   12340      16.3838        21.4089
   12341      16.3135        21.1909
   12342      16.3615        21.3091
   12343      16.3405        21.1476
   12344      16.3430        21.5238
   12345      16.3586        21.9186
   12346      16.3647        21.6546
   12347      16.3897        21.6246
   12348      16.3174        21.2976
   12349      16.3029        21.4124
   12350      16.3798        21.5002
   12351      16.3374        21.5340
   12352      16.3644        21.5474
   12353      16.3965        21.7828
   12354      16.2954        21.0269
   12355      16.3602        21.5289
   12356      16.4281        21.9392
   12357      16.3877        21.7419
   12358      16.3587        21.5222
   12359      16.3483        21.5802
   12360      16.4142        21.7817
   12361      16.4205        21.4469
   12362      16.3920        21.9680
   12363      16.3329        21.5237
   12364      16.3308        21.4724
   12365      16.3899        21.4217
   12366      16.3690        20.9870
   12367      16.3520        22.1993
   12368      16.4438        21.7166
   12369      16.4033        21.4470
   12370      16.4075        22.0594
   12371      16.3962        21.6990
   12372      16.4663        21.8742
   12373      16.4827        22.1320
   12374      16.3546        20.9633
   12375      16.3564        21.8122
   12376      16.3518        21.9393
   12377      16.3352        21.7478
   12378      16.3252        21.6819
   12379      16.2832        21.7969
   12380      16.3630        21.6306
   12381      16.3608        21.3688
   12382      16.3042        21.6140
   12383      16.3942        21.0800
   12384      16.3390        21.4607
   12385      16.3298        21.3842
   12386      16.2943        21.9892
   12387      16.3157        21.8005
   12388      16.4024        21.9178
   12389      16.3885        21.7725
   12390      16.3955        22.5349
   12391      16.2993        21.5202
   12392      16.3676        21.8035
   12393      16.3730        20.9397
   12394      16.3942        21.9234
   12395      16.3927        21.5889
   12396      16.3858        21.1395
   12397      16.4239        22.1352
   12398      16.3727        21.9341
   12399      16.3532        21.7667
   12400      16.2938        21.4960
   12401      16.3610        21.5925
   12402      16.3191        21.4096
   12403      16.4102        21.3364
   12404      16.3796        21.4122
   12405      16.3090        21.8158
   12406      16.3317        22.3820
   12407      16.3271        22.2681
   12408      16.3453        22.0325
   12409      16.2608        21.3683
   12410      16.2891        21.3786
   12411      16.2094        21.5334
   12412      16.2761        21.1215
   12413      16.3589        21.2073
   12414      16.2847        20.8837
   12415      16.2666        21.1275
   12416      16.2905        21.7481
   12417      16.2681        21.0603
   12418      16.3297        21.5886
   12419      16.3034        21.6846
   12420      16.3484        21.8432
   12421      16.3361        21.5222
   12422      16.3288        21.4107
   12423      16.3085        21.4256
   12424      16.3099        21.6716
   12425      16.3525        22.1054
   12426      16.3459        22.0486
   12427      16.3179        21.8049
   12428      16.2837        21.2230
   12429      16.3598        21.4937
   12430      16.3462        21.3130
   12431      16.3468        21.5283
   12432      16.3135        21.4299
   12433      16.2830        21.8289
   12434      16.3246        21.0032
   12435      16.3128        21.7957
   12436      16.3182        21.6266
   12437      16.3637        21.6931
   12438      16.3522        21.7099
   12439      16.3962        22.0386
   12440      16.3104        21.3958
   12441      16.3276        21.6317
   12442      16.2797        21.8086
   12443      16.2323        21.5432
   12444      16.2735        21.4255
   12445      16.3122        22.0173
   12446      16.2704        21.7740
   12447      16.3294        22.3333
   12448      16.2376        21.8958
   12449      16.3190        21.9684
   12450      16.2883        21.7236
   12451      16.3051        22.1135
   12452      16.3114        22.1777
   12453      16.2692        21.6338
   12454      16.3396        21.7091
   12455      16.2916        21.2057
   12456      16.3451        21.4243
   12457      16.3627        21.8222
   12458      16.2995        21.6477
   12459      16.3384        21.2608
   12460      16.2695        21.8478
   12461      16.3297        21.7728
   12462      16.3369        21.6329
   12463      16.3110        21.4796
   12464      16.3168        21.9970
   12465      16.3171        21.9683
   12466      16.2604        21.7281
   12467      16.2504        21.2551
   12468      16.2422        21.4121
   12469      16.3267        22.2376
   12470      16.3815        21.7587
   12471      16.3763        21.7444
   12472      16.3550        22.6494
   12473      16.3279        22.5154
   12474      16.4368        22.3687
   12475      16.3687        21.9395
   12476      16.3699        21.6416
   12477      16.3614        22.2603
   12478      16.3354        21.9044
   12479      16.4082        21.6437
   12480      16.3964        21.8014
   12481      16.3135        21.6764
   12482      16.3397        20.7137
   12483      16.3689        22.1688
   12484      16.3942        21.8690
   12485      16.3434        21.2903
   12486      16.4753        22.1845
   12487      16.3828        22.2490
   12488      16.4016        21.2905
   12489      16.3966        22.0264
   12490      16.2992        21.1770
   12491      16.3836        21.9150
   12492      16.3443        21.5898
   12493      16.3439        21.2506
   12494      16.3202        21.0690
   12495      16.2985        21.2459
   12496      16.3666        21.6120
   12497      16.3101        21.3292
   12498      16.3043        21.5339
   12499      16.2756        21.9918
   12500      16.2848        21.7529
   12501      16.2621        22.1868
   12502      16.3188        21.2792
   12503      16.3272        21.5602
   12504      16.2701        21.9755
   12505      16.3049        22.0613
   12506      16.3260        21.9813
   12507      16.3978        21.7348
   12508      16.3552        22.1946
   12509      16.2674        21.7450
   12510      16.3942        22.1031
   12511      16.2903        21.5812
   12512      16.3099        22.0800
   12513      16.1868        21.3927
   12514      16.2667        22.1493
   12515      16.3262        22.2363
   12516      16.2719        21.7231
   12517      16.2804        21.7677
   12518      16.3158        21.3093
   12519      16.2733        21.6823
   12520      16.3066        21.6581
   12521      16.2652        21.4898
   12522      16.3348        21.1919
   12523      16.3513        21.3755
   12524      16.3082        21.2662
   12525      16.4623        21.7413
   12526      16.4067        21.4282
   12527      16.3628        21.7998
   12528      16.3657        21.9256
   12529      16.2622        21.3836
   12530      16.3568        21.5469
   12531      16.3586        22.3531
   12532      16.3463        21.8363
   12533      16.3269        21.5125
   12534      16.3209        21.4185
   12535      16.4171        22.5777
   12536      16.3488        21.3615
   12537      16.3000        21.9124
   12538      16.2920        21.4654
   12539      16.4579        21.8884
   12540      16.3752        21.4674
   12541      16.3999        21.8701
   12542      16.3344        21.4878
   12543      16.4346        21.8439
   12544      16.3449        21.6097
   12545      16.4098        21.8842
   12546      16.3518        21.5556
   12547      16.3928        22.2268
   12548      16.3797        21.5482
   12549      16.2928        20.9632
   12550      16.3180        21.9300
   12551      16.3727        21.6914
   12552      16.3861        22.1273
   12553      16.3322        21.3881
   12554      16.4200        21.9806
   12555      16.2957        21.6034
   12556      16.3220        21.4547
   12557      16.2322        21.1690
   12558      16.3249        22.2132
   12559      16.3471        21.9639
   12560      16.2851        21.5283
   12561      16.2983        21.7772
   12562      16.3222        22.0105
   12563      16.3526        21.9605
   12564      16.3498        21.6305
   12565      16.3224        21.9259
   12566      16.2596        21.8723
   12567      16.2392        21.2856
   12568      16.3843        21.5666
   12569      16.3199        21.7213
   12570      16.3918        21.7491
   12571      16.3351        21.8880
   12572      16.3256        21.3964
   12573      16.2808        21.4948
   12574      16.3798        21.7494
   12575      16.4184        21.9211
   12576      16.3105        22.4950
   12577      16.3400        21.9341
   12578      16.4556        22.9750
   12579      16.4021        22.3774
   12580      16.3833        21.6459
   12581      16.4621        21.8195
   12582      16.4537        22.0820
   12583      16.3229        21.8212
   12584      16.3526        21.9662
   12585      16.4539        22.8021
   12586      16.3679        22.0762
   12587      16.3864        22.1928
   12588      16.4093        22.1457
   12589      16.3966        22.2095
   12590      16.3556        22.2922
   12591      16.3834        21.7902
   12592      16.3070        21.5316
   12593      16.4085        21.4594
   12594      16.3298        22.0846
   12595      16.3541        22.3277
   12596      16.3831        22.3857
   12597      16.4314        22.3768
   12598      16.4243        21.8405
   12599      16.3586        21.9805
   12600      16.3274        21.7805
   12601      16.3447        22.2589
   12602      16.3261        22.2534
   12603      16.4007        22.0942
   12604      16.4300        22.3863
   12605      16.4390        22.1659
   12606      16.3043        21.6895
   12607      16.3865        22.4448
   12608      16.3655        22.2659
   12609      16.3400        22.2518
   12610      16.3802        21.6853
   12611      16.3576        21.5263
   12612      16.3875        21.7563
   12613      16.3712        21.7695
   12614      16.2641        21.7396
   12615      16.3718        22.1796
   12616      16.3727        22.0541
   12617      16.3754        22.7789
   12618      16.3524        22.0006
   12619      16.3724        21.6698
   12620      16.4493        22.5032
   12621      16.3818        21.7093
   12622      16.4289        22.4381
   12623      16.4630        22.1729
   12624      16.4278        22.0324
   12625      16.3357        22.3129
   12626      16.3110        21.6620
   12627      16.3472        21.7525
   12628      16.4369        21.6447
   12629      16.4014        21.8600
   12630      16.4455        21.7737
   12631      16.4223        21.8911
   12632      16.4513        22.0188
   12633      16.4207        21.9601
   12634      16.3798        22.0234
   12635      16.5097        21.7681
   12636      16.4484        21.8518
   12637      16.3795        22.3409
   12638      16.4243        22.0598
   12639      16.4129        21.7577
   12640      16.3427        22.0362
   12641      16.3282        21.9209
   12642      16.3249        21.9257
   12643      16.3680        21.9551
   12644      16.3793        21.3463
   12645      16.4272        22.1599
   12646      16.4349        22.1454
   12647      16.3611        21.8577
   12648      16.3588        22.4169
   12649      16.3222        22.0569
   12650      16.4568        22.7414
   12651      16.3502        21.9785
   12652      16.4154        22.2965
   12653      16.4706        22.1736
   12654      16.3357        23.0485
   12655      16.3966        22.5511
   12656      16.3964        23.4238
   12657      16.3811        22.0721
   12658      16.3749        22.3844
   12659      16.3066        22.8443
   12660      16.3754        22.7443
   12661      16.4212        22.6957
   12662      16.3791        21.4971
   12663      16.3810        22.1566
   12664      16.4408        22.0242
   12665      16.4154        22.1938
   12666      16.4164        22.6037
   12667      16.4099        21.9283
   12668      16.4157        21.9841
   12669      16.3710        21.8524
   12670      16.3373        21.6463
   12671      16.3281        21.5311
   12672      16.3115        21.6425
   12673      16.4010        21.6019
   12674      16.4356        21.6578
   12675      16.4736        22.1512
   12676      16.3586        21.1329
   12677      16.3587        22.1647
   12678      16.3739        21.1404
   12679      16.3623        21.6113
   12680      16.4249        21.5010
   12681      16.4022        21.2440
   12682      16.4087        21.9508
   12683      16.4607        22.0504
   12684      16.3812        21.2874
   12685      16.4065        22.0532
   12686      16.4021        21.7318
   12687      16.4017        21.8938
   12688      16.3511        21.6839
   12689      16.3908        22.1571
   12690      16.3277        21.0403
   12691      16.4280        22.2502
   12692      16.3846        21.3258
   12693      16.4022        21.3273
   12694      16.4045        21.9963
   12695      16.3890        21.7580
   12696      16.4268        21.8383
   12697      16.3482        22.2649
   12698      16.3579        21.5986
   12699      16.3853        21.6268
   12700      16.4538        21.3897
   12701      16.3796        21.9182
   12702      16.4253        21.6503
   12703      16.4448        21.4430
   12704      16.4059        21.8287
   12705      16.3140        21.9633
   12706      16.4789        21.7425
   12707      16.3861        21.0984
   12708      16.4423        21.5929
   12709      16.4482        21.7484
   12710      16.4314        21.4541
   12711      16.3534        21.3226
   12712      16.3931        21.1946
   12713      16.4567        21.6237
   12714      16.4091        21.5354
   12715      16.4964        21.8528
   12716      16.4607        22.6351
   12717      16.4823        23.1927
   12718      16.4621        22.4137
   12719      16.5007        22.5558
   12720      16.3532        22.1179
   12721      16.3826        21.6711
   12722      16.3909        21.6618
   12723      16.4262        21.5757
   12724      16.4311        22.5677
   12725      16.4144        22.4525
   12726      16.3568        21.9775
   12727      16.4147        22.3663
   12728      16.3940        21.8859
   12729      16.4067        22.0428
   12730      16.3696        21.7962
   12731      16.3898        21.4720
   12732      16.3755        21.6539
   12733      16.3631        21.6939
   12734      16.3852        21.6006
   12735      16.3878        21.8622
   12736      16.4177        21.9863
   12737      16.4448        22.4884
   12738      16.4297        22.3756
   12739      16.3620        21.9231
   12740      16.4004        21.9333
   12741      16.4543        21.7275
   12742      16.3928        21.3949
   12743      16.3094        21.1680
   12744      16.3965        21.8334
   12745      16.4357        21.6786
   12746      16.3830        21.6332
   12747      16.3587        21.8351
   12748      16.3776        22.0842
   12749      16.3187        21.3104
   12750      16.4001        21.4832
   12751      16.3916        21.1583
   12752      16.4387        21.2197
   12753      16.4277        21.6982
   12754      16.4519        21.3261
   12755      16.3480        21.8445
   12756      16.4375        21.0721
   12757      16.4754        21.8371
   12758      16.4025        21.5460
   12759      16.4643        22.2623
   12760      16.4229        22.0989
   12761      16.3828        22.0344
   12762      16.3811        21.5934
   12763      16.4353        21.9664
   12764      16.3835        22.2158
   12765      16.4135        21.6558
   12766      16.3588        21.4701
   12767      16.3498        21.8442
   12768      16.4140        21.7462
   12769      16.3874        23.2373
   12770      16.4597        21.6270
   12771      16.4183        21.4014
   12772      16.3820        21.5341
   12773      16.4061        21.8655
   12774      16.3910        21.7901
   12775      16.3975        21.4363
   12776      16.3422        21.4341
   12777      16.4896        21.7985
   12778      16.3708        21.0224
   12779      16.3542        21.3518
   12780      16.3534        21.8108
   12781      16.3443        22.0620
   12782      16.2987        21.3016
   12783      16.3473        21.6050
   12784      16.3814        21.8649
   12785      16.3672        21.8498
   12786      16.3956        21.8264
   12787      16.3372        21.6098
   12788      16.4056        21.6915
   12789      16.3687        21.5600
   12790      16.4441        21.7104
   12791      16.4163        21.5362
   12792      16.3415        22.3660
   12793      16.3543        22.8884
   12794      16.3976        22.3859
   12795      16.3203        22.1074
   12796      16.3777        22.1218
   12797      16.3857        22.0766
   12798      16.4883        22.0261
   12799      16.3673        22.2682
   12800      16.2987        22.0427
   12801      16.2988        21.6104
   12802      16.3839        22.0441
   12803      16.4057        21.6150
   12804      16.3872        21.4743
   12805      16.3441        21.1053
   12806      16.3065        21.9487
   12807      16.3436        21.5343
   12808      16.3181        21.7182
   12809      16.3673        21.7123
   12810      16.2564        21.7876
   12811      16.3092        21.5698
   12812      16.4142        22.2511
   12813      16.3516        21.6637
   12814      16.3254        21.9365
   12815      16.2905        21.3189
   12816      16.3542        22.0499
   12817      16.3841        21.4935
   12818      16.3787        22.1840
   12819      16.4711        21.4700
   12820      16.3557        22.1367
   12821      16.4649        21.9411
   12822      16.3758        21.5920
   12823      16.4088        21.9558
   12824      16.4079        22.4835
   12825      16.3219        22.4004
   12826      16.3762        21.7047
   12827      16.3549        22.0553
   12828      16.3177        21.3952
   12829      16.3453        22.1690
   12830      16.3446        22.3402
   12831      16.3016        21.4765
   12832      16.3619        22.0018
   12833      16.4040        22.0590
   12834      16.3940        21.7490
   12835      16.4313        22.3835
   12836      16.3169        21.7303
   12837      16.3251        21.3218
   12838      16.3266        21.6351
   12839      16.2454        21.5593
   12840      16.3200        21.7496
   12841      16.3167        21.8505
   12842      16.3663        21.8802
   12843      16.2914        22.1353
   12844      16.4335        21.7914
   12845      16.3202        22.0683
   12846      16.2834        21.6305
   12847      16.3352        21.7039
   12848      16.2869        21.5969
   12849      16.2497        21.5563
   12850      16.3393        21.6605
   12851      16.2662        21.9968
   12852      16.3469        22.3758
   12853      16.3508        21.1983
   12854      16.3322        21.1449
   12855      16.3825        22.0398
   12856      16.2880        22.1861
   12857      16.4508        22.0064
   12858      16.3216        21.6812
   12859      16.3990        21.9251
   12860      16.3614        21.8939
   12861      16.4088        22.2498
   12862      16.4204        21.8272
   12863      16.4485        21.7028
   12864      16.3347        21.9654
   12865      16.4481        21.3222
   12866      16.3154        21.4740
   12867      16.3747        22.1152
   12868      16.3513        21.4492
   12869      16.3649        21.9615
   12870      16.3760        21.5631
   12871      16.3160        20.9767
   12872      16.4081        21.8418
   12873      16.4318        22.1564
   12874      16.3293        21.5435
   12875      16.3685        22.0360
   12876      16.3950        21.8265
   12877      16.4078        21.7240
   12878      16.3773        21.7865
   12879      16.3907        22.3388
   12880      16.3723        22.3192
   12881      16.4074        21.5143
   12882      16.3497        22.1064
   12883      16.2979        22.0756
   12884      16.3422        22.0381
   12885      16.3758        22.1184
   12886      16.3626        21.7840
   12887      16.3233        21.9941
   12888      16.3536        21.6972
   12889      16.3647        21.4917
   12890      16.3548        21.9431
   12891      16.3524        21.5882
   12892      16.3605        22.0605
   12893      16.4218        21.9973
   12894      16.3622        21.9513
   12895      16.4303        22.1291
   12896      16.3320        21.5252
   12897      16.3403        21.7291
   12898      16.3069        22.1887
   12899      16.3102        21.8171
   12900      16.3612        21.9116
   12901      16.3719        21.7143
   12902      16.3054        21.3287
   12903      16.4288        21.8699
   12904      16.3711        21.2980
   12905      16.4633        21.9560
   12906      16.3096        21.6386
   12907      16.3181        21.2694
   12908      16.4150        21.5418
   12909      16.3225        22.0690
   12910      16.4282        21.8553
   12911      16.3693        21.6489
   12912      16.3602        21.0674
   12913      16.3463        21.3162
   12914      16.3050        21.5322
   12915      16.4033        21.9197
   12916      16.3909        22.3931
   12917      16.3564        21.8334
   12918      16.3518        21.9740
   12919      16.4222        22.2612
   12920      16.3619        21.8062
   12921      16.3888        21.6719
   12922      16.4003        20.9575
   12923      16.3755        21.5612
   12924      16.3907        22.0071
   12925      16.4012        22.0378
   12926      16.2458        20.8688
   12927      16.2802        21.2702
   12928      16.3021        22.1565
   12929      16.2609        21.8212
   12930      16.3507        21.9581
   12931      16.3713        22.0342
   12932      16.3599        22.0192
   12933      16.3617        21.7474
   12934      16.2911        22.0682
   12935      16.2831        21.5248
   12936      16.2788        20.7831
   12937      16.2934        20.9806
   12938      16.3460        21.7824
   12939      16.2092        21.3894
   12940      16.3207        21.4319
   12941      16.3315        21.7357
   12942      16.3212        21.4898
   12943      16.2802        21.8369
   12944      16.3080        21.6095
   12945      16.3324        21.8174
   12946      16.2861        21.7876
   12947      16.3488        21.3672
   12948      16.4002        21.6457
   12949      16.4212        21.8671
   12950      16.2690        21.3981
   12951      16.3468        21.4826
   12952      16.2891        21.4042
   12953      16.2693        21.2772
   12954      16.2884        21.8345
   12955      16.3018        21.5144
   12956      16.3469        21.4124
   12957      16.3419        21.6993
   12958      16.3100        21.5381
   12959      16.3150        21.7148
   12960      16.3179        21.7208
   12961      16.3998        21.4067
   12962      16.3217        21.9868
   12963      16.3766        21.9433
   12964      16.4159        21.4174
   12965      16.3234        21.5691
   12966      16.3031        21.7673
   12967      16.2864        21.7229
   12968      16.3670        21.5105
   12969      16.3045        21.4137
   12970      16.3956        21.5163
   12971      16.4543        21.6130
   12972      16.4547        22.1797
   12973      16.3861        22.0662
   12974      16.4264        22.1136
   12975      16.3770        22.2053
   12976      16.3270        21.6339
   12977      16.3223        21.3928
   12978      16.3212        21.8878
   12979      16.3327        22.1844
   12980      16.2925        21.8792
   12981      16.2651        21.2958
   12982      16.2764        21.9258
   12983      16.4017        22.9412
   12984      16.3057        22.0631
   12985      16.2657        21.6067
   12986      16.3292        21.8675
   12987      16.3335        21.3423
   12988      16.3390        21.6430
   12989      16.4138        22.3777
   12990      16.2649        21.5380
   12991      16.2820        21.5984
   12992      16.3491        21.7511
   12993      16.3517        22.0670
   12994      16.3532        21.5039
   12995      16.3104        21.8297
   12996      16.3033        21.6047
   12997      16.3198        21.8316
   12998      16.2373        21.8163
   12999      16.3418        21.6401
   13000      16.3780        21.5632
   13001      16.3614        21.7937
   13002      16.3663        21.4808
   13003      16.3018        21.6911
   13004      16.2813        21.8900
   13005      16.3266        22.0807
   13006      16.2742        21.5438
   13007      16.3332        21.6357
   13008      16.3059        21.7169
   13009      16.2466        21.5187
   13010      16.2551        21.6293
   13011      16.3542        21.6321
   13012      16.3260        21.4728
   13013      16.3414        22.0922
   13014      16.3849        21.8178
   13015      16.3228        20.9875
   13016      16.3624        21.8138
   13017      16.3302        21.6204
   13018      16.2709        21.5432
   13019      16.2551        21.8653
   13020      16.2619        21.4949
   13021      16.3334        21.6270
   13022      16.2667        21.3076
   13023      16.3079        21.9586
   13024      16.2908        21.4084
   13025      16.2699        21.1068
   13026      16.3553        21.5714
   13027      16.3081        21.5122
   13028      16.4045        22.1943
   13029      16.2615        21.8062
   13030      16.4191        22.1245
   13031      16.2947        21.5991
   13032      16.3008        21.8260
   13033      16.3908        22.6029
   13034      16.3323        21.9214
   13035      16.3390        21.5151
   13036      16.3067        22.1071
   13037      16.3352        21.7192
   13038      16.3243        21.9183
   13039      16.3940        21.9567
   13040      16.4032        22.8354
   13041      16.4209        22.1225
   13042      16.3718        21.5132
   13043      16.3446        22.0096
   13044      16.3033        21.7472
   13045      16.3933        23.1594
   13046      16.3893        22.3323
   13047      16.3224        21.5420
   13048      16.2714        22.0444
   13049      16.3654        22.0873
   13050      16.3317        21.2978
   13051      16.3550        22.1276
   13052      16.2673        21.2763
   13053      16.2880        21.8649
   13054      16.3864        21.8564
   13055      16.4391        21.9248
   13056      16.3996        22.1059
   13057      16.4446        21.9797
   13058      16.3633        21.8889
   13059      16.3226        21.9783
   13060      16.3834        22.1271
   13061      16.3407        22.1498
   13062      16.3979        21.9049
   13063      16.3113        21.9333
   13064      16.3073        21.6924
   13065      16.3315        22.2680
   13066      16.4207        22.0699
   13067      16.3928        21.8753
   13068      16.3515        21.9817
   13069      16.3896        21.9365
   13070      16.3423        21.8114
   13071      16.3163        21.4785
   13072      16.3998        22.1109
   13073      16.3598        21.3001
   13074      16.3250        21.7951
   13075      16.3642        21.7568
   13076      16.3528        21.3121
   13077      16.3847        22.0806
   13078      16.3687        21.6490
   13079      16.3280        21.9334
   13080      16.3170        21.4347
   13081      16.3517        21.7820
   13082      16.3947        21.3090
   13083      16.4307        21.8307
   13084      16.3644        21.7427
   13085      16.4281        21.8781
   13086      16.4339        21.0755
   13087      16.3888        21.5804
   13088      16.3814        22.0689
   13089      16.3439        21.6275
   13090      16.3282        21.5082
   13091      16.3077        21.7576
   13092      16.2945        22.4451
   13093      16.3114        21.9284
   13094      16.3277        21.8927
   13095      16.2981        21.9171
   13096      16.3498        21.9648
   13097      16.4167        22.1318
   13098      16.3968        22.1622
   13099      16.2654        21.9351
   13100      16.3835        22.2616
   13101      16.3198        22.1320
   13102      16.2867        21.6669
   13103      16.2837        22.0958
   13104      16.4120        22.0531
   13105      16.3276        21.6718
   13106      16.3182        21.1849
   13107      16.3224        21.4065
   13108      16.3048        21.5453
   13109      16.3008        21.3302
   13110      16.3330        21.9885
   13111      16.2669        21.2442
   13112      16.3463        21.9057
   13113      16.3440        22.2847
   13114      16.2996        21.2691
   13115      16.3367        21.6052
   13116      16.3572        21.8646
   13117      16.3858        21.0752
   13118      16.3887        21.6580
   13119      16.4091        21.6310
   13120      16.3757        22.0762
   13121      16.3387        21.5067
   13122      16.3114        21.7147
   13123      16.3025        21.6040
   13124      16.3164        22.0330
   13125      16.3220        21.7927
   13126      16.3798        21.5899
   13127      16.3428        22.2104
   13128      16.3532        21.5233
   13129      16.2948        22.2551
   13130      16.4025        22.2263
   13131      16.4378        22.8838
   13132      16.3232        22.0713
   13133      16.3673        22.0308
   13134      16.3570        21.9748
   13135      16.3402        21.4535
   13136      16.3395        21.9942
   13137      16.3485        21.9552
   13138      16.3147        21.8843
   13139      16.3162        22.1901
   13140      16.3161        21.8786
   13141      16.3800        21.9022
   13142      16.3814        22.4676
   13143      16.3877        22.4079
   13144      16.3371        21.9800
   13145      16.3373        22.2176
   13146      16.3147        22.2216
   13147      16.3501        22.3874
   13148      16.3187        22.1885
   13149      16.3500        22.1295
   13150      16.3967        22.2817
   13151      16.3143        22.3732
   13152      16.4103        22.1368
   13153      16.4056        21.7201
   13154      16.2391        21.3283
   13155      16.3126        22.8729
   13156      16.3415        21.9306
   13157      16.2642        22.3276
   13158      16.3764        22.1707
   13159      16.3165        22.3576
   13160      16.3978        22.0568
   13161      16.3887        22.4766
   13162      16.3831        22.5475
   13163      16.3297        21.9372
   13164      16.3637        21.5758
   13165      16.3484        21.6977
   13166      16.4833        21.6541
   13167      16.2989        21.5836
   13168      16.3794        21.3527
   13169      16.3922        21.7237
   13170      16.3900        22.0306
   13171      16.3706        21.6825
   13172      16.3184        21.3155
   13173      16.3853        21.7027
   13174      16.3802        21.9162
   13175      16.4359        22.1309
   13176      16.3861        21.7078
   13177      16.3255        21.3296
   13178      16.3324        22.1798
   13179      16.3906        21.9496
   13180      16.3382        21.8695
   13181      16.2951        21.6584
   13182      16.2802        21.5429
   13183      16.2386        21.2858
   13184      16.3382        21.9001
   13185      16.3790        21.7819
   13186      16.3484        21.6455
   13187      16.3231        22.3632
   13188      16.3390        22.2203
   13189      16.3827        22.0384
   13190      16.3475        21.9732
   13191      16.3388        22.0745
   13192      16.3606        21.5835
   13193      16.3685        22.5183
   13194      16.3427        21.6459
   13195      16.3669        21.6262
   13196      16.3052        21.8903
   13197      16.3412        21.9540
   13198      16.2904        21.9397
   13199      16.2655        21.7953
   13200      16.3626        21.7530
   13201      16.4453        22.3272
   13202      16.3656        21.8120
   13203      16.3282        22.3496
   13204      16.2934        21.9021
   13205      16.3768        21.8416
   13206      16.3311        21.9690
   13207      16.3087        21.7626
   13208      16.3751        22.3099
   13209      16.2913        21.5104
   13210      16.3229        21.4832
   13211      16.3605        21.9913
   13212      16.2836        21.3358
   13213      16.3099        21.6934
   13214      16.3008        21.3587
   13215      16.2581        21.1940
   13216      16.2746        21.4646
   13217      16.2486        21.2537
   13218      16.3530        22.1187
   13219      16.3307        21.8352
   13220      16.3374        22.8876
   13221      16.3405        22.3906
   13222      16.3470        22.5114
   13223      16.3096        21.7482
   13224      16.2893        22.0534
   13225      16.2957        21.6403
   13226      16.2930        21.1839
   13227      16.2775        21.6683
   13228      16.3714        21.9538
   13229      16.2005        21.5814
   13230      16.3453        22.1325
   13231      16.4102        21.6071
   13232      16.3395        21.4602
   13233      16.3031        21.5600
   13234      16.3443        21.5265
   13235      16.4147        22.1904
   13236      16.2969        21.2833
   13237      16.3847        21.7044
   13238      16.3422        22.1177
   13239      16.3778        21.5820
   13240      16.4190        21.9755
   13241      16.3371        22.1053
   13242      16.3791        21.7718
   13243      16.3199        21.9185
   13244      16.3690        21.8451
   13245      16.2947        21.4898
   13246      16.3839        21.9886
   13247      16.3662        21.7395
   13248      16.2680        21.2083
   13249      16.3528        21.5855
   13250      16.3173        21.7876
   13251      16.2810        21.5683
   13252      16.2781        21.9378
   13253      16.3870        22.1410
   13254      16.4015        22.0397
   13255      16.4432        22.6067
   13256      16.4053        21.6305
   13257      16.4061        22.1584
   13258      16.3181        22.3422
   13259      16.4005        21.3101
   13260      16.2976        21.7510
   13261      16.3909        22.1487
   13262      16.4622        22.6287
   13263      16.4084        22.0025
   13264      16.3644        21.3788
   13265      16.3589        22.2510
   13266      16.4149        21.8233
   13267      16.4826        22.4185
   13268      16.4134        21.7320
   13269      16.3106        21.8038
   13270      16.3907        21.7061
   13271      16.4791        21.6978
   13272      16.3927        22.0589
   13273      16.4024        21.5708
   13274      16.3498        21.5331
   13275      16.3443        21.8923
   13276      16.4494        22.2055
   13277      16.4699        21.8643
   13278      16.4650        22.1515
   13279      16.3693        22.2451
   13280      16.4184        21.8327
   13281      16.4321        21.7232
   13282      16.5194        22.3549
   13283      16.3942        22.0770
   13284      16.4460        22.1353
   13285      16.4082        21.3877
   13286      16.3951        21.9654
   13287      16.4327        21.7548
   13288      16.3316        21.8260
   13289      16.2661        21.7101
   13290      16.3643        21.9285
   13291      16.3192        21.8401
   13292      16.3648        21.8996
   13293      16.3717        21.9530
   13294      16.3842        21.2309
   13295      16.4035        21.7156
   13296      16.4249        22.3018
   13297      16.3142        21.7090
   13298      16.3498        21.8261
   13299      16.3453        21.8287
   13300      16.4079        22.0679
   13301      16.2988        22.1472
   13302      16.3138        21.8524
   13303      16.3429        21.7172
   13304      16.3125        21.5117
   13305      16.4035        21.6765
   13306      16.3478        21.3696
   13307      16.3560        22.0482
   13308      16.4419        23.5278
   13309      16.3769        21.5710
   13310      16.2951        21.3443
   13311      16.3609        21.9432
   13312      16.3874        22.1545
   13313      16.3511        21.4556
   13314      16.3968        21.5689
   13315      16.2796        21.8194
   13316      16.4310        21.8907
   13317      16.3523        21.7933
   13318      16.3828        21.6868
   13319      16.3921        21.5428
   13320      16.3711        21.9717
   13321      16.3403        22.1328
   13322      16.3869        21.5510
   13323      16.3481        21.8955
   13324      16.4666        22.1679
   13325      16.4946        21.8872
   13326      16.3950        21.7378
   13327      16.3230        21.4649
   13328      16.3972        21.9256
   13329      16.3862        21.8627
   13330      16.3980        21.8436
   13331      16.3885        21.7211
   13332      16.3677        21.1268
   13333      16.3450        21.7493
   13334      16.2440        21.0092
   13335      16.3720        21.7627
   13336      16.3748        21.7019
   13337      16.3056        21.1816
   13338      16.3721        22.1637
   13339      16.3499        21.8496
   13340      16.3282        21.7779
   13341      16.3447        21.6219
   13342      16.3332        21.7530
   13343      16.3516        22.3830
   13344      16.3584        22.2017
   13345      16.3123        21.5446
   13346      16.3728        21.7746
   13347      16.3596        22.1236
   13348      16.4004        21.5532
   13349      16.3004        21.4599
   13350      16.3491        21.1589
   13351      16.4081        22.4432
   13352      16.3705        21.7989
   13353      16.3253        21.4544
   13354      16.2525        21.8365
   13355      16.3422        21.8270
   13356      16.3458        21.8404
   13357      16.3509        21.3284
   13358      16.3307        21.7624
   13359      16.3574        21.1167
   13360      16.2798        21.3553
   13361      16.2838        21.0190
   13362      16.2508        21.2370
   13363      16.3114        21.5655
   13364      16.3042        21.0538
   13365      16.2791        20.9652
   13366      16.3228        21.1474
   13367      16.2748        20.8916
   13368      16.3547        21.3052
   13369      16.2997        21.1100
   13370      16.3284        21.3795
   13371      16.3350        21.6221
   13372      16.3095        21.7124
   13373      16.4554        21.5423
   13374      16.3245        21.4169
   13375      16.2402        20.8837
   13376      16.3753        21.6622
   13377      16.3434        21.9026
   13378      16.3620        21.6963
   13379      16.2514        21.2345
   13380      16.4128        21.7498
   13381      16.3368        21.1249
   13382      16.2964        21.1805
   13383      16.3242        21.5981
   13384      16.3393        21.1873
   13385      16.2833        21.1936
   13386      16.3789        21.9865
   13387      16.3334        21.0322
   13388      16.3282        21.3943
   13389      16.3146        21.7243
   13390      16.3085        21.5069
   13391      16.3626        21.7056
   13392      16.3596        21.4005
   13393      16.3291        21.0608
   13394      16.3359        21.2305
   13395      16.3103        21.2790
   13396      16.3617        21.6220
   13397      16.3707        21.5746
   13398      16.3878        21.7223
   13399      16.2840        21.2378
   13400      16.3095        21.1863
   13401      16.3807        21.8102
   13402      16.3289        22.2259
   13403      16.2793        21.3789
   13404      16.3347        21.4619
   13405      16.2905        21.5546
   13406      16.3549        22.0944
   13407      16.2371        21.6292
   13408      16.3476        21.4035
   13409      16.3898        21.7664
   13410      16.2866        21.7792
   13411      16.3804        21.9332
   13412      16.3995        21.1785
   13413      16.3229        21.4348
   13414      16.3893        21.1044
   13415      16.4108        21.8540
   13416      16.3932        21.4096
   13417      16.3015        21.5997
   13418      16.3260        21.5821
   13419      16.4264        21.8284
   13420      16.3483        21.5741
   13421      16.2928        21.5084
   13422      16.4058        21.8893
   13423      16.3945        21.7104
   13424      16.3328        21.7557
   13425      16.4119        21.9445
   13426      16.3209        21.8026
   13427      16.3350        21.3444
   13428      16.3373        21.9232
   13429      16.4104        21.7941
   13430      16.3809        22.0548
   13431      16.3228        21.6226
   13432      16.4071        22.7992
   13433      16.3961        22.5309
   13434      16.3060        21.6980
   13435      16.3690        22.5254
   13436      16.3073        21.6554
   13437      16.3152        21.5657
   13438      16.2971        21.9403
   13439      16.3379        21.2025
   13440      16.3463        21.9985
   13441      16.4024        21.7013
   13442      16.4074        21.6997
   13443      16.4370        22.2274
   13444      16.3096        21.9750
   13445      16.3928        21.9696
   13446      16.3381        22.4663
   13447      16.3806        22.0832
   13448      16.3853        22.1705
   13449      16.3167        21.9791
   13450      16.4123        21.6439
   13451      16.2988        22.1023
   13452      16.3944        22.5545
   13453      16.4166        22.4926
   13454      16.3893        22.4950
   13455      16.3971        22.2127
   13456      16.3712        21.3924
   13457      16.3452        22.4422
   13458      16.3406        21.5973
   13459      16.3314        22.6609
   13460      16.3693        22.5727
   13461      16.3553        21.2514
   13462      16.2928        21.0885
   13463      16.2733        21.5700
   13464      16.3026        21.5322
   13465      16.3614        22.1002
   13466      16.2695        21.7268
   13467      16.3978        22.0067
   13468      16.3308        21.6727
   13469      16.3205        21.7990
   13470      16.3322        22.0697
   13471      16.2635        21.3619
   13472      16.3704        21.4091
   13473      16.2507        21.8347
   13474      16.3541        22.2006
   13475      16.3340        21.9245
   13476      16.3752        21.5358
   13477      16.3549        20.9725
   13478      16.2565        21.3227
   13479      16.3971        22.2639
   13480      16.3507        22.1230
   13481      16.3384        22.4227
   13482      16.3569        22.2132
   13483      16.3482        21.7164
   13484      16.3315        21.6116
   13485      16.3217        21.4984
   13486      16.3547        21.6108
   13487      16.2927        21.7604
   13488      16.3221        21.9538
   13489      16.4452        21.9235
   13490      16.3786        22.1658
   13491      16.3186        21.4059
   13492      16.2942        21.2552
   13493      16.2155        21.3351
   13494      16.3324        22.0254
   13495      16.3550        22.3574
   13496      16.2557        21.9994
   13497      16.3071        21.8066
   13498      16.2858        21.9644
   13499      16.3480        21.2530
   13500      16.3302        21.3542
   13501      16.3597        22.5443
   13502      16.3453        21.8628
   13503      16.3430        21.4461
   13504      16.3184        22.1004
   13505      16.3120        21.6378
   13506      16.4310        21.8318
   13507      16.3850        21.9385
   13508      16.2384        21.7574
   13509      16.3416        21.8086
   13510      16.3593        21.4978
   13511      16.3468        21.6527
   13512      16.3222        22.4359
   13513      16.3506        23.7925
   13514      16.3126        22.3351
   13515      16.3251        21.7275
   13516      16.3247        21.0145
   13517      16.3007        21.9384
   13518      16.3305        21.7564
   13519      16.3165        21.5621
   13520      16.2600        22.0450
   13521      16.3768        21.7138
   13522      16.3271        21.0896
   13523      16.3688        21.5073
   13524      16.4086        22.1662
   13525      16.2697        21.6267
   13526      16.3341        21.5993
   13527      16.3089        21.5006
   13528      16.2891        21.5717
   13529      16.3277        21.6832
   13530      16.3144        21.4979
   13531      16.3629        21.3574
   13532      16.3653        22.1726
   13533      16.3109        21.4537
   13534      16.2689        21.6309
   13535      16.3408        21.2079
   13536      16.3325        21.3985
   13537      16.3299        21.7420
   13538      16.3075        21.4498
   13539      16.3422        22.3775
   13540      16.3770        21.9435
   13541      16.3191        21.6763
   13542      16.2594        21.2003
   13543      16.3800        21.5867
   13544      16.2937        21.2287
   13545      16.3419        21.7295
   13546      16.3813        21.4747
   13547      16.3066        21.9042
   13548      16.4236        21.5160
   13549      16.3603        21.9735
   13550      16.3116        21.4822
   13551      16.3942        21.4746
   13552      16.3499        21.1687
   13553      16.4075        21.0955
   13554      16.3755        21.4595
   13555      16.4068        21.4655
   13556      16.2648        21.3900
   13557      16.3257        21.4050
   13558      16.3911        21.5963
   13559      16.4697        21.3055
   13560      16.3242        21.2132
   13561      16.3469        21.1946
   13562      16.3749        21.7883
   13563      16.3464        21.3368
   13564      16.3125        21.5046
   13565      16.3343        21.5906
   13566      16.2629        21.1786
   13567      16.3359        21.6960
   13568      16.3558        21.4407
   13569      16.4706        22.2346
   13570      16.3292        21.5913
   13571      16.3342        21.4155
   13572      16.3095        21.9048
   13573      16.3114        21.5809
   13574      16.4041        21.7295
   13575      16.4378        21.6318
   13576      16.4247        21.8833
   13577      16.3413        21.5335
   13578      16.3831        21.5033
   13579      16.5245        21.4378
   13580      16.4598        21.8481
   13581      16.3526        21.2553
   13582      16.3580        21.4438
   13583      16.4221        21.2938
   13584      16.3907        21.5222
   13585      16.4582        21.9086
   13586      16.3495        21.9427
   13587      16.4002        22.3731
   13588      16.4433        21.3204
   13589      16.3142        21.6020
   13590      16.4413        21.7767
   13591      16.4752        22.2081
   13592      16.3471        21.1160
   13593      16.3719        21.6820
   13594      16.4450        21.5640
   13595      16.4360        21.4699
   13596      16.4594        21.7638
   13597      16.4376        21.5734
   13598      16.3595        21.5889
   13599      16.3335        22.0508
   13600      16.4836        21.8011
   13601      16.3561        21.9417
   13602      16.3230        21.8656
   13603      16.4145        21.6664
   13604      16.3559        21.8434
   13605      16.4086        21.8455
   13606      16.3707        21.7756
   13607      16.2748        21.0833
   13608      16.3339        20.8239
   13609      16.4067        21.4316
   13610      16.4253        21.7301
   13611      16.4251        22.0892
   13612      16.4455        21.8251
   13613      16.3010        21.2172
   13614      16.2977        21.5451
   13615      16.2682        21.7056
   13616      16.3599        21.5723
   13617      16.3643        21.6328
   13618      16.4488        21.5184
   13619      16.3494        21.5318
   13620      16.4541        22.3235
   13621      16.4478        22.0161
   13622      16.3933        21.6349
   13623      16.3895        21.7463
   13624      16.3172        21.0462
   13625      16.4487        22.0362
   13626      16.3904        21.7302
   13627      16.3559        21.2933
   13628      16.4263        21.5171
   13629      16.4011        21.5281
   13630      16.4099        21.4507
   13631      16.3940        21.4853
   13632      16.4308        22.5338
   13633      16.4621        22.1289
   13634      16.3949        21.9109
   13635      16.4228        21.9097
   13636      16.3591        21.4432
   13637      16.3629        21.9725
   13638      16.4225        21.5607
   13639      16.4181        22.0288
   13640      16.4679        22.4326
   13641      16.4469        22.1013
   13642      16.4305        21.6329
   13643      16.4145        21.5104
   13644      16.4561        22.0050
   13645      16.4544        21.8802
   13646      16.4256        21.5985
   13647      16.3797        21.5795
   13648      16.3833        21.4546
   13649      16.4640        21.5808
   13650      16.5140        21.0505
   13651      16.4526        21.1674
   13652      16.3763        21.5958
   13653      16.4889        21.8640
   13654      16.4723        21.7810
   13655      16.4016        21.3900
   13656      16.4378        21.8649
   13657      16.4396        21.5326
   13658      16.3729        21.5158
   13659      16.3949        22.2542
   13660      16.3667        21.3803
   13661      16.4071        21.7567
   13662      16.3768        21.4998
   13663      16.5018        21.9760
   13664      16.3869        21.2542
   13665      16.4043        21.1671
   13666      16.3893        21.9023
   13667      16.3952        21.3437
   13668      16.4266        21.9835
   13669      16.4528        21.5145
   13670      16.4430        21.6091
   13671      16.3898        21.3804
   13672      16.4052        21.2004
   13673      16.4056        21.7979
   13674      16.3868        20.9555
   13675      16.3593        21.2069
   13676      16.3611        21.2281
   13677      16.3572        21.5834
   13678      16.3348        21.3778
   13679      16.4580        21.5868
   13680      16.3818        21.2600
   13681      16.4041        21.5539
   13682      16.4016        21.3727
   13683      16.3893        21.5908
   13684      16.3507        22.9555
   13685      16.4098        21.5132
   13686      16.3318        22.1344
   13687      16.3850        21.6846
   13688      16.3075        21.6471
   13689      16.2891        21.2647
   13690      16.3894        21.5309
   13691      16.3195        21.0436
   13692      16.4159        21.0448
   13693      16.3241        20.8379
   13694      16.3675        20.7118
   13695      16.3233        20.9646
   13696      16.4405        22.7436
   13697      16.3920        22.2209
   13698      16.4929        23.1565
   13699      16.3703        22.5594
   13700      16.3799        22.1654
   13701      16.4351        21.0611
   13702      16.3600        22.5578
   13703      16.3197        21.2638
   13704      16.3831        21.8254
   13705      16.4069        21.4249
   13706      16.4057        21.5336
   13707      16.4156        22.8627
   13708      16.3285        21.6256
   13709      16.4811        21.8117
   13710      16.2772        20.8281
   13711      16.5130        22.0570
   13712      16.4844        21.4554
   13713      16.3530        21.4749
   13714      16.4262        21.3828
   13715      16.3723        21.4295
   13716      16.4631        21.0975
   13717      16.4124        21.3859
   13718      16.4197        21.1760
   13719      16.3718        20.9847
   13720      16.4272        21.7056
   13721      16.3376        21.5989
   13722      16.3577        21.6665
   13723      16.3260        21.7004
   13724      16.4740        21.7134
   13725      16.4446        22.3808
   13726      16.4322        21.6152
   13727      16.4016        21.5239
   13728      16.3947        21.0921
   13729      16.4159        21.6978
   13730      16.4300        21.2740
   13731      16.4089        21.7927
   13732      16.4466        22.0375
   13733      16.4058        20.9839
   13734      16.3665        21.5664
   13735      16.3680        21.1926
   13736      16.3975        21.4398
   13737      16.3303        21.0441
   13738      16.3155        21.1119
   13739      16.3204        21.4030
   13740      16.3457        21.3914
   13741      16.3644        21.8224
   13742      16.3794        21.4519
   13743      16.4468        22.0135
   13744      16.3589        22.3753
   13745      16.4510        21.8538
   13746      16.4496        21.5657
   13747      16.4323        21.1892
   13748      16.4467        21.6031
   13749      16.4421        21.9469
   13750      16.3834        21.9605
   13751      16.3894        22.2242
   13752      16.4603        21.7312
   13753      16.4822        21.8121
   13754      16.5100        21.9429
   13755      16.5245        21.5166
   13756      16.4235        21.7593
   13757      16.4325        21.4262
   13758      16.3912        21.5547
   13759      16.4451        22.3859
   13760      16.4047        22.1681
   13761      16.4481        21.5146
   13762      16.3407        22.0285
   13763      16.3883        22.1754
   13764      16.5256        21.9552
   13765      16.3506        21.7899
   13766      16.3751        21.5913
   13767      16.4109        21.8531
   13768      16.4495        21.7975
   13769      16.4586        21.5500
   13770      16.5150        21.9742
   13771      16.3826        21.8769
   13772      16.4013        21.6293
   13773      16.4913        22.1172
   13774      16.5274        21.9527
   13775      16.4598        21.1031
   13776      16.4984        21.6787
   13777      16.4100        21.9065
   13778      16.4638        21.9848
   13779      16.4417        21.4697
   13780      16.3929        21.9297
   13781      16.4577        21.8096
   13782      16.4073        21.1831
   13783      16.4761        21.8722
   13784      16.4537        21.8314
   13785      16.5342        21.4545
   13786      16.4792        21.4333
   13787      16.5246        21.9056
   13788      16.4579        21.4188
   13789      16.4720        21.1572
   13790      16.4858        21.3673
   13791      16.4444        21.5174
   13792      16.4119        21.5623
   13793      16.4172        21.4638
   13794      16.4794        21.6065
   13795      16.4697        21.0950
   13796      16.5230        22.0438
   13797      16.4069        21.1134
   13798      16.5212        21.9079
   13799      16.4479        21.6169
   13800      16.4034        21.3559
   13801      16.4358        21.6137
   13802      16.3848        21.7851
   13803      16.4643        21.7388
   13804      16.4355        22.2867
   13805      16.3689        20.8839
   13806      16.3468        21.4036
   13807      16.3473        22.1243
   13808      16.3792        21.5434
   13809      16.3489        21.5685
   13810      16.4274        21.9174
   13811      16.4421        22.6861
   13812      16.4274        22.1087
   13813      16.3458        21.8762
   13814      16.3728        21.2885
   13815      16.4097        22.5997
   13816      16.3786        21.0927
   13817      16.4698        21.9944
   13818      16.4378        21.9455
   13819      16.4207        21.7545
   13820      16.3585        21.6813
   13821      16.4250        21.9230
   13822      16.4218        23.2786
   13823      16.4552        21.6535
   13824      16.3918        22.8873
   13825      16.4637        22.0424
   13826      16.4773        21.9465
   13827      16.3806        23.1346
   13828      16.3450        22.2027
   13829      16.4326        22.0632
   13830      16.4507        22.3424
   13831      16.4491        23.3949
   13832      16.4095        21.7528
   13833      16.3716        21.9115
   13834      16.4792        21.0865
   13835      16.4615        21.7038
   13836      16.3877        21.6501
   13837      16.3097        20.7677
   13838      16.4429        21.4459
   13839      16.3988        22.1509
   13840      16.3621        21.0401
   13841      16.3943        21.0598
   13842      16.3652        20.6891
   13843      16.3984        21.6282
   13844      16.4282        21.6381
   13845      16.4322        21.1718
   13846      16.4244        21.4671
   13847      16.4228        22.2237
   13848      16.4597        21.6709
   13849      16.3090        20.9497
   13850      16.4073        21.4928
   13851      16.4118        21.5659
   13852      16.3163        20.7254
   13853      16.3729        21.0455
   13854      16.4032        21.6429
   13855      16.2964        20.8095
   13856      16.3900        22.1453
   13857      16.3610        21.0199
   13858      16.3992        21.4819
   13859      16.3820        22.0859
   13860      16.3764        21.7920
   13861      16.4421        21.6770
   13862      16.3574        21.6680
   13863      16.3738        22.2867
   13864      16.4048        22.0957
   13865      16.3454        21.2366
   13866      16.4370        20.9907
   13867      16.3612        20.9581
   13868      16.3988        21.8332
   13869      16.3764        21.2297
   13870      16.3739        21.0540
   13871      16.4509        21.1635
   13872      16.3873        20.9710
   13873      16.4153        20.7759
   13874      16.4693        21.7188
   13875      16.3918        22.0679
   13876      16.3747        21.3260
   13877      16.4026        21.6605
   13878      16.2880        21.1540
   13879      16.2936        21.7984
   13880      16.3532        21.5897
   13881      16.3533        22.1722
   13882      16.4924        21.8975
   13883      16.3392        20.9353
   13884      16.2991        21.1383
   13885      16.3158        21.1525
   13886      16.4059        21.0823
   13887      16.3498        21.2190
   13888      16.4486        21.6038
   13889      16.3820        21.1608
   13890      16.3496        21.2459
   13891      16.3821        21.7094
   13892      16.3484        21.2310
   13893      16.3979        21.5956
   13894      16.3953        21.3774
   13895      16.3795        21.1494
   13896      16.3759        20.8674
   13897      16.3675        20.8975
   13898      16.4119        21.4364
   13899      16.4419        21.4142
   13900      16.3475        21.7373
   13901      16.3425        21.3226
   13902      16.3229        21.5027
   13903      16.3484        21.7966
   13904      16.3723        21.6718
   13905      16.3432        21.4938
   13906      16.4014        21.4579
   13907      16.3834        21.8924
   13908      16.3948        21.9920
   13909      16.2667        21.1067
   13910      16.3020        21.5254
   13911      16.3225        22.3399
   13912      16.3239        21.0488
   13913      16.2878        21.1292
   13914      16.3643        20.8552
   13915      16.2381        20.8930
   13916      16.2819        21.5068
   13917      16.3821        21.4797
   13918      16.2852        21.4875
   13919      16.3705        21.1647
   13920      16.3687        21.3837
   13921      16.3132        21.4316
   13922      16.3444        21.8368
   13923      16.3712        21.8258
   13924      16.3690        21.2787
   13925      16.4079        21.5186
   13926      16.4106        21.6152
   13927      16.5329        21.9610
   13928      16.3798        21.7433
   13929      16.3960        21.5470
   13930      16.3884        21.6766
   13931      16.3384        21.8490
   13932      16.3513        21.4301
   13933      16.4213        21.7771
   13934      16.3430        21.6873
   13935      16.3804        21.8503
   13936      16.3567        21.7058
   13937      16.4169        21.3495
   13938      16.4288        21.0015
   13939      16.3430        21.5394
   13940      16.3705        21.7335
   13941      16.3677        21.7865
   13942      16.3954        21.5098
   13943      16.3478        21.0487
   13944      16.4278        21.1070
   13945      16.3539        21.7433
   13946      16.3985        21.6001
   13947      16.2989        21.2241
   13948      16.3728        21.3340
   13949      16.4275        21.8577
   13950      16.4474        21.7571
   13951      16.3680        21.5830
   13952      16.3921        21.3541
   13953      16.4238        22.0316
   13954      16.4616        21.8030
   13955      16.3574        22.2180
   13956      16.3357        22.1070
   13957      16.3531        21.5051
   13958      16.3563        21.8257
   13959      16.3449        21.3133
   13960      16.4175        22.1435
   13961      16.3520        22.0685
   13962      16.3536        21.1989
   13963      16.3141        22.0097
   13964      16.3028        21.7657
   13965      16.3571        21.9250
   13966      16.3972        21.9389
   13967      16.4469        21.8967
   13968      16.3126        21.7014
   13969      16.2943        21.5078
   13970      16.2714        21.1840
   13971      16.3575        21.5368
   13972      16.3219        21.7567
   13973      16.3754        22.2598
   13974      16.3450        21.4518
   13975      16.3005        21.5839
   13976      16.2934        21.5793
   13977      16.3700        21.6928
   13978      16.3264        21.5426
   13979      16.3516        21.9923
   13980      16.3847        21.5519
   13981      16.4840        21.8949
   13982      16.3337        21.7497
   13983      16.3643        21.9668
   13984      16.3287        21.8252
   13985      16.3498        21.6775
   13986      16.3379        20.9487
   13987      16.4347        21.9934
   13988      16.4126        21.8623
   13989      16.3036        22.7193
   13990      16.3630        22.9774
   13991      16.2974        21.5104
   13992      16.3194        21.7683
   13993      16.3311        21.2714
   13994      16.3561        21.4954
   13995      16.3230        21.8247
   13996      16.3711        21.8876
   13997      16.2999        22.0230
   13998      16.3150        21.2020
   13999      16.2981        21.4766
   14000      16.2757        21.5133
   14001      16.3450        21.4481
   14002      16.2936        21.0120
   14003      16.2501        21.0990
   14004      16.3229        21.8099
   14005      16.2191        21.3684
   14006      16.2796        21.3332
   14007      16.2697        21.7030
   14008      16.3989        22.4758
   14009      16.3136        22.1631
   14010      16.3218        21.8024
   14011      16.3463        21.8760
   14012      16.4174        22.2012
   14013      16.3511        21.8735
   14014      16.3427        22.2010
   14015      16.3216        21.6167
   14016      16.3419        22.3014
   14017      16.3148        22.2601
   14018      16.3293        21.5773
   14019      16.2610        21.3637
   14020      16.2765        21.9107
   14021      16.2775        21.7788
   14022      16.2824        20.9164
   14023      16.3091        21.5646
   14024      16.4019        21.6088
   14025      16.3362        21.6158
   14026      16.2772        21.3829
   14027      16.4187        22.1843
   14028      16.3970        21.3098
   14029      16.4248        21.4121
   14030      16.3666        22.2973
   14031      16.3662        22.0350
   14032      16.3195        21.7509
   14033      16.3798        21.7584
   14034      16.2878        21.4439
   14035      16.3219        21.5921
   14036      16.2848        21.3678
   14037      16.3331        21.2067
   14038      16.3322        21.4388
   14039      16.3810        21.7248
   14040      16.2964        21.7186
   14041      16.3543        21.8178
   14042      16.3887        22.1836
   14043      16.3556        21.2498
   14044      16.3643        21.1944
   14045      16.2516        21.7513
   14046      16.3136        21.5485
   14047      16.3145        21.1350
   14048      16.2747        21.0212
   14049      16.3589        21.6773
   14050      16.3350        21.7789
   14051      16.4121        21.7900
   14052      16.3237        22.3019
   14053      16.3353        21.2500
   14054      16.2997        21.3002
   14055      16.3297        21.5328
   14056      16.3458        22.0536
   14057      16.2797        21.1260
   14058      16.3217        21.7972
   14059      16.3689        21.1302
   14060      16.3500        20.4107
   14061      16.3587        21.3207
   14062      16.3718        21.6134
   14063      16.3828        20.8035
   14064      16.3229        21.4470
   14065      16.3953        21.4655
   14066      16.3563        21.7086
   14067      16.2808        21.4558
   14068      16.3168        21.4545
   14069      16.2750        21.0002
   14070      16.3736        21.9162
   14071      16.3611        21.4507
   14072      16.3681        21.8610
   14073      16.4853        21.3944
   14074      16.3727        21.4847
   14075      16.3679        22.1660
   14076      16.3745        21.6488
   14077      16.3823        21.9836
   14078      16.3579        21.1214
   14079      16.3351        21.7287
   14080      16.3774        21.7639
   14081      16.3901        21.6922
   14082      16.3382        22.0934
   14083      16.3401        22.2127
   14084      16.3664        21.3000
   14085      16.3699        21.7765
   14086      16.3536        21.4895
   14087      16.3266        21.4922
   14088      16.2966        21.5013
   14089      16.3324        22.1621
   14090      16.4304        21.6242
   14091      16.4076        21.5858
   14092      16.3509        21.4707
   14093      16.3248        20.9638
   14094      16.3194        21.8381
   14095      16.3831        21.5418
   14096      16.4126        21.7462
   14097      16.4136        21.8760
   14098      16.3652        22.0838
   14099      16.4418        21.5686
   14100      16.3226        21.3724
   14101      16.3718        21.8191
   14102      16.3377        22.0505
   14103      16.3936        21.5983
   14104      16.4647        21.9847
   14105      16.4270        21.4887
   14106      16.4187        21.3503
   14107      16.3725        22.4747
   14108      16.4873        22.0501
   14109      16.3907        22.0023
   14110      16.3325        21.5775
   14111      16.3385        21.6619
   14112      16.3360        21.4477
   14113      16.3808        21.3766
   14114      16.3443        21.3054
   14115      16.4426        21.1516
   14116      16.3451        21.9521
   14117      16.3226        21.6001
   14118      16.3845        21.9714
   14119      16.3243        21.6681
   14120      16.3696        21.3085
   14121      16.3127        21.7583
   14122      16.3205        21.4348
   14123      16.3198        20.9330
   14124      16.3212        21.2451
   14125      16.3252        21.1079
   14126      16.2536        21.1132
   14127      16.3692        21.3690
   14128      16.3850        21.3524
   14129      16.4054        21.5845
   14130      16.3086        21.1756
   14131      16.2955        21.3205
   14132      16.3353        20.9935
   14133      16.3180        20.9668
   14134      16.3013        21.5500
   14135      16.3989        21.4538
   14136      16.3227        21.6232
   14137      16.3690        21.6567
   14138      16.3964        22.0001
   14139      16.3678        21.4632
   14140      16.3861        21.1281
   14141      16.4423        21.7875
   14142      16.3309        21.3155
   14143      16.4037        21.4961
   14144      16.3869        21.7879
   14145      16.3745        21.3387
   14146      16.4024        21.2521
   14147      16.3255        21.9718
   14148      16.3456        21.4539
   14149      16.3000        21.3546
   14150      16.3079        21.4147
   14151      16.3778        22.0503
   14152      16.3419        21.3700
   14153      16.3352        21.2898
   14154      16.3256        21.6578
   14155      16.3560        22.3365
   14156      16.3073        22.3255
   14157      16.3796        22.4085
   14158      16.4188        21.8405
   14159      16.3564        21.9483
   14160      16.3550        21.8462
   14161      16.3552        21.2850
   14162      16.3656        22.0229
   14163      16.3979        21.6697
   14164      16.4397        21.5823
   14165      16.3892        22.1972
   14166      16.3455        21.5969
   14167      16.4109        22.6786
   14168      16.3952        22.3224
   14169      16.3433        22.6322
   14170      16.4050        23.3761
   14171      16.4184        21.4589
   14172      16.3137        23.0546
   14173      16.3463        22.4011
   14174      16.3527        22.0408
   14175      16.3124        21.3208
   14176      16.3462        21.3585
   14177      16.3350        22.1578
   14178      16.3617        21.4829
   14179      16.4604        22.3464
   14180      16.4051        22.5582
   14181      16.3949        21.9450
   14182      16.3341        22.4034
   14183      16.3340        21.8512
   14184      16.4005        22.0456
   14185      16.3024        21.9271
   14186      16.4005        21.6184
   14187      16.3823        21.9137
   14188      16.3711        21.8100
   14189      16.3724        22.1018
   14190      16.3459        21.6414
   14191      16.3280        21.5842
   14192      16.3763        21.5818
   14193      16.2982        21.9031
   14194      16.3930        22.2295
   14195      16.3839        22.1234
   14196      16.3548        22.2892
   14197      16.3556        21.8844
   14198      16.3865        21.7628
   14199      16.3921        21.5464
   14200      16.3556        22.0670
   14201      16.3230        21.8741
   14202      16.3241        21.5296
   14203      16.4394        21.9040
   14204      16.4143        22.4320
   14205      16.4096        22.1331
   14206      16.3846        21.8513
   14207      16.4328        21.8140
   14208      16.4318        21.4849
   14209      16.3668        21.6463
   14210      16.3915        21.9293
   14211      16.3373        21.7068
   14212      16.4112        21.4363
   14213      16.3636        21.7422
   14214      16.4367        21.8105
   14215      16.3827        22.5047
   14216      16.3237        21.7630
   14217      16.3485        21.7410
   14218      16.4053        21.6464
   14219      16.4670        21.7904
   14220      16.3723        21.5309
   14221      16.3622        21.6774
   14222      16.3302        21.3675
   14223      16.3368        21.9183
   14224      16.3682        21.8472
   14225      16.3998        21.7498
   14226      16.3779        21.8931
   14227      16.4114        22.4406
   14228      16.4462        22.4254
   14229      16.3476        21.3581
   14230      16.3193        21.6970
   14231      16.3909        21.7059
   14232      16.3374        22.0681
   14233      16.4199        22.0515
   14234      16.3835        21.9036
   14235      16.2856        21.5853
   14236      16.3671        22.0534
   14237      16.3371        22.7473
   14238      16.3856        21.8187
   14239      16.3610        21.7079
   14240      16.3899        21.7223
   14241      16.3943        21.3757
   14242      16.4267        22.5584
   14243      16.3474        21.5645
   14244      16.3201        22.0404
   14245      16.4256        22.0373
   14246      16.3281        21.8354
   14247      16.4031        21.2947
   14248      16.4006        22.0831
   14249      16.4721        22.2042
   14250      16.4549        22.0492
   14251      16.3318        21.4335
   14252      16.3686        21.3669
   14253      16.4288        21.7074
   14254      16.3417        22.2290
   14255      16.4319        21.8898
   14256      16.3736        22.2855
   14257      16.4234        21.8836
   14258      16.3150        21.8609
   14259      16.3932        22.0766
   14260      16.3330        21.9633
   14261      16.4106        22.1308
   14262      16.3406        21.7130
   14263      16.3691        21.7290
   14264      16.3607        22.5311
   14265      16.4229        22.1561
   14266      16.2621        22.2917
   14267      16.4057        21.6031
   14268      16.3695        21.8381
   14269      16.4125        21.8802
   14270      16.3681        21.9824
   14271      16.4350        22.0149
   14272      16.3864        22.3826
   14273      16.3551        21.8061
   14274      16.3358        21.4839
   14275      16.3613        21.8911
   14276      16.2804        21.4780
   14277      16.3550        22.2640
   14278      16.2640        21.5752
   14279      16.3722        22.0515
   14280      16.3596        22.2260
   14281      16.3447        22.0624
   14282      16.3105        21.6822
   14283      16.3423        21.8631
   14284      16.3184        21.3640
   14285      16.3630        21.6857
   14286      16.2902        22.0516
   14287      16.2973        21.6544
   14288      16.3940        21.5040
   14289      16.3655        22.1824
   14290      16.3603        21.6892
   14291      16.3676        22.1591
   14292      16.3900        21.4025
   14293      16.3805        22.2064
   14294      16.2722        21.5087
   14295      16.3144        21.7974
   14296      16.2801        21.8180
   14297      16.3457        21.5139
   14298      16.3946        22.2143
   14299      16.2771        21.4350
   14300      16.3589        21.8412
   14301      16.3518        21.7286
   14302      16.2903        21.9525
   14303      16.2586        23.0983
   14304      16.3134        22.1441
   14305      16.3647        21.4246
   14306      16.3851        22.2344
   14307      16.2759        21.3284
   14308      16.3632        22.2397
   14309      16.2643        21.5769
   14310      16.2849        22.0052
   14311      16.3366        21.9419
   14312      16.3448        21.9727
   14313      16.4492        22.3265
   14314      16.3695        21.0694
   14315      16.3421        21.5847
   14316      16.3220        21.4581
   14317      16.3665        22.3240
   14318      16.3330        21.3518
   14319      16.3729        22.5089
   14320      16.3111        22.4385
   14321      16.3632        22.0295
   14322      16.3029        21.5631
   14323      16.2940        21.7087
   14324      16.3593        21.8901
   14325      16.2840        21.5818
   14326      16.2862        21.8096
   14327      16.3375        22.5474
   14328      16.2890        22.2644
   14329      16.3194        22.1399
   14330      16.3294        22.0519
   14331      16.3288        21.8471
   14332      16.3755        22.2149
   14333      16.3587        21.9665
   14334      16.4191        21.8234
   14335      16.2710        21.3387
   14336      16.3851        22.3259
   14337      16.3929        22.1936
   14338      16.3736        22.4584
   14339      16.4226        22.1198
   14340      16.3508        21.9372
   14341      16.3701        21.8246
   14342      16.2999        21.7813
   14343      16.3477        22.3795
   14344      16.2943        21.9976
   14345      16.3412        21.6467
   14346      16.3053        21.4769
   14347      16.3205        22.3880
   14348      16.2846        21.9494
   14349      16.3621        21.5867
   14350      16.2881        21.3430
   14351      16.2954        21.5910
   14352      16.3148        21.8123
   14353      16.3746        21.5961
   14354      16.3625        21.8309
   14355      16.2858        21.5722
   14356      16.4014        21.9468
   14357      16.3082        21.7790
   14358      16.4220        22.1495
   14359      16.3925        21.5784
   14360      16.3255        21.9516
   14361      16.4417        22.0762
   14362      16.3325        21.8427
   14363      16.3500        21.7319
   14364      16.3035        21.7006
   14365      16.3338        22.1360
   14366      16.2599        21.6864
   14367      16.2869        21.9509
   14368      16.3132        22.0282
   14369      16.2419        22.3003
   14370      16.3664        21.9838
   14371      16.2909        21.7802
   14372      16.4170        22.3754
   14373      16.3378        21.4953
   14374      16.2460        21.1990
   14375      16.3223        21.5740
   14376      16.3370        21.7351
   14377      16.2542        21.4467
   14378      16.2968        22.4492
   14379      16.3412        21.9778
   14380      16.3905        21.7738
   14381      16.3882        22.0107
   14382      16.3278        21.7228
   14383      16.3299        21.8175
   14384      16.2734        21.8488
   14385      16.2643        21.6586
   14386      16.3405        21.8095
   14387      16.3207        21.8788
   14388      16.3506        21.5395
   14389      16.3567        22.2570
   14390      16.3428        22.1272
   14391      16.3705        22.0603
   14392      16.3526        22.1051
   14393      16.2533        21.8720
   14394      16.3143        21.8487
   14395      16.3960        21.8093
   14396      16.2698        21.4620
   14397      16.2928        21.7570
   14398      16.3007        21.6502
   14399      16.3424        21.7331
   14400      16.3372        21.9073
   14401      16.3023        21.7438
   14402      16.2595        21.6905
   14403      16.3054        21.4966
   14404      16.2651        21.9054
   14405      16.2959        22.1683
   14406      16.3764        21.5857
   14407      16.2569        21.1820
   14408      16.2419        21.7132
   14409      16.2722        22.0988
   14410      16.3262        21.6462
   14411      16.2672        21.6391
   14412      16.2667        21.7607
   14413      16.2451        21.1532
   14414      16.3253        21.3735
   14415      16.2692        21.5822
   14416      16.3731        21.6448
   14417      16.3277        21.8328
   14418      16.2484        21.8256
   14419      16.2479        21.7969
   14420      16.3042        21.5696
   14421      16.3270        21.6488
   14422      16.3314        21.8225
   14423      16.3539        22.3750
   14424      16.3416        21.7727
   14425      16.3539        21.7229
   14426      16.3650        21.9311
   14427      16.3547        21.7818
   14428      16.3037        21.8395
   14429      16.3443        21.6152
   14430      16.3008        21.3873
   14431      16.3671        21.5729
   14432      16.3009        21.6773
   14433      16.3616        21.8595
   14434      16.3364        21.2907
   14435      16.2802        21.6430
   14436      16.3639        21.6245
   14437      16.3495        22.1347
   14438      16.3228        21.9308
   14439      16.2951        22.1619
   14440      16.3194        21.7785
   14441      16.3633        21.6511
   14442      16.3588        21.8323
   14443      16.3814        21.8499
   14444      16.3715        21.8344
   14445      16.3061        21.5320
   14446      16.3752        21.8168
   14447      16.4069        21.7284
   14448      16.2867        21.1886
   14449      16.3130        21.6469
   14450      16.3669        21.9383
   14451      16.3411        21.4860
   14452      16.3473        21.7462
   14453      16.3610        22.2391
   14454      16.2800        22.0137
   14455      16.3355        22.0011
   14456      16.2826        21.6654
   14457      16.3213        21.8521
   14458      16.2328        21.5092
   14459      16.3589        22.1930
   14460      16.3605        21.9269
   14461      16.3792        21.8633
   14462      16.4008        21.6215
   14463      16.2940        21.8283
   14464      16.3778        21.7770
   14465      16.4284        22.5318
   14466      16.4092        22.0364
   14467      16.3170        21.6898
   14468      16.3080        21.8538
   14469      16.3567        21.8673
   14470      16.3749        21.8063
   14471      16.3665        21.6992
   14472      16.3615        21.1501
   14473      16.2916        21.9340
   14474      16.3165        22.3514
   14475      16.3190        21.8665
   14476      16.3179        21.9105
   14477      16.2694        21.6091
   14478      16.3395        21.7234
   14479      16.3630        21.6690
   14480      16.3636        21.5959
   14481      16.3016        21.6650
   14482      16.3559        21.8396
   14483      16.3678        22.1806
   14484      16.3940        22.0242
   14485      16.3587        21.6537
   14486      16.2753        21.9556
   14487      16.3643        21.8885
   14488      16.3581        21.5294
   14489      16.3827        21.8981
   14490      16.3505        21.6882
   14491      16.3133        22.0465
   14492      16.3576        21.4615
   14493      16.3301        21.5749
   14494      16.3582        21.3873
   14495      16.3386        21.5607
   14496      16.4233        21.9576
   14497      16.4082        21.8261
   14498      16.3662        22.1772
   14499      16.4377        21.8193
   14500      16.3768        21.4802
   14501      16.3812        21.8075
   14502      16.4213        21.5470
   14503      16.3675        21.3755
   14504      16.4384        21.5492
   14505      16.4277        22.3739
   14506      16.4276        22.1501
   14507      16.4146        21.8880
   14508      16.4156        22.0452
   14509      16.4208        22.1912
   14510      16.4082        22.0995
   14511      16.3505        22.6034
   14512      16.3668        21.9951
   14513      16.2782        22.2064
   14514      16.4558        21.7911
   14515      16.3121        21.7906
   14516      16.2889        21.5191
   14517      16.2979        21.6691
   14518      16.3146        21.6194
   14519      16.3208        22.0433
   14520      16.4146        22.0811
   14521      16.3492        21.9969
   14522      16.3346        21.7385
   14523      16.4121        22.2605
   14524      16.3744        21.9031
   14525      16.4297        21.8120
   14526      16.2694        21.7498
   14527      16.3748        21.9665
   14528      16.3439        22.2092
   14529      16.3812        22.3152
   14530      16.3987        21.7116
   14531      16.3975        22.0069
   14532      16.3669        21.8884
   14533      16.3175        21.7462
   14534      16.3760        21.6458
   14535      16.3341        21.9678
   14536      16.3426        21.4930
   14537      16.4114        22.0828
   14538      16.2813        21.8594
   14539      16.3120        21.9162
   14540      16.4059        21.6286
   14541      16.2952        21.7860
   14542      16.4436        21.9141
   14543      16.3279        21.5616
   14544      16.3499        22.0051
   14545      16.3775        21.7565
   14546      16.3421        21.6029
   14547      16.3382        21.7446
   14548      16.2908        22.0475
   14549      16.2950        21.7122
   14550      16.3433        21.9927
   14551      16.2985        21.3422
   14552      16.4111        22.0567
   14553      16.2894        21.7163
   14554      16.2750        21.8340
   14555      16.3155        21.6243
   14556      16.2892        21.5988
   14557      16.3296        21.9617
   14558      16.4056        22.3798
   14559      16.4229        21.8612
   14560      16.3392        21.5526
   14561      16.3267        22.1320
   14562      16.3378        22.6970
   14563      16.3606        21.6149
   14564      16.3575        21.6937
   14565      16.3371        21.4046
   14566      16.2861        22.1630
   14567      16.2962        22.1666
   14568      16.4478        22.3917
   14569      16.5001        22.0346
   14570      16.4526        21.6113
   14571      16.3963        22.1327
   14572      16.3873        22.0374
   14573      16.3501        22.1796
   14574      16.4732        21.6152
   14575      16.3644        21.7486
   14576      16.4320        21.8653
   14577      16.3571        21.8351
   14578      16.3831        22.2106
   14579      16.3042        21.7125
   14580      16.3840        22.4758
   14581      16.3163        21.7966
   14582      16.3431        22.2734
   14583      16.3477        21.7960
   14584      16.2978        21.6308
   14585      16.3687        21.7055
   14586      16.3836        21.9309
   14587      16.2760        22.0184
   14588      16.3418        21.9623
   14589      16.3210        21.6897
   14590      16.3615        22.1067
   14591      16.3719        21.9269
   14592      16.3855        21.9722
   14593      16.4038        21.7809
   14594      16.3618        21.7933
   14595      16.3683        21.3837
   14596      16.3040        21.9329
   14597      16.2787        21.9239
   14598      16.2650        21.6358
   14599      16.2377        21.2657
   14600      16.3760        21.8984
   14601      16.3668        21.6150
   14602      16.3223        21.2363
   14603      16.3895        21.8090
   14604      16.2670        21.8843
   14605      16.3475        21.2952
   14606      16.3917        21.7819
   14607      16.3618        22.1699
   14608      16.2985        22.0033
   14609      16.3931        21.5164
   14610      16.2939        22.2901
   14611      16.3329        21.3856
   14612      16.3237        21.5440
   14613      16.3246        21.5590
   14614      16.2527        21.5437
   14615      16.3233        21.8463
   14616      16.3496        21.7634
   14617      16.3663        22.5988
   14618      16.3119        21.3744
   14619      16.3616        21.4053
   14620      16.3597        21.6926
   14621      16.3756        21.8110
   14622      16.3575        21.7432
   14623      16.3136        21.9647
   14624      16.2848        21.3640
   14625      16.3228        21.4016
   14626      16.2990        21.5040
   14627      16.4103        22.6062
   14628      16.3726        21.4399
   14629      16.3503        21.9834
   14630      16.3938        22.5592
   14631      16.3385        21.4840
   14632      16.3756        21.6824
   14633      16.3260        21.3100
   14634      16.2880        21.2168
   14635      16.2993        22.3909
   14636      16.3336        21.7572
   14637      16.3138        21.6093
   14638      16.2494        21.8090
   14639      16.2773        22.0646
   14640      16.3468        21.5834
   14641      16.3293        21.6539
   14642      16.2681        21.3901
   14643      16.3260        22.0076
   14644      16.3663        21.5172
   14645      16.3411        22.3149
   14646      16.3375        21.5709
   14647      16.3487        21.4093
   14648      16.2976        21.5768
   14649      16.3631        21.6792
   14650      16.3884        21.9423
   14651      16.3531        21.8943
   14652      16.2762        21.5749
   14653      16.3089        21.4717
   14654      16.3928        21.2662
   14655      16.3452        21.6072
   14656      16.3273        21.6050
   14657      16.2986        21.3212
   14658      16.3418        21.8196
   14659      16.3087        22.0805
   14660      16.2861        21.3298
   14661      16.3413        21.1742
   14662      16.2827        21.8842
   14663      16.3159        22.4131
   14664      16.2561        21.3072
   14665      16.3459        21.8208
   14666      16.2872        21.8606
   14667      16.2814        21.8944
   14668      16.3035        21.3487
   14669      16.2661        21.5147
   14670      16.2503        21.8361
   14671      16.2727        21.7576
   14672      16.3938        21.8090
   14673      16.2780        22.1765
   14674      16.3113        21.1893
   14675      16.3579        21.8030
   14676      16.3811        21.7553
   14677      16.3444        22.1053
   14678      16.3048        21.5543
   14679      16.2548        21.8277
   14680      16.3456        21.6045
   14681      16.3259        21.7923
   14682      16.3540        22.0608
   14683      16.3675        22.5931
   14684      16.3265        22.3139
   14685      16.3826        22.0907
   14686      16.2667        21.6901
   14687      16.3280        21.7155
   14688      16.3412        20.8743
   14689      16.3376        21.6383
   14690      16.3384        21.5134
   14691      16.2962        21.6477
   14692      16.3776        21.5680
   14693      16.3566        21.2270
   14694      16.2576        21.2551
   14695      16.3308        21.3909
   14696      16.3000        21.8741
   14697      16.2919        22.1470
   14698      16.2776        21.5390
   14699      16.2318        21.8513
   14700      16.2389        21.2644
   14701      16.3079        21.7110
   14702      16.2418        22.1353
   14703      16.2440        21.7186
   14704      16.3353        22.1833
   14705      16.3828        22.6152
   14706      16.3642        22.6896
   14707      16.3125        21.8225
   14708      16.3065        21.7458
   14709      16.2663        21.6092
   14710      16.2832        22.4785
   14711      16.2962        21.6208
   14712      16.3551        21.2003
   14713      16.3886        21.7065
   14714      16.2831        21.9254
   14715      16.3209        21.6838
   14716      16.3405        22.1554
   14717      16.3190        21.8475
   14718      16.2660        22.3526
   14719      16.2456        21.3322
   14720      16.2571        21.0769
   14721      16.2789        21.5917
   14722      16.2673        21.5983
   14723      16.3448        21.4218
   14724      16.3602        21.5377
   14725      16.2854        21.7099
   14726      16.2971        21.8081
   14727      16.3187        21.2468
   14728      16.3682        22.1572
   14729      16.3384        21.5047
   14730      16.3492        21.2739
   14731      16.2945        21.3130
   14732      16.3159        21.3173
   14733      16.3223        21.5543
   14734      16.3061        21.9737
   14735      16.3313        22.1931
   14736      16.3666        21.4974
   14737      16.3856        21.2595
   14738      16.3832        21.4328
   14739      16.4200        21.5675
   14740      16.3752        21.3061
   14741      16.3865        21.6253
   14742      16.3981        21.8926
   14743      16.4061        21.6344
   14744      16.4104        21.4321
   14745      16.3533        21.4696
   14746      16.4019        21.8373
   14747      16.3862        21.5331
   14748      16.4303        21.9708
   14749      16.4208        21.5334
   14750      16.4011        21.6898
   14751      16.3778        21.5921
   14752      16.3633        21.8544
   14753      16.3938        22.2428
   14754      16.4548        22.1029
   14755      16.3401        21.9646
   14756      16.3326        21.5717
   14757      16.3443        22.0536
   14758      16.3300        21.7850
   14759      16.2542        21.8836
   14760      16.3176        21.8959
   14761      16.3521        22.3622
   14762      16.3548        21.8026
   14763      16.3782        21.7317
   14764      16.2689        21.1277
   14765      16.3108        21.5596
   14766      16.3569        21.7334
   14767      16.3762        22.5413
   14768      16.2780        21.6354
   14769      16.3101        22.7644
   14770      16.3663        21.8506
   14771      16.2912        21.6827
   14772      16.2928        21.4192
   14773      16.3211        22.0400
   14774      16.2696        21.4321
   14775      16.2840        22.0734
   14776      16.3713        22.1196
   14777      16.3763        22.0863
   14778      16.3360        21.5662
   14779      16.3495        21.5110
   14780      16.3194        22.0254
   14781      16.3311        22.0330
   14782      16.3800        22.3226
   14783      16.3647        22.0334
   14784      16.3533        21.6591
   14785      16.3546        21.8542
   14786      16.4240        21.9696
   14787      16.3261        21.6211
   14788      16.4228        21.8107
   14789      16.3922        22.0769
   14790      16.3630        21.6542
   14791      16.3618        21.1646
   14792      16.3269        21.8619
   14793      16.3427        21.7514
   14794      16.2583        21.3157
   14795      16.3327        21.5357
   14796      16.3755        22.2140
   14797      16.3093        21.4415
   14798      16.2774        21.4039
   14799      16.3315        21.5432
   14800      16.3370        21.4899
   14801      16.3552        20.9889
   14802      16.2930        21.2907
   14803      16.3593        21.2324
   14804      16.3324        21.1998
   14805      16.3683        22.2838
   14806      16.3258        21.2400
   14807      16.4220        21.5574
   14808      16.3999        21.5945
   14809      16.4437        22.0687
   14810      16.4669        21.8993
   14811      16.3690        21.6752
   14812      16.3995        21.9397
   14813      16.4865        21.7590
   14814      16.4562        22.1860
   14815      16.4797        22.0280
   14816      16.4973        22.3077
   14817      16.3975        21.1335
   14818      16.4037        21.7647
   14819      16.4050        21.7178
   14820      16.3848        22.1498
   14821      16.3804        21.1986
   14822      16.4066        21.6511
   14823      16.4323        22.1328
   14824      16.3540        21.6957
   14825      16.3719        21.7098
   14826      16.3377        21.4618
   14827      16.3261        21.1020
   14828      16.3876        21.7153
   14829      16.4516        22.2473
   14830      16.4408        23.2998
   14831      16.3817        22.7503
   14832      16.3202        21.8505
   14833      16.3794        21.4527
   14834      16.4338        22.2127
   14835      16.4097        21.7980
   14836      16.4661        21.6856
   14837      16.4208        21.2950
   14838      16.4374        22.0135
   14839      16.5129        22.1665
   14840      16.3748        21.8478
   14841      16.4481        22.0622
   14842      16.4568        22.5624
   14843      16.4773        22.3667
   14844      16.4097        21.3182
   14845      16.3824        22.5064
   14846      16.4044        22.1367
   14847      16.3810        22.8993
   14848      16.4297        22.1546
   14849      16.3900        21.7579
   14850      16.3796        22.7346
   14851      16.3137        21.5898
   14852      16.3373        21.8984
   14853      16.3145        21.7596
   14854      16.3312        21.6819
   14855      16.3651        22.2082
   14856      16.3940        21.8619
   14857      16.4108        21.9045
   14858      16.3248        21.9402
   14859      16.4333        21.7598
   14860      16.4032        21.9315
   14861      16.4108        22.0124
   14862      16.3318        21.5559
   14863      16.4113        21.8264
   14864      16.3574        21.7059
   14865      16.3878        22.0311
   14866      16.4104        22.2181
   14867      16.4250        21.7787
   14868      16.3994        22.0339
   14869      16.3921        21.4753
   14870      16.3566        21.3872
   14871      16.3870        21.6873
   14872      16.3764        21.4632
   14873      16.3227        22.2765
   14874      16.4015        21.1220
   14875      16.4210        21.2296
   14876      16.3599        21.6544
   14877      16.3486        21.7343
   14878      16.3672        22.0865
   14879      16.3113        21.1963
   14880      16.3911        21.5800
   14881      16.3196        21.5917
   14882      16.3594        21.6807
   14883      16.3281        21.6802
   14884      16.2708        21.5939
   14885      16.3242        21.8181
   14886      16.2655        21.5676
   14887      16.3055        21.5548
   14888      16.3374        21.2128
   14889      16.3608        21.4486
   14890      16.3127        21.4389
   14891      16.3158        21.5605
   14892      16.3308        21.6430
   14893      16.2936        21.3925
   14894      16.3143        21.2883
   14895      16.2830        21.0033
   14896      16.2809        22.3853
   14897      16.3508        21.3606
   14898      16.2609        21.2453
   14899      16.3597        21.9132
   14900      16.3665        21.7091
   14901      16.3235        21.3636
   14902      16.3654        22.1333
   14903      16.3636        21.6442
   14904      16.3925        22.0224
   14905      16.3700        21.7331
   14906      16.2775        22.8598
   14907      16.3047        21.5202
   14908      16.3300        22.6714
   14909      16.4683        22.3285
   14910      16.4100        21.7542
   14911      16.3040        21.5675
   14912      16.3652        21.6623
   14913      16.3781        22.1120
   14914      16.4497        22.3428
   14915      16.3868        21.7778
   14916      16.3435        21.8940
   14917      16.3391        22.0270
   14918      16.3735        21.1933
   14919      16.3252        21.7768
   14920      16.3720        22.0769
   14921      16.3471        21.6862
   14922      16.2968        21.7740
   14923      16.2949        21.4113
   14924      16.3738        21.9253
   14925      16.3489        22.1857
   14926      16.3567        21.8764
   14927      16.3794        21.7435
   14928      16.3126        21.5682
   14929      16.3740        21.4173
   14930      16.4143        21.7164
   14931      16.3540        21.5106
   14932      16.3759        21.5195
   14933      16.4027        21.4997
   14934      16.3823        21.8033
   14935      16.3323        21.3172
   14936      16.2801        21.4154
   14937      16.3393        21.3187
   14938      16.3105        21.5698
   14939      16.3829        21.6424
   14940      16.3757        21.6347
   14941      16.3630        21.9316
   14942      16.3755        21.3418
   14943      16.3927        21.6036
   14944      16.3682        21.5636
   14945      16.3319        21.3069
   14946      16.3342        21.3169
   14947      16.3288        21.7765
   14948      16.3679        21.4113
   14949      16.3771        22.0437
   14950      16.3640        22.1318
   14951      16.3102        22.2026
   14952      16.3654        22.1382
   14953      16.3224        21.5806
   14954      16.3191        21.7017
   14955      16.4018        21.7565
   14956      16.3298        21.8520
   14957      16.4176        21.6904
   14958      16.4237        21.7870
   14959      16.4763        21.9494
   14960      16.3506        21.5518
   14961      16.3859        22.1499
   14962      16.3108        21.7952
   14963      16.3468        21.4682
   14964      16.3584        21.8099
   14965      16.3256        21.4007
   14966      16.2804        21.0510
   14967      16.2868        21.0257
   14968      16.3285        21.5694
   14969      16.3393        21.7162
   14970      16.3078        21.7199
   14971      16.3847        22.4629
   14972      16.3679        21.8489
   14973      16.3410        21.4037
   14974      16.3633        21.9651
   14975      16.3447        21.7086
   14976      16.4816        22.1262
   14977      16.4084        22.0404
   14978      16.3651        21.8849
   14979      16.3159        21.5495
   14980      16.3393        21.8520
   14981      16.3933        22.2986
   14982      16.3532        21.3905
   14983      16.3259        21.9951
   14984      16.3683        21.3239
   14985      16.3131        21.4866
   14986      16.3781        22.1831
   14987      16.3257        21.6941
   14988      16.3660        22.0815
   14989      16.3911        21.8528
   14990      16.4307        22.3533
   14991      16.4814        22.2569
   14992      16.3833        22.5669
   14993      16.4183        22.5636
   14994      16.3627        21.5153
   14995      16.4549        21.9850
   14996      16.4544        22.2522
   14997      16.3969        21.7529
   14998      16.4379        22.4035
   14999      16.3775        21.8454
   15000      16.3229        21.6055
   15001      16.3858        22.1979
   15002      16.4125        22.1819
   15003      16.3493        21.9650
   15004      16.4160        21.9758
   15005      16.3385        21.3873
   15006      16.3252        21.9199
   15007      16.3671        22.1748
   15008      16.3475        22.4537
   15009      16.4066        21.7261
   15010      16.3974        21.9574
   15011      16.4491        21.8007
   15012      16.4215        22.3734
   15013      16.4318        22.0329
   15014      16.3927        22.1809
   15015      16.3608        22.2179
   15016      16.4335        22.2422
   15017      16.4282        22.1313
   15018      16.4145        22.3419
   15019      16.3658        22.0984
   15020      16.3728        22.1553
   15021      16.4509        22.2579
   15022      16.3502        22.4346
   15023      16.3910        21.9231
   15024      16.4046        22.4225
   15025      16.3988        22.2066
   15026      16.4025        22.2240
   15027      16.4116        22.1743
   15028      16.2962        21.8184
   15029      16.5027        22.8162
   15030      16.3561        21.4216
   15031      16.4017        21.6393
   15032      16.4280        21.8380
   15033      16.4422        22.1176
   15034      16.3600        21.9736
   15035      16.3216        21.9694
   15036      16.3301        22.5772
   15037      16.3541        23.6507
   15038      16.3025        21.8577
   15039      16.2645        21.2003
   15040      16.3636        21.6413
   15041      16.3525        21.6799
   15042      16.3509        21.9891
   15043      16.2839        21.8092
   15044      16.3977        22.2792
   15045      16.3738        21.4351
   15046      16.3167        21.1617
   15047      16.3926        21.7710
   15048      16.2894        22.2915
   15049      16.3615        22.1072
   15050      16.2793        22.4209
   15051      16.3231        22.1367
   15052      16.3809        22.2190
   15053      16.3448        22.0989
   15054      16.3592        21.7115
   15055      16.3247        21.7826
   15056      16.3423        22.0843
   15057      16.4178        21.8165
   15058      16.3749        22.0042
   15059      16.3364        21.8453
   15060      16.4056        21.8511
   15061      16.3791        22.3060
   15062      16.4079        22.1702
   15063      16.3941        22.2981
   15064      16.3742        21.8117
   15065      16.3811        21.6709
   15066      16.3371        21.9127
   15067      16.3789        21.8474
   15068      16.4499        22.1230
   15069      16.3492        22.0997
   15070      16.3763        21.9524
   15071      16.3818        21.7733
   15072      16.3666        22.1420
   15073      16.3750        22.1093
   15074      16.4028        22.0427
   15075      16.3546        22.3004
   15076      16.4599        22.5836
   15077      16.3474        22.7114
   15078      16.3756        22.3006
   15079      16.3876        22.2509
   15080      16.3543        21.8348
   15081      16.4086        22.2091
   15082      16.4207        22.0796
   15083      16.3953        22.6609
   15084      16.4175        22.7751
   15085      16.3756        21.7446
   15086      16.4182        22.5530
   15087      16.4041        22.0581
   15088      16.3649        21.4064
   15089      16.4017        22.2486
   15090      16.3392        21.9431
   15091      16.4296        22.6425
   15092      16.3229        22.5125
   15093      16.3476        21.9420
   15094      16.3697        22.4433
   15095      16.3521        22.0772
   15096      16.4085        22.7273
   15097      16.3499        22.1242
   15098      16.3987        22.7163
   15099      16.3961        21.8708
   15100      16.3720        22.2213
   15101      16.3946        22.6302
   15102      16.4082        21.9636
   15103      16.3748        22.4996
   15104      16.3431        21.7977
   15105      16.2994        22.1388
   15106      16.3720        22.0749
   15107      16.4304        22.3799
   15108      16.2968        22.3678
   15109      16.4662        22.2861
   15110      16.3190        21.6435
   15111      16.3422        22.0279
   15112      16.4424        21.7207
   15113      16.3815        21.8556
   15114      16.4685        22.1856
   15115      16.3775        22.1142
   15116      16.3973        22.0581
   15117      16.4238        22.0231
   15118      16.4650        22.4132
   15119      16.4255        22.2012
   15120      16.3739        21.4406
   15121      16.3668        22.0019
   15122      16.4227        21.6971
   15123      16.4026        21.8991
   15124      16.3962        22.1078
   15125      16.3804        21.9801
   15126      16.4779        22.2105
   15127      16.4148        22.1589
   15128      16.3424        22.0270
   15129      16.4131        21.8049
   15130      16.3723        22.2414
   15131      16.4229        22.3618
   15132      16.3951        22.3697
   15133      16.4358        22.0929
   15134      16.3729        22.2011
   15135      16.3123        21.7699
   15136      16.3226        21.6782
   15137      16.3118        21.9742
   15138      16.3532        22.9462
   15139      16.3245        21.7459
   15140      16.3982        22.5163
   15141      16.3919        22.3546
   15142      16.4545        22.3302
   15143      16.4033        21.8851
   15144      16.3494        21.5185
   15145      16.3278        21.5647
   15146      16.2754        21.3315
   15147      16.3479        21.8262
   15148      16.2888        21.6341
   15149      16.4086        22.1501
   15150      16.3675        21.7910
   15151      16.2756        22.0842
   15152      16.3235        22.0057
   15153      16.3451        21.8111
   15154      16.3287        21.8854
   15155      16.3352        21.7426
   15156      16.2839        22.2569
   15157      16.3174        21.9668
   15158      16.2938        21.8428
   15159      16.2935        20.8103
   15160      16.2958        21.9076
   15161      16.3388        21.7258
   15162      16.4500        22.1514
   15163      16.3806        21.9092
   15164      16.3425        21.7279
   15165      16.4311        22.5023
   15166      16.2556        21.9905
   15167      16.3515        22.2701
   15168      16.3643        22.0684
   15169      16.2888        22.1094
   15170      16.3989        22.2127
   15171      16.3474        21.9709
   15172      16.3123        21.5481
   15173      16.3369        22.0834
   15174      16.2976        21.8803
   15175      16.3571        21.7373
   15176      16.3606        21.5004
   15177      16.2972        21.5838
   15178      16.3314        21.9049
   15179      16.3081        21.7285
   15180      16.3784        21.6251
   15181      16.3314        21.8160
   15182      16.4135        21.5820
   15183      16.3634        21.4983
   15184      16.3424        22.0871
   15185      16.3311        21.6744
   15186      16.3473        21.7595
   15187      16.2989        22.0261
   15188      16.3705        22.3099
   15189      16.3402        22.1681
   15190      16.3599        22.1570
   15191      16.3157        21.5845
   15192      16.3075        21.5627
   15193      16.3941        21.7599
   15194      16.3149        21.6699
   15195      16.2471        21.6510
   15196      16.4530        22.1192
   15197      16.4228        21.9616
   15198      16.3522        21.5327
   15199      16.3593        21.5291
   15200      16.3001        21.4732
   15201      16.3784        21.6767
   15202      16.2584        22.0775
   15203      16.3862        21.7216
   15204      16.3524        21.4760
   15205      16.4126        22.0070
   15206      16.3321        21.6515
   15207      16.3790        21.5646
   15208      16.4196        21.8236
   15209      16.3155        21.8509
   15210      16.3447        21.7162
   15211      16.3477        21.8205
   15212      16.3507        21.9485
   15213      16.2763        21.8178
   15214      16.3921        22.0745
   15215      16.3379        21.7740
   15216      16.4186        21.9866
   15217      16.4226        21.9987
   15218      16.3582        21.9880
   15219      16.4361        22.4233
   15220      16.3204        21.9765
   15221      16.4365        22.1426
   15222      16.3161        21.7057
   15223      16.4292        22.1795
   15224      16.3439        22.2014
   15225      16.3533        22.0465
   15226      16.2906        21.7097
   15227      16.4595        22.1679
   15228      16.3517        21.8135
   15229      16.3471        22.2809
   15230      16.3555        22.2347
   15231      16.3554        21.8168
   15232      16.3460        21.5774
   15233      16.3505        21.9982
   15234      16.3992        22.7562
   15235      16.4135        21.7634
   15236      16.3145        21.4859
   15237      16.3041        21.4950
   15238      16.3353        21.7013
   15239      16.3940        21.3139
   15240      16.3647        21.7665
   15241      16.3301        21.5442
   15242      16.3584        21.5941
   15243      16.3758        21.9834
   15244      16.3756        22.1430
   15245      16.3709        21.3914
   15246      16.4288        22.2843
   15247      16.3484        21.8325
   15248      16.3315        21.4527
   15249      16.2381        21.1694
   15250      16.3500        21.9804
   15251      16.3079        21.7161
   15252      16.2389        21.3799
   15253      16.2376        22.0253
   15254      16.2971        21.4809
   15255      16.3518        21.6541
   15256      16.3971        21.4102
   15257      16.2963        22.2876
   15258      16.3798        21.7639
   15259      16.3202        21.6996
   15260      16.2767        21.6905
   15261      16.3012        22.0366
   15262      16.4531        21.4827
   15263      16.3089        21.9884
   15264      16.3086        21.8902
   15265      16.2653        21.5198
   15266      16.3422        21.9938
   15267      16.3253        21.6635
   15268      16.3541        21.8639
   15269      16.2676        21.8336
   15270      16.3240        21.9666
   15271      16.3391        21.7777
   15272      16.3578        21.7911
   15273      16.3540        22.3925
   15274      16.3862        21.4403
   15275      16.3907        22.1069
   15276      16.3603        21.6072
   15277      16.4087        22.1514
   15278      16.4024        22.4408
   15279      16.3906        22.2136
   15280      16.3272        21.7275
   15281      16.4020        21.7774
   15282      16.4208        21.9578
   15283      16.2905        21.1575
   15284      16.4152        21.7791
   15285      16.2477        21.4581
   15286      16.3558        21.1898
   15287      16.2904        21.4923
   15288      16.4230        21.7763
   15289      16.3593        21.8806
   15290      16.4088        21.6806
   15291      16.4128        21.8145
   15292      16.3592        21.6540
   15293      16.3930        21.8107
   15294      16.3657        21.8093
   15295      16.3689        22.1920
   15296      16.3515        22.2855
   15297      16.3222        21.2730
   15298      16.2504        21.4581
   15299      16.3604        21.6076
   15300      16.3533        21.6897
   15301      16.3035        21.9278
   15302      16.3159        21.4146
   15303      16.3251        21.8280
   15304      16.3232        22.2903
   15305      16.3532        21.9096
   15306      16.3620        21.8260
   15307      16.3859        21.9285
   15308      16.3520        21.7408
   15309      16.3791        21.6588
   15310      16.3675        21.6723
   15311      16.3906        21.9485
   15312      16.4070        22.1652
   15313      16.4323        22.3373
   15314      16.4051        21.8358
   15315      16.4296        22.2123
   15316      16.4294        22.2716
   15317      16.3336        21.6635
   15318      16.3473        22.0780
   15319      16.4415        21.8450
   15320      16.4015        21.7663
   15321      16.3092        21.6068
   15322      16.3052        21.8338
   15323      16.4087        22.1442
   15324      16.4195        22.1556
   15325      16.4061        22.4224
   15326      16.3334        21.9170
   15327      16.4019        21.9786
   15328      16.4015        22.0987
   15329      16.3239        21.7104
   15330      16.3365        21.1256
   15331      16.3010        21.5036
   15332      16.2808        21.8154
   15333      16.3836        21.9644
   15334      16.3227        21.4143
   15335      16.3758        22.4766
   15336      16.3023        22.1287
   15337      16.3204        21.8864
   15338      16.3639        21.9825
   15339      16.3645        22.1999
   15340      16.2775        21.6631
   15341      16.3274        21.9491
   15342      16.2816        21.3988
   15343      16.3292        21.7204
   15344      16.2670        21.7898
   15345      16.3545        22.2627
   15346      16.3651        21.7712
   15347      16.3438        22.1281
   15348      16.3560        22.2856
   15349      16.3563        21.9450
   15350      16.3048        21.6887
   15351      16.3271        21.6053
   15352      16.3539        22.4431
   15353      16.3943        21.9008
   15354      16.3886        21.6963
   15355      16.3410        21.6714
   15356      16.3781        22.2609
   15357      16.3794        21.8249
   15358      16.4109        21.9721
   15359      16.4022        21.9601
   15360      16.3793        21.5863
   15361      16.3445        21.5441
   15362      16.4057        22.0330
   15363      16.3528        22.0509
   15364      16.4311        21.9370
   15365      16.3836        21.8585
   15366      16.3201        22.3381
   15367      16.3399        22.1468
   15368      16.3511        21.5576
   15369      16.3316        21.7265
   15370      16.3152        21.9073
   15371      16.3524        21.9450
   15372      16.2997        21.6765
   15373      16.2753        21.7101
   15374      16.2873        21.9489
   15375      16.2835        21.6998
   15376      16.3453        21.6695
   15377      16.2888        21.6648
   15378      16.3623        21.6696
   15379      16.3539        21.2585
   15380      16.3985        22.3879
   15381      16.3627        21.6955
   15382      16.4001        21.9116
   15383      16.3946        22.1479
   15384      16.4508        21.9639
   15385      16.3363        21.9624
   15386      16.4645        21.7065
   15387      16.4402        22.2606
   15388      16.4282        22.5862
   15389      16.3810        21.4058
   15390      16.3197        21.6897
   15391      16.3037        21.1379
   15392      16.3335        21.8495
   15393      16.3633        21.7878
   15394      16.3491        21.9546
   15395      16.4283        21.8881
   15396      16.4111        21.7247
   15397      16.3976        21.6800
   15398      16.3959        22.0056
   15399      16.3914        21.6835
   15400      16.4508        22.0907
   15401      16.3914        22.2399
   15402      16.4190        21.9909
   15403      16.4147        22.2393
   15404      16.2729        21.9542
   15405      16.4049        21.7380
   15406      16.3801        21.5703
   15407      16.3376        21.9528
   15408      16.2832        21.3878
   15409      16.3779        21.8004
   15410      16.3251        21.7716
   15411      16.3241        22.2382
   15412      16.3332        22.3472
   15413      16.4056        21.9073
   15414      16.3042        21.7926
   15415      16.3530        21.5138
   15416      16.3863        21.9087
   15417      16.4378        22.0346
   15418      16.3681        21.5462
   15419      16.4494        21.7787
   15420      16.4087        21.7937
   15421      16.3001        21.6506
   15422      16.3952        21.7620
   15423      16.3714        21.5430
   15424      16.3312        21.7644
   15425      16.3806        21.8411
   15426      16.3628        21.9733
   15427      16.3823        21.7780
   15428      16.3894        21.7677
   15429      16.3366        21.5413
   15430      16.3695        21.8654
   15431      16.3504        22.1447
   15432      16.2789        21.0699
   15433      16.3213        21.4687
   15434      16.3229        22.2291
   15435      16.3693        21.8603
   15436      16.3292        22.0775
   15437      16.3788        22.2194
   15438      16.3456        21.7214
   15439      16.3008        22.0162
   15440      16.3022        21.3691
   15441      16.3986        21.4814
   15442      16.3455        21.6840
   15443      16.3733        21.4097
   15444      16.3279        21.9744
   15445      16.3319        21.2803
   15446      16.3910        21.6139
   15447      16.3272        21.3644
   15448      16.4162        22.0149
   15449      16.5038        21.8695
   15450      16.4236        21.6702
   15451      16.3674        21.6055
   15452      16.3155        21.6761
   15453      16.4601        22.0269
   15454      16.3462        21.6795
   15455      16.4076        22.0094
   15456      16.3958        21.4953
   15457      16.3976        21.7892
   15458      16.3512        22.3772
   15459      16.4093        21.9118
   15460      16.3665        22.0382
   15461      16.3138        21.5792
   15462      16.3619        22.2079
   15463      16.3807        22.0118
   15464      16.3074        21.4230
   15465      16.3105        21.6995
   15466      16.4206        21.8903
   15467      16.3366        21.9218
   15468      16.4225        21.8358
   15469      16.2827        21.8963
   15470      16.2919        21.4438
   15471      16.3846        21.5318
   15472      16.4192        21.7535
   15473      16.3517        21.9582
   15474      16.2960        21.7261
   15475      16.3190        21.5295
   15476      16.3562        21.3012
   15477      16.3318        21.5775
   15478      16.3350        21.8717
   15479      16.3102        21.8004
   15480      16.3031        21.6434
   15481      16.3704        21.7726
   15482      16.3457        21.8450
   15483      16.3590        21.5711
   15484      16.4078        21.8365
   15485      16.2835        21.7761
   15486      16.3469        21.5935
   15487      16.4027        22.6259
   15488      16.4208        21.9139
   15489      16.3491        22.1726
   15490      16.2716        21.4767
   15491      16.3616        22.0929
   15492      16.4050        21.9843
   15493      16.3729        21.6776
   15494      16.4289        21.4971
   15495      16.3881        21.4537
   15496      16.3795        21.8792
   15497      16.4534        21.4813
   15498      16.3804        21.4614
   15499      16.3663        21.7670
   15500      16.3218        21.4635
   15501      16.3204        21.3976
   15502      16.3050        21.4512
   15503      16.4053        21.8553
   15504      16.3584        21.8088
   15505      16.4178        21.9005
   15506      16.3716        21.7009
   15507      16.4340        22.4899
   15508      16.4310        21.9746
   15509      16.3802        21.5465
   15510      16.3959        21.6331
   15511      16.3981        21.6587
   15512      16.3887        21.9119
   15513      16.3828        21.8213
   15514      16.3946        22.0430
   15515      16.4167        21.6262
   15516      16.4142        22.0076
   15517      16.4400        21.8595
   15518      16.4171        21.8591
   15519      16.3828        21.6080
   15520      16.3871        21.6749
   15521      16.3318        21.5393
   15522      16.4329        22.4377
   15523      16.4171        22.0922
   15524      16.4422        22.2675
   15525      16.3925        21.6614
   15526      16.3728        22.6680
   15527      16.3607        21.5413
   15528      16.3273        21.0994
   15529      16.3877        22.1034
   15530      16.3926        21.3472
   15531      16.3692        21.2372
   15532      16.3847        21.7017
   15533      16.4218        21.2383
   15534      16.4113        21.5865
   15535      16.3949        21.5776
   15536      16.3500        21.4126
   15537      16.3719        21.5320
   15538      16.3951        21.8308
   15539      16.4401        22.3006
   15540      16.3835        21.4144
   15541      16.4040        22.7219
   15542      16.4353        22.1536
   15543      16.3346        21.5483
   15544      16.3481        21.3570
   15545      16.4127        21.8227
   15546      16.4664        22.3885
   15547      16.2937        21.5684
   15548      16.3777        21.6618
   15549      16.4042        21.6429
   15550      16.3644        21.6571
   15551      16.3709        21.6113
   15552      16.2993        21.7516
   15553      16.3281        21.9231
   15554      16.3452        21.5660
   15555      16.4059        21.9069
   15556      16.3822        21.9386
   15557      16.3729        22.0812
   15558      16.4003        21.8965
   15559      16.3790        22.0189
   15560      16.3276        22.1682
   15561      16.3737        21.6438
   15562      16.3886        22.2823
   15563      16.3900        21.8198
   15564      16.4531        22.4064
   15565      16.3465        21.5542
   15566      16.3828        21.9310
   15567      16.4301        21.6498
   15568      16.3501        21.7671
   15569      16.3759        22.2775
   15570      16.4330        21.7941
   15571      16.3395        21.5637
   15572      16.4533        21.8724
   15573      16.3336        21.8401
   15574      16.3912        21.9670
   15575      16.3589        21.5252
   15576      16.4111        21.6598
   15577      16.3616        21.7502
   15578      16.3505        21.4836
   15579      16.4511        22.4951
   15580      16.4327        21.9401
   15581      16.3631        22.7204
   15582      16.3541        21.9314
   15583      16.4122        21.9200
   15584      16.4319        22.2073
   15585      16.4019        21.9916
   15586      16.3356        21.4941
   15587      16.3593        21.7612
   15588      16.3902        22.6945
   15589      16.4122        22.3704
   15590      16.4241        21.8371
   15591      16.3665        22.0209
   15592      16.2863        21.8480
   15593      16.3730        22.4636
   15594      16.4470        22.0449
   15595      16.4112        21.7021
   15596      16.3974        21.7107
   15597      16.4070        21.4815
   15598      16.3953        21.8120
   15599      16.4023        21.7287
   15600      16.2764        21.6883
   15601      16.3501        21.7324
   15602      16.3568        22.0009
   15603      16.3922        21.6099
   15604      16.3304        21.7726
   15605      16.3816        21.9224
   15606      16.3591        21.5398
   15607      16.3128        21.7292
   15608      16.3780        22.0125
   15609      16.3365        21.9057
   15610      16.3638        21.7543
   15611      16.3725        21.7182
   15612      16.3876        21.9109
   15613      16.3338        22.1520
   15614      16.2932        21.1843
   15615      16.3499        21.4462
   15616      16.4276        21.3630
   15617      16.4188        21.7791
   15618      16.3196        21.6928
   15619      16.3144        21.5883
   15620      16.3414        21.9929
   15621      16.3224        21.9192
   15622      16.2959        21.3223
   15623      16.3701        22.1649
   15624      16.4178        21.7669
   15625      16.3887        22.0801
   15626      16.3932        22.3517
   15627      16.3808        21.8338
   15628      16.3953        21.5243
   15629      16.3161        21.9040
   15630      16.4018        21.5942
   15631      16.3534        22.0852
   15632      16.4715        22.2540
   15633      16.3810        21.9583
   15634      16.3340        21.5071
   15635      16.3239        22.3287
   15636      16.3535        21.8010
   15637      16.3819        21.6071
   15638      16.4949        22.1854
   15639      16.3570        22.0314
   15640      16.3913        21.8393
   15641      16.3567        21.7064
   15642      16.3317        21.4679
   15643      16.3593        21.7022
   15644      16.3660        21.6954
   15645      16.3151        21.6585
   15646      16.4181        21.5209
   15647      16.3681        21.6780
   15648      16.3090        22.7795
   15649      16.2865        21.9638
   15650      16.2932        21.3639
   15651      16.3072        21.5955
   15652      16.2753        21.4394
   15653      16.3620        21.4053
   15654      16.2583        21.6433
   15655      16.3088        21.8734
   15656      16.3520        21.4306
   15657      16.2968        21.0987
   15658      16.4508        22.3333
   15659      16.3435        22.0612
   15660      16.4114        21.6509
   15661      16.4109        22.2423
   15662      16.3863        22.0182
   15663      16.4775        22.5551
   15664      16.3427        22.0254
   15665      16.4223        21.9291
   15666      16.3180        21.8609
   15667      16.3022        21.7807
   15668      16.3500        22.1247
   15669      16.3365        21.7365
   15670      16.3543        21.8825
   15671      16.3324        21.8561
   15672      16.3959        21.5601
   15673      16.3774        21.9969
   15674      16.3205        21.6965
   15675      16.3915        21.9970
   15676      16.2654        21.8694
   15677      16.2739        21.7666
   15678      16.3126        21.6257
   15679      16.2658        21.4438
   15680      16.2991        21.4188
   15681      16.3220        22.0938
   15682      16.3635        22.4262
   15683      16.2910        21.7752
   15684      16.2900        21.9752
   15685      16.3002        21.7474
   15686      16.3289        21.3602
   15687      16.3971        22.0270
   15688      16.3592        21.3110
   15689      16.3265        21.7119
   15690      16.4395        22.2477
   15691      16.3852        22.0676
   15692      16.3623        21.9825
   15693      16.4304        21.9043
   15694      16.3712        21.5031
   15695      16.3297        21.8907
   15696      16.3261        21.6403
   15697      16.3357        21.9684
   15698      16.3433        21.7956
   15699      16.3685        21.6055
   15700      16.4104        21.6274
   15701      16.3730        21.6861
   15702      16.4083        22.3639
   15703      16.3695        21.9693
   15704      16.3229        21.6994
   15705      16.3500        21.6794
   15706      16.3110        21.6716
   15707      16.4062        21.7188
   15708      16.3620        21.9365
   15709      16.3534        21.7627
   15710      16.4117        21.9017
   15711      16.4001        21.3029
   15712      16.3226        22.0412
   15713      16.4194        21.7318
   15714      16.3756        21.9565
   15715      16.2944        21.4344
   15716      16.3981        21.7391
   15717      16.3451        21.8170
   15718      16.3431        21.6770
   15719      16.3202        21.6939
   15720      16.3248        21.8262
   15721      16.4287        22.3725
   15722      16.3281        22.3041
   15723      16.3202        22.0317
   15724      16.3237        21.7900
   15725      16.3725        21.6168
   15726      16.3290        21.7312
   15727      16.3759        22.3541
   15728      16.3448        21.9212
   15729      16.3097        21.7132
   15730      16.3751        22.1655
   15731      16.3301        21.6033
   15732      16.4208        22.4748
   15733      16.3740        22.2039
   15734      16.3025        21.4672
   15735      16.3017        21.8715
   15736      16.3635        21.7778
   15737      16.3133        21.5388
   15738      16.4377        22.1127
   15739      16.2974        21.7991
   15740      16.2874        21.7723
   15741      16.2591        21.1184
   15742      16.3206        21.5516
   15743      16.3200        21.8529
   15744      16.3340        21.7194
   15745      16.3826        21.5498
   15746      16.2887        21.8582
   15747      16.3666        21.8634
   15748      16.2662        21.0322
   15749      16.2847        21.7699
   15750      16.3297        21.9570
   15751      16.3388        21.4522
   15752      16.2985        21.6122
   15753      16.3275        21.7141
   15754      16.3543        21.9845
   15755      16.2882        21.6202
   15756      16.4102        21.8721
   15757      16.3520        21.6984
   15758      16.2883        20.9379
   15759      16.3052        21.7652
   15760      16.3471        21.9817
   15761      16.3013        21.8411
   15762      16.3171        21.7516
   15763      16.3926        22.2608
   15764      16.3625        21.6535
   15765      16.3107        21.4748
   15766      16.3353        21.8172
   15767      16.3496        21.7993
   15768      16.3896        21.1932
   15769      16.3406        21.9453
   15770      16.3965        21.9700
   15771      16.3117        21.5742
   15772      16.3293        21.9878
   15773      16.2838        22.2905
   15774      16.3831        22.3989
   15775      16.3121        21.7238
   15776      16.2965        21.6448
   15777      16.3599        22.2178
   15778      16.3940        22.1522
   15779      16.3352        21.9148
   15780      16.3543        21.3534
   15781      16.2971        21.7946
   15782      16.2669        21.3419
   15783      16.2773        21.7329
   15784      16.2316        22.1433
   15785      16.2897        21.7337
   15786      16.2866        22.1585
   15787      16.2773        21.9139
   15788      16.2800        22.1129
   15789      16.3108        22.2731
   15790      16.2567        21.6677
   15791      16.2945        21.8411
   15792      16.2742        21.6551
   15793      16.1878        21.7034
   15794      16.2745        21.7511
   15795      16.3344        21.7775
   15796      16.3322        22.1126
   15797      16.2382        22.1014
   15798      16.3248        21.5797
   15799      16.2792        21.6806
   15800      16.3412        21.8221
   15801      16.3259        22.0565
   15802      16.3066        21.8332
   15803      16.2438        21.4951
   15804      16.3098        21.4035
   15805      16.3653        21.5403
   15806      16.4231        21.7223
   15807      16.3581        21.6272
   15808      16.3159        21.8621
   15809      16.3445        21.8399
   15810      16.3882        22.1380
   15811      16.2970        21.6065
   15812      16.3372        22.6805
   15813      16.4438        21.7840
   15814      16.3486        21.9739
   15815      16.2603        21.0240
   15816      16.2830        21.8026
   15817      16.2964        21.7398
   15818      16.2576        21.7753
   15819      16.3420        22.5050
   15820      16.4086        22.4213
   15821      16.2573        21.5440
   15822      16.3592        21.7902
   15823      16.3407        22.1594
   15824      16.2986        21.6966
   15825      16.2957        21.6597
   15826      16.2366        21.4039
   15827      16.2711        21.6219
   15828      16.3621        21.7844
   15829      16.3226        22.0525
   15830      16.4236        21.8834
   15831      16.3394        21.5959
   15832      16.2809        21.6832
   15833      16.3647        21.6198
   15834      16.3401        21.4978
   15835      16.3740        21.9746
   15836      16.4523        21.6910
   15837      16.3950        21.6446
   15838      16.3188        21.1165
   15839      16.2911        21.8213
   15840      16.3159        21.5184
   15841      16.3550        21.7424
   15842      16.4254        22.2029
   15843      16.3594        21.7953
   15844      16.3606        21.8433
   15845      16.3194        21.6445
   15846      16.3633        21.7126
   15847      16.3711        21.9192
   15848      16.3160        21.5665
   15849      16.3550        21.9880
   15850      16.3437        22.4334
   15851      16.3110        21.6960
   15852      16.4599        22.2664
   15853      16.3438        22.1746
   15854      16.3179        22.3053
   15855      16.3196        21.8755
   15856      16.2802        21.7926
   15857      16.2823        22.0873
   15858      16.2682        22.1043
   15859      16.3390        21.9002
   15860      16.3036        21.6672
   15861      16.2580        21.6049
   15862      16.2877        21.8782
   15863      16.2552        21.4386
   15864      16.2898        21.5667
   15865      16.2280        21.3827
   15866      16.3050        21.6667
   15867      16.2763        21.4880
   15868      16.2403        21.4677
   15869      16.3091        21.1838
   15870      16.3071        21.2256
   15871      16.2880        21.5331
   15872      16.1849        21.4496
   15873      16.2802        21.1878
   15874      16.3238        21.6293
   15875      16.2841        21.5145
   15876      16.2663        21.8783
   15877      16.3684        21.9036
   15878      16.2569        21.3774
   15879      16.3077        21.8626
   15880      16.3028        21.6458
   15881      16.3363        21.6420
   15882      16.3296        22.0788
   15883      16.3640        21.9655
   15884      16.3172        21.1228
   15885      16.3313        21.3876
   15886      16.3848        21.8991
   15887      16.2852        21.6786
   15888      16.3885        21.1071
   15889      16.3532        21.9718
   15890      16.3914        21.4526
   15891      16.3107        21.7033
   15892      16.3793        21.7566
   15893      16.3070        22.0249
   15894      16.2841        21.8640
   15895      16.2527        21.4636
   15896      16.3179        22.1211
   15897      16.2522        21.4966
   15898      16.2465        21.6424
   15899      16.3445        22.2480
   15900      16.2664        21.3567
   15901      16.3344        22.0119
   15902      16.3589        21.5035
   15903      16.2785        21.7841
   15904      16.3058        22.2977
   15905      16.3193        21.7009
   15906      16.3115        21.6260
   15907      16.2636        21.5256
   15908      16.3230        22.3038
   15909      16.3453        22.4481
   15910      16.2444        21.1283
   15911      16.2980        21.4814
   15912      16.3479        22.5822
   15913      16.2825        21.6045
   15914      16.2874        21.6976
   15915      16.3509        21.3373
   15916      16.3124        21.9140
   15917      16.3703        21.7948
   15918      16.3079        21.2900
   15919      16.3260        22.0041
   15920      16.2290        21.2671
   15921      16.2804        21.1740
   15922      16.3103        21.8802
   15923      16.2775        21.9078
   15924      16.3680        22.0173
   15925      16.3887        21.7339
   15926      16.2642        21.3375
   15927      16.2616        21.4601
   15928      16.2610        21.2350
   15929      16.2995        21.3418
   15930      16.2970        21.2385
   15931      16.3553        21.9857
   15932      16.2584        21.7645
   15933      16.3098        21.8200
   15934      16.3514        21.6770
   15935      16.3711        21.4731
   15936      16.2684        21.8085
   15937      16.2943        21.4100
   15938      16.3114        21.7422
   15939      16.3371        21.8553
   15940      16.2294        21.4453
   15941      16.2533        21.7308
   15942      16.3540        21.5456
   15943      16.3039        21.9549
   15944      16.3699        22.1984
   15945      16.3324        21.6051
   15946      16.3161        21.9424
   15947      16.3686        21.9865
   15948      16.4026        21.8771
   15949      16.3332        21.8996
   15950      16.2903        21.2917
   15951      16.2618        21.6299
   15952      16.3349        21.7583
   15953      16.3587        21.6928
   15954      16.4363        22.0214
   15955      16.4221        21.9683
   15956      16.3760        21.9329
   15957      16.3114        21.3345
   15958      16.2874        21.3045
   15959      16.2801        21.2763
   15960      16.2647        21.7564
   15961      16.2282        21.3264
   15962      16.3322        21.5242
   15963      16.2942        21.7376
   15964      16.3474        22.0037
   15965      16.3102        21.7192
   15966      16.3837        21.5748
   15967      16.3239        21.5856
   15968      16.4194        21.9658
   15969      16.3487        22.0218
   15970      16.3101        21.5655
   15971      16.4083        22.1701
   15972      16.3430        21.6327
   15973      16.3348        21.4791
   15974      16.3535        21.7277
   15975      16.3661        21.7159
   15976      16.3182        21.7108
   15977      16.3407        21.9185
   15978      16.3216        22.0533
   15979      16.4190        21.5408
   15980      16.3464        21.8100
   15981      16.2452        21.8287
   15982      16.2787        21.4058
   15983      16.2797        21.8699
   15984      16.2886        21.9850
   15985      16.3394        21.8061
   15986      16.3446        21.6215
   15987      16.3392        21.8807
   15988      16.3805        21.7347
   15989      16.3191        21.8779
   15990      16.3546        22.2081
   15991      16.3059        21.6416
   15992      16.2598        21.9130
   15993      16.3120        21.5349
   15994      16.3169        21.2877
   15995      16.3341        22.6680
   15996      16.3346        21.9744
   15997      16.3696        21.7475
   15998      16.3646        22.0529
   15999      16.3524        21.9445
   16000      16.4039        21.8363
   16001      16.3876        21.4794
   16002      16.4454        22.2247
   16003      16.3041        21.5175
   16004      16.4287        22.3626
   16005      16.3287        21.6660
   16006      16.4454        21.5884
   16007      16.3045        21.3414
   16008      16.3633        21.3691
   16009      16.3760        21.6509
   16010      16.3346        21.2322
   16011      16.3298        21.5099
   16012      16.3186        21.4958
   16013      16.2618        21.2481
   16014      16.3665        22.0040
   16015      16.3690        21.7586
   16016      16.3812        21.6521
   16017      16.3228        21.7922
   16018      16.2935        21.4126
   16019      16.3676        21.6414
   16020      16.3482        21.8417
   16021      16.2290        20.7506
   16022      16.3415        21.7737
   16023      16.3393        21.8590
   16024      16.3183        21.7619
   16025      16.3455        21.9374
   16026      16.3194        22.2166
   16027      16.3910        21.9540
   16028      16.4773        21.8504
   16029      16.3283        21.9616
   16030      16.3399        22.0117
   16031      16.3658        21.9660
   16032      16.3324        21.4970
   16033      16.3469        21.6827
   16034      16.3087        22.7113
   16035      16.3465        22.0607
   16036      16.4243        22.1540
   16037      16.3608        22.0566
   16038      16.4010        21.6759
   16039      16.3678        21.8020
   16040      16.3285        22.0283
   16041      16.3588        22.2402
   16042      16.4303        21.6248
   16043      16.4477        21.6425
   16044      16.4355        22.0303
   16045      16.4034        21.7911
   16046      16.3840        21.8131
   16047      16.3915        21.7320
   16048      16.2882        21.7522
   16049      16.3987        21.5606
   16050      16.4134        21.6258
   16051      16.3316        21.1381
   16052      16.3156        21.4366
   16053      16.4090        22.1826
   16054      16.4026        21.6821
   16055      16.3297        21.3714
   16056      16.4003        21.8049
   16057      16.3232        20.9735
   16058      16.3652        21.4557
   16059      16.3940        21.8862
   16060      16.3616        22.3855
   16061      16.3315        21.6978
   16062      16.3898        21.9062
   16063      16.4084        21.8278
   16064      16.3984        21.9822
   16065      16.3242        21.3155
   16066      16.3646        22.0756
   16067      16.4093        22.5320
   16068      16.4829        21.4975
   16069      16.3304        21.5195
   16070      16.3709        22.0976
   16071      16.4008        21.9911
   16072      16.3676        21.9103
   16073      16.3395        22.1705
   16074      16.3201        21.7396
   16075      16.3394        22.2978
   16076      16.4367        22.8201
   16077      16.3721        22.3427
   16078      16.3341        22.3145
   16079      16.3482        22.1579
   16080      16.3315        21.4731
   16081      16.3029        21.7757
   16082      16.3388        22.1007
   16083      16.3905        21.9090
   16084      16.3431        21.9579
   16085      16.3097        21.6699
   16086      16.3492        22.1130
   16087      16.3808        21.5274
   16088      16.3286        22.0103
   16089      16.4298        21.7760
   16090      16.4491        21.5633
   16091      16.4028        21.9712
   16092      16.4495        21.4714
   16093      16.4811        22.2490
   16094      16.4212        21.7978
   16095      16.3888        21.8695
   16096      16.3755        22.3197
   16097      16.2994        21.6677
   16098      16.3612        21.7087
   16099      16.3099        21.4335
   16100      16.2695        21.6525
   16101      16.2722        21.3994
   16102      16.3011        21.2001
   16103      16.3176        21.5767
   16104      16.4100        22.2253
   16105      16.3063        21.6004
   16106      16.3251        21.8606
   16107      16.3246        21.4215
   16108      16.4235        22.5355
   16109      16.3062        21.8705
   16110      16.3939        21.9509
   16111      16.4449        21.9008
   16112      16.3322        21.4911
   16113      16.3725        22.3471
   16114      16.3914        22.0626
   16115      16.3755        21.9850
   16116      16.4334        21.9080
   16117      16.3879        22.2908
   16118      16.3782        21.8921
   16119      16.3977        22.3460
   16120      16.3505        21.6766
   16121      16.3998        21.8763
   16122      16.4257        22.3545
   16123      16.3803        22.6636
   16124      16.3604        22.6828
   16125      16.4306        22.2181
   16126      16.3670        22.2655
   16127      16.3167        21.9024
   16128      16.3839        22.4111
   16129      16.4091        21.9839
   16130      16.3763        21.7463
   16131      16.3310        21.4043
   16132      16.4103        22.3931
   16133      16.2806        22.0570
   16134      16.3625        22.1958
   16135      16.4158        22.2986
   16136      16.3162        22.2996
   16137      16.4054        22.0828
   16138      16.4542        22.3421
   16139      16.4284        22.1762
   16140      16.3743        22.4756
   16141      16.4754        23.0582
   16142      16.5025        22.4906
   16143      16.4488        22.8886
   16144      16.3783        22.0162
   16145      16.3804        22.7464
   16146      16.3674        22.7019
   16147      16.4081        21.7822
   16148      16.3891        22.3286
   16149      16.3010        21.7434
   16150      16.4724        22.4820
   16151      16.3652        22.2268
   16152      16.4420        21.9806
   16153      16.3872        21.6942
   16154      16.4150        22.3210
   16155      16.4387        22.3308
   16156      16.3456        22.2236
   16157      16.3769        22.2231
   16158      16.4257        22.0722
   16159      16.3279        21.4646
   16160      16.3335        22.0501
   16161      16.3525        22.3204
   16162      16.4116        21.9128
   16163      16.3255        21.8872
   16164      16.3235        21.9169
   16165      16.3601        21.7908
   16166      16.3387        22.2240
   16167      16.3190        21.7118
   16168      16.3372        21.6936
   16169      16.2914        21.5168
   16170      16.2912        21.7884
   16171      16.3994        22.4309
   16172      16.3250        22.1654
   16173      16.2837        22.4420
   16174      16.3017        21.7437
   16175      16.3277        21.8068
   16176      16.3891        22.2870
   16177      16.3100        22.3486
   16178      16.4134        21.9832
   16179      16.3777        21.5762
   16180      16.4162        22.6973
   16181      16.3045        22.1208
   16182      16.4357        22.5063
   16183      16.4102        21.9075
   16184      16.3282        22.2451
   16185      16.3791        22.2223
   16186      16.3705        21.6998
   16187      16.3886        22.6226
   16188      16.3540        22.0729
   16189      16.3695        22.6854
   16190      16.2950        22.6255
   16191      16.3154        22.5271
   16192      16.3508        22.3519
   16193      16.3628        22.2400
   16194      16.4183        22.2197
   16195      16.4184        22.4193
   16196      16.4007        21.9219
   16197      16.3865        21.9252
   16198      16.4019        22.7132
   16199      16.3834        22.2950
   16200      16.3807        21.6562
   16201      16.3780        21.8823
   16202      16.2912        21.5619
   16203      16.3562        21.8911
   16204      16.4337        22.7749
   16205      16.3854        21.9462
   16206      16.3968        21.6114
   16207      16.4030        22.4173
   16208      16.3998        22.0403
   16209      16.3080        22.1574
   16210      16.2962        22.0151
   16211      16.4300        21.9788
   16212      16.3488        21.5279
   16213      16.4106        22.2501
   16214      16.4711        22.0567
   16215      16.3890        22.1939
   16216      16.4056        21.6832
   16217      16.4366        22.1017
   16218      16.4554        22.2978
   16219      16.3806        21.8878
   16220      16.4060        22.0131
   16221      16.4099        22.4957
   16222      16.3902        21.9179
   16223      16.4132        21.7530
   16224      16.3626        21.9171
   16225      16.4535        22.3637
   16226      16.4247        21.7674
   16227      16.4184        22.4727
   16228      16.4460        22.9673
   16229      16.3600        21.9133
   16230      16.4269        21.7150
   16231      16.4048        22.0231
   16232      16.3798        21.4443
   16233      16.3899        22.2766
   16234      16.3485        21.9557
   16235      16.4412        21.9111
   16236      16.4110        22.1749
   16237      16.4424        22.6988
   16238      16.4128        22.1257
   16239      16.3736        21.9806
   16240      16.3835        21.5207
   16241      16.3845        22.5169
   16242      16.3446        21.7383
   16243      16.3710        22.5355
   16244      16.2776        21.8170
   16245      16.3246        22.1707
   16246      16.3304        21.8721
   16247      16.2490        21.9206
   16248      16.2978        22.1169
   16249      16.2574        21.7420
   16250      16.3081        21.7138
   16251      16.3416        21.9860
   16252      16.2703        21.5753
   16253      16.3909        21.6772
   16254      16.4508        22.3958
   16255      16.3275        22.0044
   16256      16.3519        22.2211
   16257      16.3230        21.7422
   16258      16.4001        22.3710
   16259      16.3297        21.4545
   16260      16.4031        21.9659
   16261      16.3247        21.7591
   16262      16.3494        22.0214
   16263      16.3461        21.5022
   16264      16.3214        21.6018
   16265      16.4211        21.7135
   16266      16.3093        21.7660
   16267      16.3760        22.4360
   16268      16.3340        21.7372
   16269      16.4055        22.0545
   16270      16.4492        22.7268
   16271      16.3671        21.8064
   16272      16.4012        21.9480
   16273      16.3795        22.0772
   16274      16.3465        21.8581
   16275      16.3968        22.0760
   16276      16.3392        22.4083
   16277      16.3830        22.1346
   16278      16.3877        22.0423
   16279      16.3671        21.4436
   16280      16.2871        21.7790
   16281      16.3462        21.8154
   16282      16.3169        22.1762
   16283      16.4366        22.3587
   16284      16.4088        22.6091
   16285      16.3841        22.3465
   16286      16.3589        21.9703
   16287      16.2969        21.9310
   16288      16.3176        22.1937
   16289      16.3635        22.1082
   16290      16.3327        21.7655
   16291      16.3697        21.8823
   16292      16.4202        22.5383
   16293      16.3367        22.1101
   16294      16.3295        21.4075
   16295      16.4645        22.2685
   16296      16.3829        22.2692
   16297      16.3364        22.1395
   16298      16.3562        22.3557
   16299      16.4296        22.3509
   16300      16.3552        22.1762
   16301      16.3756        22.1865
   16302      16.3482        22.2954
   16303      16.3793        21.5601
   16304      16.2854        21.3329
   16305      16.3167        21.5973
   16306      16.3909        22.1533
   16307      16.4160        21.6700
   16308      16.3979        22.3942
   16309      16.3974        21.8412
   16310      16.3298        22.2037
   16311      16.2819        21.9964
   16312      16.3886        21.6328
   16313      16.3642        21.3984
   16314      16.3756        22.1789
   16315      16.3702        22.3868
   16316      16.3437        22.0365
   16317      16.3322        22.1709
   16318      16.2804        21.3885
   16319      16.4206        21.7105
   16320      16.4149        22.0311
   16321      16.3542        21.9527
   16322      16.3384        22.0117
   16323      16.4004        22.2811
   16324      16.4183        22.1931
   16325      16.4069        21.9047
   16326      16.3919        22.3087
   16327      16.4699        22.0290
   16328      16.3682        22.2637
   16329      16.3488        22.3641
   16330      16.3100        21.7594
   16331      16.3545        21.7347
   16332      16.3312        21.5843
   16333      16.4191        22.1268
   16334      16.3733        22.1659
   16335      16.3723        22.5802
   16336      16.4282        22.2452
   16337      16.5126        22.5598
   16338      16.4789        21.9108
   16339      16.3871        22.3012
   16340      16.4110        22.2056
   16341      16.4260        22.5724
   16342      16.3789        22.0793
   16343      16.3188        22.3542
   16344      16.4769        21.7295
   16345      16.4264        22.7709
   16346      16.3863        22.3347
   16347      16.4706        22.7014
   16348      16.3785        21.7411
   16349      16.4717        21.7941
   16350      16.4358        22.6415
   16351      16.3727        21.8647
   16352      16.3684        22.7648
   16353      16.3709        22.1210
   16354      16.2813        21.6372
   16355      16.3686        21.8574
   16356      16.3248        22.0197
   16357      16.3923        21.8009
   16358      16.3595        21.8100
   16359      16.4052        22.0691
   16360      16.4864        22.1440
   16361      16.4007        21.5556
   16362      16.3800        22.1715
   16363      16.4144        22.4115
   16364      16.3945        21.9002
   16365      16.3905        21.7159
   16366      16.3873        21.5009
   16367      16.3214        21.5500
   16368      16.3916        21.9290
   16369      16.3799        22.1405
   16370      16.3748        21.8572
   16371      16.4059        21.9746
   16372      16.3753        21.8016
   16373      16.3793        21.7105
   16374      16.3555        22.1391
   16375      16.3216        21.3304
   16376      16.3616        21.6230
   16377      16.2965        21.7922
   16378      16.2541        21.2978
   16379      16.3165        21.3276
   16380      16.3706        21.7821
   16381      16.3515        21.7234
   16382      16.3615        21.7156
   16383      16.3691        22.0640
   16384      16.3604        21.7864
   16385      16.4815        22.0010
   16386      16.4146        21.9305
   16387      16.4344        21.9364
   16388      16.3896        21.8301
   16389      16.3802        22.0132
   16390      16.4313        21.6878
   16391      16.3373        21.6015
   16392      16.3509        21.7355
   16393      16.4023        21.6622
   16394      16.4226        22.0322
   16395      16.4006        22.4226
   16396      16.3044        21.9188
   16397      16.2370        20.8489
   16398      16.3687        21.7126
   16399      16.3666        22.2352
   16400      16.4018        22.2798
   16401      16.3708        21.5750
   16402      16.3380        22.0069
   16403      16.4039        21.6364
   16404      16.3145        21.4401
   16405      16.3912        22.3497
   16406      16.2997        21.7420
   16407      16.3040        21.6754
   16408      16.2779        21.4223
   16409      16.3262        21.7810
   16410      16.2793        21.8463
   16411      16.3185        21.7113
   16412      16.3396        22.3457
   16413      16.3743        22.1924
   16414      16.4074        21.9386
   16415      16.3864        21.6999
   16416      16.3383        21.2331
   16417      16.3628        22.4230
   16418      16.3377        21.0473
   16419      16.3494        21.2779
   16420      16.3504        21.5853
   16421      16.4046        21.6064
   16422      16.4317        21.7719
   16423      16.3595        22.5978
   16424      16.3587        21.9128
   16425      16.3211        21.8861
   16426      16.3786        21.8619
   16427      16.3356        21.9282
   16428      16.3048        21.2345
   16429      16.3549        21.6146
   16430      16.3804        21.8934
   16431      16.3127        21.5047
   16432      16.3178        21.9049
   16433      16.2998        21.4047
   16434      16.3609        21.7536
   16435      16.3145        21.7940
   16436      16.4304        21.8090
   16437      16.3348        22.1779
   16438      16.4843        21.8354
   16439      16.4052        22.1389
   16440      16.3885        21.6795
   16441      16.3486        22.0838
   16442      16.4358        21.9643
   16443      16.4084        22.1199
   16444      16.4330        22.0994
   16445      16.4066        21.9292
   16446      16.4036        22.1868
   16447      16.3734        22.1425
   16448      16.3925        21.8753
   16449      16.3631        21.7868
   16450      16.3617        22.2952
   16451      16.3290        22.0112
   16452      16.4133        21.2066
   16453      16.4100        21.8873
   16454      16.3974        22.0786
   16455      16.3301        21.9084
   16456      16.3595        21.5253
   16457      16.2397        21.7306
   16458      16.3231        21.6672
   16459      16.3843        22.1177
   16460      16.4057        22.0100
   16461      16.2807        21.3111
   16462      16.3781        21.9472
   16463      16.3828        21.3516
   16464      16.3493        21.3320
   16465      16.4425        21.7684
   16466      16.3837        21.1379
   16467      16.4557        21.4146
   16468      16.4594        21.7910
   16469      16.3569        21.6214
   16470      16.3678        21.3072
   16471      16.3409        21.7657
   16472      16.3721        21.9223
   16473      16.3593        22.1241
   16474      16.3525        21.7305
   16475      16.4039        21.7204
   16476      16.4250        21.5733
   16477      16.4546        21.9678
   16478      16.4064        21.8025
   16479      16.3132        21.5386
   16480      16.4230        21.7203
   16481      16.3748        21.9542
   16482      16.4532        21.7121
   16483      16.3668        22.3104
   16484      16.4484        22.0038
   16485      16.4731        22.1790
   16486      16.4408        21.6356
   16487      16.3920        21.9488
   16488      16.4058        21.5797
   16489      16.4241        21.9886
   16490      16.4055        22.1249
   16491      16.4623        21.9283
   16492      16.3898        21.8894
   16493      16.3826        21.9218
   16494      16.3917        21.5920
   16495      16.4637        21.5756
   16496      16.4562        23.7060
   16497      16.5100        22.8993
   16498      16.3761        22.6459
   16499      16.4054        21.5715
   16500      16.3841        21.8153
   16501      16.3986        21.4890
   16502      16.4062        21.4962
   16503      16.3331        22.2078
   16504      16.2936        21.8550
   16505      16.3105        21.6088
   16506      16.2783        21.3269
   16507      16.3527        23.0090
   16508      16.3542        21.8761
   16509      16.3577        22.0142
   16510      16.3441        21.9243
   16511      16.3579        21.9320
   16512      16.3746        22.1136
   16513      16.2932        21.9971
   16514      16.3670        21.5869
   16515      16.4495        21.9210
   16516      16.3529        21.7530
   16517      16.3753        22.3362
   16518      16.3784        22.2323
   16519      16.4112        21.9259
   16520      16.3891        21.6493
   16521      16.3872        22.1067
   16522      16.3736        21.7032
   16523      16.3336        21.8589
   16524      16.3467        21.7159
   16525      16.3809        21.8375
   16526      16.3964        21.2827
   16527      16.3787        21.9472
   16528      16.4178        21.8671
   16529      16.4096        21.5957
   16530      16.3861        21.9215
   16531      16.4267        22.0760
   16532      16.2990        21.7741
   16533      16.4149        22.2966
   16534      16.3206        22.4121
   16535      16.4136        21.9732
   16536      16.3789        22.3683
   16537      16.3226        21.9977
   16538      16.3180        21.4907
   16539      16.3951        21.3808
   16540      16.3964        22.2038
   16541      16.3944        21.9529
   16542      16.3682        22.0633
   16543      16.3511        21.6571
   16544      16.3603        22.2291
   16545      16.4002        21.9076
   16546      16.3141        21.8932
   16547      16.3469        21.6959
   16548      16.3612        22.0871
   16549      16.3736        22.1229
   16550      16.4149        21.6737
   16551      16.4357        22.1750
   16552      16.2875        21.8391
   16553      16.3469        22.1733
   16554      16.3361        21.7845
   16555      16.3516        22.0164
   16556      16.3969        22.1483
   16557      16.3946        21.7705
   16558      16.4512        21.9320
   16559      16.4071        22.5513
   16560      16.3579        21.7185
   16561      16.4446        22.3897
   16562      16.3763        21.3256
   16563      16.3856        21.4591
   16564      16.3309        21.3611
   16565      16.2894        21.5142
   16566      16.4101        21.9959
   16567      16.3868        22.0597
   16568      16.3659        22.0386
   16569      16.4576        22.5397
   16570      16.3055        21.7783
   16571      16.3317        22.1862
   16572      16.3881        22.0190
   16573      16.3913        21.8337
   16574      16.3517        21.9761
   16575      16.3897        21.9293
   16576      16.4206        21.9975
   16577      16.3685        21.7359
   16578      16.3475        22.1273
   16579      16.3922        21.6891
   16580      16.4256        21.6401
   16581      16.4205        22.3421
   16582      16.4560        22.2795
   16583      16.3061        21.7220
   16584      16.3537        21.6874
   16585      16.4501        21.8096
   16586      16.3615        21.5070
   16587      16.4266        22.4005
   16588      16.4359        22.0708
   16589      16.4202        22.6908
   16590      16.4332        21.7663
   16591      16.3779        21.9486
   16592      16.3770        22.4311
   16593      16.4504        21.8653
   16594      16.3696        21.6752
   16595      16.4301        21.7004
   16596      16.3420        21.6974
   16597      16.3940        21.7599
   16598      16.3980        21.9138
   16599      16.3278        21.2058
   16600      16.4320        21.9113
   16601      16.3564        22.0227
   16602      16.3461        21.6297
   16603      16.3427        21.9702
   16604      16.3811        21.2150
   16605      16.3761        21.4584
   16606      16.4516        21.5661
   16607      16.3795        21.4256
   16608      16.3239        21.0962
   16609      16.4047        22.0153
   16610      16.3971        21.8497
   16611      16.3512        22.2072
   16612      16.3315        20.8365
   16613      16.4148        22.3679
   16614      16.4196        22.0761
   16615      16.4175        21.7784
   16616      16.4445        21.7764
   16617      16.5035        22.3570
   16618      16.4606        22.4648
   16619      16.5060        21.2944
   16620      16.4402        21.9503
   16621      16.5204        21.9405
   16622      16.5229        22.1537
   16623      16.4657        21.7459
   16624      16.4902        21.5047
   16625      16.4737        21.1927
   16626      16.5512        21.4804
   16627      16.3973        21.4413
   16628      16.4670        21.8419
   16629      16.3851        22.1009
   16630      16.4110        21.7964
   16631      16.4659        22.1448
   16632      16.4011        21.6834
   16633      16.4438        21.8146
   16634      16.4037        22.1845
   16635      16.4952        21.7647
   16636      16.4418        21.5256
   16637      16.4891        21.8820
   16638      16.3880        21.8019
   16639      16.3774        21.5398
   16640      16.4430        21.7132
   16641      16.4210        21.8787
   16642      16.4089        21.6228
   16643      16.4242        22.0862
   16644      16.4758        21.8059
   16645      16.5284        22.2076
   16646      16.4766        22.5778
   16647      16.4322        21.7845
   16648      16.4107        21.9090
   16649      16.4757        21.5021
   16650      16.4217        21.6299
   16651      16.4757        21.8316
   16652      16.4261        21.6940
   16653      16.4123        22.0330
   16654      16.3426        21.5885
   16655      16.4097        21.7975
   16656      16.3092        21.4002
   16657      16.3858        21.3085
   16658      16.3820        21.9024
   16659      16.3509        21.5249
   16660      16.3705        22.2433
   16661      16.3297        22.0556
   16662      16.3687        22.2974
   16663      16.3348        22.3422
   16664      16.4321        22.1498
   16665      16.3828        22.6495
   16666      16.3790        22.0141
   16667      16.3820        22.0352
   16668      16.3498        22.0780
   16669      16.3974        21.8093
   16670      16.3503        21.8174
   16671      16.3504        22.3431
   16672      16.4027        22.1168
   16673      16.3609        21.5370
   16674      16.3281        21.9211
   16675      16.3798        21.7126
   16676      16.4140        22.0066
   16677      16.3193        21.7752
   16678      16.3902        21.9120
   16679      16.3996        22.1227
   16680      16.4124        22.5528
   16681      16.3983        22.4105
   16682      16.3257        21.6798
   16683      16.3357        22.2805
   16684      16.3757        21.6712
   16685      16.3029        21.9450
   16686      16.3663        22.1953
   16687      16.3578        21.7234
   16688      16.3350        21.9389
   16689      16.3897        22.1607
   16690      16.4043        21.6977
   16691      16.3889        22.3806
   16692      16.3222        22.1235
   16693      16.3600        22.1454
   16694      16.3778        22.3547
   16695      16.4022        22.7488
   16696      16.3392        21.7644
   16697      16.2855        21.3249
   16698      16.3054        21.1511
   16699      16.2591        21.7741
   16700      16.2552        21.7361
   16701      16.3175        21.4193
   16702      16.2886        21.5465
   16703      16.2632        21.5712
   16704      16.3038        21.8143
   16705      16.3618        21.5005
   16706      16.2774        22.2062
   16707      16.3131        21.8232
   16708      16.2493        21.9505
   16709      16.3259        22.3547
   16710      16.2178        22.0162
   16711      16.3585        22.1622
   16712      16.3086        21.8689
   16713      16.2540        22.2210
   16714      16.3578        22.8818
   16715      16.3572        22.1143
   16716      16.3275        21.9711
   16717      16.3270        22.6637
   16718      16.3090        22.2493
   16719      16.2851        22.1624
   16720      16.3379        22.1032
   16721      16.3708        21.4000
   16722      16.4616        22.2698
   16723      16.3557        21.9430
   16724      16.2773        21.9730
   16725      16.2941        21.8397
   16726      16.3789        22.0558
   16727      16.3925        22.1164
   16728      16.3630        22.1423
   16729      16.3768        22.9115
   16730      16.3501        22.2704
   16731      16.3928        22.1118
   16732      16.3504        21.9580
   16733      16.3462        22.3774
   16734      16.3642        22.2000
   16735      16.3693        21.9238
   16736      16.2912        21.6858
   16737      16.4291        21.9622
   16738      16.3951        21.9353
   16739      16.2591        21.6407
   16740      16.2479        22.0519
   16741      16.2975        21.7654
   16742      16.3397        21.6421
   16743      16.2678        21.8025
   16744      16.3161        21.4794
   16745      16.2544        21.7171
   16746      16.2943        22.2712
   16747      16.3889        22.0187
   16748      16.4216        21.9582
   16749      16.3780        22.0944
   16750      16.3985        21.7412
   16751      16.4211        22.7279
   16752      16.2650        21.4441
   16753      16.3163        21.8152
   16754      16.2646        21.9908
   16755      16.3405        22.3362
   16756      16.3695        21.8504
   16757      16.3155        21.5458
   16758      16.3762        21.8050
   16759      16.3439        22.1711
   16760      16.2908        21.9414
   16761      16.3557        21.8977
   16762      16.3706        22.0392
   16763      16.3382        22.1037
   16764      16.3031        21.8109
   16765      16.3435        21.9806
   16766      16.3678        21.7619
   16767      16.3744        22.1577
   16768      16.2583        22.2485
   16769      16.3131        22.1993
   16770      16.2827        22.0346
   16771      16.3689        21.9820
   16772      16.3857        22.1950
   16773      16.3292        21.9914
   16774      16.3214        22.2546
   16775      16.3998        21.9974
   16776      16.3590        21.8359
   16777      16.4002        22.2959
   16778      16.4085        22.9586
   16779      16.3670        21.9027
   16780      16.3690        21.8327
   16781      16.3326        21.8311
   16782      16.2939        22.1258
   16783      16.3362        22.3466
   16784      16.3035        22.0539
   16785      16.3219        21.8764
   16786      16.4485        22.7923
   16787      16.3627        22.5100
   16788      16.3670        22.6101
   16789      16.3149        21.8852
   16790      16.3868        21.9128
   16791      16.2793        21.8762
   16792      16.3482        22.0222
   16793      16.3500        21.6236
   16794      16.3353        21.9854
   16795      16.3345        22.1122
   16796      16.3779        22.1576
   16797      16.3010        22.0581
   16798      16.2979        21.7147
   16799      16.3487        21.8209
   16800      16.3098        20.7654
   16801      16.3434        22.1685
   16802      16.2971        21.8841
   16803      16.3232        21.8369
   16804      16.3226        21.7358
   16805      16.4199        22.0412
   16806      16.4456        22.2000
   16807      16.3093        21.5885
   16808      16.3074        21.3953
   16809      16.3278        22.2160
   16810      16.4174        22.5001
   16811      16.3645        22.3515
   16812      16.3285        21.6947
   16813      16.3689        21.7809
   16814      16.4309        22.0718
   16815      16.3264        21.7021
   16816      16.3569        22.0461
   16817      16.3357        22.2418
   16818      16.3648        22.1475
   16819      16.3682        21.9129
   16820      16.3120        22.1442
   16821      16.3397        21.8531
   16822      16.3275        22.2836
   16823      16.2952        22.1137
   16824      16.3591        21.6162
   16825      16.4211        21.3934
   16826      16.3997        21.9671
   16827      16.3686        21.8127
   16828      16.2995        21.8473
   16829      16.3957        21.6937
   16830      16.3723        21.9186
   16831      16.4268        22.0964
   16832      16.3747        22.4411
   16833      16.3902        21.7436
   16834      16.3055        21.6285
   16835      16.3643        22.5338
   16836      16.3420        22.5490
   16837      16.3277        21.8166
   16838      16.3737        21.8428
   16839      16.4030        21.5982
   16840      16.4147        21.5517
   16841      16.3053        21.7464
   16842      16.3993        22.2732
   16843      16.4142        22.0401
   16844      16.3430        22.3128
   16845      16.3497        22.4493
   16846      16.3300        22.4002
   16847      16.3337        21.6766
   16848      16.3157        22.3143
   16849      16.2671        22.3422
   16850      16.2557        21.8929
   16851      16.3704        21.8375
   16852      16.3085        21.4214
   16853      16.3177        21.8514
   16854      16.3300        21.6649
   16855      16.3659        21.7610
   16856      16.3303        21.8126
   16857      16.3380        21.7730
   16858      16.3002        21.4232
   16859      16.3306        21.7655
   16860      16.2538        21.9370
   16861      16.3243        21.4587
   16862      16.3711        22.1292
   16863      16.4309        22.1084
   16864      16.4099        21.9733
   16865      16.4001        21.9709
   16866      16.4378        22.2921
   16867      16.3993        22.5992
   16868      16.4257        21.9783
   16869      16.3835        22.0337
   16870      16.3249        21.8681
   16871      16.4220        21.9586
   16872      16.3178        21.6094
   16873      16.4240        21.7248
   16874      16.3957        21.8779
   16875      16.3664        21.7852
   16876      16.3930        21.9114
   16877      16.3905        22.2707
   16878      16.4171        21.6261
   16879      16.3793        21.8814
   16880      16.4055        22.2268
   16881      16.3318        21.8999
   16882      16.3195        21.6052
   16883      16.3808        21.9000
   16884      16.4013        21.6492
   16885      16.4095        21.6078
   16886      16.4656        22.0870
   16887      16.3764        21.8090
   16888      16.3750        21.7153
   16889      16.4344        22.5711
   16890      16.3329        21.5871
   16891      16.4043        22.2185
   16892      16.3282        21.6539
   16893      16.3584        22.0765
   16894      16.4025        21.7577
   16895      16.4097        21.8461
   16896      16.3866        21.2469
   16897      16.3563        22.4553
   16898      16.4404        21.8407
   16899      16.4045        22.2464
   16900      16.3880        21.5344
   16901      16.4346        21.7906
   16902      16.4218        22.0944
   16903      16.4522        21.9905
   16904      16.4788        21.7457
   16905      16.3320        21.7043
   16906      16.3435        21.4632
   16907      16.3933        21.5627
   16908      16.4193        21.9098
   16909      16.4652        21.7762
   16910      16.4685        22.1262
   16911      16.3719        21.8157
   16912      16.3755        22.0341
   16913      16.4083        21.6691
   16914      16.3689        21.7725
   16915      16.3568        22.0455
   16916      16.3197        22.0947
   16917      16.3914        22.2443
   16918      16.3100        22.2893
   16919      16.3777        22.0957
   16920      16.4199        21.7167
   16921      16.3402        21.9280
   16922      16.3947        22.1589
   16923      16.4348        22.0944
   16924      16.4194        21.7252
   16925      16.3713        21.5908
   16926      16.3664        21.7157
   16927      16.4545        22.0879
   16928      16.4872        22.2088
   16929      16.4681        21.6814
   16930      16.4707        21.9112
   16931      16.4091        22.1106
   16932      16.4662        22.1905
   16933      16.3868        21.6068
   16934      16.4456        21.7102
   16935      16.4405        21.7637
   16936      16.4440        21.4311
   16937      16.4116        22.0037
   16938      16.4394        22.0279
   16939      16.4422        21.9618
   16940      16.4202        21.6950
   16941      16.3996        21.9621
   16942      16.4371        22.1103
   16943      16.3528        21.6117
   16944      16.3792        21.5583
   16945      16.4167        22.3321
   16946      16.4420        21.9548
   16947      16.3303        21.9615
   16948      16.4581        22.4685
   16949      16.3713        21.8579
   16950      16.4573        21.8886
   16951      16.3918        22.0890
   16952      16.3993        21.9572
   16953      16.3801        21.4786
   16954      16.4023        21.8605
   16955      16.4375        21.4023
   16956      16.3657        22.0900
   16957      16.3160        20.8671
   16958      16.3414        21.1450
   16959      16.4151        21.8547
   16960      16.4190        22.3712
   16961      16.2930        21.6896
   16962      16.2962        21.6655
   16963      16.3273        22.1609
   16964      16.3752        22.2163
   16965      16.3878        21.6448
   16966      16.3984        21.8244
   16967      16.3474        22.1662
   16968      16.4386        21.8350
   16969      16.4138        21.4952
   16970      16.4205        21.4875
   16971      16.3959        21.5053
   16972      16.3483        21.3478
   16973      16.3775        21.4233
   16974      16.4167        21.7756
   16975      16.3403        21.8111
   16976      16.3291        21.5476
   16977      16.3862        22.3461
   16978      16.3562        21.3975
   16979      16.3613        21.7827
   16980      16.4217        22.2308
   16981      16.3114        21.9065
   16982      16.4472        21.9104
   16983      16.4601        22.0105
   16984      16.4338        21.8810
   16985      16.4376        21.7551
   16986      16.5142        22.3325
   16987      16.4656        22.6892
   16988      16.3672        22.1938
   16989      16.4306        21.6580
   16990      16.3803        21.7169
   16991      16.3611        22.0852
   16992      16.4009        21.4162
   16993      16.4014        21.5563
   16994      16.3748        22.0317
   16995      16.3271        22.5975
   16996      16.4559        22.2425
   16997      16.4198        21.9985
   16998      16.3985        21.6690
   16999      16.4461        22.1351
   17000      16.4529        21.8895
   17001      16.4122        21.6108
   17002      16.3585        21.8166
   17003      16.4257        21.6098
   17004      16.4483        21.5277
   17005      16.4070        21.4583
   17006      16.4287        22.6816
   17007      16.4497        22.0386
   17008      16.4468        22.3564
   17009      16.3561        21.4282
   17010      16.4858        21.9025
   17011      16.4262        22.1791
   17012      16.4131        21.2806
   17013      16.4898        21.9153
   17014      16.4817        21.9764
   17015      16.3587        21.4568
   17016      16.3437        21.5774
   17017      16.4287        21.6943
   17018      16.4433        22.1754
   17019      16.2707        21.3882
   17020      16.4260        22.0025
   17021      16.4737        21.7973
   17022      16.4092        21.8914
   17023      16.4313        22.0067
   17024      16.3672        21.7510
   17025      16.3764        21.2405
   17026      16.3921        21.6022
   17027      16.3549        21.7046
   17028      16.4366        22.1041
   17029      16.4081        22.2801
   17030      16.3832        21.9035
   17031      16.5060        21.6974
   17032      16.4258        21.7987
   17033      16.4195        21.8838
   17034      16.3887        21.2499
   17035      16.4867        22.0884
   17036      16.4319        21.8921
   17037      16.3474        22.1188
   17038      16.4778        21.9944
   17039      16.4627        22.0196
   17040      16.3988        21.9467
   17041      16.4314        21.5592
   17042      16.3554        21.4833
   17043      16.3737        21.3844
   17044      16.4316        21.1856
   17045      16.2703        20.9389
   17046      16.4096        21.6302
   17047      16.3895        21.1151
   17048      16.3726        21.6714
   17049      16.4079        21.3879
   17050      16.3297        21.1130
   17051      16.3228        21.4652
   17052      16.3879        22.0011
   17053      16.4320        21.5510
   17054      16.4019        22.0802
   17055      16.4076        21.8476
   17056      16.4553        21.8196
   17057      16.3977        22.2643
   17058      16.4439        21.8618
   17059      16.4686        22.0467
   17060      16.3564        21.2522
   17061      16.3964        22.1991
   17062      16.4636        21.7191
   17063      16.4049        21.9690
   17064      16.4036        21.9034
   17065      16.4526        21.8794
   17066      16.3663        22.0634
   17067      16.3156        22.0767
   17068      16.3690        21.3256
   17069      16.3302        21.6897
   17070      16.3284        22.0049
   17071      16.3318        21.7086
   17072      16.3656        22.0833
   17073      16.3999        21.3300
   17074      16.3609        21.4472
   17075      16.3704        21.7093
   17076      16.2926        21.2878
   17077      16.4397        21.7502
   17078      16.3971        21.9632
   17079      16.3958        21.0436
   17080      16.4554        21.9283
   17081      16.2905        21.4944
   17082      16.3962        21.9544
   17083      16.4042        21.4317
   17084      16.3700        21.5605
   17085      16.4054        22.0341
   17086      16.4085        21.5814
   17087      16.4927        22.1517
   17088      16.4484        22.6180
   17089      16.3857        21.8820
   17090      16.3849        21.9772
   17091      16.3743        22.0408
   17092      16.2801        21.2170
   17093      16.3855        22.0870
   17094      16.3582        21.8588
   17095      16.4679        22.6828
   17096      16.4310        21.5300
   17097      16.4793        21.9738
   17098      16.4195        21.9155
   17099      16.4222        21.9941
   17100      16.3412        21.4302
   17101      16.3941        21.8552
   17102      16.4744        21.9460
   17103      16.4948        22.0216
   17104      16.4579        21.6052
   17105      16.4521        22.2198
   17106      16.4004        21.7460
   17107      16.4459        21.7552
   17108      16.5037        21.9628
   17109      16.4562        21.8291
   17110      16.4303        21.7299
   17111      16.3598        21.6435
   17112      16.4421        22.0324
   17113      16.4937        21.7118
   17114      16.3718        21.7430
   17115      16.3699        21.7364
   17116      16.3783        21.4274
   17117      16.4759        21.7145
   17118      16.3818        21.6760
   17119      16.4244        21.6285
   17120      16.4208        21.7764
   17121      16.3839        21.5819
   17122      16.3992        21.3840
   17123      16.4252        21.7357
   17124      16.5191        22.2516
   17125      16.4447        22.2456
   17126      16.3556        21.6329
   17127      16.3651        21.4796
   17128      16.3972        21.3528
   17129      16.4630        21.4125
   17130      16.3746        21.7595
   17131      16.3993        21.5982
   17132      16.3736        21.7453
   17133      16.3890        21.8104
   17134      16.4016        21.7349
   17135      16.4873        21.7672
   17136      16.3419        21.6161
   17137      16.3955        22.1981
   17138      16.4018        21.5941
   17139      16.4028        22.4547
   17140      16.4425        21.9025
   17141      16.4358        22.2941
   17142      16.4016        22.3556
   17143      16.4546        21.8900
   17144      16.4396        22.0185
   17145      16.3871        21.6837
   17146      16.4960        22.0916
   17147      16.4800        22.2217
   17148      16.4699        22.0530
   17149      16.4221        22.1677
   17150      16.3914        22.0865
   17151      16.4236        22.0911
   17152      16.4609        22.1428
   17153      16.4005        22.1406
   17154      16.3610        22.3112
   17155      16.4051        21.8685
   17156      16.3521        22.1986
   17157      16.4418        22.5600
   17158      16.4104        22.0856
   17159      16.4317        21.7730
   17160      16.4526        22.4287
   17161      16.5174        22.6711
   17162      16.5252        22.9027
   17163      16.4139        22.0410
   17164      16.4051        22.1425
   17165      16.4615        21.9194
   17166      16.5060        22.1122
   17167      16.4456        22.0440
   17168      16.4276        22.5294
   17169      16.4466        22.0543
   17170      16.5252        22.1928
   17171      16.5036        21.9668
   17172      16.5658        22.1403
   17173      16.4062        21.9998
   17174      16.4763        21.5656
   17175      16.4428        21.8814
   17176      16.3885        21.6025
   17177      16.4774        21.9176
   17178      16.3745        21.6078
   17179      16.4306        21.9285
   17180      16.4822        21.7776
   17181      16.4307        22.1697
   17182      16.4880        21.9787
   17183      16.5149        21.8956
   17184      16.4404        21.9696
   17185      16.4566        22.0493
   17186      16.5261        22.3354
   17187      16.4596        21.7622
   17188      16.4031        21.2796
   17189      16.4793        21.0823
   17190      16.4155        21.5809
   17191      16.5007        21.6906
   17192      16.4366        21.8468
   17193      16.4393        22.4163
   17194      16.3934        21.8725
   17195      16.4068        21.8256
   17196      16.4194        22.0880
   17197      16.3576        21.9608
   17198      16.3662        22.3421
   17199      16.3638        21.6669
   17200      16.2838        21.4896
   17201      16.4248        22.2006
   17202      16.3738        22.1581
   17203      16.3764        21.9099
   17204      16.3482        21.7223
   17205      16.3849        22.0347
   17206      16.4257        22.0512
   17207      16.3547        21.6643
   17208      16.3964        21.8081
   17209      16.4080        22.0298
   17210      16.4232        21.5607
   17211      16.4332        21.8530
   17212      16.4975        22.1542
   17213      16.4898        22.0072
   17214      16.5180        23.1118
   17215      16.4632        21.7791
   17216      16.3346        21.5820
   17217      16.4199        22.4029
   17218      16.4716        22.3425
   17219      16.3806        21.6902
   17220      16.3460        21.7296
   17221      16.3955        21.5310
   17222      16.4723        21.9410
   17223      16.3932        21.9871
   17224      16.3511        21.5081
   17225      16.3861        21.6109
   17226      16.3590        21.8528
   17227      16.3616        21.7556
   17228      16.3997        21.3646
   17229      16.3742        22.5812
   17230      16.4279        21.6492
   17231      16.4185        22.1336
   17232      16.4071        21.9211
   17233      16.3712        21.7223
   17234      16.3969        21.7917
   17235      16.4064        22.1745
   17236      16.3802        21.9294
   17237      16.3664        21.1970
   17238      16.3252        21.5950
   17239      16.3209        21.9232
   17240      16.4060        22.1601
   17241      16.4135        21.5232
   17242      16.3958        22.1370
   17243      16.4121        22.3175
   17244      16.4251        21.6890
   17245      16.4978        21.9628
   17246      16.4558        22.5132
   17247      16.5033        21.9965
   17248      16.4100        22.3176
   17249      16.4021        22.0301
   17250      16.4276        21.7288
   17251      16.3544        21.5441
   17252      16.4733        22.1940
   17253      16.4547        21.5911
   17254      16.4669        21.6825
   17255      16.3933        21.9051
   17256      16.3951        22.5095
   17257      16.4097        22.4369
   17258      16.4001        21.8017
   17259      16.3507        22.3575
   17260      16.3538        22.0978
   17261      16.3366        21.7762
   17262      16.3940        21.9293
   17263      16.4875        22.3443
   17264      16.3553        22.0277
   17265      16.3067        21.7142
   17266      16.3098        21.5041
   17267      16.3711        22.0037
   17268      16.3408        22.0668
   17269      16.3575        21.3468
   17270      16.3622        22.2828
   17271      16.3939        21.4863
   17272      16.4111        22.0877
   17273      16.3927        21.4061
   17274      16.4397        21.8268
   17275      16.3280        21.7455
   17276      16.3964        22.1261
   17277      16.4037        21.8897
   17278      16.3382        21.1977
   17279      16.3989        21.8659
   17280      16.3373        20.7593
   17281      16.3901        21.6735
   17282      16.3826        21.3101
   17283      16.4288        21.9478
   17284      16.3300        20.9410
   17285      16.3803        20.6765
   17286      16.3005        21.1483
   17287      16.4061        21.1174
   17288      16.3704        22.0150
   17289      16.3413        21.7589
   17290      16.3329        21.4357
   17291      16.3621        21.7635
   17292      16.3406        21.5416
   17293      16.3208        21.3812
   17294      16.3991        21.5713
   17295      16.3202        21.0000
   17296      16.3702        21.6852
   17297      16.3624        21.9110
   17298      16.3613        21.5043
   17299      16.3562        21.4133
   17300      16.3024        21.6015
   17301      16.3533        21.3188
   17302      16.3925        21.4010
   17303      16.2969        21.7683
   17304      16.3344        21.9227
   17305      16.3653        21.5280
   17306      16.3627        21.5552
   17307      16.3442        21.8710
   17308      16.2978        20.9515
   17309      16.3900        21.2312
   17310      16.2840        21.4433
   17311      16.3736        21.2029
   17312      16.3334        21.9609
   17313      16.3305        21.5555
   17314      16.3739        22.0115
   17315      16.3760        22.1198
   17316      16.3371        20.9993
   17317      16.3305        21.6072
   17318      16.3866        21.4812
   17319      16.3500        22.0249
   17320      16.3613        21.7979
   17321      16.3249        22.7695
   17322      16.3615        22.0327
   17323      16.3113        22.2982
   17324      16.3602        22.3190
   17325      16.3356        21.5822
   17326      16.3318        22.0861
   17327      16.3201        21.4218
   17328      16.3624        22.4828
   17329      16.3268        21.8561
   17330      16.3489        21.9419
   17331      16.3992        21.8005
   17332      16.3212        21.4507
   17333      16.3615        22.0101
   17334      16.3185        21.5714
   17335      16.2986        22.3115
   17336      16.3216        21.5901
   17337      16.3125        21.2842
   17338      16.3355        21.9575
   17339      16.4512        21.6309
   17340      16.3055        21.2288
   17341      16.4912        21.7799
   17342      16.3483        21.2470
   17343      16.2631        21.4012
   17344      16.3722        21.8089
   17345      16.4556        21.9664
   17346      16.3966        21.5891
   17347      16.3561        21.9057
   17348      16.3420        21.4617
   17349      16.3031        21.8253
   17350      16.2643        21.6190
   17351      16.3149        20.9277
   17352      16.3969        21.6425
   17353      16.3335        21.4267
   17354      16.3279        21.7298
   17355      16.4240        21.0888
   17356      16.3434        21.7371
   17357      16.4099        21.9936
   17358      16.3884        21.7214
   17359      16.3451        21.2004
   17360      16.3731        22.0447
   17361      16.3973        21.7271
   17362      16.1903        21.2934
   17363      16.3756        21.6630
   17364      16.2982        21.1618
   17365      16.2347        21.0440
   17366      16.2212        20.8922
   17367      16.3139        21.0277
   17368      16.2431        21.0890
   17369      16.2728        21.4121
   17370      16.3404        21.1654
   17371      16.3329        21.7489
   17372      16.3107        21.4895
   17373      16.2215        21.5919
   17374      16.3296        21.6643
   17375      16.2451        21.7551
   17376      16.3095        21.5752
   17377      16.3195        21.3905
   17378      16.2793        21.5110
   17379      16.3573        21.5638
   17380      16.2557        22.2159
   17381      16.3462        21.8069
   17382      16.2969        21.7230
   17383      16.2858        21.9770
   17384      16.2712        21.9864
   17385      16.2539        21.9065
   17386      16.2728        21.8125
   17387      16.2986        21.4754
   17388      16.2632        21.1898
   17389      16.2351        20.9974
   17390      16.2744        21.7965
   17391      16.2837        21.5426
   17392      16.3591        21.2753
   17393      16.3495        21.7614
   17394      16.3479        21.6895
   17395      16.3326        21.9781
   17396      16.4193        21.3116
   17397      16.4016        21.8396
   17398      16.3905        22.5890
   17399      16.3934        21.7276
   17400      16.3766        22.1847
   17401      16.3612        21.9063
   17402      16.2474        21.6237
   17403      16.2372        21.1752
   17404      16.4208        21.7212
   17405      16.3521        21.6404
   17406      16.3908        21.2523
   17407      16.3928        21.1553
   17408      16.3455        21.7073
   17409      16.3453        21.2541
   17410      16.3301        21.7239
   17411      16.3460        21.3112
   17412      16.4042        22.2453
   17413      16.3047        22.1001
   17414      16.3689        21.6705
   17415      16.3297        22.6657
   17416      16.3020        21.7226
   17417      16.3371        21.5292
   17418      16.3348        21.4335
   17419      16.3638        22.7128
   17420      16.3558        21.8137
   17421      16.4247        22.4628
   17422      16.3629        21.6753
   17423      16.3634        21.5677
   17424      16.4253        22.0521
   17425      16.4341        22.3016
   17426      16.2943        21.6347
   17427      16.3138        22.2924
   17428      16.3255        22.2730
   17429      16.4231        21.7696
   17430      16.3761        21.7567
   17431      16.3809        21.4235
   17432      16.3759        21.8433
   17433      16.3416        21.4509
   17434      16.3436        21.7049
   17435      16.4620        22.1396
   17436      16.3440        22.9691
   17437      16.3691        22.5198
   17438      16.3804        22.2791
   17439      16.4026        21.3699
   17440      16.3052        20.7222
   17441      16.3722        22.4262
   17442      16.4062        21.2056
   17443      16.3888        21.6854
   17444      16.2886        21.3218
   17445      16.3679        21.4978
   17446      16.4054        22.0574
   17447      16.3558        21.2903
   17448      16.3748        21.6199
   17449      16.4433        22.4138
   17450      16.3572        21.4465
   17451      16.4038        21.5787
   17452      16.4685        22.0137
   17453      16.4024        21.9226
   17454      16.3480        21.5311
   17455      16.3928        21.9821
   17456      16.4270        21.7128
   17457      16.4063        21.8288
   17458      16.4551        21.9938
   17459      16.4310        22.4219
   17460      16.3659        21.6024
   17461      16.3762        21.8653
   17462      16.3731        21.7369
   17463      16.3764        22.0318
   17464      16.4168        22.3725
   17465      16.3412        21.1718
   17466      16.4325        21.7508
   17467      16.3506        22.0171
   17468      16.3664        21.8431
   17469      16.4331        21.8179
   17470      16.4915        21.9253
   17471      16.4405        22.0876
   17472      16.4126        21.1144
   17473      16.3718        21.7657
   17474      16.3984        21.2203
   17475      16.3522        21.3893
   17476      16.4593        22.6949
   17477      16.4101        21.8255
   17478      16.3582        21.3942
   17479      16.4687        21.4248
   17480      16.3519        21.3533
   17481      16.2943        21.2662
   17482      16.3659        21.1944
   17483      16.3109        20.9776
   17484      16.3825        21.3168
   17485      16.3911        22.0225
   17486      16.3274        21.0362
   17487      16.4376        21.3776
   17488      16.4004        21.3817
   17489      16.3499        21.5491
   17490      16.3823        21.4424
   17491      16.4194        21.3365
   17492      16.4548        21.4712
   17493      16.4077        21.0968
   17494      16.4001        21.3100
   17495      16.4036        21.0808
   17496      16.4288        21.4805
   17497      16.3174        21.0217
   17498      16.4184        22.2837
   17499      16.3847        21.5015
   17500      16.4042        23.0415
   17501      16.3239        21.4155
   17502      16.3679        21.7744
   17503      16.4057        21.3003
   17504      16.3498        21.4875
   17505      16.3696        21.8015
   17506      16.3672        21.7790
   17507      16.3874        20.9150
   17508      16.3513        21.2374
   17509      16.3177        21.8139
   17510      16.3569        22.1490
   17511      16.3628        21.1687
   17512      16.4464        22.9175
   17513      16.3897        21.4544
   17514      16.3256        21.7976
   17515      16.3337        21.9055
   17516      16.4111        21.7744
   17517      16.3597        21.7034
   17518      16.4100        22.5539
   17519      16.3064        21.3692
   17520      16.4074        21.9931
   17521      16.3335        21.5042
   17522      16.3690        22.0470
   17523      16.3474        21.4087
   17524      16.3179        21.1419
   17525      16.3506        21.7436
   17526      16.3228        21.7084
   17527      16.3329        21.8091
   17528      16.3240        21.6560
   17529      16.3688        21.6334
   17530      16.3869        21.4255
   17531      16.4287        21.8573
   17532      16.4405        22.5639
   17533      16.3321        21.8130
   17534      16.3429        22.6225
   17535      16.3880        21.6298
   17536      16.4064        21.7591
   17537      16.3945        21.8348
   17538      16.4374        21.5199
   17539      16.3863        21.0766
   17540      16.4534        21.4506
   17541      16.3538        21.1528
   17542      16.3585        21.4777
   17543      16.3075        21.3754
   17544      16.3971        21.4760
   17545      16.3815        21.8733
   17546      16.3600        21.3058
   17547      16.3697        21.5016
   17548      16.4402        21.7762
   17549      16.3662        21.6736
   17550      16.3847        21.5051
   17551      16.4163        21.4598
   17552      16.4339        21.8338
   17553      16.3661        21.6537
   17554      16.3684        21.6876
   17555      16.3736        21.9342
   17556      16.3474        21.8630
   17557      16.4091        21.7840
   17558      16.3069        21.6676
   17559      16.3036        21.1869
   17560      16.3648        21.8774
   17561      16.3749        21.5603
   17562      16.3255        21.9274
   17563      16.4290        21.6000
   17564      16.3421        21.6425
   17565      16.4041        21.6490
   17566      16.4072        21.6612
   17567      16.3535        21.4690
   17568      16.3505        21.3722
   17569      16.3309        21.9838
   17570      16.3984        21.8056
   17571      16.3788        22.3037
   17572      16.3452        21.6683
   17573      16.3432        21.5234
   17574      16.3539        21.5272
   17575      16.2949        21.5612
   17576      16.3716        21.3268
   17577      16.3730        21.5193
   17578      16.3786        22.1310
   17579      16.2995        21.6732
   17580      16.4526        21.9210
   17581      16.3268        21.4787
   17582      16.3751        21.6941
   17583      16.3366        21.8841
   17584      16.3530        21.4832
   17585      16.3839        22.0634
   17586      16.3536        21.9631
   17587      16.4638        21.8414
   17588      16.3868        21.6471
   17589      16.3237        22.0087
   17590      16.3550        21.9441
   17591      16.4352        22.3562
   17592      16.3719        21.8036
   17593      16.4518        21.9954
   17594      16.4098        21.5141
   17595      16.4069        21.9277
   17596      16.3682        22.2213
   17597      16.3944        22.4621
   17598      16.4018        22.2112
   17599      16.4168        22.2174
   17600      16.3885        21.8500
   17601      16.4148        22.1100
   17602      16.4677        21.8666
   17603      16.4243        22.0133
   17604      16.4404        21.7757
   17605      16.4431        21.6930
   17606      16.3967        21.4476
   17607      16.4390        21.9950
   17608      16.4333        22.0975
   17609      16.4160        21.9354
   17610      16.3719        21.8578
   17611      16.3943        22.0036
   17612      16.4666        22.1205
   17613      16.3641        21.6777
   17614      16.4017        21.1231
   17615      16.3575        21.5056
   17616      16.3611        21.9839
   17617      16.3455        21.8610
   17618      16.4112        21.8322
   17619      16.3941        22.3087
   17620      16.3749        21.8298
   17621      16.4173        21.9574
   17622      16.3851        22.0405
   17623      16.3486        21.9052
   17624      16.3810        21.5572
   17625      16.4909        22.4676
   17626      16.4142        21.6350
   17627      16.3834        21.2931
   17628      16.3758        22.1783
   17629      16.3403        22.0701
   17630      16.3594        22.0262
   17631      16.3719        22.0187
   17632      16.3678        21.4098
   17633      16.3344        22.1632
   17634      16.3685        21.9743
   17635      16.3656        21.7121
   17636      16.3789        21.5499
   17637      16.3783        21.8874
   17638      16.3930        21.8860
   17639      16.3856        22.4338
   17640      16.3967        22.1694
   17641      16.4117        22.0717
   17642      16.3881        21.6877
   17643      16.4137        22.0715
   17644      16.4017        21.9476
   17645      16.3899        22.6797
   17646      16.3761        22.1028
   17647      16.5036        22.2962
   17648      16.4113        21.3038
   17649      16.3472        21.5869
   17650      16.3648        22.2083
   17651      16.3570        21.6253
   17652      16.5324        22.4994
   17653      16.4405        22.2081
   17654      16.4122        22.3494
   17655      16.3966        21.9453
   17656      16.3387        22.1034
   17657      16.3624        21.8178
   17658      16.3454        21.6576
   17659      16.4266        22.0420
   17660      16.4044        22.4709
   17661      16.3631        22.1132
   17662      16.4043        22.4388
   17663      16.4157        22.2278
   17664      16.5038        22.7390
   17665      16.4103        21.7679
   17666      16.4373        21.7986
   17667      16.3891        22.1900
   17668      16.4687        22.4370
   17669      16.4509        22.4286
   17670      16.3535        21.7313
   17671      16.3742        22.3397
   17672      16.4170        21.8897
   17673      16.4278        22.5771
   17674      16.4193        22.3852
   17675      16.4080        22.0190
   17676      16.3930        21.5830
   17677      16.3691        21.8593
   17678      16.2941        21.6495
   17679      16.3491        21.8089
   17680      16.4405        22.4897
   17681      16.3753        22.0065
   17682      16.3737        21.9952
   17683      16.4218        22.6719
   17684      16.4352        22.5730
   17685      16.4314        21.8379
   17686      16.4274        21.6025
   17687      16.4148        22.1555
   17688      16.4479        22.0233
   17689      16.3949        22.0438
   17690      16.3279        22.0880
   17691      16.3714        22.4686
   17692      16.3111        21.8462
   17693      16.3267        21.9992
   17694      16.3474        21.6849
   17695      16.3017        22.0837
   17696      16.3154        22.2828
   17697      16.3336        21.9775
   17698      16.3281        21.6060
   17699      16.3631        21.4361
   17700      16.3362        22.3568
   17701      16.2770        21.7112
   17702      16.3345        21.8787
   17703      16.3472        22.3868
   17704      16.3495        21.7314
   17705      16.3392        21.4542
   17706      16.2900        22.0260
   17707      16.3370        21.6367
   17708      16.3419        22.2177
   17709      16.3485        22.1765
   17710      16.3467        22.0382
   17711      16.3571        21.7036
   17712      16.3438        21.9205
   17713      16.2733        21.5803
   17714      16.3747        21.4987
   17715      16.3133        21.7040
   17716      16.2962        21.8879
   17717      16.2741        22.0882
   17718      16.2898        21.7140
   17719      16.2913        21.8186
   17720      16.2813        21.2563
   17721      16.1958        21.3019
   17722      16.2631        21.6944
   17723      16.3300        21.7794
   17724      16.3202        21.9052
   17725      16.3934        22.1035
   17726      16.2825        21.3911
   17727      16.3563        21.8233
   17728      16.3393        21.5362
   17729      16.3345        21.5934
   17730      16.3329        21.8832
   17731      16.3690        21.9420
   17732      16.3140        21.9454
   17733      16.3620        21.9290
   17734      16.3854        22.0195
   17735      16.3350        21.2414
   17736      16.3526        21.8286
   17737      16.3943        21.6892
   17738      16.3587        22.6728
   17739      16.3082        21.9967
   17740      16.3061        21.7221
   17741      16.3041        22.1251
   17742      16.2456        21.9714
   17743      16.2700        21.6638
   17744      16.3179        22.1955
   17745      16.3404        22.2087
   17746      16.3556        21.9172
   17747      16.2810        21.6646
   17748      16.2826        21.0942
   17749      16.3384        21.4328
   17750      16.3286        21.4961
   17751      16.3273        21.6127
   17752      16.3395        21.2512
   17753      16.3829        22.1449
   17754      16.2676        21.4897
   17755      16.3255        21.8653
   17756      16.3290        22.0248
   17757      16.2897        21.7849
   17758      16.3449        22.1372
   17759      16.3224        21.0085
   17760      16.3826        22.2756
   17761      16.2846        22.2791
   17762      16.3620        21.8942
   17763      16.3015        21.8315
   17764      16.3630        22.2443
   17765      16.2843        21.8184
   17766      16.2697        21.6884
   17767      16.2809        22.0023
   17768      16.3077        21.7954
   17769      16.2474        21.6823
   17770      16.3712        22.0212
   17771      16.3095        22.2070
   17772      16.4007        22.0927
   17773      16.2937        21.2546
   17774      16.2602        21.8267
   17775      16.3083        21.2578
   17776      16.3678        21.9540
   17777      16.3731        21.8727
   17778      16.3123        21.5034
   17779      16.4028        21.7805
   17780      16.2909        21.6777
   17781      16.3124        21.6598
   17782      16.2300        21.3666
   17783      16.3301        21.8753
   17784      16.2905        21.9316
   17785      16.3106        22.2444
   17786      16.3837        22.1513
   17787      16.3142        21.8595
   17788      16.2150        22.0233
   17789      16.3039        21.7482
   17790      16.3131        21.3408
   17791      16.2606        22.2372
   17792      16.3398        22.0823
   17793      16.2460        22.0026
   17794      16.2863        22.0423
   17795      16.2404        21.6711
   17796      16.3628        22.1142
   17797      16.2074        21.7234
   17798      16.2978        21.8507
   17799      16.3138        21.6911
   17800      16.2773        21.8750
   17801      16.3146        22.2525
   17802      16.3347        22.0563
   17803      16.3121        21.8708
   17804      16.2943        21.7958
   17805      16.2863        21.6658
   17806      16.2749        21.6911
   17807      16.3280        21.9943
   17808      16.2545        21.6010
   17809      16.3200        21.8578
   17810      16.3747        22.2388
   17811      16.2825        21.4669
   17812      16.2970        21.0514
   17813      16.3914        21.8562
   17814      16.3437        21.6620
   17815      16.3576        22.0028
   17816      16.3212        22.1412
   17817      16.3242        21.7239
   17818      16.3398        21.3002
   17819      16.3146        21.9371
   17820      16.3545        21.5076
   17821      16.2595        21.7544
   17822      16.2997        21.2003
   17823      16.2282        21.6258
   17824      16.2938        21.4058
   17825      16.2087        21.6786
   17826      16.1947        21.6630
   17827      16.2500        21.7315
   17828      16.2802        21.2700
   17829      16.2770        21.8427
   17830      16.3523        21.7683
   17831      16.3477        21.2828
   17832      16.3065        21.4379
   17833      16.2926        21.4841
   17834      16.3144        21.8239
   17835      16.4320        22.3509
   17836      16.3163        21.8451
   17837      16.3709        21.5635
   17838      16.3401        21.0713
   17839      16.3476        21.5591
   17840      16.4315        21.7870
   17841      16.4205        21.6389
   17842      16.4601        21.8769
   17843      16.3117        21.2811
   17844      16.3755        21.8640
   17845      16.3408        22.4051
   17846      16.3456        21.2537
   17847      16.3892        21.7401
   17848      16.3299        21.4564
   17849      16.3792        21.2174
   17850      16.3880        21.5399
   17851      16.3914        21.9389
   17852      16.3695        21.8526
   17853      16.3515        21.8979
   17854      16.3626        21.7347
   17855      16.3627        21.5931
   17856      16.3650        21.9284
   17857      16.3630        21.9822
   17858      16.3425        21.8819
   17859      16.2795        21.4583
   17860      16.4177        21.3928
   17861      16.3499        21.0421
   17862      16.3949        21.7306
   17863      16.4129        22.0633
   17864      16.3313        22.4902
   17865      16.3467        21.7660
   17866      16.3893        21.9916
   17867      16.3995        22.5234
   17868      16.4343        22.2477
   17869      16.3634        22.0814
   17870      16.2916        21.9435
   17871      16.3240        21.4545
   17872      16.3243        21.8852
   17873      16.3039        21.6271
   17874      16.3717        22.2013
   17875      16.3868        22.1635
   17876      16.3547        22.1037
   17877      16.3367        21.7621
   17878      16.3392        22.0538
   17879      16.3448        21.8771
   17880      16.4183        22.3756
   17881      16.3906        22.1661
   17882      16.2698        21.8735
   17883      16.3127        21.3366
   17884      16.3464        21.7835
   17885      16.4038        22.0770
   17886      16.4263        21.6607
   17887      16.3362        22.3618
   17888      16.3924        21.8599
   17889      16.3514        22.0634
   17890      16.3960        21.8539
   17891      16.3599        22.2953
   17892      16.3519        21.8333
   17893      16.4166        21.8560
   17894      16.3049        22.3350
   17895      16.3736        22.2641
   17896      16.3358        21.4449
   17897      16.3606        22.3888
   17898      16.3497        22.3118
   17899      16.3386        21.6469
   17900      16.4496        21.8806
   17901      16.3321        21.8641
   17902      16.3277        21.4627
   17903      16.3763        22.2187
   17904      16.3773        22.0925
   17905      16.3480        21.9885
   17906      16.3460        21.2919
   17907      16.4285        21.8437
   17908      16.3454        21.4333
   17909      16.2879        21.7300
   17910      16.3336        22.0802
   17911      16.3631        21.7673
   17912      16.3567        21.6911
   17913      16.3839        21.1070
   17914      16.3455        21.4661
   17915      16.4233        21.9323
   17916      16.4021        21.6197
   17917      16.3794        22.1791
   17918      16.3310        21.4544
   17919      16.3259        22.4756
   17920      16.3251        22.0208
   17921      16.4687        22.1906
   17922      16.3864        22.4098
   17923      16.3959        22.0318
   17924      16.3653        22.4772
   17925      16.4090        22.7591
   17926      16.2339        21.4004
   17927      16.3076        21.9792
   17928      16.2882        22.0340
   17929      16.2629        21.5665
   17930      16.2416        21.3484
   17931      16.3209        21.7794
   17932      16.2519        21.5222
   17933      16.2583        21.9268
   17934      16.3467        22.1649
   17935      16.2723        21.4230
   17936      16.3024        21.7685
   17937      16.3786        21.5678
   17938      16.4631        21.8404
   17939      16.3689        21.4884
   17940      16.2980        21.3887
   17941      16.2798        21.3912
   17942      16.2797        21.5956
   17943      16.2995        22.0679
   17944      16.3368        22.3722
   17945      16.3383        21.5201
   17946      16.3733        21.9569
   17947      16.3415        22.2061
   17948      16.4403        22.2498
   17949      16.4157        21.5561
   17950      16.4191        21.3232
   17951      16.3846        21.3563
   17952      16.3005        21.3416
   17953      16.3833        21.4842
   17954      16.2999        20.9788
   17955      16.3225        21.7483
   17956      16.4727        21.8780
   17957      16.4100        21.9943
   17958      16.3615        21.8289
   17959      16.3258        20.9735
   17960      16.3838        21.2676
   17961      16.4198        22.2878
   17962      16.4081        22.0269
   17963      16.3490        21.6204
   17964      16.3858        22.3191
   17965      16.3927        22.7984
   17966      16.3609        21.6171
   17967      16.3237        21.4770
   17968      16.3520        22.3514
   17969      16.3491        21.8507
   17970      16.3810        22.2290
   17971      16.3598        22.0146
   17972      16.4030        21.6361
   17973      16.4422        21.9443
   17974      16.3392        21.9466
   17975      16.3066        22.1975
   17976      16.2946        21.7929
   17977      16.3676        21.6724
   17978      16.3839        21.8903
   17979      16.3602        22.3035
   17980      16.3018        21.4756
   17981      16.4004        22.2106
   17982      16.3573        21.4974
   17983      16.3913        21.6221
   17984      16.3729        21.9002
   17985      16.2687        21.5789
   17986      16.3388        22.0450
   17987      16.2953        21.9804
   17988      16.3587        21.8499
   17989      16.3704        22.2626
   17990      16.3519        21.7833
   17991      16.3917        21.7464
   17992      16.2816        21.6840
   17993      16.4044        22.1534
   17994      16.3814        22.1990
   17995      16.3370        21.6469
   17996      16.3385        21.6707
   17997      16.2780        21.1686
   17998      16.3633        22.0805
   17999      16.3245        21.3521
   18000      16.3914        21.8940
   18001      16.3803        21.4089
   18002      16.3096        21.8120
   18003      16.2802        21.2322
   18004      16.4542        21.9904
   18005      16.3812        21.6267
   18006      16.3941        22.0367
   18007      16.3570        22.2578
   18008      16.3676        22.0821
   18009      16.3131        21.7452
   18010      16.3954        21.7699
   18011      16.3811        21.7822
   18012      16.4347        21.6029
   18013      16.4277        21.4868
   18014      16.3751        21.3621
   18015      16.3520        21.4829
   18016      16.3537        21.6922
   18017      16.3797        21.7947
   18018      16.3767        21.5967
   18019      16.2764        21.1429
   18020      16.3406        21.3465
   18021      16.3056        21.8416
   18022      16.2687        21.2014
   18023      16.3501        22.1869
   18024      16.3600        21.9247
   18025      16.4179        22.9683
   18026      16.3615        21.7543
   18027      16.4101        22.3293
   18028      16.3151        21.4725
   18029      16.2725        21.7265
   18030      16.3011        22.5994
   18031      16.3369        22.4016
   18032      16.3550        22.1428
   18033      16.3266        22.0816
   18034      16.3587        22.0858
   18035      16.3066        21.3642
   18036      16.3176        21.9177
   18037      16.3220        21.6807
   18038      16.3213        22.5199
   18039      16.3593        21.7248
   18040      16.2760        21.6657
   18041      16.3157        21.3811
   18042      16.3665        21.3768
   18043      16.3210        21.5133
   18044      16.3221        21.4319
   18045      16.3227        21.4082
   18046      16.4029        22.2218
   18047      16.3220        21.5659
   18048      16.3368        21.2096
   18049      16.3898        21.7339
   18050      16.4103        21.9332
   18051      16.2765        21.8347
   18052      16.3343        21.5355
   18053      16.3225        21.5012
   18054      16.3166        21.5852
   18055      16.4045        21.7806
   18056      16.3707        20.9843
   18057      16.3841        21.2444
   18058      16.4005        21.9375
   18059      16.3597        21.3357
   18060      16.4366        21.1975
   18061      16.4331        21.3313
   18062      16.3454        21.9236
   18063      16.4146        21.8730
   18064      16.4426        22.2202
   18065      16.3557        21.0694
   18066      16.4012        21.4514
   18067      16.4388        21.8941
   18068      16.4227        21.1297
   18069      16.4414        20.9704
   18070      16.4347        21.3914
   18071      16.4603        21.6146
   18072      16.5045        20.7837
   18073      16.4420        21.2549
   18074      16.4372        20.8959
   18075      16.5521        22.0634
   18076      16.4821        21.8470
   18077      16.4458        21.2787
   18078      16.3145        20.9775
   18079      16.3418        21.6212
   18080      16.3561        21.7277
   18081      16.3443        21.6277
   18082      16.4856        21.5287
   18083      16.4230        21.6260
   18084      16.4501        21.3745
   18085      16.4486        21.7595
   18086      16.3897        21.3447
   18087      16.3694        21.5550
   18088      16.4168        21.0647
   18089      16.3681        21.3161
   18090      16.3705        22.0918
   18091      16.3860        20.8009
   18092      16.4233        22.0262
   18093      16.4340        21.8028
   18094      16.3338        21.4409
   18095      16.3970        21.4723
   18096      16.4057        21.7900
   18097      16.3500        21.4516
   18098      16.4075        22.0281
   18099      16.3841        21.0760
   18100      16.3504        21.6751
   18101      16.3436        21.8592
   18102      16.3583        20.8719
   18103      16.3739        21.4987
   18104      16.4072        21.9450
   18105      16.3826        21.4843
   18106      16.3601        21.8722
   18107      16.3749        21.4301
   18108      16.4226        21.5523
   18109      16.4104        21.8728
   18110      16.3308        21.8263
   18111      16.3231        21.7404
   18112      16.4496        22.2566
   18113      16.3676        21.6253
   18114      16.4046        22.3090
   18115      16.4605        21.8098
   18116      16.3138        21.2217
   18117      16.3901        21.9726
   18118      16.5267        22.5711
   18119      16.4075        22.2682
   18120      16.3060        21.8768
   18121      16.3789        21.2981
   18122      16.4489        22.4987
   18123      16.3481        21.4248
   18124      16.3700        22.0845
   18125      16.3363        22.1027
   18126      16.4319        22.4785
   18127      16.3487        22.2604
   18128      16.4321        21.9318
   18129      16.3192        21.5316
   18130      16.3088        21.7142
   18131      16.4129        22.4060
   18132      16.3547        22.0079
   18133      16.4136        21.8896
   18134      16.5050        22.1428
   18135      16.4298        21.7629
   18136      16.4236        21.7440
   18137      16.4828        22.2306
   18138      16.3604        21.4453
   18139      16.4098        21.5757
   18140      16.4370        21.6820
   18141      16.4910        21.2982
   18142      16.4128        21.6651
   18143      16.4978        21.8810
   18144      16.4239        21.8613
   18145      16.4684        21.8600
   18146      16.4615        22.3134
   18147      16.4876        22.2793
   18148      16.4397        22.1376
   18149      16.3830        21.8917
   18150      16.3644        21.4699
   18151      16.4592        21.6680
   18152      16.4177        21.4115
   18153      16.4432        22.1376
   18154      16.4228        21.3787
   18155      16.4651        21.3719
   18156      16.4538        21.9433
   18157      16.3882        21.6527
   18158      16.4603        22.1997
   18159      16.5209        22.2736
   18160      16.4765        21.9203
   18161      16.4163        21.5150
   18162      16.4763        21.3762
   18163      16.5119        21.5149
   18164      16.4055        21.3927
   18165      16.4712        22.1923
   18166      16.4145        21.9311
   18167      16.4252        21.8811
   18168      16.3998        22.1178
   18169      16.4473        21.8617
   18170      16.4672        21.8700
   18171      16.4592        22.5150
   18172      16.4213        21.8063
   18173      16.4324        22.2461
   18174      16.3914        21.2061
   18175      16.4095        21.9164
   18176      16.4314        22.2556
   18177      16.3688        21.4902
   18178      16.3865        21.8445
   18179      16.3897        21.9385
   18180      16.3278        21.0431
   18181      16.4034        22.0491
   18182      16.3985        21.8137
   18183      16.3984        21.7575
   18184      16.3702        21.6954
   18185      16.3520        21.9880
   18186      16.4213        21.5771
   18187      16.4375        21.7923
   18188      16.4375        21.8848
   18189      16.4030        21.9959
   18190      16.4148        21.9813
   18191      16.4405        21.8139
   18192      16.4636        22.4679
   18193      16.4711        22.4758
   18194      16.4235        21.9772
   18195      16.4458        22.1955
   18196      16.4412        22.2483
   18197      16.4630        22.0669
   18198      16.4329        21.9466
   18199      16.5294        22.7813
   18200      16.4601        22.2383
   18201      16.3397        22.0958
   18202      16.4692        22.3827
   18203      16.3732        21.8377
   18204      16.3758        21.6256
   18205      16.3888        22.2153
   18206      16.4280        21.2808
   18207      16.4362        22.3083
   18208      16.5001        22.4592
   18209      16.3671        22.0094
   18210      16.3669        22.6012
   18211      16.4239        22.0727
   18212      16.4756        22.3365
   18213      16.4072        21.6163
   18214      16.3839        22.3285
   18215      16.3823        21.6258
   18216      16.2932        22.0493
   18217      16.4095        22.2994
   18218      16.4078        23.3759
   18219      16.3797        21.8663
   18220      16.3416        21.8731
   18221      16.3328        22.3825
   18222      16.2845        21.9293
   18223      16.3140        21.9293
   18224      16.2856        21.6958
   18225      16.2958        21.3314
   18226      16.2595        21.1282
   18227      16.2458        20.9497
   18228      16.2759        21.2305
   18229      16.2517        21.4726
   18230      16.2742        22.1551
   18231      16.2759        22.3549
   18232      16.2797        21.6408
   18233      16.2364        21.3569
   18234      16.2236        21.3646
   18235      16.2619        21.4754
   18236      16.2767        21.0591
   18237      16.2429        21.4932
   18238      16.1949        21.1513
   18239      16.3110        21.7896
   18240      16.3096        21.5026
   18241      16.3614        20.8821
   18242      16.3091        21.2641
   18243      16.3018        21.6415
   18244      16.2488        21.6193
   18245      16.2688        21.2650
   18246      16.3151        21.4295
   18247      16.3310        21.6998
   18248      16.3176        21.6516
   18249      16.2459        21.4707
   18250      16.2753        21.5591
   18251      16.2171        21.2753
   18252      16.2903        21.4551
   18253      16.2723        22.0150
   18254      16.3271        22.4156
   18255      16.2651        21.3398
   18256      16.3331        22.2538
   18257      16.3028        21.7235
   18258      16.3611        21.7100
   18259      16.4220        21.2420
   18260      16.4398        21.6559
   18261      16.3595        21.5386
   18262      16.3105        21.2861
   18263      16.3612        21.5162
   18264      16.4195        21.6836
   18265      16.3891        21.8754
   18266      16.3608        21.9050
   18267      16.3620        21.0954
   18268      16.3223        21.9837
   18269      16.3250        22.0697
   18270      16.3948        21.4325
   18271      16.2974        21.6664
   18272      16.2954        21.6339
   18273      16.3301        21.9661
   18274      16.3475        22.2872
   18275      16.3017        21.3072
   18276      16.2952        21.4465
   18277      16.3856        22.1521
   18278      16.3165        21.9389
   18279      16.2518        21.4600
   18280      16.2536        21.1027
   18281      16.2738        20.8712
   18282      16.2406        21.6989
   18283      16.2829        21.8578
   18284      16.2619        21.6667
   18285      16.2909        21.3946
   18286      16.2200        21.0794
   18287      16.3134        21.5966
   18288      16.3137        21.3852
   18289      16.3385        21.8799
   18290      16.3088        21.5731
   18291      16.2769        21.1832
   18292      16.2926        21.4487
   18293      16.2991        21.7958
   18294      16.3496        22.0942
   18295      16.3665        21.9219
   18296      16.3159        21.7021
   18297      16.4064        21.9896
   18298      16.3096        21.9235
   18299      16.3272        22.0082
   18300      16.2381        21.6215
   18301      16.3682        22.7052
   18302      16.3686        21.7328
   18303      16.3685        22.1810
   18304      16.3796        22.0047
   18305      16.4255        21.4900
   18306      16.3971        21.4692
   18307      16.3329        21.1713
   18308      16.4702        22.0011
   18309      16.4622        21.8727
   18310      16.4191        21.4449
   18311      16.3990        21.6144
   18312      16.4561        21.7308
   18313      16.3985        21.4217
   18314      16.4526        21.7550
   18315      16.2214        22.3028
   18316      16.3697        21.6574
   18317      16.3398        21.6466
   18318      16.3749        21.7744
   18319      16.3612        22.0789
   18320      16.3952        22.2157
   18321      16.3898        22.2833
   18322      16.3362        21.5742
   18323      16.2941        21.9890
   18324      16.3373        21.8741
   18325      16.3079        21.1168
   18326      16.3257        21.2331
   18327      16.3031        21.5208
   18328      16.3621        21.1035
   18329      16.2789        21.2894
   18330      16.3851        21.8516
   18331      16.2827        20.9440
   18332      16.3510        21.6034
   18333      16.2817        21.4196
   18334      16.3848        21.6536
   18335      16.3941        21.2051
   18336      16.3656        21.6970
   18337      16.3744        21.9422
   18338      16.3499        21.1096
   18339      16.4666        21.7659
   18340      16.4557        22.0272
   18341      16.3723        21.7278
   18342      16.3636        21.4960
   18343      16.3469        21.4390
   18344      16.4908        21.7751
   18345      16.3327        21.8145
   18346      16.4015        22.4296
   18347      16.3639        22.2055
   18348      16.3989        22.6448
   18349      16.3735        22.1017
   18350      16.2915        21.3685
   18351      16.4017        21.4401
   18352      16.3803        22.4874
   18353      16.3165        21.1136
   18354      16.2661        21.6448
   18355      16.3329        22.1868
   18356      16.3710        21.6063
   18357      16.3724        21.7632
   18358      16.3167        21.1999
   18359      16.2123        21.5757
   18360      16.3448        22.2531
   18361      16.3353        21.6787
   18362      16.3927        21.9400
   18363      16.3783        21.4911
   18364      16.3730        21.6683
   18365      16.3195        21.8457
   18366      16.3183        21.2325
   18367      16.3376        21.8083
   18368      16.4111        22.2669
   18369      16.3391        21.6162
   18370      16.3517        21.6537
   18371      16.3150        21.8587
   18372      16.4291        22.6650
   18373      16.3748        22.2046
   18374      16.4237        21.1383
   18375      16.3415        21.0538
   18376      16.4233        21.5075
   18377      16.3810        21.1371
   18378      16.4341        21.5209
   18379      16.4047        21.4039
   18380      16.4140        21.8017
   18381      16.3687        21.7424
   18382      16.4122        22.1432
   18383      16.3956        22.2426
   18384      16.4650        21.6463
   18385      16.4192        22.1127
   18386      16.3658        21.5295
   18387      16.3481        21.8047
   18388      16.3299        21.9457
   18389      16.2717        21.6926
   18390      16.3844        21.6180
   18391      16.3521        21.7322
   18392      16.3574        21.5027
   18393      16.3207        21.1139
   18394      16.2604        20.7630
   18395      16.2303        21.5025
   18396      16.3629        21.5810
   18397      16.3424        21.2797
   18398      16.3161        21.7818
   18399      16.3527        21.2193
   18400      16.2694        21.1326
   18401      16.3102        21.2993
   18402      16.2460        21.0775
   18403      16.2732        20.8382
   18404      16.2934        21.1118
   18405      16.3369        21.9564
   18406      16.3242        21.6218
   18407      16.4344        22.5695
   18408      16.3463        21.9169
   18409      16.3348        22.0140
   18410      16.3715        21.8265
   18411      16.3893        21.8054
   18412      16.3127        21.9364
   18413      16.3385        22.0916
   18414      16.3809        21.7240
   18415      16.4404        22.6357
   18416      16.2856        21.7618
   18417      16.3758        22.1094
   18418      16.2561        21.7148
   18419      16.3383        21.9736
   18420      16.3477        21.4629
   18421      16.3314        22.2029
   18422      16.3482        21.7749
   18423      16.3471        21.7584
   18424      16.3800        22.1241
   18425      16.4209        22.1465
   18426      16.4096        22.1824
   18427      16.3616        21.8236
   18428      16.3557        22.0652
   18429      16.4292        22.2670
   18430      16.3814        21.7421
   18431      16.3691        21.7273
   18432      16.3953        21.4906
   18433      16.3815        22.1905
   18434      16.3771        21.6152
   18435      16.4027        22.3053
   18436      16.4192        21.5698
   18437      16.3220        21.4372
   18438      16.3785        21.7572
   18439      16.3650        22.1717
   18440      16.3747        22.0402
   18441      16.4066        22.4719
   18442      16.4501        22.0785
   18443      16.3964        22.0958
   18444      16.5101        21.8491
   18445      16.4157        21.9978
   18446      16.3341        21.4180
   18447      16.4177        21.7230
   18448      16.3858        22.3487
   18449      16.3471        22.2284
   18450      16.3885        22.4161
   18451      16.3423        21.7996
   18452      16.3700        21.9184
   18453      16.4304        22.1140
   18454      16.3800        21.6039
   18455      16.3579        21.6419
   18456      16.4513        22.5816
   18457      16.3166        21.9819
   18458      16.3809        22.3279
   18459      16.4299        22.3947
   18460      16.3933        21.9281
   18461      16.3997        21.9172
   18462      16.3277        21.6732
   18463      16.3947        21.9126
   18464      16.3660        21.9473
   18465      16.3252        21.7396
   18466      16.3797        21.5709
   18467      16.4146        21.6263
   18468      16.3483        21.6443
   18469      16.3580        22.2373
   18470      16.4144        22.0037
   18471      16.4865        22.3397
   18472      16.4151        21.9004
   18473      16.4412        21.9070
   18474      16.3899        21.5680
   18475      16.3948        22.3075
   18476      16.3932        22.1389
   18477      16.4931        22.1890
   18478      16.3603        21.4485
   18479      16.3914        22.1496
   18480      16.4269        22.0009
   18481      16.3077        21.3297
   18482      16.3627        21.7405
   18483      16.3357        21.6377
   18484      16.3803        21.8791
   18485      16.3771        22.2234
   18486      16.3634        22.0938
   18487      16.3868        22.2154
   18488      16.3671        21.5569
   18489      16.3895        22.2138
   18490      16.4589        22.4012
   18491      16.3377        22.0365
   18492      16.2511        21.5014
   18493      16.2894        21.5270
   18494      16.3411        22.4178
   18495      16.2969        21.7162
   18496      16.4170        21.8677
   18497      16.3995        21.8421
   18498      16.3342        21.3198
   18499      16.3574        21.7262
   18500      16.3222        21.8574
   18501      16.3080        21.3100
   18502      16.3628        21.5833
   18503      16.3738        21.8103
   18504      16.3596        21.5586
   18505      16.2984        21.0722
   18506      16.3495        21.5099
   18507      16.5134        23.8051
   18508      16.3364        22.0940
   18509      16.3446        21.8652
   18510      16.3227        21.6005
   18511      16.2907        22.0433
   18512      16.2110        21.1365
   18513      16.3109        22.5163
   18514      16.2931        22.0795
   18515      16.3717        21.3909
   18516      16.3476        22.0789
   18517      16.2344        21.4247
   18518      16.3052        21.8940
   18519      16.3004        21.4682
   18520      16.2530        21.4272
   18521      16.2843        22.2947
   18522      16.3072        22.1641
   18523      16.2738        21.4003
   18524      16.2082        21.3384
   18525      16.2103        21.6903
   18526      16.2978        21.5915
   18527      16.2998        21.7994
   18528      16.2699        21.5665
   18529      16.3681        22.1814
   18530      16.3256        22.4726
   18531      16.3467        21.4808
   18532      16.2827        21.2948
   18533      16.3434        21.8510
   18534      16.3260        22.1631
   18535      16.2667        21.5905
   18536      16.3719        21.5422
   18537      16.3409        21.5084
   18538      16.3421        21.8027
   18539      16.2993        21.3316
   18540      16.3335        21.9836
   18541      16.3137        21.9691
   18542      16.3243        21.7103
   18543      16.2385        21.5376
   18544      16.3046        21.7674
   18545      16.2317        21.6442
   18546      16.2449        21.3755
   18547      16.2371        21.3468
   18548      16.2545        21.7795
   18549      16.2724        21.9320
   18550      16.2837        22.3388
   18551      16.2734        21.6193
   18552      16.3065        21.3768
   18553      16.2220        21.4623
   18554      16.2540        21.3142
   18555      16.2874        21.3289
   18556      16.3220        21.6146
   18557      16.2688        21.2191
   18558      16.2675        22.3649
   18559      16.2706        21.9585
   18560      16.2705        21.4451
   18561      16.2599        21.7594
   18562      16.2996        22.1704
   18563      16.3173        21.5504
   18564      16.2833        21.5891
   18565      16.4052        22.4275
   18566      16.3111        21.8704
   18567      16.3412        21.6014
   18568      16.2872        21.9738
   18569      16.2983        21.7220
   18570      16.3177        22.0344
   18571      16.3059        21.4370
   18572      16.3067        21.5735
   18573      16.2588        21.9129
   18574      16.2756        20.9833
   18575      16.3455        22.2904
   18576      16.3626        22.0572
   18577      16.2409        21.4852
   18578      16.2634        21.4848
   18579      16.3775        21.7484
   18580      16.2339        21.6529
   18581      16.2682        22.4752
   18582      16.3104        21.8293
   18583      16.3068        22.0273
   18584      16.3983        22.0801
   18585      16.2786        22.0492
   18586      16.3009        21.7715
   18587      16.3116        21.6131
   18588      16.2856        21.6669
   18589      16.3359        21.7341
   18590      16.3023        21.9559
   18591      16.3819        22.1151
   18592      16.3620        22.1464
   18593      16.3205        22.5161
   18594      16.3468        22.0707
   18595      16.3852        21.7961
   18596      16.3805        22.0184
   18597      16.2780        21.8982
   18598      16.3360        21.9588
   18599      16.3538        21.7088
   18600      16.3444        22.0191
   18601      16.3443        22.4613
   18602      16.2986        22.2448
   18603      16.3798        22.0537
   18604      16.3763        21.9857
   18605      16.3209        22.3060
   18606      16.3613        21.9849
   18607      16.4025        22.5291
   18608      16.4568        21.9901
   18609      16.3907        22.0136
   18610      16.3496        21.7867
   18611      16.3432        21.9275
   18612      16.4150        21.9795
   18613      16.2896        21.4005
   18614      16.4381        21.6946
   18615      16.4106        21.3840
   18616      16.3947        21.7790
   18617      16.2654        20.8148
   18618      16.2850        21.1848
   18619      16.3259        21.4067
   18620      16.3236        21.9187
   18621      16.3986        21.5186
   18622      16.3915        22.1903
   18623      16.3392        21.7687
   18624      16.3707        22.0543
   18625      16.3469        21.8020
   18626      16.3031        21.7420
   18627      16.3713        21.9618
   18628      16.3381        21.3743
   18629      16.3348        21.7609
   18630      16.3141        21.8672
   18631      16.2699        21.2071
   18632      16.4334        22.3053
   18633      16.3027        22.0212
   18634      16.2722        22.7999
   18635      16.3519        22.7643
   18636      16.2972        22.5022
   18637      16.2755        22.1848
   18638      16.2780        22.3764
   18639      16.2705        21.5308
   18640      16.2422        21.4878
   18641      16.2903        21.5449
   18642      16.3422        21.6330
   18643      16.3244        22.1533
   18644      16.2840        21.5624
   18645      16.3205        22.3278
   18646      16.3660        21.6482
   18647      16.3194        21.5875
   18648      16.3489        21.8204
   18649      16.3274        21.7181
   18650      16.2849        21.1424
   18651      16.3075        21.4820
   18652      16.3679        21.7918
   18653      16.3717        21.3460
   18654      16.3094        21.3488
   18655      16.2890        21.3703
   18656      16.3754        21.5314
   18657      16.3379        21.6567
   18658      16.3521        21.4346
   18659      16.2284        21.2532
   18660      16.3108        21.3768
   18661      16.3298        21.1622
   18662      16.2639        21.4445
   18663      16.3996        21.4410
   18664      16.4109        22.1398
   18665      16.3216        21.8100
   18666      16.3613        21.7483
   18667      16.3834        22.1330
   18668      16.3039        21.7859
   18669      16.2263        21.5224
   18670      16.3136        21.4047
   18671      16.2350        21.8089
   18672      16.3049        21.5705
   18673      16.3346        21.7823
   18674      16.2754        21.5662
   18675      16.3113        21.7865
   18676      16.2724        22.0670
   18677      16.3519        21.7122
   18678      16.3832        22.1614
   18679      16.3881        21.7078
   18680      16.2575        21.8762
   18681      16.3844        21.1973
   18682      16.3094        21.4798
   18683      16.2783        21.8184
   18684      16.3005        21.4431
   18685      16.4125        22.1589
   18686      16.2604        21.7176
   18687      16.3536        21.9931
   18688      16.3930        21.9117
   18689      16.3807        21.6853
   18690      16.3329        21.6968
   18691      16.3591        21.4178
   18692      16.3449        21.6896
   18693      16.4185        22.1644
   18694      16.3814        21.5098
   18695      16.3901        21.3479
   18696      16.3622        21.6159
   18697      16.3858        21.8990
   18698      16.4000        21.8111
   18699      16.3671        22.6234
   18700      16.3873        21.3256
   18701      16.3509        21.5466
   18702      16.3738        21.7668
   18703      16.3882        22.1184
   18704      16.3648        22.1545
   18705      16.2539        21.9482
   18706      16.4121        22.0025
   18707      16.3507        21.4469
   18708      16.4365        22.3200
   18709      16.3811        22.1288
   18710      16.3310        22.7737
   18711      16.3903        21.7739
   18712      16.3385        22.0646
   18713      16.3092        22.0586
   18714      16.2731        21.5109
   18715      16.3090        21.5010
   18716      16.2887        21.6847
   18717      16.3314        21.6487
   18718      16.3293        21.9078
   18719      16.2763        21.6342
   18720      16.4038        21.8823
   18721      16.3702        21.7456
   18722      16.3157        21.9617
   18723      16.3332        22.0053
   18724      16.3294        21.7479
   18725      16.3747        21.7922
   18726      16.3242        21.7633
   18727      16.3831        22.0218
   18728      16.3409        21.7252
   18729      16.2467        21.7526
   18730      16.3014        21.3717
   18731      16.3698        21.4801
   18732      16.3683        21.2733
   18733      16.3004        21.7014
   18734      16.2483        21.0889
   18735      16.2926        21.5796
   18736      16.3103        21.9503
   18737      16.4088        22.0330
   18738      16.3860        21.8424
   18739      16.3016        21.7943
   18740      16.2879        22.0733
   18741      16.4027        21.8433
   18742      16.3009        22.2261
   18743      16.3063        21.7311
   18744      16.2650        21.3713
   18745      16.3299        21.3220
   18746      16.3404        21.4659
   18747      16.2892        21.2722
   18748      16.4130        21.7761
   18749      16.3868        21.8316
   18750      16.3981        22.2141
   18751      16.3839        22.0178
   18752      16.3564        22.4735
   18753      16.3730        22.0803
   18754      16.4159        21.9433
   18755      16.3707        21.9511
   18756      16.3333        22.9088
   18757      16.3023        22.8960
   18758      16.4348        21.6119
   18759      16.3712        22.2343
   18760      16.4122        22.4398
   18761      16.3141        22.1951
   18762      16.4220        21.7615
   18763      16.3877        21.7243
   18764      16.4154        21.9369
   18765      16.4015        21.9144
   18766      16.3465        21.5283
   18767      16.4019        22.1085
   18768      16.4547        22.0900
   18769      16.4607        21.8687
   18770      16.4370        22.3869
   18771      16.3939        22.1294
   18772      16.3353        21.6261
   18773      16.3452        21.7591
   18774      16.3688        21.0934
   18775      16.3648        21.3109
   18776      16.2738        20.9824
   18777      16.3225        21.3356
   18778      16.3523        21.8724
   18779      16.3340        21.9050
   18780      16.3529        21.9739
   18781      16.3233        21.4464
   18782      16.3894        22.0179
   18783      16.3801        21.7034
   18784      16.4367        22.1230
   18785      16.3965        22.1229
   18786      16.3378        21.5253
   18787      16.3213        21.7513
   18788      16.3402        22.2114
   18789      16.3342        21.7208
   18790      16.2933        21.6880
   18791      16.3668        21.5523
   18792      16.3228        21.4714
   18793      16.3266        21.8728
   18794      16.3327        21.5977
   18795      16.3733        21.8058
   18796      16.3264        21.6141
   18797      16.3361        21.9244
   18798      16.4085        21.8955
   18799      16.4013        22.0364
   18800      16.3834        21.6526
   18801      16.3405        21.6082
   18802      16.3735        21.8134
   18803      16.4087        21.7405
   18804      16.3874        21.5282
   18805      16.3499        21.5527
   18806      16.3375        21.8476
   18807      16.4163        21.3584
   18808      16.3811        22.1785
   18809      16.4433        22.1634
   18810      16.3836        21.2642
   18811      16.3929        21.2666
   18812      16.3685        21.5576
   18813      16.3159        21.4853
   18814      16.3053        21.6847
   18815      16.3013        21.4972
   18816      16.3695        21.9153
   18817      16.3632        21.6915
   18818      16.3243        21.4528
   18819      16.3838        22.1178
   18820      16.4216        21.6202
   18821      16.4511        22.0126
   18822      16.3288        21.4805
   18823      16.3736        21.8181
   18824      16.4090        21.6008
   18825      16.4074        21.3081
   18826      16.4376        21.8835
   18827      16.4089        22.0889
   18828      16.4113        21.9124
   18829      16.3689        22.4431
   18830      16.3776        21.7750
   18831      16.4443        22.1503
   18832      16.4227        21.8182
   18833      16.3933        21.7753
   18834      16.3485        22.0249
   18835      16.3880        21.6828
   18836      16.3619        21.9391
   18837      16.3429        22.1815
   18838      16.3972        22.4244
   18839      16.3440        21.7715
   18840      16.2992        21.6640
   18841      16.4084        21.5488
   18842      16.3542        22.1422
   18843      16.3543        21.7948
   18844      16.3674        22.0572
   18845      16.3708        21.5255
   18846      16.4355        22.1069
   18847      16.3929        21.5778
   18848      16.3460        21.3108
   18849      16.3667        21.7298
   18850      16.3719        21.0285
   18851      16.3826        21.5026
   18852      16.3725        21.7694
   18853      16.3545        21.3632
   18854      16.3608        21.2117
   18855      16.4006        21.3983
   18856      16.2918        21.0329
   18857      16.3761        21.3932
   18858      16.3190        21.8569
   18859      16.3336        21.7345
   18860      16.3280        21.4145
   18861      16.3478        22.0684
   18862      16.3047        21.1833
   18863      16.3079        21.3597
   18864      16.3467        21.3925
   18865      16.3565        21.8458
   18866      16.3408        21.3632
   18867      16.4151        21.0547
   18868      16.3722        20.4409
   18869      16.3794        21.7112
   18870      16.3789        21.4917
   18871      16.3913        21.4627
   18872      16.4278        21.5292
   18873      16.4011        21.0376
   18874      16.3836        21.4631
   18875      16.3592        21.2833
   18876      16.5004        21.8768
   18877      16.4224        20.8899
   18878      16.4143        21.0193
   18879      16.3872        21.1346
   18880      16.3861        21.8689
   18881      16.4140        21.6029
   18882      16.3801        21.5270
   18883      16.4143        21.0959
   18884      16.4565        21.5214
   18885      16.3845        21.4009
   18886      16.3036        21.4718
   18887      16.3576        21.6418
   18888      16.3334        21.4864
   18889      16.3919        21.6544
   18890      16.3629        21.4796
   18891      16.3333        21.9162
   18892      16.3088        21.3070
   18893      16.4557        21.7107
   18894      16.3576        22.1882
   18895      16.4887        22.1076
   18896      16.4161        21.6085
   18897      16.4353        21.9372
   18898      16.4151        22.0929
   18899      16.4147        21.8990
   18900      16.5111        21.5921
   18901      16.3535        21.4955
   18902      16.4592        21.7733
   18903      16.4228        22.1932
   18904      16.3498        21.5925
   18905      16.4361        21.7291
   18906      16.3791        21.9743
   18907      16.3394        21.3585
   18908      16.4264        21.2778
   18909      16.3777        21.9018
   18910      16.3489        22.0142
   18911      16.3614        21.6165
   18912      16.4462        21.6032
   18913      16.3620        21.4549
   18914      16.3677        21.4293
   18915      16.3586        21.8048
   18916      16.4207        21.9013
   18917      16.3674        21.4135
   18918      16.3516        21.4179
   18919      16.4237        22.0911
   18920      16.4032        22.0257
   18921      16.3661        21.8192
   18922      16.2836        21.3902
   18923      16.3690        21.7230
   18924      16.3795        21.3724
   18925      16.3630        21.8544
   18926      16.3894        21.8159
   18927      16.3392        21.6167
   18928      16.3627        21.2873
   18929      16.3346        21.6894
   18930      16.3370        21.3475
   18931      16.4180        21.8042
   18932      16.3410        22.1556
   18933      16.3169        21.2625
   18934      16.3579        21.7577
   18935      16.3764        21.4293
   18936      16.3857        21.8931
   18937      16.4454        21.8594
   18938      16.3965        21.9415
   18939      16.3169        21.7565
   18940      16.3788        21.7750
   18941      16.3417        22.1045
   18942      16.3500        21.2178
   18943      16.3226        21.5995
   18944      16.3762        22.2699
   18945      16.3528        21.4111
   18946      16.3823        22.0378
   18947      16.3426        21.7643
   18948      16.3560        21.6521
   18949      16.3165        21.8905
   18950      16.3024        21.5703
   18951      16.3837        22.2173
   18952      16.3733        21.8003
   18953      16.3529        21.5777
   18954      16.3003        21.4582
   18955      16.3671        21.6956
   18956      16.3669        21.7664
   18957      16.4341        21.6820
   18958      16.3378        21.6517
   18959      16.2912        21.4859
   18960      16.2895        21.6005
   18961      16.3565        22.0718
   18962      16.3088        21.3103
   18963      16.3780        21.6513
   18964      16.3766        22.2687
   18965      16.3108        21.9126
   18966      16.4084        21.8281
   18967      16.4131        22.0192
   18968      16.3108        21.4749
   18969      16.3696        21.6616
   18970      16.2815        21.4375
   18971      16.4094        21.4198
   18972      16.3387        21.9328
   18973      16.3713        21.4772
   18974      16.2998        21.4270
   18975      16.3164        21.3023
   18976      16.3584        21.1396
   18977      16.3512        21.6862
   18978      16.3202        21.3991
   18979      16.3893        21.7633
   18980      16.2583        21.0486
   18981      16.3740        21.0648
   18982      16.3479        22.1277
   18983      16.3328        21.7716
   18984      16.3510        21.4598
   18985      16.4074        21.8058
   18986      16.4121        22.0125
   18987      16.3606        21.6890
   18988      16.3527        22.2924
   18989      16.3643        21.5228
   18990      16.3975        21.6323
   18991      16.3847        21.4876
   18992      16.4067        22.1398
   18993      16.4383        22.6273
   18994      16.4811        22.0054
   18995      16.5104        22.2953
   18996      16.4287        22.0233
   18997      16.3871        21.9956
   18998      16.4179        21.9284
   18999      16.3457        21.8931
   19000      16.3414        21.0945
   19001      16.3272        21.7962
   19002      16.3213        21.8929
   19003      16.3752        21.8272
   19004      16.3735        22.2949
   19005      16.3687        21.7767
   19006      16.2999        21.4125
   19007      16.3208        22.0174
   19008      16.3579        21.7663
   19009      16.3289        21.6234
   19010      16.3404        21.8790
   19011      16.3274        21.2697
   19012      16.3886        21.8816
   19013      16.3732        22.2982
   19014      16.3522        21.8417
   19015      16.2856        21.8749
   19016      16.4688        22.7976
   19017      16.3672        21.2807
   19018      16.3819        21.7935
   19019      16.4410        21.9431
   19020      16.3457        21.7492
   19021      16.3985        21.2845
   19022      16.4411        21.4610
   19023      16.4278        21.7163
   19024      16.4570        21.5255
   19025      16.4149        20.9377
   19026      16.4635        21.6394
   19027      16.3858        21.1362
   19028      16.4709        21.2625
   19029      16.3754        21.1862
   19030      16.3548        21.2813
   19031      16.3981        21.7530
   19032      16.3948        21.0795
   19033      16.4107        21.3722
   19034      16.3956        21.6017
   19035      16.3229        21.6333
   19036      16.3753        21.5941
   19037      16.4024        22.0896
   19038      16.4533        22.1989
   19039      16.3779        21.3962
   19040      16.4269        21.5533
   19041      16.4149        21.8936
   19042      16.3286        21.7821
   19043      16.4350        22.1983
   19044      16.3871        21.6604
   19045      16.3851        22.0739
   19046      16.3680        21.3384
   19047      16.3845        21.4746
   19048      16.4423        22.4736
   19049      16.4481        22.2427
   19050      16.4108        21.7477
   19051      16.4867        22.0428
   19052      16.3934        22.0164
   19053      16.4392        21.8210
   19054      16.4257        21.2722
   19055      16.4271        21.4001
   19056      16.4318        21.8423
   19057      16.4616        21.8268
   19058      16.4569        21.1496
   19059      16.4859        21.9035
   19060      16.5027        21.9676
   19061      16.4714        22.1229
   19062      16.4504        21.9159
   19063      16.4744        21.8288
   19064      16.4903        21.8917
   19065      16.4559        21.8738
   19066      16.4899        22.5581
   19067      16.4595        21.9275
   19068      16.3634        21.7409
   19069      16.3469        21.3530
   19070      16.4310        21.5192
   19071      16.3874        21.6488
   19072      16.4324        21.8281
   19073      16.3966        21.8946
   19074      16.4501        21.5756
   19075      16.4338        21.6888
   19076      16.4241        21.8944
   19077      16.4131        21.9733
   19078      16.4220        21.7958
   19079      16.4083        22.0205
   19080      16.4027        21.9764
   19081      16.3773        21.5076
   19082      16.3579        21.5909
   19083      16.3350        21.4061
   19084      16.3199        21.8333
   19085      16.3266        21.2891
   19086      16.3950        22.3118
   19087      16.3403        21.7396
   19088      16.3474        21.8656
   19089      16.3547        21.6124
   19090      16.3059        21.6466
   19091      16.3971        22.0550
   19092      16.3410        21.5209
   19093      16.3600        21.5663
   19094      16.2966        21.3406
   19095      16.3602        21.7107
   19096      16.3223        21.3384
   19097      16.3020        21.8110
   19098      16.3294        21.2379
   19099      16.3581        21.6193
   19100      16.3895        22.0589
   19101      16.3625        21.8516
   19102      16.4030        21.5446
   19103      16.3181        21.1285
   19104      16.3102        21.6948
   19105      16.4268        21.5376
   19106      16.3312        22.0104
   19107      16.2682        21.5921
   19108      16.2902        21.1803
   19109      16.3015        21.3395
   19110      16.2913        22.3336
   19111      16.3535        21.9054
   19112      16.3142        22.0126
   19113      16.3711        21.8824
   19114      16.3827        22.0814
   19115      16.3375        21.4400
   19116      16.4292        22.5301
   19117      16.3539        22.1574
   19118      16.4285        21.6725
   19119      16.4049        22.1070
   19120      16.4167        22.3215
   19121      16.4019        22.1453
   19122      16.4456        21.7463
   19123      16.3667        22.0992
   19124      16.3932        21.7126
   19125      16.3273        21.8379
   19126      16.3092        22.0990
   19127      16.3745        21.4717
   19128      16.3634        21.2705
   19129      16.3690        22.3491
   19130      16.3986        21.6654
   19131      16.4030        21.8678
   19132      16.3764        21.5095
   19133      16.4205        21.7824
   19134      16.4161        21.9608
   19135      16.3827        21.8658
   19136      16.4255        22.1760
   19137      16.3416        21.7903
   19138      16.4114        21.8013
   19139      16.4055        21.6040
   19140      16.4368        22.3068
   19141      16.3994        22.1607
   19142      16.4824        22.5374
   19143      16.4050        21.7337
   19144      16.3912        21.7165
   19145      16.3314        21.8009
   19146      16.3382        21.9233
   19147      16.3776        21.5209
   19148      16.3549        21.4354
   19149      16.3390        21.4428
   19150      16.3591        20.9809
   19151      16.3607        21.3159
   19152      16.3443        21.3022
   19153      16.3384        21.0379
   19154      16.3693        21.9120
   19155      16.4274        21.6021
   19156      16.4379        21.6194
   19157      16.3826        22.1392
   19158      16.3955        21.2856
   19159      16.3883        21.9122
   19160      16.3824        21.7541
   19161      16.3488        21.1700
   19162      16.3253        22.0194
   19163      16.4071        21.9593
   19164      16.4478        22.3823
   19165      16.3599        21.8751
   19166      16.4166        21.8184
   19167      16.3909        21.8382
   19168      16.5150        22.3903
   19169      16.4192        21.6742
   19170      16.4288        21.6483
   19171      16.3957        21.7377
   19172      16.3603        21.5709
   19173      16.3962        22.0069
   19174      16.3860        22.0905
   19175      16.3958        21.7759
   19176      16.4368        22.2268
   19177      16.3527        21.6677
   19178      16.3289        21.1333
   19179      16.3795        22.3354
   19180      16.4630        21.7635
   19181      16.4782        21.5470
   19182      16.3975        21.9444
   19183      16.4135        21.9400
   19184      16.3751        21.6550
   19185      16.3112        22.3364
   19186      16.3750        22.5283
   19187      16.3786        21.5127
   19188      16.3392        21.3645
   19189      16.3400        22.0044
   19190      16.4586        21.8654
   19191      16.4419        21.6445
   19192      16.3218        21.7994
   19193      16.4256        22.2065
   19194      16.3773        21.6983
   19195      16.3631        21.8958
   19196      16.3475        21.8420
   19197      16.3458        21.7848
   19198      16.3552        21.9596
   19199      16.4145        21.9818
   19200      16.4449        22.1459
   19201      16.4165        22.4928
   19202      16.4346        21.8764
   19203      16.3374        21.7291
   19204      16.2993        21.3232
   19205      16.3152        21.3802
   19206      16.4017        21.4518
   19207      16.3333        21.5761
   19208      16.3174        22.0048
   19209      16.3936        21.6786
   19210      16.3543        21.9762
   19211      16.3899        21.6462
   19212      16.3149        22.1778
   19213      16.3441        21.5340
   19214      16.4016        21.7197
   19215      16.3274        22.3271
   19216      16.3314        22.3573
   19217      16.4086        22.1794
   19218      16.3195        21.4448
   19219      16.3988        21.8583
   19220      16.3292        22.0277
   19221      16.3776        22.3060
   19222      16.3990        22.2113
   19223      16.4471        22.0557
   19224      16.3749        22.1881
   19225      16.2718        21.1576
   19226      16.3627        21.5732
   19227      16.3622        21.7148
   19228      16.3292        21.3316
   19229      16.3323        21.5243
   19230      16.3220        21.5538
   19231      16.3342        21.3196
   19232      16.3618        22.3812
   19233      16.3495        21.9058
   19234      16.4068        21.9708
   19235      16.3989        21.5916
   19236      16.3991        21.5906
   19237      16.4013        21.8871
   19238      16.5006        22.3101
   19239      16.3916        22.3455
   19240      16.3100        20.9324
   19241      16.4084        22.0422
   19242      16.3972        21.9464
   19243      16.3797        21.9006
   19244      16.4261        22.2855
   19245      16.3384        22.4985
   19246      16.3311        21.7012
   19247      16.3145        21.4621
   19248      16.3362        22.0551
   19249      16.4160        22.2744
   19250      16.3891        22.0489
   19251      16.3381        21.4752
   19252      16.3656        21.4480
   19253      16.3243        21.5129
   19254      16.2784        20.8829
   19255      16.2835        21.0008
   19256      16.3569        21.3633
   19257      16.3726        21.6940
   19258      16.3335        20.9367
   19259      16.2908        20.9017
   19260      16.3232        21.3686
   19261      16.3927        21.1698
   19262      16.2922        21.7194
   19263      16.2765        21.3850
   19264      16.3255        21.3026
   19265      16.2949        21.2895
   19266      16.2924        21.5746
   19267      16.3774        21.6160
   19268      16.3281        21.3574
   19269      16.3553        21.5847
   19270      16.2944        20.8572
   19271      16.3284        21.5283
   19272      16.3175        20.9729
   19273      16.3436        21.0257
   19274      16.3282        21.4211
   19275      16.3610        21.3877
   19276      16.3310        21.1148
   19277      16.3337        20.7438
   19278      16.3176        21.2467
   19279      16.2445        21.1924
   19280      16.3781        21.0886
   19281      16.3273        21.4467
   19282      16.3185        21.2711
   19283      16.3025        21.7534
   19284      16.2758        21.0240
   19285      16.3049        20.8816
   19286      16.2513        21.1183
   19287      16.3093        21.2492
   19288      16.3217        21.1685
   19289      16.3514        20.9480
   19290      16.2805        20.9582
   19291      16.3709        21.6166
   19292      16.3028        21.2798
   19293      16.3408        21.2796
   19294      16.4058        21.0530
   19295      16.3136        21.4001
   19296      16.2966        21.2263
   19297      16.3894        21.6141
   19298      16.3512        20.9695
   19299      16.3982        21.2801
   19300      16.3182        22.0085
   19301      16.3024        21.9513
   19302      16.3546        21.9384
   19303      16.3412        21.8536
   19304      16.3719        21.5268
   19305      16.2234        21.2029
   19306      16.3113        21.6839
   19307      16.3038        21.4422
   19308      16.3401        21.1950
   19309      16.3731        21.8817
   19310      16.3806        21.4134
   19311      16.3647        21.8807
   19312      16.4278        22.1368
   19313      16.3870        22.5482
   19314      16.3330        22.0941
   19315      16.2817        22.1528
   19316      16.3945        21.7491
   19317      16.3852        21.5911
   19318      16.3354        21.5907
   19319      16.3724        21.6449
   19320      16.2920        21.4812
   19321      16.2922        21.4502
   19322      16.3391        21.6430
   19323      16.3412        21.5110
   19324      16.3106        21.1019
   19325      16.3405        21.6425
   19326      16.3653        21.8919
   19327      16.3104        21.5841
   19328      16.3674        21.8956
   19329      16.3156        21.7277
   19330      16.2980        21.7836
   19331      16.2696        21.3770
   19332      16.3655        21.3551
   19333      16.3210        21.6918
   19334      16.3520        21.5323
   19335      16.3701        22.1202
   19336      16.3853        21.0807
   19337      16.2682        21.2469
   19338      16.3159        21.1491
   19339      16.3093        21.7366
   19340      16.3170        21.6613
   19341      16.3672        21.8682
   19342      16.4063        21.5708
   19343      16.3314        21.7562
   19344      16.3419        21.0792
   19345      16.2619        21.3727
   19346      16.3245        21.6192
   19347      16.3835        21.8674
   19348      16.3093        21.6382
   19349      16.3421        22.0855
   19350      16.4144        21.6332
   19351      16.3192        21.6879
   19352      16.2709        21.4179
   19353      16.3260        21.5478
   19354      16.3805        21.9421
   19355      16.3373        21.5623
   19356      16.3839        21.3740
   19357      16.3000        21.3406
   19358      16.3737        21.6046
   19359      16.2646        21.4840
   19360      16.2436        21.5648
   19361      16.3509        21.1253
   19362      16.3466        21.4960
   19363      16.3062        21.2833
   19364      16.3781        21.5568
   19365      16.3296        21.7502
   19366      16.2874        21.1219
   19367      16.3144        21.8281
   19368      16.3523        21.8242
   19369      16.3904        21.9669
   19370      16.3200        21.9115
   19371      16.2793        21.2640
   19372      16.2947        21.7650
   19373      16.2706        21.0561
   19374      16.2831        21.7453
   19375      16.3316        21.3485
   19376      16.3853        21.9092
   19377      16.3236        22.2402
   19378      16.2962        21.6412
   19379      16.2955        21.7999
   19380      16.3318        21.3242
   19381      16.3601        21.5280
   19382      16.3607        22.2738
   19383      16.3964        21.9819
   19384      16.2915        21.7146
   19385      16.3773        22.0738
   19386      16.3409        21.8613
   19387      16.3300        22.1995
   19388      16.2250        21.7440
   19389      16.3220        21.3700
   19390      16.2755        21.9044
   19391      16.3194        21.3924
   19392      16.3828        21.8184
   19393      16.3295        21.3574
   19394      16.3815        22.3593
   19395      16.3397        21.9831
   19396      16.3290        21.5774
   19397      16.3310        21.3422
   19398      16.3083        21.7052
   19399      16.3256        21.2804
   19400      16.2913        21.4989
   19401      16.3231        21.5448
   19402      16.3843        22.1273
   19403      16.3342        21.3996
   19404      16.3340        21.6106
   19405      16.3667        21.6331
   19406      16.3637        22.1933
   19407      16.3435        21.1392
   19408      16.3552        22.3341
   19409      16.4065        21.9610
   19410      16.4082        21.9816
   19411      16.3673        22.1475
   19412      16.3018        21.6136
   19413      16.3084        21.6637
   19414      16.3819        21.6437
   19415      16.3727        21.8966
   19416      16.2943        22.2110
   19417      16.2577        21.6314
   19418      16.3549        21.2397
   19419      16.3693        21.2564
   19420      16.3122        21.4725
   19421      16.3448        21.3552
   19422      16.2828        21.2550
   19423      16.3499        21.2757
   19424      16.3173        21.2037
   19425      16.3422        21.4197
   19426      16.3247        21.1383
   19427      16.3485        21.6800
   19428      16.4101        21.6611
   19429      16.2947        21.7214
   19430      16.4088        21.7104
   19431      16.3309        21.0681
   19432      16.4379        21.5762
   19433      16.4845        21.2262
   19434      16.3944        21.6787
   19435      16.4893        21.8330
   19436      16.3401        21.8650
   19437      16.3627        21.8028
   19438      16.4063        21.3763
   19439      16.4656        21.5599
   19440      16.4361        21.6338
   19441      16.4008        22.2445
   19442      16.4514        22.1633
   19443      16.3722        21.5791
   19444      16.3942        21.6733
   19445      16.4175        21.9266
   19446      16.4091        21.7520
   19447      16.4540        21.9593
   19448      16.4285        21.7017
   19449      16.4908        21.8736
   19450      16.4055        21.8657
   19451      16.3740        21.3506
   19452      16.3297        21.3848
   19453      16.3458        21.9023
   19454      16.4076        21.6013
   19455      16.4252        22.0001
   19456      16.4444        22.1322
   19457      16.4540        21.9480
   19458      16.4731        22.0428
   19459      16.5341        22.1376
   19460      16.4607        22.1128
   19461      16.3878        21.8227
   19462      16.3616        22.0022
   19463      16.3512        21.7214
   19464      16.3759        21.8656
   19465      16.3582        21.9414
   19466      16.4673        21.6953
   19467      16.3874        21.7732
   19468      16.4413        21.7725
   19469      16.4084        21.9121
   19470      16.4177        22.0230
   19471      16.4017        21.5180
   19472      16.3803        21.4312
   19473      16.4206        21.8173
   19474      16.4873        21.7077
   19475      16.3339        21.5410
   19476      16.3678        22.0559
   19477      16.3333        21.4575
   19478      16.3494        21.4174
   19479      16.3062        21.5164
   19480      16.3806        21.5797
   19481      16.3697        21.6024
   19482      16.3639        21.8195
   19483      16.3549        21.5684
   19484      16.3839        21.9424
   19485      16.3679        21.9857
   19486      16.4429        21.9320
   19487      16.3852        21.4397
   19488      16.4007        22.1091
   19489      16.3508        21.1246
   19490      16.3099        21.7014
   19491      16.3015        21.4659
   19492      16.4372        21.9584
   19493      16.4205        21.3019
   19494      16.3390        21.2789
   19495      16.3770        21.6538
   19496      16.3718        22.0478
   19497      16.4172        21.1645
   19498      16.3911        21.3545
   19499      16.4138        22.3863
   19500      16.4880        22.3123
   19501      16.4278        21.8155
   19502      16.3405        21.7242
   19503      16.4562        21.9214
   19504      16.4370        21.7908
   19505      16.4730        21.9817
   19506      16.3862        21.2155
   19507      16.3410        21.6385
   19508      16.3727        21.6218
   19509      16.3665        21.2656
   19510      16.3493        21.4265
   19511      16.4377        21.8371
   19512      16.3862        21.6252
   19513      16.4108        21.5397
   19514      16.3885        21.6529
   19515      16.3738        22.3590
   19516      16.3798        21.7180
   19517      16.3508        21.2488
   19518      16.2960        21.3954
   19519      16.3866        22.1338
   19520      16.3317        21.4852
   19521      16.2549        21.5519
   19522      16.3545        21.4531
   19523      16.4828        22.2157
   19524      16.3791        21.9062
   19525      16.3422        21.6569
   19526      16.4240        21.9997
   19527      16.3634        22.0559
   19528      16.3596        22.0450
   19529      16.3264        21.6914
   19530      16.3948        21.7425
   19531      16.3830        22.1808
   19532      16.4383        21.6568
   19533      16.4197        21.9544
   19534      16.3534        21.9393
   19535      16.4197        22.0129
   19536      16.4238        22.0988
   19537      16.4316        22.1701
   19538      16.4211        21.7838
   19539      16.3259        21.2999
   19540      16.4148        21.8412
   19541      16.4141        22.7322
   19542      16.3377        21.4028
   19543      16.3339        22.3385
   19544      16.3222        21.6698
   19545      16.4209        21.8286
   19546      16.3711        22.0214
   19547      16.4426        22.4230
   19548      16.3134        22.0374
   19549      16.4012        21.9416
   19550      16.2965        21.7745
   19551      16.3865        21.9585
   19552      16.3117        22.1168
   19553      16.4343        22.9697
   19554      16.4147        21.4413
   19555      16.3325        21.9967
   19556      16.4162        22.8664
   19557      16.4159        21.9592
   19558      16.3681        21.9913
   19559      16.3132        22.0299
   19560      16.3302        21.1944
   19561      16.4175        21.5564
   19562      16.3981        21.7701
   19563      16.4331        22.4947
   19564      16.2830        22.0246
   19565      16.3834        22.2570
   19566      16.3682        21.2978
   19567      16.3442        22.2983
   19568      16.3935        22.0925
   19569      16.3704        22.8668
   19570      16.3454        22.1778
   19571      16.3330        21.5377
   19572      16.3106        21.7586
   19573      16.3822        22.3306
   19574      16.3540        21.4521
   19575      16.3718        21.9635
   19576      16.3221        22.1812
   19577      16.3451        21.9839
   19578      16.3397        21.7586
   19579      16.2541        21.3255
   19580      16.3203        22.1832
   19581      16.3184        21.8117
   19582      16.3436        21.8084
   19583      16.2797        22.2611
   19584      16.3656        22.0770
   19585      16.3015        21.7894
   19586      16.3590        22.1762
   19587      16.4014        22.2392
   19588      16.3193        22.3335
   19589      16.3940        21.6715
   19590      16.4543        21.9749
   19591      16.3340        22.1421
   19592      16.4085        22.5060
   19593      16.3584        21.8104
   19594      16.3569        21.8522
   19595      16.3824        22.1260
   19596      16.3103        21.8991
   19597      16.3423        21.4265
   19598      16.4169        21.7472
   19599      16.3367        21.9623
   19600      16.4129        22.2855
   19601      16.3595        21.9189
   19602      16.3957        21.7156
   19603      16.3798        22.1268
   19604      16.4506        22.5651
   19605      16.4050        21.9500
   19606      16.3191        21.8188
   19607      16.4305        21.5852
   19608      16.3569        22.1185
   19609      16.3892        21.9598
   19610      16.3676        22.2571
   19611      16.3971        22.9239
   19612      16.3350        23.0518
   19613      16.4088        22.0079
   19614      16.3565        21.9188
   19615      16.3723        22.2603
   19616      16.3571        22.3058
   19617      16.4309        22.9297
   19618      16.4227        22.3746
   19619      16.4495        22.0527
   19620      16.4290        22.0006
   19621      16.4580        22.7850
   19622      16.4032        22.1848
   19623      16.5104        22.5932
   19624      16.3495        21.4290
   19625      16.4101        22.2801
   19626      16.3765        22.2854
   19627      16.3255        21.7027
   19628      16.2902        21.2811
   19629      16.3432        22.4899
   19630      16.3754        22.0694
   19631      16.3599        22.4004
   19632      16.3275        21.8007
   19633      16.3734        21.9985
   19634      16.3635        21.6099
   19635      16.4357        22.2546
   19636      16.4214        21.6787
   19637      16.4141        22.5490
   19638      16.3837        21.9330
   19639      16.4004        22.2204
   19640      16.3703        22.2290
   19641      16.4410        22.2124
   19642      16.4241        22.1547
   19643      16.3633        21.9981
   19644      16.3267        21.7495
   19645      16.3271        21.8565
   19646      16.3436        22.2817
   19647      16.3462        21.9734
   19648      16.2302        21.7921
   19649      16.3625        22.1438
   19650      16.3443        22.2272
   19651      16.2851        21.9595
   19652      16.2816        21.6054
   19653      16.2786        21.7464
   19654      16.3457        21.9772
   19655      16.2919        21.6377
   19656      16.3618        21.5820
   19657      16.2821        21.3686
   19658      16.2559        21.1611
   19659      16.3311        21.3983
   19660      16.3583        21.6628
   19661      16.2905        21.6025
   19662      16.3137        21.9471
   19663      16.3320        21.6767
   19664      16.3439        22.3028
   19665      16.3292        21.6967
   19666      16.3482        21.7821
   19667      16.3318        22.3383
   19668      16.2850        21.7451
   19669      16.3865        22.3285
   19670      16.3110        22.0811
   19671      16.3436        21.6482
   19672      16.3641        21.6171
   19673      16.3928        22.2764
   19674      16.2384        21.9842
   19675      16.3304        21.8148
   19676      16.4265        21.8029
   19677      16.3330        21.6331
   19678      16.3642        22.2219
   19679      16.3270        22.1302
   19680      16.4511        22.0832
   19681      16.3982        21.4583
   19682      16.3792        22.1978
   19683      16.3471        22.0214
   19684      16.3349        21.5832
   19685      16.4208        22.4639
   19686      16.4312        22.4477
   19687      16.3059        21.8915
   19688      16.3956        21.7127
   19689      16.4286        22.0540
   19690      16.4008        21.9269
   19691      16.4033        21.7002
   19692      16.3395        21.3509
   19693      16.4059        22.0407
   19694      16.3110        21.6030
   19695      16.3719        21.9999
   19696      16.4324        22.2674
   19697      16.3841        21.4515
   19698      16.3747        21.6824
   19699      16.3523        22.0076
   19700      16.4447        21.8598
   19701      16.4059        21.9577
   19702      16.3808        21.6973
   19703      16.3661        21.7145
   19704      16.3365        21.8477
   19705      16.4021        21.9828
   19706      16.3623        22.1747
   19707      16.3757        21.9953
   19708      16.3261        21.8545
   19709      16.4337        22.3389
   19710      16.3206        21.9157
   19711      16.3277        21.8101
   19712      16.3851        21.8321
   19713      16.4064        21.9364
   19714      16.4926        21.7343
   19715      16.4071        21.6165
   19716      16.3650        21.7434
   19717      16.3597        21.9037
   19718      16.4009        22.0178
   19719      16.4299        22.1513
   19720      16.3997        21.3305
   19721      16.3919        22.1140
   19722      16.3511        21.4958
   19723      16.4331        22.0946
   19724      16.3471        21.2479
   19725      16.4243        21.5048
   19726      16.4836        21.5802
   19727      16.4219        22.1113
   19728      16.3954        21.7890
   19729      16.4883        22.2340
   19730      16.4296        21.6600
   19731      16.4495        21.9529
   19732      16.3746        21.4443
   19733      16.4324        21.6780
   19734      16.3842        21.1539
   19735      16.3999        21.6643
   19736      16.4237        21.8904
   19737      16.4265        21.6057
   19738      16.4052        22.1025
   19739      16.4195        22.1954
   19740      16.3809        22.0408
   19741      16.4328        22.2576
   19742      16.4558        21.1141
   19743      16.4360        22.0672
   19744      16.4066        21.0914
   19745      16.5047        21.7580
   19746      16.4395        21.5574
   19747      16.4249        21.7622
   19748      16.3928        21.5275
   19749      16.4806        21.6658
   19750      16.4551        21.4334
   19751      16.3879        21.8140
   19752      16.3865        21.4472
   19753      16.3612        22.0054
   19754      16.4359        22.0429
   19755      16.3803        21.5502
   19756      16.3290        21.6787
   19757      16.3961        22.0238
   19758      16.4250        22.0955
   19759      16.3798        21.5149
   19760      16.3293        21.1036
   19761      16.4389        22.1505
   19762      16.3730        21.2553
   19763      16.3292        21.6404
   19764      16.4177        21.8110
   19765      16.3863        21.3728
   19766      16.4098        21.9555
   19767      16.4106        21.5925
   19768      16.2020        20.9159
   19769      16.3077        21.5681
   19770      16.3535        21.3115
   19771      16.3889        21.5256
   19772      16.3871        21.4912
   19773      16.4194        21.4827
   19774      16.3694        22.1743
   19775      16.3580        21.5721
   19776      16.4026        21.4140
   19777      16.3656        21.8179
   19778      16.2886        21.0623
   19779      16.4148        21.7280
   19780      16.4270        21.6982
   19781      16.3303        21.5561
   19782      16.4293        21.2564
   19783      16.3642        21.3874
   19784      16.4424        21.8909
   19785      16.4081        21.3736
   19786      16.4308        21.3823
   19787      16.3852        21.6745
   19788      16.4366        21.6693
   19789      16.4791        21.8102
   19790      16.4459        21.2401
   19791      16.4148        21.4079
   19792      16.4235        21.3239
   19793      16.4347        21.7265
   19794      16.4044        21.9018
   19795      16.4331        21.3293
   19796      16.4250        21.5025
   19797      16.4382        21.9460
   19798      16.3720        21.5916
   19799      16.3202        21.0938
   19800      16.4259        21.8292
   19801      16.3360        21.1266
   19802      16.3671        21.7423
   19803      16.4614        22.2670
   19804      16.4132        21.6693
   19805      16.3718        21.9464
   19806      16.3440        21.8076
   19807      16.4095        21.6364
   19808      16.3905        21.0365
   19809      16.3879        21.4560
   19810      16.3900        21.4964
   19811      16.4202        21.9083
   19812      16.3696        21.9376
   19813      16.3450        21.2581
   19814      16.3778        21.8073
   19815      16.3936        21.0860
   19816      16.3773        21.5621
   19817      16.3945        22.4476
   19818      16.3419        22.0559
   19819      16.4505        22.1221
   19820      16.3701        21.3838
   19821      16.4457        22.2087
   19822      16.3997        22.2325
   19823      16.3351        21.8183
   19824      16.3620        21.7498
   19825      16.4069        22.2163
   19826      16.3821        22.3525
   19827      16.4519        22.1439
   19828      16.3912        22.1537
   19829      16.4318        22.1731
   19830      16.3890        21.7468
   19831      16.3508        21.7827
   19832      16.3031        21.3040
   19833      16.4153        21.8712
   19834      16.3585        21.4210
   19835      16.2780        21.3445
   19836      16.3534        21.8645
   19837      16.3283        21.3843
   19838      16.3258        21.6699
   19839      16.3534        22.1038
   19840      16.4628        22.1351
   19841      16.4133        21.6672
   19842      16.3931        22.3301
   19843      16.3152        21.7183
   19844      16.4562        21.5521
   19845      16.4187        21.5454
   19846      16.4590        22.1204
   19847      16.3710        22.1633
   19848      16.3728        21.9686
   19849      16.4223        22.0467
   19850      16.3720        21.4692
   19851      16.4522        21.7462
   19852      16.3369        22.4102
   19853      16.3299        21.7999
   19854      16.4133        22.5877
   19855      16.3951        21.8168
   19856      16.3616        21.6747
   19857      16.3636        21.8687
   19858      16.3580        21.7271
   19859      16.4829        21.8376
   19860      16.4360        21.8432
   19861      16.4319        22.1579
   19862      16.4223        21.2291
   19863      16.3984        21.7314
   19864      16.4269        21.8814
   19865      16.3759        21.4646
   19866      16.4214        21.8914
   19867      16.4553        21.9329
   19868      16.4694        21.6253
   19869      16.3796        21.3621
   19870      16.4033        21.3892
   19871      16.3918        21.5978
   19872      16.4698        22.0254
   19873      16.3275        21.9154
   19874      16.3805        22.3478
   19875      16.3937        22.1895
   19876      16.4238        22.0639
   19877      16.3652        21.7730
   19878      16.3280        21.4606
   19879      16.3088        21.8564
   19880      16.3087        21.8545
   19881      16.3795        22.2349
   19882      16.4289        21.9766
   19883      16.2837        21.9871
   19884      16.3790        21.7594
   19885      16.2742        21.4349
   19886      16.3136        21.6554
   19887      16.4788        21.5755
   19888      16.4115        21.8909
   19889      16.3693        21.6240
   19890      16.3649        21.6673
   19891      16.4750        21.6921
   19892      16.3725        21.0030
   19893      16.3206        21.1976
   19894      16.4829        21.6514
   19895      16.4151        21.5092
   19896      16.3860        21.3870
   19897      16.3846        21.6944
   19898      16.4596        21.9016
   19899      16.4283        21.7063
   19900      16.5047        22.0881
   19901      16.5054        22.2392
   19902      16.4107        22.0801
   19903      16.3618        21.3970
   19904      16.3567        21.4098
   19905      16.3793        21.4815
   19906      16.3681        21.6153
   19907      16.3489        21.8263
   19908      16.4083        21.6810
   19909      16.3593        21.3018
   19910      16.3687        21.8009
   19911      16.3790        21.6850
   19912      16.4132        21.9425
   19913      16.3572        22.1692
   19914      16.3665        21.9922
   19915      16.4545        22.3370
   19916      16.4405        21.5731
   19917      16.3393        21.9726
   19918      16.3627        21.3295
   19919      16.3914        21.7661
   19920      16.3771        21.8412
   19921      16.3851        21.2347
   19922      16.3290        21.6939
   19923      16.3600        21.5530
   19924      16.2985        21.5832
   19925      16.3754        21.8374
   19926      16.3055        20.8400
   19927      16.3390        21.8157
   19928      16.4138        21.9156
   19929      16.4128        21.5511
   19930      16.3550        21.8749
   19931      16.4248        21.1914
   19932      16.4256        21.9719
   19933      16.3978        21.7824
   19934      16.4290        22.1098
   19935      16.3507        21.9909
   19936      16.4019        21.7412
   19937      16.4273        21.7279
   19938      16.3736        21.9891
   19939      16.3269        21.4331
   19940      16.3168        21.7579
   19941      16.3679        21.8330
   19942      16.3592        21.8168
   19943      16.4558        21.6104
   19944      16.4085        21.5355
   19945      16.2983        22.0001
   19946      16.3287        21.8562
   19947      16.5070        22.4473
   19948      16.4153        21.8992
   19949      16.5034        22.0160
   19950      16.4467        21.7232
   19951      16.3953        22.0452
   19952      16.3525        21.5649
   19953      16.3724        21.5538
   19954      16.2895        21.6569
   19955      16.2513        21.4770
   19956      16.3947        21.5136
   19957      16.3603        22.2030
   19958      16.3107        21.7122
   19959      16.3216        22.0915
   19960      16.3610        21.1320
   19961      16.3503        21.4852
   19962      16.3814        21.6154
   19963      16.3361        21.3703
   19964      16.3582        22.2755
   19965      16.2685        21.6246
   19966      16.3106        21.7570
   19967      16.2942        21.2264
   19968      16.2766        21.4026
   19969      16.3421        21.5560
   19970      16.3460        21.6522
   19971      16.3514        21.0911
   19972      16.4355        21.8457
   19973      16.3311        21.3683
   19974      16.4342        21.3464
   19975      16.3560        21.5868
   19976      16.3641        21.3496
   19977      16.4226        21.8575
   19978      16.4107        21.6721
   19979      16.3269        21.9715
   19980      16.3521        21.3098
   19981      16.3095        21.9113
   19982      16.3701        22.0569
   19983      16.3780        21.9986
   19984      16.3498        21.4514
   19985      16.2917        21.5952
   19986      16.4015        22.0495
   19987      16.3556        22.0488
   19988      16.3820        21.7775
   19989      16.4063        22.2504
   19990      16.3317        21.5646
   19991      16.4016        21.5518
   19992      16.3431        21.6452
   19993      16.3558        21.6250
   19994      16.4539        21.0928
   19995      16.3682        22.3778
   19996      16.4043        21.7475
   19997      16.4326        21.9682
   19998      16.3302        21.6237
   19999      16.4126        22.2829
   20000      16.3663        21.2860
   20001      16.4091        22.0603
   20002      16.4056        21.2896
   20003      16.4964        21.9343
   20004      16.4128        21.8922
   20005      16.4226        21.0752
   20006      16.4377        22.0875
   20007      16.3994        22.0650
   20008      16.4622        21.7847
   20009      16.3494        21.5542
   20010      16.3200        21.1092
   20011      16.3355        21.4420
   20012      16.3742        21.7397
   20013      16.3643        21.4048
   20014      16.3080        21.2454
   20015      16.3310        21.8465
   20016      16.3961        21.7422
   20017      16.4242        22.3521
   20018      16.4259        21.7972
   20019      16.3546        21.3863
   20020      16.3368        21.7750
   20021      16.3462        22.0352
   20022      16.3588        22.1080
   20023      16.3443        22.1416
   20024      16.3352        21.3887
   20025      16.3384        21.4620
   20026      16.3440        21.5325
   20027      16.3974        22.3629
   20028      16.2817        22.0243
   20029      16.3807        22.3526
   20030      16.2936        21.9394
   20031      16.3372        21.3757
   20032      16.3288        22.0730
   20033      16.3537        21.8925
   20034      16.3068        21.2941
   20035      16.3876        21.7609
   20036      16.3936        21.4773
   20037      16.3437        21.5821
   20038      16.3931        22.0343
   20039      16.3871        21.5684
   20040      16.3718        22.2114
   20041      16.3622        22.0766
   20042      16.3489        21.5909
   20043      16.4006        22.2231
   20044      16.3749        21.9279
   20045      16.3487        21.5456
   20046      16.4133        21.9115
   20047      16.4230        21.9681
   20048      16.3484        22.1216
   20049      16.3616        22.2810
   20050      16.3108        21.5416
   20051      16.3837        21.6398
   20052      16.4187        21.8903
   20053      16.3510        22.1907
   20054      16.3687        22.0651
   20055      16.2933        21.2438
   20056      16.3642        21.5547
   20057      16.3176        21.5961
   20058      16.3382        21.8721
   20059      16.3270        21.7952
   20060      16.3843        21.8213
   20061      16.3270        21.9387
   20062      16.3357        22.0638
   20063      16.3698        21.9018
   20064      16.3430        21.8775
   20065      16.3550        21.8403
   20066      16.2949        22.1831
   20067      16.3097        21.8630
   20068      16.3262        21.9104
   20069      16.3428        21.4173
   20070      16.3290        21.4909
   20071      16.3026        21.1824
   20072      16.2703        21.4921
   20073      16.2665        21.3661
   20074      16.3126        21.9677
   20075      16.2587        21.6279
   20076      16.2582        21.0652
   20077      16.3920        21.5758
   20078      16.3637        21.2103
   20079      16.3114        21.2480
   20080      16.3781        21.5916
   20081      16.3141        21.5411
   20082      16.3399        21.6340
   20083      16.4501        21.1426
   20084      16.4108        21.7008
   20085      16.3786        22.3253
   20086      16.3697        21.5592
   20087      16.3805        21.7173
   20088      16.3455        21.6700
   20089      16.3354        21.4799
   20090      16.4340        22.1137
   20091      16.4238        22.4007
   20092      16.4171        21.8980
   20093      16.3191        21.3303
   20094      16.4628        22.2627
   20095      16.4063        21.4380
   20096      16.3549        20.9732
   20097      16.3859        21.3501
   20098      16.3841        22.0563
   20099      16.3284        21.3232
   20100      16.2951        20.7407
   20101      16.3652        21.9383
   20102      16.4108        21.2118
   20103      16.3760        21.6860
   20104      16.4153        22.2546
   20105      16.3789        22.0501
   20106      16.4135        21.5439
   20107      16.3751        21.7332
   20108      16.4129        21.7118
   20109      16.3503        21.6611
   20110      16.2781        21.5901
   20111      16.3070        20.9245
   20112      16.3250        21.3765
   20113      16.2613        21.2316
   20114      16.3445        21.8939
   20115      16.3276        21.4791
   20116      16.3269        21.5934
   20117      16.3448        22.4026
   20118      16.3256        22.0851
   20119      16.2872        21.1365
   20120      16.2959        21.7388
   20121      16.2811        21.2522
   20122      16.3842        21.7795
   20123      16.3702        21.4608
   20124      16.3370        21.8782
   20125      16.4182        21.5931
   20126      16.3802        22.0884
   20127      16.3379        21.7598
   20128      16.3637        22.0242
   20129      16.2971        21.4911
   20130      16.3131        21.8651
   20131      16.3294        21.2870
   20132      16.2910        21.5354
   20133      16.4395        21.9652
   20134      16.4489        22.1962
   20135      16.3512        21.8621
   20136      16.3796        21.9162
   20137      16.4923        21.5381
   20138      16.3576        21.6291
   20139      16.3443        21.2588
   20140      16.3521        21.9397
   20141      16.3167        21.7008
   20142      16.3585        22.1360
   20143      16.3676        21.3093
   20144      16.3239        22.1872
   20145      16.3953        21.9564
   20146      16.3914        21.7480
   20147      16.4248        21.7490
   20148      16.2567        21.4304
   20149      16.3485        21.5819
   20150      16.3320        21.4935
   20151      16.3602        22.0727
   20152      16.2907        21.6308
   20153      16.2968        22.2374
   20154      16.3678        21.9116
   20155      16.3211        21.7352
   20156      16.4017        22.0670
   20157      16.3880        22.0334
   20158      16.4229        22.2926
   20159      16.4444        21.9891
   20160      16.4616        22.2892
   20161      16.4126        21.3785
   20162      16.3602        21.2269
   20163      16.4161        22.1183
   20164      16.3550        22.0535
   20165      16.3826        21.6892
   20166      16.3654        21.7485
   20167      16.2772        21.1883
   20168      16.3281        21.7954
   20169      16.3660        22.2775
   20170      16.3172        20.9353
   20171      16.3582        21.6806
   20172      16.2772        21.3471
   20173      16.4139        21.7230
   20174      16.3694        21.6616
   20175      16.3920        21.5731
   20176      16.3331        21.4506
   20177      16.3598        21.4320
   20178      16.3453        21.5492
   20179      16.3134        22.0279
   20180      16.2886        21.6856
   20181      16.2765        21.5398
   20182      16.3859        22.3144
   20183      16.3169        21.6324
   20184      16.4041        21.4311
   20185      16.3735        21.7222
   20186      16.3105        21.6075
   20187      16.3215        22.0259
   20188      16.2929        21.9359
   20189      16.3930        22.0401
   20190      16.3341        21.7468
   20191      16.3358        21.3675
   20192      16.4561        22.3652
   20193      16.3492        21.5376
   20194      16.3874        21.5854
   20195      16.3865        21.5733
   20196      16.3914        22.3161
   20197      16.3365        22.1192
   20198      16.3834        21.8742
   20199      16.4356        21.8201
   20200      16.3218        21.6982
   20201      16.4186        22.1713
   20202      16.3379        21.5540
   20203      16.2698        21.8950
   20204      16.3980        21.9938
   20205      16.4235        21.9858
   20206      16.4265        22.0723
   20207      16.4049        21.5156
   20208      16.3732        21.8002
   20209      16.3014        21.5800
   20210      16.2811        21.6314
   20211      16.3204        21.5316
   20212      16.3514        21.6018
   20213      16.3533        21.6576
   20214      16.3618        22.1481
   20215      16.4007        21.6516
   20216      16.3033        21.8041
   20217      16.3391        21.3781
   20218      16.3728        21.8107
   20219      16.3109        21.3128
   20220      16.3497        21.3724
   20221      16.3802        21.6656
   20222      16.3462        21.4642
   20223      16.3089        21.8484
   20224      16.3631        21.5178
   20225      16.3859        21.2573
   20226      16.3895        22.4089
   20227      16.3862        22.1495
   20228      16.3526        22.8434
   20229      16.3345        21.5526
   20230      16.3899        21.8988
   20231      16.3781        21.5822
   20232      16.3711        21.7987
   20233      16.3219        21.6486
   20234      16.3357        22.1868
   20235      16.3269        22.0193
   20236      16.3610        22.1710
   20237      16.2995        22.3136
   20238      16.3369        21.8869
   20239      16.3072        22.3050
   20240      16.2513        21.6091
   20241      16.2843        21.9002
   20242      16.3098        22.0689
   20243      16.3455        21.2435
   20244      16.2998        21.8589
   20245      16.3102        22.1218
   20246      16.2985        21.8721
   20247      16.2822        21.9046
   20248      16.3511        22.1780
   20249      16.3220        22.6805
   20250      16.3429        21.9467
   20251      16.3481        22.0314
   20252      16.3586        21.7586
   20253      16.3933        21.8253
   20254      16.3236        21.6508
   20255      16.3049        22.0154
   20256      16.3245        21.8601
   20257      16.2780        21.8540
   20258      16.3192        21.5374
   20259      16.3127        21.6350
   20260      16.3489        21.6640
   20261      16.3189        22.3522
   20262      16.3343        22.0558
   20263      16.3447        21.5610
   20264      16.3112        22.0748
   20265      16.3048        21.3022
   20266      16.3024        22.2336
   20267      16.2486        21.5267
   20268      16.2596        21.6274
   20269      16.2964        21.9634
   20270      16.2295        21.9304
   20271      16.2321        21.9187
   20272      16.2923        22.2959
   20273      16.2791        21.9052
   20274      16.2413        20.9300
   20275      16.3100        21.6264
   20276      16.2822        21.6116
   20277      16.2286        22.1049
   20278      16.1730        21.8616
   20279      16.2646        21.7882
   20280      16.2434        22.5414
   20281      16.3710        21.8822
   20282      16.3067        21.6417
   20283      16.3404        21.4015
   20284      16.3382        21.6671
   20285      16.3495        21.9938
   20286      16.3265        22.1258
   20287      16.3862        21.8856
   20288      16.3186        21.6459
   20289      16.3079        22.1616
   20290      16.3533        21.6993
   20291      16.3595        21.9072
   20292      16.3021        21.7580
   20293      16.3421        22.4506
   20294      16.3130        21.8554
   20295      16.3128        21.9213
   20296      16.3445        21.5554
   20297      16.3272        21.7456
   20298      16.2893        21.8531
   20299      16.3579        21.8020
   20300      16.3547        21.7885
   20301      16.3309        22.4161
   20302      16.3243        21.7558
   20303      16.3086        22.0844
   20304      16.3659        21.7550
   20305      16.3259        21.1453
   20306      16.2589        21.2906
   20307      16.3081        21.3933
   20308      16.3561        22.4106
   20309      16.3002        21.7994
   20310      16.3475        21.4834
   20311      16.3612        21.1635
   20312      16.3596        21.5262
   20313      16.3197        21.9027
   20314      16.2964        21.6301
   20315      16.2678        22.6458
   20316      16.3811        22.7189
   20317      16.3685        22.3735
   20318      16.3406        21.3819
   20319      16.3492        22.1998
   20320      16.4522        22.3011
   20321      16.2837        22.0748
   20322      16.3168        21.8226
   20323      16.3361        21.5216
   20324      16.3702        22.0903
   20325      16.2771        22.3041
   20326      16.3186        22.1962
   20327      16.3183        21.8814
   20328      16.3519        21.6158
   20329      16.2972        21.8569
   20330      16.2803        21.5765
   20331      16.2567        21.8025
   20332      16.3374        22.0145
   20333      16.3497        22.0499
   20334      16.3154        21.8335
   20335      16.2904        21.5448
   20336      16.3596        22.6633
   20337      16.2742        22.6336
   20338      16.3235        22.6240
   20339      16.3465        21.6319
   20340      16.3456        22.1420
   20341      16.3110        21.6859
   20342      16.3810        22.0097
   20343      16.3274        22.0589
   20344      16.3055        21.2390
   20345      16.2903        21.8403
   20346      16.3181        22.1707
   20347      16.2912        22.0157
   20348      16.4036        21.9228
   20349      16.3156        21.8556
   20350      16.2667        21.5197
   20351      16.3682        22.1817
   20352      16.3658        22.0412
   20353      16.3585        22.1396
   20354      16.4053        22.3925
   20355      16.3335        22.6554
   20356      16.3741        23.4716
   20357      16.3791        23.6876
   20358      16.4424        22.5674
   20359      16.2823        23.1048
   20360      16.4337        22.8486
   20361      16.3752        22.0994
   20362      16.3261        21.8432
   20363      16.4025        21.6641
   20364      16.3449        21.8001
   20365      16.3139        21.4875
   20366      16.3651        22.1230
   20367      16.2604        22.3329
   20368      16.3624        22.1985
   20369      16.3069        21.9608
   20370      16.4553        22.3872
   20371      16.4352        21.6337
   20372      16.3970        21.6801
   20373      16.3581        21.9062
   20374      16.3810        22.2042
   20375      16.3527        21.3962
   20376      16.3085        21.7305
   20377      16.2842        21.5515
   20378      16.2341        21.1019
   20379      16.2801        21.3983
   20380      16.2937        21.8642
   20381      16.3814        21.6701
   20382      16.3078        22.3392
   20383      16.2995        22.4708
   20384      16.2526        21.3196
   20385      16.2928        21.4792
   20386      16.2731        21.8501
   20387      16.2758        21.1524
   20388      16.3463        21.3914
   20389      16.2534        21.1866
   20390      16.2640        21.4259
   20391      16.2625        21.7688
   20392      16.3149        21.3815
   20393      16.3536        22.1301
   20394      16.3417        21.7832
   20395      16.2956        22.3277
   20396      16.2910        22.2364
   20397      16.3636        22.1094
   20398      16.4038        21.7285
   20399      16.3563        21.8053
   20400      16.2628        21.7626
   20401      16.3064        22.1355
   20402      16.3512        22.0037
   20403      16.2245        21.8044
   20404      16.2852        22.0069
   20405      16.3825        22.1973
   20406      16.4189        21.8613
   20407      16.3174        21.7981
   20408      16.3360        22.1859
   20409      16.3941        22.1356
   20410      16.3114        22.0465
   20411      16.2840        22.5136
   20412      16.2465        22.2211
   20413      16.3008        21.7182
   20414      16.3436        22.5153
   20415      16.3124        22.4535
   20416      16.4045        22.4456
   20417      16.3296        21.7517
   20418      16.3176        22.8520
   20419      16.2974        22.1429
   20420      16.3598        22.1600
   20421      16.2771        22.3765
   20422      16.3099        21.9057
   20423      16.3351        22.3123
   20424      16.3761        21.9566
   20425      16.2952        22.4011
   20426      16.3483        21.6930
   20427      16.3781        22.3817
   20428      16.4788        22.5862
   20429      16.4296        22.6338
   20430      16.4246        21.9321
   20431      16.4351        21.8721
   20432      16.3587        22.2023
   20433      16.3447        22.0089
   20434      16.3886        21.9344
   20435      16.2882        21.7956
   20436      16.3453        22.1489
   20437      16.2897        21.3579
   20438      16.3998        21.8335
   20439      16.3644        22.2315
   20440      16.4175        21.5796
   20441      16.3122        21.9701
   20442      16.3648        22.5015
   20443      16.4611        21.8254
   20444      16.3760        22.0573
   20445      16.3721        22.1190
   20446      16.4188        22.4721
   20447      16.3542        22.8713
   20448      16.3534        21.9229
   20449      16.4163        21.5779
   20450      16.3372        22.1599
   20451      16.4432        22.0523
   20452      16.2995        21.6806
   20453      16.3137        21.7479
   20454      16.2897        21.5371
   20455      16.3842        21.7877
   20456      16.3418        21.2999
   20457      16.3888        21.3439
   20458      16.3390        21.7042
   20459      16.3084        21.8447
   20460      16.4208        21.5118
   20461      16.3675        21.2220
   20462      16.3672        21.4353
   20463      16.3490        21.8014
   20464      16.4123        22.1365
   20465      16.3255        21.5991
   20466      16.3907        21.5912
   20467      16.4160        22.1612
   20468      16.3330        22.1410
   20469      16.3613        21.6325
   20470      16.2971        21.6889
   20471      16.3840        22.0016
   20472      16.3779        21.8415
   20473      16.3928        22.2600
   20474      16.3818        21.8433
   20475      16.3657        21.5903
   20476      16.4512        21.5918
   20477      16.4232        21.8752
   20478      16.4591        21.8068
   20479      16.4429        21.3801
   20480      16.3931        21.4417
   20481      16.3608        21.4752
   20482      16.3369        21.5292
   20483      16.3858        21.7273
   20484      16.3910        21.6788
   20485      16.3572        21.7484
   20486      16.3833        21.7353
   20487      16.4212        21.7437
   20488      16.4723        22.4528
   20489      16.3767        22.0108
   20490      16.3052        21.4276
   20491      16.4417        21.8476
   20492      16.2996        20.9915
   20493      16.3747        21.7130
   20494      16.3748        21.7773
   20495      16.3761        21.6060
   20496      16.4011        21.7610
   20497      16.4654        21.9719
   20498      16.3662        21.9629
   20499      16.3170        21.0678
   20500      16.3773        21.8751
   20501      16.4124        21.5834
   20502      16.3605        21.6846
   20503      16.3442        21.4812
   20504      16.3748        21.1075
   20505      16.3505        21.7705
   20506      16.3494        21.9989
   20507      16.3784        21.4280
   20508      16.3931        21.9354
   20509      16.4095        22.0743
   20510      16.2865        21.2244
   20511      16.3445        21.5697
   20512      16.4556        21.5529
   20513      16.3410        21.5316
   20514      16.3263        21.1562
   20515      16.3593        21.7578
   20516      16.3274        21.5908
   20517      16.3592        21.6103
   20518      16.3336        21.5352
   20519      16.3816        22.5246
   20520      16.3375        21.8159
   20521      16.3511        21.3382
   20522      16.3870        21.7308
   20523      16.4273        22.3196
   20524      16.2887        22.0532
   20525      16.3354        21.3235
   20526      16.3181        21.4483
   20527      16.3748        22.5324
   20528      16.3117        21.6780
   20529      16.2588        22.7748
   20530      16.3313        22.3711
   20531      16.4729        22.9470
   20532      16.3681        21.5178
   20533      16.4211        21.9025
   20534      16.3359        21.8757
   20535      16.3663        22.1193
   20536      16.3838        21.5361
   20537      16.4023        21.5449
   20538      16.3817        22.5014
   20539      16.3781        21.5963
   20540      16.3243        21.6766
   20541      16.3222        20.9734
   20542      16.3846        21.7409
   20543      16.3248        21.4818
   20544      16.3266        21.1917
   20545      16.3473        21.3853
   20546      16.3704        21.6565
   20547      16.3598        21.4675
   20548      16.3639        22.0940
   20549      16.2933        21.9061
   20550      16.3002        21.1554
   20551      16.3522        21.3443
   20552      16.3590        22.1849
   20553      16.3144        21.7538
   20554      16.2617        21.2016
   20555      16.2370        21.3702
   20556      16.2984        21.6679
   20557      16.3137        21.1228
   20558      16.2387        21.0917
   20559      16.2584        22.0520
   20560      16.3060        21.5114
   20561      16.4116        22.0096
   20562      16.3831        21.4094
   20563      16.3691        21.5913
   20564      16.3806        21.3553
   20565      16.3761        21.7107
   20566      16.3627        21.9334
   20567      16.3983        21.6370
   20568      16.3465        21.2219
   20569      16.4138        21.7341
   20570      16.3006        21.2952
   20571      16.3007        21.4997
   20572      16.3751        21.9412
   20573      16.2847        21.4344
   20574      16.3514        21.1961
   20575      16.2431        21.1932
   20576      16.3298        21.5883
   20577      16.3616        21.7302
   20578      16.3092        21.5532
   20579      16.3146        21.4677
   20580      16.4184        21.9692
   20581      16.3602        22.0328
   20582      16.3068        21.3300
   20583      16.3942        22.3517
   20584      16.3619        21.7353
   20585      16.3199        21.6756
   20586      16.3461        21.6083
   20587      16.3053        21.8384
   20588      16.3117        21.6352
   20589      16.3913        21.8842
   20590      16.4334        21.9573
   20591      16.2360        21.3043
   20592      16.2755        21.6657
   20593      16.3692        22.1554
   20594      16.3248        22.0130
   20595      16.3307        21.9670
   20596      16.4241        21.7946
   20597      16.3610        21.8249
   20598      16.3523        21.6945
   20599      16.4466        22.6725
   20600      16.3697        22.1475
   20601      16.3469        22.3254
   20602      16.3611        22.2517
   20603      16.3251        21.7840
   20604      16.3672        21.8161
   20605      16.4610        21.7443
   20606      16.3475        22.0223
   20607      16.4070        22.4771
   20608      16.4091        22.1614
   20609      16.3577        21.9867
   20610      16.3836        21.7314
   20611      16.3426        21.9422
   20612      16.3595        22.0577
   20613      16.3814        22.1494
   20614      16.2934        21.4893
   20615      16.3737        22.0010
   20616      16.3672        21.8083
   20617      16.4363        22.5746
   20618      16.3709        21.3829
   20619      16.3476        21.6084
   20620      16.3428        21.9851
   20621      16.3612        21.2827
   20622      16.4113        22.3136
   20623      16.4045        21.8236
   20624      16.3752        21.9706
   20625      16.4067        22.1274
   20626      16.3789        22.1392
   20627      16.4306        22.0601
   20628      16.3183        21.7145
   20629      16.3550        22.0563
   20630      16.4387        22.3879
   20631      16.3486        22.0641
   20632      16.3121        21.9115
   20633      16.3420        22.4707
   20634      16.3847        21.8501
   20635      16.3043        21.7005
   20636      16.3508        21.6197
   20637      16.3917        21.7293
   20638      16.3942        21.6341
   20639      16.4242        21.9407
   20640      16.3653        22.6370
   20641      16.3297        21.8240
   20642      16.3849        21.9893
   20643      16.3859        22.1553
   20644      16.3883        21.7882
   20645      16.4145        22.8893
   20646      16.3586        21.4359
   20647      16.4514        21.8965
   20648      16.4446        21.9701
   20649      16.3368        21.7780
   20650      16.3750        21.7574
   20651      16.4400        22.5969
   20652      16.3562        21.2791
   20653      16.4116        22.2195
   20654      16.3535        21.3499
   20655      16.2636        21.4979
   20656      16.3378        21.6148
   20657      16.3584        21.5637
   20658      16.3901        21.7912
   20659      16.3778        21.5424
   20660      16.3533        21.4852
   20661      16.3757        21.8459
   20662      16.3828        21.3364
   20663      16.3534        21.9293
   20664      16.4012        21.7250
   20665      16.3111        21.7044
   20666      16.3184        21.7901
   20667      16.3691        21.9606
   20668      16.4180        22.0812
   20669      16.3346        21.4536
   20670      16.3481        21.7540
   20671      16.3450        21.6641
   20672      16.4233        21.7073
   20673      16.3455        21.4895
   20674      16.3518        21.7538
   20675      16.2673        21.5257
   20676      16.3513        21.5497
   20677      16.3561        22.0452
   20678      16.3690        21.4408
   20679      16.3465        21.5536
   20680      16.3678        21.8249
   20681      16.3557        21.8787
   20682      16.3708        21.8582
   20683      16.4143        22.0998
   20684      16.4443        22.8623
   20685      16.3728        22.0870
   20686      16.3442        22.0033
   20687      16.3843        22.1930
   20688      16.3421        21.4217
   20689      16.3301        21.8326
   20690      16.2878        21.8429
   20691      16.3132        21.6295
   20692      16.4273        21.9846
   20693      16.3401        21.9582
   20694      16.3903        21.4729
   20695      16.3518        22.0919
   20696      16.3535        21.4429
   20697      16.3313        21.9584
   20698      16.3576        21.6811
   20699      16.3538        21.4364
   20700      16.4152        22.1388
   20701      16.3112        21.4778
   20702      16.2917        21.1517
   20703      16.3295        22.1549
   20704      16.3244        21.3562
   20705      16.3850        22.2174
   20706      16.3500        22.3969
   20707      16.3676        22.8404
   20708      16.3657        22.4497
   20709      16.4196        21.9101
   20710      16.3003        21.5302
   20711      16.2697        21.9344
   20712      16.3064        21.4403
   20713      16.3587        21.6683
   20714      16.3938        21.8047
   20715      16.4586        22.1731
   20716      16.3741        22.1720
   20717      16.3324        21.9672
   20718      16.3149        21.9645
   20719      16.3011        21.5463
   20720      16.4258        22.4034
   20721      16.3934        22.0646
   20722      16.4603        22.0120
   20723      16.3659        21.9589
   20724      16.4328        22.1645
   20725      16.4060        22.3415
   20726      16.3688        22.2346
   20727      16.3388        22.0424
   20728      16.3667        21.6776
   20729      16.4436        22.3316
   20730      16.3486        22.0557
   20731      16.3867        22.2798
   20732      16.2890        21.4451
   20733      16.3724        22.4381
   20734      16.2914        21.2019
   20735      16.2626        21.5112
   20736      16.3120        21.2709
   20737      16.3373        21.4595
   20738      16.3824        22.2313
   20739      16.3094        21.6439
   20740      16.3563        21.9835
   20741      16.4558        22.1194
   20742      16.3546        21.7046
   20743      16.4331        22.1606
   20744      16.3845        21.4958
   20745      16.4621        22.2846
   20746      16.3845        22.0169
   20747      16.4655        21.9617
   20748      16.4225        22.0746
   20749      16.3488        21.5420
   20750      16.3382        21.7205
   20751      16.3351        21.6200
   20752      16.3116        21.5461
   20753      16.3111        22.0583
   20754      16.3595        21.7675
   20755      16.2747        21.6488
   20756      16.3278        21.8173
   20757      16.3182        21.7568
   20758      16.3779        21.7558
   20759      16.3038        21.5178
   20760      16.2968        21.5152
   20761      16.3355        21.4623
   20762      16.3534        21.4333
   20763      16.3365        21.7583
   20764      16.4949        21.6202
   20765      16.4362        21.9168
   20766      16.4237        21.6894
   20767      16.3899        22.2860
   20768      16.3852        22.0719
   20769      16.3763        21.7739
   20770      16.3875        21.2392
   20771      16.4149        21.6599
   20772      16.3331        21.8933
   20773      16.3879        21.7968
   20774      16.3135        21.1186
   20775      16.3831        22.0808
   20776      16.3515        21.1996
   20777      16.3621        21.6964
   20778      16.3177        21.6024
   20779      16.3715        21.5742
   20780      16.2883        22.0362
   20781      16.3698        21.6779
   20782      16.2758        21.4453
   20783      16.3144        21.9023
   20784      16.3127        22.1683
   20785      16.2863        21.5858
   20786      16.3602        21.8929
   20787      16.3678        21.7193
   20788      16.3861        22.0464
   20789      16.3822        21.5364
   20790      16.4238        21.4633
   20791      16.3486        21.3209
   20792      16.3214        21.4865
   20793      16.3443        21.7731
   20794      16.3588        22.0279
   20795      16.3784        21.3214
   20796      16.3515        22.0099
   20797      16.3630        22.0125
   20798      16.3709        21.7909
   20799      16.3873        21.6968
   20800      16.3113        21.4330
   20801      16.4283        21.8701
   20802      16.3459        21.7875
   20803      16.3723        21.8428
   20804      16.3624        21.5871
   20805      16.3120        21.4687
   20806      16.3157        21.9499
   20807      16.3619        22.0126
   20808      16.3294        21.6545
   20809      16.3779        22.1875
   20810      16.3143        21.5419
   20811      16.4204        21.5851
   20812      16.3136        21.6530
   20813      16.3459        21.9705
   20814      16.3786        22.0078
   20815      16.3974        22.4956
   20816      16.4047        21.9971
   20817      16.3992        22.4629
   20818      16.3783        21.7253
   20819      16.4274        21.9657
   20820      16.3412        21.7122
   20821      16.3664        21.9584
   20822      16.4221        22.0251
   20823      16.4711        22.0054
   20824      16.3733        21.8283
   20825      16.3380        21.9814
   20826      16.3598        22.2866
   20827      16.4454        21.9085
   20828      16.3367        22.3669
   20829      16.4682        22.3641
   20830      16.4570        22.1023
   20831      16.3450        22.2209
   20832      16.3765        22.3301
   20833      16.3654        22.1126
   20834      16.4625        21.9219
   20835      16.3069        22.0995
   20836      16.4296        22.2452
   20837      16.4688        22.2703
   20838      16.3589        21.4167
   20839      16.3630        21.5910
   20840      16.4273        21.8964
   20841      16.3983        21.5343
   20842      16.3871        21.8153
   20843      16.4251        22.3714
   20844      16.3500        21.6704
   20845      16.3753        21.4651
   20846      16.3282        21.1937
   20847      16.3454        21.7149
   20848      16.3731        21.9555
   20849      16.3786        21.5293
   20850      16.3431        22.0052
   20851      16.3838        22.1308
   20852      16.3370        21.8065
   20853      16.3413        21.9122
   20854      16.4047        21.8776
   20855      16.3588        21.5322
   20856      16.3739        21.7827
   20857      16.3271        22.0481
   20858      16.3388        22.0276
   20859      16.3097        21.8582
   20860      16.3504        21.5064
   20861      16.3721        21.9742
   20862      16.3283        21.7208
   20863      16.3917        21.7399
   20864      16.3806        21.6071
   20865      16.4160        21.6888
   20866      16.3616        22.0020
   20867      16.2881        21.6287
   20868      16.3050        21.8918
   20869      16.4153        21.7912
   20870      16.3274        21.7200
   20871      16.3404        21.8768
   20872      16.3982        22.0220
   20873      16.3641        22.3669
   20874      16.3624        21.9850
   20875      16.3309        21.5529
   20876      16.3653        22.0641
   20877      16.3178        21.6505
   20878      16.3497        21.8890
   20879      16.3380        21.9377
   20880      16.2799        21.3994
   20881      16.3140        21.9164
   20882      16.3831        21.9454
   20883      16.3400        21.5395
   20884      16.3154        21.6507
   20885      16.2752        21.4984
   20886      16.4007        22.3740
   20887      16.3250        21.6180
   20888      16.3887        21.2145
   20889      16.3018        21.2841
   20890      16.2698        21.4461
   20891      16.2721        20.9387
   20892      16.3675        21.9845
   20893      16.3310        21.4299
   20894      16.3008        21.6389
   20895      16.2452        21.5088
   20896      16.2662        21.9528
   20897      16.2800        21.7466
   20898      16.3584        21.8443
   20899      16.3008        21.6289
   20900      16.2937        21.6812
   20901      16.2809        21.3224
   20902      16.3553        21.7524
   20903      16.3617        21.8126
   20904      16.3236        21.9640
   20905      16.2868        21.6955
   20906      16.3000        21.9073
   20907      16.2717        21.5509
   20908      16.2837        21.6993
   20909      16.4195        21.6261
   20910      16.3244        21.8274
   20911      16.3604        21.9396
   20912      16.3464        21.7306
   20913      16.3440        21.7515
   20914      16.3217        21.7476
   20915      16.3615        21.7533
   20916      16.3897        21.6181
   20917      16.4378        21.8954
   20918      16.4337        22.3826
   20919      16.3074        21.8706
   20920      16.3871        21.4095
   20921      16.3223        21.5241
   20922      16.3227        21.4773
   20923      16.3700        22.0065
   20924      16.3059        21.6539
   20925      16.2920        21.6778
   20926      16.3742        21.7261
   20927      16.3153        21.9457
   20928      16.2953        21.5432
   20929      16.3037        21.9226
   20930      16.2607        21.5354
   20931      16.2674        21.7146
   20932      16.3162        21.6045
   20933      16.3694        21.6697
   20934      16.3823        22.0299
   20935      16.3083        21.3648
   20936      16.2909        21.7179
   20937      16.3668        21.2945
   20938      16.2939        21.8896
   20939      16.3513        21.6605
   20940      16.3319        21.9051
   20941      16.3085        21.7139
   20942      16.3857        21.8216
   20943      16.2344        21.4751
   20944      16.3431        22.0304
   20945      16.3160        21.1987
   20946      16.2506        21.3832
   20947      16.2802        21.5441
   20948      16.2320        21.2186
   20949      16.2886        21.7049
   20950      16.3013        21.3741
   20951      16.3503        21.9608
   20952      16.3358        21.2500
   20953      16.3407        21.2996
   20954      16.3920        21.5391
   20955      16.3097        21.5395
   20956      16.2544        21.1894
   20957      16.2860        21.3175
   20958      16.3046        22.0123
   20959      16.3457        21.8335
   20960      16.3843        22.1967
   20961      16.3196        21.8131
   20962      16.2972        21.8987
   20963      16.3320        21.7596
   20964      16.3833        22.2056
   20965      16.3278        21.7931
   20966      16.3259        21.7468
   20967      16.3655        22.0946
   20968      16.3476        22.1743
   20969      16.3487        21.2811
   20970      16.3661        22.1717
   20971      16.4174        21.4625
   20972      16.3047        21.3034
   20973      16.3911        22.1729
   20974      16.3491        21.7545
   20975      16.3359        21.8075
   20976      16.4187        21.4010
   20977      16.3378        21.5622
   20978      16.2973        21.0396
   20979      16.3223        21.7099
   20980      16.3077        21.4459
   20981      16.2528        21.4195
   20982      16.3339        21.9154
   20983      16.3529        22.2616
   20984      16.3135        21.9206
   20985      16.4134        22.3585
   20986      16.3407        21.5251
   20987      16.3851        21.8538
   20988      16.3358        22.0414
   20989      16.3558        22.0721
   20990      16.3977        21.3599
   20991      16.4188        21.7882
   20992      16.3989        22.0050
   20993      16.4018        22.0966
   20994      16.3560        21.9214
   20995      16.3841        22.1754
   20996      16.4151        22.2096
   20997      16.4508        22.6136
   20998      16.4122        22.0313
   20999      16.4228        21.8487
   21000      16.3784        22.5406
   21001      16.3664        21.6622
   21002      16.4198        22.3217
   21003      16.4875        22.4522
   21004      16.4496        22.0218
   21005      16.4560        22.3787
   21006      16.4374        22.6786
   21007      16.3987        22.3400
   21008      16.4242        22.0929
   21009      16.4223        22.0106
   21010      16.3770        22.1401
   21011      16.3556        22.0079
   21012      16.4286        22.0992
   21013      16.4076        22.3127
   21014      16.3836        22.4013
   21015      16.3564        21.9882
   21016      16.3283        22.0028
   21017      16.3411        21.4488
   21018      16.3390        21.9138
   21019      16.3290        21.7910
   21020      16.2535        21.6539
   21021      16.3117        21.3912
   21022      16.4339        21.8314
   21023      16.3783        21.9808
   21024      16.3451        21.5657
   21025      16.3748        21.7032
   21026      16.2908        21.7724
   21027      16.3173        21.8549
   21028      16.3861        21.4712
   21029      16.4020        21.6599
   21030      16.4095        21.8308
   21031      16.3510        21.8880
   21032      16.3590        21.8787
   21033      16.2821        21.6485
   21034      16.3648        21.9032
   21035      16.3788        21.9515
   21036      16.4491        21.7732
   21037      16.3428        21.7678
   21038      16.4268        22.5233
   21039      16.3604        21.5207
   21040      16.4064        22.3752
   21041      16.4215        21.8250
   21042      16.3630        21.8339
   21043      16.4027        21.5995
   21044      16.3841        21.8862
   21045      16.4575        21.9111
   21046      16.3789        21.6894
   21047      16.3917        21.8552
   21048      16.4260        22.2726
   21049      16.3625        21.9621
   21050      16.3472        21.6242
   21051      16.4621        22.0996
   21052      16.3594        21.4644
   21053      16.3678        22.0407
   21054      16.3526        21.7466
   21055      16.3759        22.2039
   21056      16.4182        21.6013
   21057      16.3961        22.0181
   21058      16.3563        21.5257
   21059      16.4114        21.9584
   21060      16.3515        21.6579
   21061      16.4113        22.2392
   21062      16.3951        22.5708
   21063      16.4244        21.8148
   21064      16.3911        21.9225
   21065      16.4085        22.2733
   21066      16.4758        22.6636
   21067      16.3732        22.1865
   21068      16.2909        21.3929
   21069      16.3731        22.1778
   21070      16.3405        21.4279
   21071      16.3804        21.9123
   21072      16.3470        21.6981
   21073      16.3190        21.4231
   21074      16.3393        21.9586
   21075      16.3305        21.9682
   21076      16.3322        21.8395
   21077      16.2490        21.4376
   21078      16.3919        22.3594
   21079      16.3190        21.5428
   21080      16.3736        21.9540
   21081      16.4239        21.4032
   21082      16.2769        21.8599
   21083      16.3223        21.5558
   21084      16.3733        22.2133
   21085      16.3031        22.0391
   21086      16.3131        21.8668
   21087      16.3589        21.4784
   21088      16.3187        22.3322
   21089      16.3587        21.8886
   21090      16.3604        22.4738
   21091      16.3421        22.1477
   21092      16.3797        22.7987
   21093      16.3628        22.3159
   21094      16.4181        22.3014
   21095      16.4285        22.2743
   21096      16.4031        21.7479
   21097      16.3504        21.5736
   21098      16.3112        22.5110
   21099      16.2720        21.8674
   21100      16.4256        22.2183
   21101      16.3176        21.2334
   21102      16.3189        21.9686
   21103      16.3059        21.9405
   21104      16.3470        22.0794
   21105      16.3526        22.4013
   21106      16.3515        21.8930
   21107      16.3201        21.4356
   21108      16.3363        21.3728
   21109      16.2709        22.1203
   21110      16.3065        21.6936
   21111      16.2654        22.0477
   21112      16.3389        22.0912
   21113      16.3687        21.8577
   21114      16.3021        22.4775
   21115      16.3054        21.1611
   21116      16.3423        21.8582
   21117      16.3624        22.1470
   21118      16.2735        22.0970
   21119      16.2890        21.5986
   21120      16.3206        21.7277
   21121      16.3765        21.8473
   21122      16.3421        21.6847
   21123      16.2875        21.8518
   21124      16.3714        21.9078
   21125      16.3749        22.3031
   21126      16.4009        22.2135
   21127      16.3635        21.6749
   21128      16.4082        22.4641
   21129      16.3619        22.5597
   21130      16.4012        21.6965
   21131      16.3780        21.8155
   21132      16.3947        21.1984
   21133      16.3512        22.4901
   21134      16.2604        21.5303
   21135      16.3263        21.6676
   21136      16.3674        21.8825
   21137      16.4101        22.2732
   21138      16.3648        21.7089
   21139      16.3378        22.0079
   21140      16.3167        21.6994
   21141      16.3405        22.2444
   21142      16.3996        22.1122
   21143      16.4408        22.2566
   21144      16.3598        22.2063
   21145      16.3842        22.0026
   21146      16.4745        22.4913
   21147      16.3672        22.3099
   21148      16.4245        21.7006
   21149      16.3858        21.8569
   21150      16.3542        21.2452
   21151      16.3245        21.5771
   21152      16.4102        22.2062
   21153      16.3391        21.6918
   21154      16.4449        23.0299
   21155      16.4640        22.7938
   21156      16.4557        21.7767
   21157      16.4050        21.9811
   21158      16.4257        22.4721
   21159      16.3893        22.1751
   21160      16.3589        21.9664
   21161      16.3969        21.5729
   21162      16.3714        21.9301
   21163      16.4937        21.8749
   21164      16.4147        22.6029
   21165      16.4296        22.0001
   21166      16.3645        21.9243
   21167      16.4605        22.3694
   21168      16.3740        21.7427
   21169      16.3972        21.6791
   21170      16.3949        21.8810
   21171      16.4222        22.1230
   21172      16.4862        22.0421
   21173      16.4265        21.9110
   21174      16.4272        21.5862
   21175      16.4926        22.3012
   21176      16.4440        21.6652
   21177      16.3628        21.7224
   21178      16.3427        21.3945
   21179      16.3601        21.8477
   21180      16.3821        21.2145
   21181      16.3590        22.0245
   21182      16.3790        21.9488
   21183      16.4266        21.8844
   21184      16.3867        21.7629
   21185      16.3997        21.1902
   21186      16.3653        21.5008
   21187      16.3862        21.8678
   21188      16.3538        21.3766
   21189      16.3407        21.6221
   21190      16.4501        22.5865
   21191      16.3997        21.7840
   21192      16.4555        22.0748
   21193      16.3778        21.9630
   21194      16.4106        22.4814
   21195      16.4137        21.8532
   21196      16.4221        21.8967
   21197      16.3721        21.9067
   21198      16.3303        21.7822
   21199      16.3641        22.3549
   21200      16.3484        21.6620
   21201      16.3846        21.8649
   21202      16.3963        21.9894
   21203      16.4552        22.2294
   21204      16.3518        22.0910
   21205      16.2766        22.1331
   21206      16.3585        22.1771
   21207      16.3772        22.1122
   21208      16.3779        21.4716
   21209      16.4364        21.7040
   21210      16.4081        22.4088
   21211      16.3581        22.0083
   21212      16.3681        21.5821
   21213      16.3599        21.8935
   21214      16.4207        21.8540
   21215      16.3317        21.7712
   21216      16.2943        21.6944
   21217      16.3322        21.2213
   21218      16.2912        21.3342
   21219      16.3797        21.8258
   21220      16.3545        21.9344
   21221      16.3910        21.8579
   21222      16.3716        21.4923
   21223      16.3659        22.4961
   21224      16.3126        21.3202
   21225      16.3788        21.7593
   21226      16.3450        22.2886
   21227      16.3561        21.8885
   21228      16.4039        21.9546
   21229      16.3589        22.1471
   21230      16.3045        21.7478
   21231      16.3746        22.2732
   21232      16.3621        21.8805
   21233      16.3123        21.7803
   21234      16.3769        21.5493
   21235      16.3896        22.1596
   21236      16.3897        22.0054
   21237      16.4024        22.3062
   21238      16.3249        22.0211
   21239      16.3839        22.0071
   21240      16.3551        21.9188
   21241      16.2825        21.4650
   21242      16.3112        21.6513
   21243      16.3703        22.3085
   21244      16.3656        22.4127
   21245      16.3679        22.0073
   21246      16.2928        22.1912
   21247      16.3308        22.1351
   21248      16.3285        21.2605
   21249      16.4180        22.5618
   21250      16.3314        21.7136
   21251      16.4013        21.9887
   21252      16.4771        22.4374
   21253      16.3616        21.8832
   21254      16.3225        22.0434
   21255      16.3823        22.4255
   21256      16.3950        22.0585
   21257      16.4095        21.9531
   21258      16.3769        21.8615
   21259      16.3365        22.0016
   21260      16.3708        21.9814
   21261      16.3487        22.0404
   21262      16.3629        22.2244
   21263      16.3431        22.1911
   21264      16.4094        22.0370
   21265      16.3914        21.9270
   21266      16.3143        21.8313
   21267      16.3519        22.2525
   21268      16.3727        21.6623
   21269      16.3848        21.7852
   21270      16.4430        21.9386
   21271      16.3523        21.3456
   21272      16.3344        21.5755
   21273      16.2902        21.6435
   21274      16.2332        21.3171
   21275      16.3327        21.9768
   21276      16.2614        21.6889
   21277      16.3053        21.8991
   21278      16.3401        21.7257
   21279      16.4066        21.7061
   21280      16.3942        21.8648
   21281      16.3334        21.6955
   21282      16.3484        21.8413
   21283      16.3716        21.9742
   21284      16.2909        22.4988
   21285      16.3512        22.0960
   21286      16.3367        21.4337
   21287      16.3046        21.9971
   21288      16.3819        22.2833
   21289      16.3482        21.7131
   21290      16.3849        21.3022
   21291      16.3723        21.7635
   21292      16.4317        21.8838
   21293      16.4252        21.7123
   21294      16.4399        22.2801
   21295      16.3560        21.9921
   21296      16.4893        22.3584
   21297      16.4100        22.0103
   21298      16.4157        22.2737
   21299      16.4521        22.7120
   21300      16.4065        22.3106
   21301      16.3386        21.9840
   21302      16.3413        21.8795
   21303      16.4998        22.2720
   21304      16.4384        22.0132
   21305      16.4288        22.1244
   21306      16.4568        22.2490
   21307      16.3693        22.0335
   21308      16.4216        22.7518
   21309      16.4028        22.1020
   21310      16.4176        21.7630
   21311      16.2849        21.4834
   21312      16.4531        21.9686
   21313      16.3938        21.9272
   21314      16.4914        22.1676
   21315      16.4135        21.8477
   21316      16.3745        21.2477
   21317      16.3249        21.6773
   21318      16.3895        21.7538
   21319      16.4139        21.6123
   21320      16.4224        21.7957
   21321      16.4113        21.9225
   21322      16.4811        22.2717
   21323      16.3848        21.8346
   21324      16.3943        21.5576
   21325      16.4195        22.7757
   21326      16.4276        22.1501
   21327      16.4000        22.5831
   21328      16.3641        22.3145
   21329      16.3786        21.7385
   21330      16.4045        21.7843
   21331      16.3186        21.2239
   21332      16.3631        21.2500
   21333      16.3135        21.5422
   21334      16.3671        21.5350
   21335      16.3784        21.8577
   21336      16.4389        21.9640
   21337      16.4053        21.8367
   21338      16.3784        22.9785
   21339      16.3591        22.8992
   21340      16.4138        21.7157
   21341      16.3562        22.0928
   21342      16.4011        22.6030
   21343      16.3173        22.3126
   21344      16.3786        21.5165
   21345      16.3768        22.0525
   21346      16.3852        22.4909
   21347      16.3064        21.1687
   21348      16.3955        21.8825
   21349      16.3719        21.4027
   21350      16.3867        22.1187
   21351      16.3999        21.7387
   21352      16.4166        21.8831
   21353      16.3286        21.4989
   21354      16.4187        22.1191
   21355      16.3377        22.2677
   21356      16.4124        21.9394
   21357      16.3326        22.4201
   21358      16.3932        22.0500
   21359      16.3819        22.3476
   21360      16.4088        21.8909
   21361      16.3706        22.0544
   21362      16.2670        21.9472
   21363      16.4380        21.9303
   21364      16.4311        22.3156
   21365      16.3787        21.5446
   21366      16.3082        22.4387
   21367      16.3662        22.9701
   21368      16.3588        22.9340
   21369      16.3585        22.9215
   21370      16.2792        22.0148
   21371      16.4417        21.6465
   21372      16.2935        22.0090
   21373      16.3486        21.6515
   21374      16.3194        21.9529
   21375      16.3579        21.9034
   21376      16.3408        21.9217
   21377      16.3751        22.0444
   21378      16.2828        21.2704
   21379      16.3454        22.1144
   21380      16.3706        21.2504
   21381      16.4041        21.5783
   21382      16.2742        21.7585
   21383      16.3472        21.8058
   21384      16.2884        21.5250
   21385      16.3918        21.3499
   21386      16.3188        21.7537
   21387      16.3313        21.6853
   21388      16.3576        21.8976
   21389      16.3368        21.4309
   21390      16.2990        21.9937
   21391      16.2792        21.5257
   21392      16.3471        21.9215
   21393      16.3153        21.4006
   21394      16.3306        22.1544
   21395      16.3217        22.2154
   21396      16.3674        21.8395
   21397      16.3700        21.7776
   21398      16.3428        21.3463
   21399      16.2934        21.6763
   21400      16.3632        22.0918
   21401      16.3818        21.4785
   21402      16.3284        21.9294
   21403      16.3411        21.3644
   21404      16.3780        22.3084
   21405      16.3486        21.6542
   21406      16.3482        21.6045
   21407      16.3596        22.0413
   21408      16.3170        21.7620
   21409      16.2994        21.8965
   21410      16.2385        21.2525
   21411      16.3030        21.4821
   21412      16.2881        21.9179
   21413      16.2369        21.2322
   21414      16.3108        21.9911
   21415      16.4200        21.6909
   21416      16.3698        22.3777
   21417      16.2473        21.3970
   21418      16.2608        21.2983
   21419      16.3057        21.1697
   21420      16.2550        22.0100
   21421      16.3456        22.5802
   21422      16.3059        21.9235
   21423      16.2420        22.8643
   21424      16.3248        22.4814
   21425      16.3585        22.3003
   21426      16.3524        22.8558
   21427      16.3938        21.3749
   21428      16.3266        21.4654
   21429      16.2978        21.0011
   21430      16.2889        21.2342
   21431      16.3070        21.4263
   21432      16.3567        21.7436
   21433      16.3785        21.5462
   21434      16.2959        21.1867
   21435      16.3279        21.4021
   21436      16.3472        21.1492
   21437      16.2469        20.8471
   21438      16.3699        21.4772
   21439      16.2845        21.3282
   21440      16.3176        21.5614
   21441      16.2403        21.9002
   21442      16.3462        21.7530
   21443      16.3048        21.4777
   21444      16.3088        21.8371
   21445      16.3359        21.2081
   21446      16.4339        21.8506
   21447      16.3875        21.5626
   21448      16.2938        22.1531
   21449      16.3177        22.5334
   21450      16.2596        22.6460
   21451      16.2735        21.7020
   21452      16.2716        21.4933
   21453      16.3078        21.7406
   21454      16.3055        22.4182
   21455      16.2671        22.0693
   21456      16.3232        23.0783
   21457      16.3356        22.9613
   21458      16.3112        22.1118
   21459      16.2316        22.4394
   21460      16.3086        23.2909
   21461      16.2968        22.1672
   21462      16.3921        22.3514
   21463      16.3502        22.5346
   21464      16.3614        22.4961
   21465      16.3146        22.5052
   21466      16.3487        21.4211
   21467      16.4251        22.4061
   21468      16.2878        22.1921
   21469      16.3369        21.8607
   21470      16.3545        21.9766
   21471      16.3150        21.4098
   21472      16.3020        21.4571
   21473      16.3678        21.8021
   21474      16.2854        21.7969
   21475      16.3312        21.7300
   21476      16.2963        21.1775
   21477      16.2768        21.1797
   21478      16.2903        21.4761
   21479      16.3933        21.6168
   21480      16.3380        21.5600
   21481      16.4092        21.6043
   21482      16.4429        21.1860
   21483      16.3777        21.6784
   21484      16.3827        21.7641
   21485      16.4369        21.8014
   21486      16.3800        22.0517
   21487      16.3404        21.1558
   21488      16.2838        21.4170
   21489      16.3643        21.8591
   21490      16.3343        21.4402
   21491      16.3638        21.2877
   21492      16.3032        22.1714
   21493      16.2845        22.3672
   21494      16.3929        21.4649
   21495      16.3464        22.2160
   21496      16.3895        22.3385
   21497      16.2889        21.9171
   21498      16.3328        21.9497
   21499      16.3135        22.0865
   21500      16.3291        22.8177
   21501      16.3906        22.7603
   21502      16.3980        22.6004
   21503      16.3383        21.8055
   21504      16.4282        22.1518
   21505      16.3683        22.8830
   21506      16.2552        22.1747
   21507      16.3420        22.6018
   21508      16.4112        21.5434
   21509      16.4230        22.1972
   21510      16.3331        21.6192
   21511      16.4008        21.4422
   21512      16.2806        22.1003
   21513      16.2834        21.4420
   21514      16.2714        21.8462
   21515      16.3328        21.5214
   21516      16.3294        21.9545
   21517      16.3905        22.0205
   21518      16.3483        22.1373
   21519      16.3574        21.7350
   21520      16.2756        22.0072
   21521      16.3225        21.8689
   21522      16.2889        22.4712
   21523      16.3112        21.7400
   21524      16.3667        21.8594
   21525      16.3316        21.9242
   21526      16.3611        21.8647
   21527      16.3456        22.0482
   21528      16.2881        21.3338
   21529      16.2886        21.9711
   21530      16.2904        21.4592
   21531      16.3687        21.9636
   21532      16.2858        22.0436
   21533      16.3061        21.6330
   21534      16.3616        21.6888
   21535      16.4021        21.5431
   21536      16.3997        21.2686
   21537      16.3745        22.1227
   21538      16.3885        21.6442
   21539      16.4357        22.3525
   21540      16.3386        22.2914
   21541      16.2923        21.6796
   21542      16.3611        21.3449
   21543      16.3543        22.6474
   21544      16.4216        22.1537
   21545      16.3371        21.9318
   21546      16.3064        21.7207
   21547      16.4055        21.5320
   21548      16.3165        22.2450
   21549      16.3242        21.9581
   21550      16.3996        21.7362
   21551      16.3604        21.3717
   21552      16.3130        22.0161
   21553      16.3282        21.3527
   21554      16.3963        21.7666
   21555      16.2634        21.4967
   21556      16.3925        21.1769
   21557      16.3433        22.0672
   21558      16.3040        21.4677
   21559      16.3184        21.7723
   21560      16.3606        22.0639
   21561      16.3749        21.3702
   21562      16.3555        22.9085
   21563      16.3866        21.4948
   21564      16.3541        21.7381
   21565      16.3036        21.6751
   21566      16.4302        21.4613
   21567      16.3015        21.6083
   21568      16.3130        21.5869
   21569      16.3083        21.4029
   21570      16.3319        21.9691
   21571      16.2925        22.0297
   21572      16.2855        21.9834
   21573      16.2794        21.3934
   21574      16.3911        21.6662
   21575      16.2886        21.8692
   21576      16.2960        20.7047
   21577      16.3570        21.1305
   21578      16.3762        21.7867
   21579      16.4026        22.0120
   21580      16.3786        21.7864
   21581      16.4212        22.1750
   21582      16.3017        21.3827
   21583      16.3659        21.9934
   21584      16.4101        21.9080
   21585      16.4696        22.4344
   21586      16.4170        21.8740
   21587      16.3723        21.5572
   21588      16.3320        22.0680
   21589      16.3380        21.9016
   21590      16.3401        21.8444
   21591      16.3780        21.7088
   21592      16.3461        22.0395
   21593      16.3686        21.7637
   21594      16.2848        22.0586
   21595      16.3166        22.1478
   21596      16.3059        21.5416
   21597      16.3195        21.9828
   21598      16.3087        21.6847
   21599      16.3620        22.4377
   21600      16.4044        22.2380
   21601      16.2898        21.9265
   21602      16.3489        21.6654
   21603      16.3649        21.9042
   21604      16.2577        21.5659
   21605      16.3505        21.8889
   21606      16.2535        21.9762
   21607      16.2789        22.1228
   21608      16.3481        22.3989
   21609      16.2257        21.3185
   21610      16.2437        21.7077
   21611      16.3725        22.0213
   21612      16.3124        21.6518
   21613      16.2070        21.8494
   21614      16.2806        21.9063
   21615      16.2066        21.5534
   21616      16.3304        21.7613
   21617      16.3063        22.0023
   21618      16.2759        21.7754
   21619      16.2366        22.1839
   21620      16.3007        21.2906
   21621      16.3427        21.7092
   21622      16.3008        21.4568
   21623      16.3401        21.9667
   21624      16.2374        21.1142
   21625      16.2906        21.7502
   21626      16.1838        21.9217
   21627      16.2777        22.5656
   21628      16.3456        22.5577
   21629      16.2408        21.5769
   21630      16.3128        21.8302
   21631      16.3000        21.6561
   21632      16.3289        21.8180
   21633      16.2481        21.1797
   21634      16.2653        21.4434
   21635      16.3029        21.4500
   21636      16.3118        21.5278
   21637      16.2568        21.3262
   21638      16.2195        20.9804
   21639      16.3443        21.3258
   21640      16.2472        21.4665
   21641      16.2794        21.7430
   21642      16.3597        21.9160
   21643      16.3116        21.5885
   21644      16.3315        21.4673
   21645      16.2981        21.8522
   21646      16.2895        21.6389
   21647      16.2547        22.0518
   21648      16.3160        21.6981
   21649      16.3052        21.4139
   21650      16.2660        21.3605
   21651      16.2434        20.7877
   21652      16.3241        22.4345
   21653      16.2706        21.9300
   21654      16.3050        21.8900
   21655      16.3217        21.6162
   21656      16.4191        22.1006
   21657      16.4135        22.0059
   21658      16.3121        21.8210
   21659      16.2450        21.4753
   21660      16.2709        21.9772
   21661      16.3233        21.6188
   21662      16.2975        21.5564
   21663      16.3408        21.3727
   21664      16.2862        21.4727
   21665      16.4030        22.6594
   21666      16.2897        22.0190
   21667      16.2958        22.5993
   21668      16.3221        21.8625
   21669      16.3312        21.3881
   21670      16.3208        21.4087
   21671      16.3144        21.5348
   21672      16.2716        22.1421
   21673      16.3029        21.9050
   21674      16.2994        22.3221
   21675      16.3319        22.3168
   21676      16.3266        21.5888
   21677      16.2920        22.1276
   21678      16.3632        22.3063
   21679      16.2819        21.6057
   21680      16.3692        22.4479
   21681      16.2638        21.7245
   21682      16.3491        21.8127
   21683      16.3603        22.3504
   21684      16.3701        22.0421
   21685      16.3854        22.7449
   21686      16.3281        21.7755
   21687      16.4091        21.8253
   21688      16.3379        21.9592
   21689      16.2986        21.9452
   21690      16.4047        21.9658
   21691      16.3197        21.9463
   21692      16.3245        21.3472
   21693      16.4087        22.0774
   21694      16.3262        21.8726
   21695      16.3254        21.2426
   21696      16.3708        22.1458
   21697      16.3638        21.9826
   21698      16.3517        21.8978
   21699      16.3412        22.5746
   21700      16.2996        21.6657
   21701      16.3143        22.9076
   21702      16.3349        21.8526
   21703      16.2492        21.9365
   21704      16.3407        21.7390
   21705      16.3312        22.1974
   21706      16.2297        21.6935
   21707      16.2909        21.9280
   21708      16.3129        21.9908
   21709      16.3132        21.6319
   21710      16.2877        21.7372
   21711      16.3314        21.8462
   21712      16.3265        22.0669
   21713      16.3555        22.0684
   21714      16.3013        21.4784
   21715      16.3999        22.2672
   21716      16.3421        21.7507
   21717      16.3748        22.2139
   21718      16.4076        22.0442
   21719      16.4114        22.2498
   21720      16.3742        21.8837
   21721      16.3444        21.6891
   21722      16.3309        22.0099
   21723      16.3407        21.8547
   21724      16.3601        21.9104
   21725      16.3627        22.1462
   21726      16.3697        22.0078
   21727      16.4017        21.8651
   21728      16.3138        22.1271
   21729      16.3578        21.8863
   21730      16.3636        22.7099
   21731      16.3539        21.9027
   21732      16.2604        21.3694
   21733      16.2792        22.0181
   21734      16.3572        21.8829
   21735      16.2945        21.7224
   21736      16.3816        22.0481
   21737      16.3251        21.5927
   21738      16.3001        22.0016
   21739      16.3889        22.4096
   21740      16.3668        21.5927
   21741      16.3106        21.9906
   21742      16.2699        22.1212
   21743      16.3656        21.8757
   21744      16.3818        21.9348
   21745      16.4136        22.0543
   21746      16.3414        22.1816
   21747      16.3203        21.9304
   21748      16.3760        21.9545
   21749      16.2804        22.6873
   21750      16.3485        21.6636
   21751      16.3262        21.9656
   21752      16.3786        22.2587
   21753      16.2993        21.9171
   21754      16.3290        21.8184
   21755      16.3582        22.2446
   21756      16.2453        21.5699
   21757      16.3375        22.3401
   21758      16.3854        22.1628
   21759      16.3999        21.3917
   21760      16.3445        20.9998
   21761      16.3362        21.8763
   21762      16.4237        22.5497
   21763      16.3195        21.7086
   21764      16.3807        22.0091
   21765      16.3269        21.5907
   21766      16.4050        22.3095
   21767      16.3846        21.0870
   21768      16.3927        21.6742
   21769      16.2973        21.8096
   21770      16.3006        21.8569
   21771      16.3207        21.5535
   21772      16.3376        21.7793
   21773      16.3234        22.1998
   21774      16.2335        21.3872
   21775      16.3139        21.6501
   21776      16.3000        21.5840
   21777      16.2457        21.7395
   21778      16.2707        21.4725
   21779      16.3139        21.5876
   21780      16.3925        21.8768
   21781      16.3021        21.8480
   21782      16.2968        21.7646
   21783      16.3154        21.6633
   21784      16.3679        22.2066
   21785      16.2723        21.8748
   21786      16.3468        21.8163
   21787      16.3685        21.5101
   21788      16.3657        21.7500
   21789      16.3706        21.3217
   21790      16.3620        21.5201
   21791      16.3133        21.4393
   21792      16.3258        22.2537
   21793      16.3770        21.4000
   21794      16.4241        21.8678
   21795      16.3030        21.5500
   21796      16.3893        21.7507
   21797      16.3638        22.0633
   21798      16.3490        22.0584
   21799      16.3574        21.3112
   21800      16.3097        21.7569
   21801      16.3945        21.0456
   21802      16.3147        22.1499
   21803      16.4234        21.6784
   21804      16.3814        21.2083
   21805      16.4135        21.9638
   21806      16.4341        22.0339
   21807      16.3885        21.9719
   21808      16.3790        21.5190
   21809      16.3737        21.9067
   21810      16.3555        21.9286
   21811      16.3838        21.5097
   21812      16.3628        21.3926
   21813      16.3387        22.0045
   21814      16.3984        21.9881
   21815      16.3738        21.8681
   21816      16.3286        21.4649
   21817      16.3221        21.9625
   21818      16.3683        21.3821
   21819      16.3609        21.8613
   21820      16.3251        21.3101
   21821      16.2929        21.7188
   21822      16.3065        22.0842
   21823      16.3526        22.0721
   21824      16.3544        21.3504
   21825      16.3123        21.8858
   21826      16.4347        22.1082
   21827      16.3150        21.7472
   21828      16.3770        22.2571
   21829      16.3486        22.1950
   21830      16.2615        21.7189
   21831      16.3126        22.0101
   21832      16.3300        21.6412
   21833      16.3616        22.4135
   21834      16.3740        22.4177
   21835      16.3137        21.7132
   21836      16.3358        21.7875
   21837      16.3529        21.9277
   21838      16.3664        22.3460
   21839      16.4110        22.1339
   21840      16.3377        22.1889
   21841      16.3117        21.9320
   21842      16.2727        21.5473
   21843      16.3463        22.2666
   21844      16.3664        22.0965
   21845      16.3339        22.2649
   21846      16.4115        21.7275
   21847      16.3638        21.8654
   21848      16.4545        22.5350
   21849      16.3535        21.8165
   21850      16.3332        21.8359
   21851      16.2657        21.3821
   21852      16.3605        22.1986
   21853      16.2969        22.0741
   21854      16.3585        21.5154
   21855      16.4272        21.9924
   21856      16.3175        21.3360
   21857      16.3722        21.8365
   21858      16.2883        21.3472
   21859      16.3004        21.2978
   21860      16.3187        21.7198
   21861      16.3699        21.4374
   21862      16.3081        21.3271
   21863      16.2948        21.4873
   21864      16.2377        21.0266
   21865      16.3187        21.6077
   21866      16.3516        21.3563
   21867      16.3110        21.8928
   21868      16.2938        21.2562
   21869      16.2655        21.2823
   21870      16.2906        21.3918
   21871      16.2694        20.9779
   21872      16.2941        22.2956
   21873      16.3187        21.2303
   21874      16.3279        21.5197
   21875      16.3221        21.7825
   21876      16.2875        21.3901
   21877      16.3544        21.9241
   21878      16.3537        21.5775
   21879      16.3588        21.9457
   21880      16.2782        21.2073
   21881      16.2771        22.0987
   21882      16.3890        22.1472
   21883      16.3538        22.0650
   21884      16.2672        21.9335
   21885      16.2714        21.7819
   21886      16.2914        21.1410
   21887      16.3679        21.6308
   21888      16.2525        21.8880
   21889      16.3105        21.8533
   21890      16.3544        21.9173
   21891      16.3667        21.9397
   21892      16.3298        21.8971
   21893      16.3678        22.1016
   21894      16.2094        21.0158
   21895      16.3770        21.8550
   21896      16.4161        22.0645
   21897      16.3466        21.8701
   21898      16.2612        21.5103
   21899      16.3216        21.7851
   21900      16.3740        21.8094
   21901      16.3609        22.1480
   21902      16.4060        22.0186
   21903      16.3302        21.8665
   21904      16.3182        21.8843
   21905      16.3140        21.8149
   21906      16.3880        22.1500
   21907      16.3817        22.3067
   21908      16.3415        21.8070
   21909      16.3871        22.1440
   21910      16.3761        21.9618
   21911      16.3628        21.5757
   21912      16.4399        22.3135
   21913      16.3724        21.9627
   21914      16.3925        21.9957
   21915      16.3365        22.0283
   21916      16.2914        22.3151
   21917      16.4094        22.1997
   21918      16.3614        21.2976
   21919      16.4009        21.5876
   21920      16.4026        22.3250
   21921      16.3976        22.1126
   21922      16.3193        21.5018
   21923      16.3792        21.7072
   21924      16.3607        21.5181
   21925      16.4115        22.3878
   21926      16.3416        21.4284
   21927      16.4680        22.0850
   21928      16.3590        22.0238
   21929      16.3169        21.7456
   21930      16.3514        22.1475
   21931      16.3782        21.7377
   21932      16.3449        21.4772
   21933      16.3816        21.4624
   21934      16.3861        22.1865
   21935      16.4006        21.8831
   21936      16.3650        21.1593
   21937      16.4269        21.7820
   21938      16.4609        22.2496
   21939      16.3995        22.2171
   21940      16.3756        22.0255
   21941      16.2985        22.3052
   21942      16.4475        22.5136
   21943      16.3592        21.9871
   21944      16.4094        21.9492
   21945      16.3558        21.4929
   21946      16.4026        22.2358
   21947      16.3920        22.2321
   21948      16.3614        21.9219
   21949      16.3932        22.2314
   21950      16.3293        21.8760
   21951      16.3555        22.5692
   21952      16.3489        22.3860
   21953      16.4150        22.4399
   21954      16.4089        21.7739
   21955      16.4163        22.3149
   21956      16.3900        22.5654
   21957      16.4361        22.3809
   21958      16.3547        21.6502
   21959      16.4002        21.9580
   21960      16.3060        21.2603
   21961      16.3712        21.6329
   21962      16.4301        21.6449
   21963      16.3247        21.8899
   21964      16.3066        22.2092
   21965      16.3643        21.9434
   21966      16.3518        21.7904
   21967      16.3480        22.4174
   21968      16.3425        22.0856
   21969      16.3520        21.7365
   21970      16.3895        21.5407
   21971      16.3511        21.3728
   21972      16.4503        21.7297
   21973      16.2845        22.1642
   21974      16.3855        21.3485
   21975      16.3431        22.2479
   21976      16.4595        22.5403
   21977      16.3271        21.7409
   21978      16.3187        21.0026
   21979      16.3415        21.7687
   21980      16.3724        21.6675
   21981      16.3544        21.7860
   21982      16.3813        21.6795
   21983      16.2797        21.5723
   21984      16.3996        21.5196
   21985      16.3698        22.3941
   21986      16.3045        21.8057
   21987      16.3120        21.2002
   21988      16.3358        21.2172
   21989      16.3603        21.9155
   21990      16.3492        22.0419
   21991      16.4330        21.7748
   21992      16.3962        22.0171
   21993      16.4543        21.6048
   21994      16.3270        21.5152
   21995      16.4315        21.9258
   21996      16.3531        21.5076
   21997      16.3120        21.6584
   21998      16.3028        21.4409
   21999      16.3887        21.3302
   22000      16.3334        21.4397
   22001      16.3282        22.1797
   22002      16.2636        21.8456
   22003      16.3304        22.0411
   22004      16.3042        22.0658
   22005      16.4014        22.4710
   22006      16.2977        21.5949
   22007      16.3434        21.4169
   22008      16.2964        22.1049
   22009      16.3409        21.5439
   22010      16.3709        21.6210
   22011      16.2954        21.3278
   22012      16.4292        21.8773
   22013      16.3997        21.5365
   22014      16.3663        21.9972
   22015      16.4235        21.6585
   22016      16.3390        21.1705
   22017      16.4108        22.0504
   22018      16.3504        21.6990
   22019      16.3484        21.7183
   22020      16.3508        21.6724
   22021      16.3703        21.7270
   22022      16.3450        21.8607
   22023      16.3756        21.8527
   22024      16.3819        21.9189
   22025      16.3578        21.7600
   22026      16.3644        21.5263
   22027      16.3635        22.1753
   22028      16.3046        22.2542
   22029      16.3183        21.6232
   22030      16.3259        21.7517
   22031      16.3069        21.9984
   22032      16.3283        21.8831
   22033      16.3371        21.5302
   22034      16.3571        21.5186
   22035      16.2670        21.9648
   22036      16.2768        21.4161
   22037      16.2735        21.7100
   22038      16.3222        21.5511
   22039      16.3554        21.9307
   22040      16.3441        21.3925
   22041      16.3996        22.1930
   22042      16.3136        21.6782
   22043      16.3159        21.7629
   22044      16.3980        22.5789
   22045      16.3027        21.5433
   22046      16.2656        21.7670
   22047      16.3354        21.7066
   22048      16.3318        21.7503
   22049      16.3099        21.2441
   22050      16.3619        21.6579
   22051      16.3002        21.6989
   22052      16.2569        21.6701
   22053      16.2958        21.7712
   22054      16.2319        21.4503
   22055      16.3602        21.9174
   22056      16.4034        22.1752
   22057      16.3783        22.1704
   22058      16.3130        21.4289
   22059      16.3053        21.3633
   22060      16.3247        21.7743
   22061      16.3668        21.9898
   22062      16.3076        21.8022
   22063      16.3393        22.0967
   22064      16.3177        22.0876
   22065      16.2719        21.8011
   22066      16.2907        21.6677
   22067      16.3213        21.7847
   22068      16.3264        21.7923
   22069      16.2674        21.5579
   22070      16.3657        21.7232
   22071      16.2919        21.6698
   22072      16.2683        21.3325
   22073      16.3495        21.8615
   22074      16.3665        21.9451
   22075      16.3410        21.5790
   22076      16.2963        21.2411
   22077      16.2738        21.3462
   22078      16.3032        21.3728
   22079      16.3168        21.6922
   22080      16.3452        22.1269
   22081      16.2815        21.3664
   22082      16.3321        21.5315
   22083      16.3756        21.9592
   22084      16.3873        21.5502
   22085      16.3420        21.8039
   22086      16.3294        21.6416
   22087      16.3410        21.7369
   22088      16.2836        22.1770
   22089      16.3294        21.8202
   22090      16.3922        21.8962
   22091      16.3314        21.9551
   22092      16.3018        21.4233
   22093      16.3567        21.5517
   22094      16.3772        22.0749
   22095      16.3494        22.1609
   22096      16.3522        21.9381
   22097      16.4436        22.0757
   22098      16.3584        21.8893
   22099      16.3198        21.5695
   22100      16.3341        21.3990
   22101      16.3131        21.9693
   22102      16.2543        21.9324
   22103      16.3875        21.5684
   22104      16.3119        21.9436
   22105      16.2868        21.4196
   22106      16.3487        21.8691
   22107      16.3077        21.7633
   22108      16.2861        22.1233
   22109      16.3310        21.6815
   22110      16.3445        22.2402
   22111      16.3394        21.7187
   22112      16.2815        21.7617
   22113      16.2583        21.6184
   22114      16.3328        22.1141
   22115      16.3174        21.5279
   22116      16.2444        21.8318
   22117      16.3143        22.3407
   22118      16.3147        21.5607
   22119      16.3270        22.0534
   22120      16.3671        21.4351
   22121      16.3713        21.9585
   22122      16.3477        21.9725
   22123      16.3004        21.7442
   22124      16.2834        21.9135
   22125      16.3049        21.8205
   22126      16.3104        21.5912
   22127      16.3574        22.0925
   22128      16.4093        22.1890
   22129      16.3505        21.7313
   22130      16.3118        21.7478
   22131      16.3027        21.5291
   22132      16.2817        21.6568
   22133      16.3520        21.6360
   22134      16.3736        22.2364
   22135      16.3580        22.5325
   22136      16.3624        21.4305
   22137      16.3292        21.7175
   22138      16.3613        21.3532
   22139      16.3907        22.3530
   22140      16.3020        21.8533
   22141      16.3586        21.5434
   22142      16.3490        21.9676
   22143      16.3696        21.9753
   22144      16.3483        22.4771
   22145      16.3437        21.4695
   22146      16.3007        22.2136
   22147      16.3517        21.8016
   22148      16.4070        21.8073
   22149      16.3486        21.9234
   22150      16.3826        22.2838
   22151      16.3983        21.9036
   22152      16.3796        21.5057
   22153      16.3610        21.8905
   22154      16.3865        22.0286
   22155      16.3923        21.7568
   22156      16.4251        22.0451
   22157      16.3186        21.7552
   22158      16.3629        21.9976
   22159      16.4418        21.4964
   22160      16.2936        21.6561
   22161      16.3699        21.8067
   22162      16.3564        22.0107
   22163      16.3745        22.8181
   22164      16.2698        21.9688
   22165      16.3808        22.2927
   22166      16.3781        21.9489
   22167      16.3781        22.0333
   22168      16.3552        21.7363
   22169      16.2717        21.2885
   22170      16.2920        21.8338
   22171      16.4110        22.0707
   22172      16.3308        21.6994
   22173      16.3115        21.7832
   22174      16.3727        22.1068
   22175      16.3049        21.8627
   22176      16.3066        21.9328
   22177      16.3210        22.0116
   22178      16.3950        21.7628
   22179      16.3232        22.4178
   22180      16.2874        22.0054
   22181      16.3033        21.8458
   22182      16.3666        22.0080
   22183      16.3536        22.5309
   22184      16.3684        22.2564
   22185      16.3470        22.0516
   22186      16.2980        21.0104
   22187      16.3763        21.1368
   22188      16.2924        21.6222
   22189      16.3233        22.0805
   22190      16.3526        21.5269
   22191      16.2905        22.5095
   22192      16.2939        22.1670
   22193      16.3915        22.0363
   22194      16.3911        22.0143
   22195      16.3200        21.8369
   22196      16.3145        21.9473
   22197      16.2873        21.5017
   22198      16.3171        21.8352
   22199      16.4094        22.0913
   22200      16.3730        22.1161
   22201      16.3089        22.3256
   22202      16.3321        21.7136
   22203      16.3104        21.8258
   22204      16.3205        21.8525
   22205      16.3235        22.1519
   22206      16.3208        22.2596
   22207      16.3411        21.7552
   22208      16.3780        21.6655
   22209      16.3660        22.1719
   22210      16.3204        22.0814
   22211      16.3196        22.0229
   22212      16.2822        21.5312
   22213      16.3132        22.1175
   22214      16.3573        21.9636
   22215      16.2702        21.5089
   22216      16.2728        21.9127
   22217      16.3301        22.1839
   22218      16.2581        22.0616
   22219      16.3795        21.8450
   22220      16.2770        21.8484
   22221      16.2742        21.3982
   22222      16.3302        21.9509
   22223      16.2904        22.2189
   22224      16.2971        21.8941
   22225      16.3289        21.6604
   22226      16.3003        21.8531
   22227      16.3914        21.5239
   22228      16.2587        21.6873
   22229      16.2829        21.6238
   22230      16.3465        22.1782
   22231      16.3132        22.1285
   22232      16.3382        21.3855
   22233      16.2747        21.7091
   22234      16.2933        21.7653
   22235      16.2547        22.2388
   22236      16.3013        21.3394
   22237      16.2766        21.7282
   22238      16.2807        21.2624
   22239      16.3298        22.0119
   22240      16.2929        21.5222
   22241      16.3173        22.1299
   22242      16.2972        21.8740
   22243      16.2576        21.6912
   22244      16.3276        21.9902
   22245      16.2587        22.0252
   22246      16.3183        22.0492
   22247      16.2956        21.7578
   22248      16.3033        21.7484
   22249      16.3150        21.6843
   22250      16.2997        21.5683
   22251      16.3088        21.5062
   22252      16.2164        21.4459
   22253      16.2365        21.5065
   22254      16.4051        22.3041
   22255      16.3070        21.0548
   22256      16.3937        21.8123
   22257      16.3868        22.3305
   22258      16.2440        21.9907
   22259      16.2885        21.4259
   22260      16.2895        21.6377
   22261      16.3344        21.8450
   22262      16.2985        22.2118
   22263      16.3698        21.9845
   22264      16.3329        21.6242
   22265      16.3266        21.4822
   22266      16.3768        21.7082
   22267      16.2611        21.2262
   22268      16.2691        21.5046
   22269      16.2483        21.5552
   22270      16.3134        22.3441
   22271      16.3437        21.8493
   22272      16.4312        21.4345
   22273      16.3631        22.0708
   22274      16.3658        21.8982
   22275      16.3470        21.3236
   22276      16.3205        21.4510
   22277      16.3582        21.1859
   22278      16.3929        21.6228
   22279      16.4640        21.8463
   22280      16.3749        21.9382
   22281      16.4062        23.2766
   22282      16.3193        22.0351
   22283      16.3715        22.2266
   22284      16.4213        22.0281
   22285      16.3475        21.8296
   22286      16.4053        22.0817
   22287      16.3726        22.1558
   22288      16.3835        21.6508
   22289      16.4360        22.4353
   22290      16.4090        21.6909
   22291      16.4305        22.0337
   22292      16.3829        22.1588
   22293      16.4449        21.7674
   22294      16.3394        21.9552
   22295      16.3317        21.9668
   22296      16.3375        21.7998
   22297      16.3983        21.7076
   22298      16.4093        21.3971
   22299      16.3434        21.8151
   22300      16.3450        21.9296
   22301      16.3225        21.4559
   22302      16.3129        22.0194
   22303      16.4862        21.9999
   22304      16.3575        22.0252
   22305      16.2567        21.1068
   22306      16.4436        21.8478
   22307      16.3630        21.8341
   22308      16.3548        22.1247
   22309      16.3246        22.4345
   22310      16.3850        21.9754
   22311      16.3362        21.2977
   22312      16.4069        22.3379
   22313      16.4065        21.3932
   22314      16.3442        21.5753
   22315      16.2630        21.1225
   22316      16.3799        22.2554
   22317      16.3223        21.2315
   22318      16.2962        21.8342
   22319      16.3649        21.9734
   22320      16.3950        21.8123
   22321      16.3535        21.7081
   22322      16.4423        21.7669
   22323      16.3581        21.5582
   22324      16.4651        22.2328
   22325      16.4390        22.1151
   22326      16.3761        21.7242
   22327      16.3972        21.7468
   22328      16.3536        21.8994
   22329      16.3703        21.7443
   22330      16.3908        21.9092
   22331      16.4123        22.3491
   22332      16.3680        21.6112
   22333      16.4849        21.7204
   22334      16.4212        22.0886
   22335      16.3484        21.4776
   22336      16.2907        21.4155
   22337      16.3761        22.1336
   22338      16.3571        21.4376
   22339      16.3944        21.7317
   22340      16.4205        21.6267
   22341      16.3720        21.5864
   22342      16.3894        21.6627
   22343      16.3981        21.9860
   22344      16.4363        22.6489
   22345      16.3147        21.6286
   22346      16.4082        21.7204
   22347      16.3581        21.5090
   22348      16.2935        22.0496
   22349      16.3223        21.9300
   22350      16.2934        21.6268
   22351      16.3325        22.0892
   22352      16.3516        22.0886
   22353      16.2739        22.1759
   22354      16.3768        21.5435
   22355      16.2645        21.6836
   22356      16.3725        21.7114
   22357      16.2677        21.8840
   22358      16.3149        22.0828
   22359      16.3626        21.0477
   22360      16.3577        21.3178
   22361      16.3539        21.2178
   22362      16.3593        22.0074
   22363      16.3961        21.9603
   22364      16.3108        21.4670
   22365      16.3978        22.1835
   22366      16.3810        21.6179
   22367      16.3065        21.8214
   22368      16.3758        21.6620
   22369      16.3788        21.5092
   22370      16.3882        21.8695
   22371      16.3742        21.2030
   22372      16.3408        21.9404
   22373      16.2959        21.4170
   22374      16.3140        21.6126
   22375      16.2932        21.7102
   22376      16.3163        21.5496
   22377      16.2776        21.8054
   22378      16.3298        21.5096
   22379      16.3123        21.8175
   22380      16.3917        21.6717
   22381      16.3374        21.1040
   22382      16.2997        21.4708
   22383      16.3272        21.7576
   22384      16.3215        21.6592
   22385      16.2829        21.4326
   22386      16.3022        21.4319
   22387      16.2795        21.8167
   22388      16.3466        22.0988
   22389      16.3518        21.7138
   22390      16.3798        21.3842
   22391      16.3398        21.6355
   22392      16.3151        21.1248
   22393      16.3873        21.4493
   22394      16.3831        21.7982
   22395      16.3850        21.6727
   22396      16.3269        21.4111
   22397      16.3398        21.5603
   22398      16.2952        21.5082
   22399      16.3480        21.7860
   22400      16.3438        21.5220
   22401      16.3901        21.6365
   22402      16.3659        22.0231
   22403      16.4042        21.9342
   22404      16.3214        22.0249
   22405      16.3203        22.1591
   22406      16.3039        21.8500
   22407      16.2988        21.7012
   22408      16.2784        21.3420
   22409      16.3059        21.8638
   22410      16.3244        21.7425
   22411      16.3571        21.5916
   22412      16.3101        21.4365
   22413      16.3180        21.5456
   22414      16.2996        21.7498
   22415      16.3663        21.9132
   22416      16.3579        21.3982
   22417      16.3543        21.9272
   22418      16.3118        21.5529
   22419      16.3410        21.9179
   22420      16.3945        21.4731
   22421      16.3865        21.6030
   22422      16.3460        21.7333
   22423      16.3612        21.4582
   22424      16.4048        21.9818
   22425      16.3738        21.1582
   22426      16.4263        22.0648
   22427      16.4083        21.9190
   22428      16.4003        21.3553
   22429      16.4200        21.2722
   22430      16.4737        21.3697
   22431      16.4088        21.8757
   22432      16.4448        21.6833
   22433      16.2861        20.7106
   22434      16.3448        21.3281
   22435      16.4222        21.8720
   22436      16.3822        21.5701
   22437      16.3602        21.2995
   22438      16.3314        21.5931
   22439      16.3329        21.7175
   22440      16.3253        21.1691
   22441      16.3514        22.0257
   22442      16.4205        21.7021
   22443      16.3592        21.3017
   22444      16.4136        21.4942
   22445      16.3823        21.3946
   22446      16.3179        21.5655
   22447      16.3576        21.5678
   22448      16.4228        21.6970
   22449      16.3054        21.3449
   22450      16.3833        21.6756
   22451      16.3874        21.5887
   22452      16.3204        21.6611
   22453      16.3078        21.3349
   22454      16.2921        21.1177
   22455      16.3528        21.0758
   22456      16.3800        22.4429
   22457      16.3465        21.5552
   22458      16.4295        22.2041
   22459      16.3490        21.5453
   22460      16.3183        21.5511
   22461      16.3908        21.6213
   22462      16.3690        21.1498
   22463      16.3300        21.3885
   22464      16.4180        21.5343
   22465      16.3327        21.3612
   22466      16.4487        22.1665
   22467      16.3452        22.0599
   22468      16.3946        21.7862
   22469      16.3048        21.6732
   22470      16.3272        21.7326
   22471      16.3964        21.9050
   22472      16.3561        21.5753
   22473      16.3621        21.9443
   22474      16.4023        21.6679
   22475      16.4178        22.2272
   22476      16.4280        21.7109
   22477      16.4892        22.3916
   22478      16.4026        21.9282
   22479      16.3564        21.7565
   22480      16.3381        22.1021
   22481      16.3476        22.1783
   22482      16.4026        21.7024
   22483      16.4228        22.4599
   22484      16.3697        21.6523
   22485      16.4345        22.5023
   22486      16.3344        21.7771
   22487      16.3457        21.6804
   22488      16.3784        21.9584
   22489      16.3790        22.3384
   22490      16.3735        21.7487
   22491      16.3492        21.7751
   22492      16.4388        21.8526
   22493      16.4022        21.4281
   22494      16.3268        21.6183
   22495      16.3936        21.9997
   22496      16.4429        22.0178
   22497      16.4769        21.8213
   22498      16.3724        21.8560
   22499      16.3862        22.3322
   22500      16.3684        21.4839
   22501      16.4469        21.4875
   22502      16.3247        21.7442
   22503      16.3773        22.3867
   22504      16.3180        21.4594
   22505      16.3745        21.8960
   22506      16.3320        21.9316
   22507      16.4026        21.9400
   22508      16.3776        22.0806
   22509      16.3042        22.6109
   22510      16.3619        21.6992
   22511      16.2894        21.4272
   22512      16.3500        22.0479
   22513      16.3742        22.4382
   22514      16.3214        22.2852
   22515      16.2960        21.8871
   22516      16.3240        21.4245
   22517      16.3186        21.8655
   22518      16.3511        22.0555
   22519      16.2946        21.8523
   22520      16.3322        22.1728
   22521      16.4346        22.0577
   22522      16.3399        21.7129
   22523      16.2840        21.7239
   22524      16.3336        21.6878
   22525      16.3594        21.7248
   22526      16.3390        21.7699
   22527      16.3089        21.2198
   22528      16.3230        22.0545
   22529      16.3238        21.6919
   22530      16.3259        21.7279
   22531      16.2548        21.8831
   22532      16.3679        22.3251
   22533      16.3122        22.3361
   22534      16.3156        22.0816
   22535      16.3423        21.6208
   22536      16.2880        21.7767
   22537      16.3358        21.6258
   22538      16.3162        21.5371
   22539      16.3214        21.6557
   22540      16.3183        21.8632
   22541      16.3040        22.4532
   22542      16.3363        21.6326
   22543      16.2969        21.4429
   22544      16.2800        22.0316
   22545      16.2901        21.6341
   22546      16.3554        21.3856
   22547      16.3128        21.7608
   22548      16.3880        21.8922
   22549      16.3217        21.7280
   22550      16.3214        22.3451
   22551      16.3129        21.4955
   22552      16.3314        21.8800
   22553      16.2801        22.0687
   22554      16.2798        21.5414
   22555      16.2919        21.8169
   22556      16.2922        21.5600
   22557      16.2795        21.3930
   22558      16.3360        21.8949
   22559      16.2959        21.6775
   22560      16.2945        21.8112
   22561      16.3973        22.1154
   22562      16.3184        22.2400
   22563      16.3333        21.6799
   22564      16.3256        23.2656
   22565      16.4060        22.1651
   22566      16.3818        21.8706
   22567      16.3562        21.6540
   22568      16.3323        21.8140
   22569      16.2718        21.5779
   22570      16.2847        21.6189
   22571      16.3521        21.9208
   22572      16.2625        21.6134
   22573      16.2341        21.8234
   22574      16.2760        22.2158
   22575      16.3236        21.9073
   22576      16.2689        21.4152
   22577      16.2833        21.3366
   22578      16.3450        21.7886
   22579      16.3373        22.2468
   22580      16.2941        21.8158
   22581      16.2926        21.4909
   22582      16.2888        21.5622
   22583      16.2914        21.7766
   22584      16.3752        22.2797
   22585      16.3761        21.7026
   22586      16.2699        21.8380
   22587      16.2777        21.9103
   22588      16.2727        21.7016
   22589      16.2223        22.2930
   22590      16.2433        21.3776
   22591      16.2865        21.9156
   22592      16.2834        22.2104
   22593      16.3094        21.9160
   22594      16.2173        22.1518
   22595      16.1950        21.2517
   22596      16.2455        21.7179
   22597      16.3527        22.1193
   22598      16.2653        21.4733
   22599      16.2612        21.6272
   22600      16.2773        21.5771
   22601      16.3169        21.7660
   22602      16.2848        21.6999
   22603      16.2897        22.1866
   22604      16.2899        21.9098
   22605      16.2422        21.9586
   22606      16.3145        21.5621
   22607      16.3551        21.8837
   22608      16.3304        21.2004
   22609      16.3200        21.7628
   22610      16.2695        22.0381
   22611      16.3349        22.2757
   22612      16.2711        21.9766
   22613      16.3257        22.0650
   22614      16.3167        22.4391
   22615      16.2943        21.6678
   22616      16.3411        21.7675
   22617      16.2550        21.3604
   22618      16.3720        21.3080
   22619      16.3311        21.9101
   22620      16.3363        21.8018
   22621      16.3846        22.5285
   22622      16.4504        22.5881
   22623      16.2872        21.3603
   22624      16.3387        21.7059
   22625      16.3165        22.2696
   22626      16.3564        21.8493
   22627      16.3178        22.1053
   22628      16.4347        22.0685
   22629      16.3412        22.6617
   22630      16.3595        21.8845
   22631      16.4280        21.8060
   22632      16.3382        21.8239
   22633      16.4157        22.2551
   22634      16.3483        21.3209
   22635      16.3822        21.4707
   22636      16.4013        22.3622
   22637      16.2999        21.7582
   22638      16.3701        21.9637
   22639      16.3588        21.3264
   22640      16.3806        21.6248
   22641      16.3556        21.6607
   22642      16.3661        21.8227
   22643      16.3650        22.4454
   22644      16.2723        21.6216
   22645      16.3052        21.5444
   22646      16.2868        21.8565
   22647      16.3252        21.6987
   22648      16.2454        21.2715
   22649      16.2474        21.7143
   22650      16.2210        21.6700
   22651      16.3142        21.5191
   22652      16.2791        21.4522
   22653      16.3501        22.5773
   22654      16.3327        21.8528
   22655      16.3816        21.8471
   22656      16.3190        21.5493
   22657      16.3199        21.8112
   22658      16.3217        21.8474
   22659      16.3713        21.7803
   22660      16.2920        22.8753
   22661      16.3345        21.5197
   22662      16.3202        21.7104
   22663      16.3653        21.7577
   22664      16.3268        22.0157
   22665      16.3333        21.5697
   22666      16.3194        21.8303
   22667      16.3461        21.4099
   22668      16.3624        21.3582
   22669      16.4554        22.2751
   22670      16.3337        21.6883
   22671      16.4019        21.6102
   22672      16.3814        22.0639
   22673      16.3203        21.9673
   22674      16.3729        22.1505
   22675      16.3503        22.0958
   22676      16.4092        21.8377
   22677      16.3931        22.4191
   22678      16.3218        21.5073
   22679      16.3922        21.6710
   22680      16.3974        21.7108
   22681      16.2778        21.7978
   22682      16.3549        22.4545
   22683      16.3252        21.9393
   22684      16.3209        21.7256
   22685      16.3523        21.8424
   22686      16.3739        22.3726
   22687      16.3108        21.5493
   22688      16.3349        21.6881
   22689      16.2382        21.7333
   22690      16.2921        21.8757
   22691      16.3694        22.1557
   22692      16.3444        21.6477
   22693      16.3707        22.0296
   22694      16.3207        21.2915
   22695      16.3823        21.8041
   22696      16.3343        22.5376
   22697      16.3462        21.0877
   22698      16.2935        21.8697
   22699      16.2874        21.5979
   22700      16.3750        22.2188
   22701      16.2674        22.0757
   22702      16.3964        21.8886
   22703      16.3930        22.3983
   22704      16.4305        22.5995
   22705      16.3341        22.0367
   22706      16.3847        22.3912
   22707      16.3661        21.9573
   22708      16.4065        21.6188
   22709      16.3478        21.2995
   22710      16.3531        21.9102
   22711      16.3762        21.9945
   22712      16.3214        21.5147
   22713      16.3019        22.1936
   22714      16.3089        21.4534
   22715      16.3199        21.1363
   22716      16.3371        22.1435
   22717      16.4289        22.4241
   22718      16.3846        22.3125
   22719      16.3051        21.4832
   22720      16.4433        22.0211
   22721      16.4454        22.1664
   22722      16.3427        21.5575
   22723      16.2842        21.5341
   22724      16.3020        22.2281
   22725      16.2829        21.8646
   22726      16.3100        21.9026
   22727      16.3305        21.5865
   22728      16.3578        21.7792
   22729      16.3648        21.6400
   22730      16.3001        22.2489
   22731      16.3599        22.0954
   22732      16.3216        21.1504
   22733      16.2879        21.7950
   22734      16.3008        21.4188
   22735      16.3055        21.8449
   22736      16.2885        21.5861
   22737      16.3484        21.8977
   22738      16.2883        21.8987
   22739      16.2998        22.0576
   22740      16.3086        21.2535
   22741      16.3069        21.3319
   22742      16.3301        21.7641
   22743      16.2529        21.3029
   22744      16.3673        21.9961
   22745      16.2782        21.4402
   22746      16.3184        21.9126
   22747      16.4383        22.3491
   22748      16.3635        22.2575
   22749      16.3063        21.9794
   22750      16.3600        21.6778
   22751      16.3592        22.1705
   22752      16.3187        21.7187
   22753      16.2997        21.6036
   22754      16.3153        21.8279
   22755      16.3060        21.7058
   22756      16.3358        21.6213
   22757      16.3670        21.7067
   22758      16.3144        21.9255
   22759      16.3060        21.9456
   22760      16.3444        21.8904
   22761      16.2947        21.9925
   22762      16.3138        21.7370
   22763      16.2613        21.4407
   22764      16.3473        22.0248
   22765      16.2585        21.6601
   22766      16.4078        22.1380
   22767      16.3029        21.6886
   22768      16.3877        21.8388
   22769      16.3650        22.2024
   22770      16.3232        22.0639
   22771      16.3607        21.5185
   22772      16.3537        22.0941
   22773      16.3297        21.8995
   22774      16.2745        21.8201
   22775      16.3481        21.9879
   22776      16.2470        21.4773
   22777      16.2882        21.2008
   22778      16.3393        21.3680
   22779      16.2839        21.4497
   22780      16.2699        22.1175
   22781      16.2966        21.9943
   22782      16.2835        22.0407
   22783      16.2724        22.4376
   22784      16.3351        21.8111
   22785      16.3850        21.7893
   22786      16.3011        21.7223
   22787      16.3063        21.3439
   22788      16.3704        21.8103
   22789      16.2694        22.0667
   22790      16.3742        21.9213
   22791      16.2740        21.8285
   22792      16.3744        21.9640
   22793      16.3418        22.3373
   22794      16.2326        21.8209
   22795      16.2892        21.8535
   22796      16.3243        22.1708
   22797      16.3667        21.9620
   22798      16.2737        21.6805
   22799      16.3371        21.9241
   22800      16.3735        22.4666
   22801      16.3544        21.4071
   22802      16.3146        21.8335
   22803      16.3278        21.7394
   22804      16.3270        21.7818
   22805      16.3908        22.0014
   22806      16.2976        21.5985
   22807      16.2657        22.2915
   22808      16.2797        22.1485
   22809      16.3046        21.9515
   22810      16.2828        22.7496
   22811      16.3260        21.7958
   22812      16.2958        21.6401
   22813      16.3214        22.1191
   22814      16.3675        22.5620
   22815      16.3940        22.9444
   22816      16.3103        21.6309
   22817      16.3543        21.9160
   22818      16.3664        21.9680
   22819      16.3038        22.1555
   22820      16.3478        22.5160
   22821      16.3990        22.1647
   22822      16.3754        21.4769
   22823      16.3240        21.5444
   22824      16.3549        21.9756
   22825      16.4065        21.8154
   22826      16.3687        21.5059
   22827      16.3209        21.7629
   22828      16.3784        21.6163
   22829      16.3680        21.7016
   22830      16.4082        22.2769
   22831      16.3777        21.9971
   22832      16.4309        22.1585
   22833      16.3820        22.1960
   22834      16.4630        22.2252
   22835      16.4531        21.9736
   22836      16.3661        21.6278
   22837      16.3825        22.5059
   22838      16.3930        22.1377
   22839      16.3580        21.8407
   22840      16.3263        21.9386
   22841      16.3655        21.5233
   22842      16.4951        21.6134
   22843      16.4750        22.8360
   22844      16.3902        21.5861
   22845      16.3831        21.8919
   22846      16.3284        22.1012
   22847      16.3134        22.0834
   22848      16.4052        22.5021
   22849      16.3460        21.8384
   22850      16.3669        22.1773
   22851      16.4594        22.3468
   22852      16.4033        21.9822
   22853      16.3912        21.0784
   22854      16.3652        22.2175
   22855      16.4060        22.3341
   22856      16.3898        22.5900
   22857      16.4072        23.1732
   22858      16.4222        22.3814
   22859      16.4191        22.7141
   22860      16.4026        22.0633
   22861      16.4620        22.1900
   22862      16.3396        21.4447
   22863      16.3076        21.1428
   22864      16.3833        21.9513
   22865      16.3621        21.6919
   22866      16.4540        22.1590
   22867      16.4203        21.9573
   22868      16.3725        21.4032
   22869      16.3987        21.8822
   22870      16.3549        21.1685
   22871      16.3684        21.4719
   22872      16.4202        21.5143
   22873      16.3787        21.4745
   22874      16.3556        21.8924
   22875      16.2993        21.6255
   22876      16.3663        22.0380
   22877      16.2687        21.3068
   22878      16.3290        21.0804
   22879      16.2841        21.3810
   22880      16.2823        21.5115
   22881      16.3465        21.4337
   22882      16.3327        21.6523
   22883      16.3429        21.7031
   22884      16.3725        21.9460
   22885      16.3385        21.7057
   22886      16.2879        21.8065
   22887      16.3427        21.6632
   22888      16.3652        21.8296
   22889      16.3295        21.7751
   22890      16.2652        21.7637
   22891      16.3604        22.6345
   22892      16.3777        22.4950
   22893      16.4010        22.4420
   22894      16.3496        21.5149
   22895      16.3951        21.5017
   22896      16.3771        22.1179
   22897      16.3679        21.4414
   22898      16.3725        21.1521
   22899      16.3337        22.0461
   22900      16.3584        22.6754
   22901      16.3233        22.6085
   22902      16.3016        21.8392
   22903      16.3595        22.8514
   22904      16.3068        22.0037
   22905      16.3271        21.7506
   22906      16.3678        22.2915
   22907      16.3701        21.8794
   22908      16.2917        21.9713
   22909      16.3356        21.7564
   22910      16.3450        21.5805
   22911      16.2559        21.1128
   22912      16.3146        21.9290
   22913      16.3317        21.7881
   22914      16.3035        21.3512
   22915      16.3239        21.3852
   22916      16.3536        21.8854
   22917      16.3999        21.5894
   22918      16.4740        21.4351
   22919      16.3507        21.7358
   22920      16.3646        21.1946
   22921      16.3684        21.5921
   22922      16.4306        21.7556
   22923      16.4667        22.3735
   22924      16.4254        22.0099
   22925      16.4877        21.7641
   22926      16.4178        21.6702
   22927      16.3315        21.6966
   22928      16.3368        21.7929
   22929      16.3921        21.3207
   22930      16.3923        21.4223
   22931      16.3504        21.4438
   22932      16.4411        21.8735
   22933      16.3423        21.8117
   22934      16.3443        21.5843
   22935      16.3871        22.2768
   22936      16.3386        22.0220
   22937      16.3029        21.5884
   22938      16.4015        21.8074
   22939      16.3446        21.6852
   22940      16.3114        21.6187
   22941      16.2888        21.8224
   22942      16.2872        21.9679
   22943      16.3060        21.7418
   22944      16.2853        21.4764
   22945      16.3528        21.7335
   22946      16.3863        21.6171
   22947      16.3319        21.7953
   22948      16.2818        21.8021
   22949      16.2987        21.8455
   22950      16.3574        21.1851
   22951      16.2297        21.7320
   22952      16.3374        21.6589
   22953      16.3218        21.3562
   22954      16.3058        21.5044
   22955      16.2616        21.4833
   22956      16.3231        21.6743
   22957      16.3207        22.2788
   22958      16.2883        21.7395
   22959      16.3659        21.7465
   22960      16.2439        20.9722
   22961      16.3173        21.1571
   22962      16.3643        21.2323
   22963      16.2809        21.9562
   22964      16.3529        21.7039
   22965      16.4166        22.0405
   22966      16.3017        21.9958
   22967      16.3836        22.2449
   22968      16.3574        21.5590
   22969      16.3016        21.3897
   22970      16.3443        21.9866
   22971      16.3083        21.8109
   22972      16.2726        21.7944
   22973      16.3248        21.9282
   22974      16.3444        21.9042
   22975      16.3121        21.5856
   22976      16.3510        21.2596
   22977      16.3705        22.0707
   22978      16.3737        21.5834
   22979      16.3512        21.4114
   22980      16.3693        21.2296
   22981      16.2660        21.6469
   22982      16.3515        21.7963
   22983      16.2826        22.0226
   22984      16.3777        21.8115
   22985      16.3529        21.5669
   22986      16.3661        22.3209
   22987      16.3647        21.8509
   22988      16.3552        21.8536
   22989      16.2990        21.4553
   22990      16.3547        21.7312
   22991      16.3684        21.9709
   22992      16.3099        22.1303
   22993      16.3367        21.3289
   22994      16.3537        22.0831
   22995      16.3333        21.8225
   22996      16.3519        21.7978
   22997      16.3719        21.8181
   22998      16.3596        21.9823
   22999      16.3598        22.0597
   23000      16.3779        22.3544
   23001      16.4378        21.3331
   23002      16.3631        21.7527
   23003      16.3821        22.4635
   23004      16.3422        22.4829
   23005      16.2920        22.0045
   23006      16.3732        22.0974
   23007      16.3420        22.0388
   23008      16.3647        21.5290
   23009      16.2757        22.1112
   23010      16.3050        22.1085
   23011      16.3449        21.7734
   23012      16.3110        21.7797
   23013      16.3819        22.1959
   23014      16.3332        21.8391
   23015      16.3528        22.2988
   23016      16.3976        21.9573
   23017      16.2588        21.7638
   23018      16.3819        21.8948
   23019      16.3853        22.5054
   23020      16.3212        21.9534
   23021      16.3057        22.4236
   23022      16.3415        22.1634
   23023      16.2702        21.2735
   23024      16.3700        21.9714
   23025      16.3136        21.5060
   23026      16.2874        21.7527
   23027      16.2868        21.5611
   23028      16.3799        22.1323
   23029      16.3610        21.6605
   23030      16.2905        22.2105
   23031      16.2880        22.1506
   23032      16.3319        22.3524
   23033      16.3590        21.3676
   23034      16.2406        21.4159
   23035      16.3384        21.6618
   23036      16.2577        21.1706
   23037      16.2918        21.6093
   23038      16.4260        21.2517
   23039      16.3378        21.5145
   23040      16.2749        21.5346
   23041      16.2976        21.5946
   23042      16.3333        21.7132
   23043      16.2982        22.2636
   23044      16.3786        22.2897
   23045      16.3724        21.7192
   23046      16.4319        21.7182
   23047      16.3322        21.7256
   23048      16.4034        21.8083
   23049      16.3559        21.9720
   23050      16.2994        21.7899
   23051      16.3183        21.8976
   23052      16.3244        21.4687
   23053      16.2930        21.7111
   23054      16.2628        22.0145
   23055      16.3986        22.0095
   23056      16.3559        21.9050
   23057      16.2928        22.0962
   23058      16.2916        22.0877
   23059      16.3048        21.7521
   23060      16.3789        22.1251
   23061      16.3477        21.6473
   23062      16.3114        21.8409
   23063      16.3386        22.0364
   23064      16.3235        22.4634
   23065      16.3551        22.2371
   23066      16.2832        22.0703
   23067      16.3242        21.5542
   23068      16.3504        22.5737
   23069      16.2734        21.6671
   23070      16.3602        21.6135
   23071      16.3589        22.0086
   23072      16.3502        22.0934
   23073      16.3411        22.0293
   23074      16.2786        21.6386
   23075      16.3076        21.4927
   23076      16.3759        22.1416
   23077      16.2738        21.3665
   23078      16.3440        21.9383
   23079      16.2897        21.8002
   23080      16.3296        21.5197
   23081      16.3745        22.0750
   23082      16.2960        21.8596
   23083      16.2643        22.0104
   23084      16.2341        21.2982
   23085      16.3276        22.2596
   23086      16.2401        21.3440
   23087      16.3046        21.7960
   23088      16.3624        21.4013
   23089      16.3184        22.9960
   23090      16.2882        22.4051
   23091      16.2598        21.5465
   23092      16.2565        21.9897
   23093      16.3490        21.6014
   23094      16.1976        21.7300
   23095      16.2762        21.9458
   23096      16.2609        21.5189
   23097      16.2132        22.2882
   23098      16.2130        22.0035
   23099      16.1816        21.6836
   23100      16.2284        21.7444
   23101      16.3500        22.1935
   23102      16.3147        22.3952
   23103      16.3433        22.3259
   23104      16.2740        21.9367
   23105      16.3069        22.1160
   23106      16.3532        22.0171
   23107      16.2390        22.0173
   23108      16.3199        22.1857
   23109      16.3106        22.0327
   23110      16.2751        21.7606
   23111      16.2450        22.0011
   23112      16.3535        21.8543
   23113      16.3347        22.3163
   23114      16.3401        21.9030
   23115      16.3585        21.8575
   23116      16.3148        21.7663
   23117      16.2347        21.3993
   23118      16.2302        21.6889
   23119      16.1629        21.8270
   23120      16.2697        21.7609
   23121      16.3360        21.9716
   23122      16.2606        21.2938
   23123      16.2430        22.1067
   23124      16.3311        21.5176
   23125      16.2521        21.9335
   23126      16.3615        22.3658
   23127      16.2802        21.9076
   23128      16.2678        21.9589
   23129      16.3657        21.9929
   23130      16.3600        22.0629
   23131      16.2718        21.6477
   23132      16.2815        21.6144
   23133      16.3192        22.1256
   23134      16.1982        21.2151
   23135      16.3139        21.6836
   23136      16.3205        21.9614
   23137      16.3009        21.5257
   23138      16.3550        21.3156
   23139      16.3015        21.7229
   23140      16.3388        21.8738
   23141      16.3361        21.9983
   23142      16.3580        21.6567
   23143      16.2967        21.4440
   23144      16.3977        22.2373
   23145      16.3245        21.5955
   23146      16.3379        21.8190
   23147      16.3611        22.1447
   23148      16.3459        21.9087
   23149      16.2951        21.9215
   23150      16.2967        21.6259
   23151      16.3518        21.9683
   23152      16.3818        21.8225
   23153      16.3648        21.3922
   23154      16.3142        21.6390
   23155      16.3229        21.6657
   23156      16.2712        21.8338
   23157      16.2523        21.6791
   23158      16.2881        21.7315
   23159      16.2823        21.5373
   23160      16.3357        21.3046
   23161      16.3401        21.8919
   23162      16.2635        22.0325
   23163      16.2899        22.0967
   23164      16.3185        21.7648
   23165      16.2930        21.4937
   23166      16.3517        21.7321
   23167      16.2941        21.2820
   23168      16.3425        21.9621
   23169      16.3018        21.9717
   23170      16.3457        21.9828
   23171      16.2794        21.9525
   23172      16.2969        22.2212
   23173      16.3735        21.5995
   23174      16.3464        21.8639
   23175      16.4133        22.3205
   23176      16.3667        21.6260
   23177      16.3889        21.6476
   23178      16.3106        21.5373
   23179      16.2894        21.3239
   23180      16.2949        21.2435
   23181      16.3167        21.7094
   23182      16.2395        21.6754
   23183      16.3249        21.8248
   23184      16.2332        21.9271
   23185      16.2668        22.1451
   23186      16.1880        21.8657
   23187      16.2019        21.2886
   23188      16.3138        21.6306
   23189      16.2532        21.3654
   23190      16.3383        21.3571
   23191      16.3216        21.9000
   23192      16.2793        21.1516
   23193      16.3127        21.3491
   23194      16.3373        21.1332
   23195      16.3703        21.5449
   23196      16.4132        21.7881
   23197      16.2657        22.0238
   23198      16.3883        21.7241
   23199      16.2561        21.8935
   23200      16.2939        21.5320
   23201      16.2622        21.3751
   23202      16.3664        21.8974
   23203      16.2814        21.6179
   23204      16.3215        21.2364
   23205      16.2415        21.9786
   23206      16.2804        21.7811
   23207      16.2690        21.2913
   23208      16.2870        21.4590
   23209      16.3370        21.7818
   23210      16.3442        21.5221
   23211      16.3077        21.4978
   23212      16.2919        21.2294
   23213      16.3193        21.3807
   23214      16.3139        21.3475
   23215      16.2549        21.3729
   23216      16.2728        21.0802
   23217      16.3528        21.4557
   23218      16.3280        21.5605
   23219      16.3349        21.7051
   23220      16.3575        21.1187
   23221      16.3076        22.5666
   23222      16.3237        21.5150
   23223      16.3619        21.7988
   23224      16.3590        22.0992
   23225      16.3317        21.9243
   23226      16.3051        21.5416
   23227      16.3589        21.8850
   23228      16.3272        22.2350
   23229      16.3472        21.6721
   23230      16.3652        21.4881
   23231      16.3531        21.8187
   23232      16.3524        21.6566
   23233      16.2934        22.2741
   23234      16.3451        21.8714
   23235      16.3200        21.7818
   23236      16.3107        21.8950
   23237      16.3141        21.5131
   23238      16.3355        21.8430
   23239      16.3712        21.3666
   23240      16.3650        22.0815
   23241      16.2954        21.8365
   23242      16.2822        21.7706
   23243      16.3317        21.7671
   23244      16.3223        21.7185
   23245      16.3379        21.9846
   23246      16.3690        21.7208
   23247      16.2992        21.3906
   23248      16.3520        22.2405
   23249      16.3903        21.8849
   23250      16.2924        21.6794
   23251      16.2642        21.6635
   23252      16.2374        21.2495
   23253      16.3012        21.7769
   23254      16.3053        21.8848
   23255      16.2532        22.9936
   23256      16.3200        21.9323
   23257      16.3426        21.7165
   23258      16.3634        21.7533
   23259      16.3004        21.6465
   23260      16.4045        22.0394
   23261      16.4109        21.5796
   23262      16.3187        21.7008
   23263      16.4221        22.3112
   23264      16.3945        21.0462
   23265      16.4447        21.8714
   23266      16.3892        21.8701
   23267      16.3811        21.7402
   23268      16.3213        21.8000
   23269      16.3804        21.9233
   23270      16.3624        22.0789
   23271      16.3506        21.4988
   23272      16.3684        21.6791
   23273      16.3771        22.2736
   23274      16.3138        22.0107
   23275      16.3841        21.9303
   23276      16.3527        22.1855
   23277      16.4404        22.0492
   23278      16.3407        21.7941
   23279      16.4327        22.0264
   23280      16.3375        21.6465
   23281      16.3322        22.1597
   23282      16.3743        22.2001
   23283      16.3624        21.5379
   23284      16.2606        21.1838
   23285      16.2847        21.4662
   23286      16.3007        22.0070
   23287      16.2936        21.5169
   23288      16.3406        21.3211
   23289      16.2861        21.3706
   23290      16.4018        21.6722
   23291      16.3774        21.5655
   23292      16.3386        21.6055
   23293      16.4697        21.8205
   23294      16.3721        21.5862
   23295      16.3776        21.5701
   23296      16.4455        22.2364
   23297      16.3709        21.6772
   23298      16.3604        21.5057
   23299      16.3814        21.7084
   23300      16.3070        21.2346
   23301      16.3638        21.9962
   23302      16.3424        21.6462
   23303      16.3701        22.0557
   23304      16.4695        21.7660
   23305      16.4364        22.0788
   23306      16.3830        21.9144
   23307      16.3498        22.1553
   23308      16.4138        21.5374
   23309      16.4584        22.4815
   23310      16.3920        21.9326
   23311      16.4293        22.2142
   23312      16.3532        21.9383
   23313      16.4096        22.0567
   23314      16.3561        22.0751
   23315      16.2850        22.1639
   23316      16.4233        22.1729
   23317      16.3722        22.1048
   23318      16.3356        22.0408
   23319      16.3289        21.6563
   23320      16.3458        21.6495
   23321      16.3225        22.1040
   23322      16.3801        22.7508
   23323      16.4162        22.2778
   23324      16.4432        22.5370
   23325      16.3651        22.1203
   23326      16.3624        22.0062
   23327      16.3765        21.7422
   23328      16.4224        22.8637
   23329      16.4020        22.2145
   23330      16.3952        22.6621
   23331      16.4294        21.9175
   23332      16.4326        21.5784
   23333      16.3499        21.4421
   23334      16.4213        22.0965
   23335      16.3645        21.7160
   23336      16.4014        21.9347
   23337      16.2575        21.0658
   23338      16.3494        21.6298
   23339      16.4285        21.6084
   23340      16.4164        21.6227
   23341      16.3513        22.2911
   23342      16.3090        22.1200
   23343      16.3026        21.1496
   23344      16.3849        21.8922
   23345      16.2747        21.0055
   23346      16.3035        21.3903
   23347      16.3976        21.6180
   23348      16.3576        21.8768
   23349      16.3900        22.0362
   23350      16.3530        21.8403
   23351      16.3452        22.0402
   23352      16.4131        21.9830
   23353      16.3172        21.4584
   23354      16.3302        21.1229
   23355      16.3336        20.7998
   23356      16.2762        21.1447
   23357      16.2823        21.3041
   23358      16.3183        21.5951
   23359      16.3105        21.7585
   23360      16.3218        21.4569
   23361      16.3587        21.2898
   23362      16.3520        21.2053
   23363      16.4132        22.0290
   23364      16.3671        21.5959
   23365      16.4022        21.6013
   23366      16.3664        21.8284
   23367      16.2943        21.7630
   23368      16.3336        21.7764
   23369      16.3015        22.0118
   23370      16.3537        21.8966
   23371      16.4180        21.1948
   23372      16.3985        21.3737
   23373      16.3970        22.0806
   23374      16.3847        21.9810
   23375      16.3885        22.0464
   23376      16.3160        22.2572
   23377      16.2723        21.6512
   23378      16.3163        22.0080
   23379      16.3848        21.8984
   23380      16.3598        22.2028
   23381      16.3012        21.9788
   23382      16.3484        22.1256
   23383      16.3742        21.3079
   23384      16.4195        21.8764
   23385      16.3966        21.9161
   23386      16.3689        21.7825
   23387      16.3199        21.7662
   23388      16.4266        21.5864
   23389      16.2888        21.5053
   23390      16.2687        21.2894
   23391      16.3436        21.5478
   23392      16.3114        21.5831
   23393      16.3701        21.6017
   23394      16.3231        21.9751
   23395      16.2622        21.3328
   23396      16.3502        21.8006
   23397      16.3343        22.1400
   23398      16.3051        21.6697
   23399      16.4149        21.9015
   23400      16.3453        21.9477
   23401      16.2714        21.7210
   23402      16.3587        21.7159
   23403      16.3203        21.8373
   23404      16.3476        21.9821
   23405      16.2594        21.3535
   23406      16.3770        21.6664
   23407      16.3406        21.1776
   23408      16.3598        21.9175
   23409      16.3880        21.1863
   23410      16.3533        21.6284
   23411      16.3527        21.7127
   23412      16.3116        21.1899
   23413      16.3905        21.3369
   23414      16.3491        21.8020
   23415      16.4261        21.9933
   23416      16.3678        21.8567
   23417      16.3855        21.9963
   23418      16.3805        21.4194
   23419      16.3309        21.8960
   23420      16.3445        21.8907
   23421      16.3346        21.7488
   23422      16.3624        21.8648
   23423      16.3053        22.2177
   23424      16.3231        21.0369
   23425      16.3563        22.1160
   23426      16.3664        21.5675
   23427      16.3890        22.1697
   23428      16.3702        21.8108
   23429      16.4325        22.1016
   23430      16.3253        21.5211
   23431      16.3789        21.8498
   23432      16.3372        21.5627
   23433      16.3791        22.0778
   23434      16.3375        21.6852
   23435      16.4146        21.9718
   23436      16.3254        21.2513
   23437      16.2926        21.3982
   23438      16.3721        21.8922
   23439      16.3460        21.6103
   23440      16.2899        21.8081
   23441      16.3899        21.7274
   23442      16.2795        21.4278
   23443      16.2575        21.5710
   23444      16.3752        22.2266
   23445      16.3275        21.5491
   23446      16.3501        21.7103
   23447      16.3045        21.9265
   23448      16.2879        22.0345
   23449      16.2840        21.7845
   23450      16.3948        22.0484
   23451      16.3683        21.8206
   23452      16.3789        21.9329
   23453      16.3653        21.5626
   23454      16.3569        21.7917
   23455      16.2950        20.9580
   23456      16.3036        21.9880
   23457      16.3335        22.0307
   23458      16.3787        21.8116
   23459      16.3914        22.2282
   23460      16.3336        21.8521
   23461      16.3952        21.5542
   23462      16.3461        21.7948
   23463      16.3261        21.7110
   23464      16.3981        21.4391
   23465      16.3880        22.2095
   23466      16.3032        22.0614
   23467      16.3513        21.1290
   23468      16.4217        21.8630
   23469      16.3531        21.3332
   23470      16.3417        21.9517
   23471      16.3558        21.9644
   23472      16.3423        21.4969
   23473      16.3224        21.5379
   23474      16.4316        22.0625
   23475      16.4048        22.5436
   23476      16.2787        21.2575
   23477      16.3809        22.0255
   23478      16.3475        21.8106
   23479      16.3400        21.7667
   23480      16.4351        22.2687
   23481      16.3137        21.6073
   23482      16.3344        21.5932
   23483      16.3407        21.9199
   23484      16.4364        22.2198
   23485      16.3115        21.9059
   23486      16.3475        21.6762
   23487      16.2911        21.9208
   23488      16.3971        22.2132
   23489      16.3648        21.8590
   23490      16.3860        22.0186
   23491      16.3006        21.9161
   23492      16.3784        22.0602
   23493      16.3901        21.5031
   23494      16.3691        21.5935
   23495      16.3795        21.8578
   23496      16.3721        21.9929
   23497      16.4296        22.1557
   23498      16.3993        22.4819
   23499      16.3531        21.9331
   23500      16.3241        21.6765
   23501      16.3892        22.3995
   23502      16.2921        21.7564
   23503      16.3624        21.8298
   23504      16.2773        21.3839
   23505      16.3593        21.6590
   23506      16.4370        21.7725
   23507      16.3602        22.0476
   23508      16.4147        22.2121
   23509      16.3502        21.7725
   23510      16.3187        22.4084
   23511      16.3984        21.9486
   23512      16.3465        21.6864
   23513      16.3075        21.8605
   23514      16.3758        21.9080
   23515      16.3664        21.6360
   23516      16.3428        21.6384
   23517      16.2581        22.4964
   23518      16.3212        22.1952
   23519      16.3167        21.8116
   23520      16.3514        21.9731
   23521      16.3738        22.7068
   23522      16.4047        21.9341
   23523      16.3625        21.9938
   23524      16.3245        21.9168
   23525      16.2982        21.9473
   23526      16.2691        21.7904
   23527      16.3523        22.0795
   23528      16.3289        21.5476
   23529      16.3000        22.5062
   23530      16.2918        21.5818
   23531      16.2804        21.8800
   23532      16.2474        22.3748
   23533      16.2566        21.4079
   23534      16.3294        21.8185
   23535      16.2320        21.4785
   23536      16.3125        21.8882
   23537      16.2843        21.5635
   23538      16.3488        21.8375
   23539      16.3807        21.7780
   23540      16.3492        22.2442
   23541      16.3169        22.0253
   23542      16.3223        21.6492
   23543      16.2679        21.6141
   23544      16.3147        21.6458
   23545      16.4223        21.9208
   23546      16.2454        21.5909
   23547      16.2046        21.1194
   23548      16.2360        21.5951
   23549      16.2909        21.8538
   23550      16.3358        21.4404
   23551      16.3527        21.4380
   23552      16.3034        21.5123
   23553      16.2793        21.7139
   23554      16.3055        21.5092
   23555      16.2574        21.4056
   23556      16.2976        21.8638
   23557      16.2930        21.8925
   23558      16.3229        21.7645
   23559      16.3122        21.3881
   23560      16.3445        22.0059
   23561      16.2984        21.9835
   23562      16.2491        21.2524
   23563      16.3358        22.1814
   23564      16.2697        22.1606
   23565      16.3060        22.1322
   23566      16.3148        21.4543
   23567      16.2721        21.1847
   23568      16.2654        21.4530
   23569      16.2725        21.0694
   23570      16.2606        22.1891
   23571      16.3431        21.7016
   23572      16.3323        21.3480
   23573      16.3454        21.8902
   23574      16.2870        21.7284
   23575      16.2526        22.1915
   23576      16.4289        22.8061
   23577      16.2892        22.5092
   23578      16.3152        21.6400
   23579      16.2813        22.2309
   23580      16.2726        21.8049
   23581      16.2630        22.2100
   23582      16.3540        21.6174
   23583      16.2885        21.5763
   23584      16.2782        21.8919
   23585      16.2546        21.5143
   23586      16.3579        22.2696
   23587      16.3214        21.6583
   23588      16.3094        21.7733
   23589      16.3419        21.5041
   23590      16.3466        21.7719
   23591      16.3375        22.2164
   23592      16.3145        21.0872
   23593      16.3219        21.2355
   23594      16.3627        22.2736
   23595      16.2866        21.4928
   23596      16.3008        22.1831
   23597      16.3502        22.2500
   23598      16.3099        21.7140
   23599      16.3242        21.9262
   23600      16.4108        21.4318
   23601      16.3358        21.7861
   23602      16.3598        21.9734
   23603      16.3164        21.7178
   23604      16.3495        21.7506
   23605      16.2943        21.3537
   23606      16.3629        21.5415
   23607      16.2850        21.9933
   23608      16.3017        21.9334
   23609      16.3398        22.0708
   23610      16.3055        21.4184
   23611      16.3334        21.3060
   23612      16.4021        21.6913
   23613      16.2906        21.9352
   23614      16.3865        21.8671
   23615      16.2973        21.4554
   23616      16.3577        21.8018
   23617      16.3170        22.0102
   23618      16.3309        21.7878
   23619      16.2910        21.6166
   23620      16.3303        21.8480
   23621      16.4175        21.4551
   23622      16.3394        22.1689
   23623      16.3921        22.0957
   23624      16.3322        21.7487
   23625      16.3207        22.3310
   23626      16.2754        21.1665
   23627      16.3420        22.2248
   23628      16.3659        21.9556
   23629      16.3461        21.5581
   23630      16.3467        22.0291
   23631      16.3214        21.9100
   23632      16.3399        21.6083
   23633      16.3158        22.3396
   23634      16.2475        21.8888
   23635      16.3150        21.8201
   23636      16.3659        21.9981
   23637      16.3000        22.2412
   23638      16.3293        21.7155
   23639      16.3336        21.7292
   23640      16.3328        21.6217
   23641      16.3705        22.2068
   23642      16.2967        21.6132
   23643      16.3831        22.1439
   23644      16.4067        22.0732
   23645      16.3648        22.4272
   23646      16.3645        21.7751
   23647      16.2960        21.7686
   23648      16.2992        21.6004
   23649      16.3255        21.5764
   23650      16.2920        22.0706
   23651      16.2775        21.7793
   23652      16.3628        21.9920
   23653      16.4042        21.6526
   23654      16.3364        21.5103
   23655      16.3020        21.6876
   23656      16.3857        22.0652
   23657      16.3668        21.6340
   23658      16.3185        21.8698
   23659      16.3480        21.3960
   23660      16.3337        21.4862
   23661      16.4067        21.4631
   23662      16.4264        21.7956
   23663      16.4064        22.2046
   23664      16.3791        22.2836
   23665      16.3871        21.5832
   23666      16.3792        22.0905
   23667      16.4432        22.0207
   23668      16.4102        21.9058
   23669      16.4334        21.8006
   23670      16.4699        21.9574
   23671      16.3792        21.6696
   23672      16.4188        21.7380
   23673      16.4463        21.5490
   23674      16.3802        21.7626
   23675      16.3685        22.0249
   23676      16.3175        21.8767
   23677      16.3906        22.3300
   23678      16.3592        22.2010
   23679      16.3362        21.7934
   23680      16.4029        21.8468
   23681      16.3698        21.6047
   23682      16.3510        21.7489
   23683      16.3670        21.4857
   23684      16.3682        22.4238
   23685      16.3790        22.3137
   23686      16.3754        22.1067
   23687      16.3685        22.4905
   23688      16.3443        21.8627
   23689      16.3262        21.6272
   23690      16.3613        21.6386
   23691      16.3875        21.6383
   23692      16.4002        21.6253
   23693      16.4113        21.5627
   23694      16.3987        21.5017
   23695      16.2807        21.2381
   23696      16.3799        21.3470
   23697      16.3346        21.4366
   23698      16.3766        21.3652
   23699      16.3985        21.8388
   23700      16.3946        22.2102
   23701      16.4693        22.5537
   23702      16.3852        21.7355
   23703      16.3944        22.8458
   23704      16.4122        22.1383
   23705      16.4180        22.5961
   23706      16.3984        22.1261
   23707      16.3770        22.0386
   23708      16.3695        21.5973
   23709      16.3183        22.1322
   23710      16.3301        21.8272
   23711      16.3427        21.5053
   23712      16.3929        22.4790
   23713      16.3624        21.9838
   23714      16.3592        22.0933
   23715      16.3726        22.0593
   23716      16.4176        22.8238
   23717      16.3126        22.3027
   23718      16.3887        21.8778
   23719      16.3965        22.6363
   23720      16.3685        22.7936
   23721      16.3609        22.5340
   23722      16.3820        22.2936
   23723      16.5036        22.5277
   23724      16.3527        21.5134
   23725      16.4461        22.3481
   23726      16.4242        22.8952
   23727      16.3200        21.5897
   23728      16.4342        22.3355
   23729      16.4186        21.4787
   23730      16.3845        21.9601
   23731      16.4833        22.0742
   23732      16.3588        22.2529
   23733      16.3243        22.2415
   23734      16.3743        22.5452
   23735      16.2790        21.9938
   23736      16.4064        22.1169
   23737      16.3407        22.4933
   23738      16.3163        21.9412
   23739      16.2423        21.4567
   23740      16.3236        22.4977
   23741      16.2893        21.5384
   23742      16.3883        22.3095
   23743      16.3062        21.7462
   23744      16.3559        22.4374
   23745      16.2603        21.6217
   23746      16.3749        22.2688
   23747      16.3490        21.7262
   23748      16.3688        21.9056
   23749      16.2823        21.9202
   23750      16.3898        21.6557
   23751      16.4269        22.4542
   23752      16.3870        21.4533
   23753      16.4244        22.1648
   23754      16.4356        21.4904
   23755      16.2724        22.0064
   23756      16.4230        21.6832
   23757      16.4275        21.5853
   23758      16.3668        22.2032
   23759      16.3660        21.5327
   23760      16.3695        22.0794
   23761      16.3525        22.1441
   23762      16.4941        22.4021
   23763      16.4452        22.7843
   23764      16.4033        21.7880
   23765      16.3165        21.8813
   23766      16.4218        22.9213
   23767      16.4141        22.8555
   23768      16.4075        21.6780
   23769      16.4178        21.9899
   23770      16.3600        21.7091
   23771      16.3464        21.5568
   23772      16.3528        21.5697
   23773      16.4324        22.0133
   23774      16.3886        21.3943
   23775      16.3788        21.7267
   23776      16.4635        21.9907
   23777      16.4001        22.0737
   23778      16.3606        21.9550
   23779      16.3331        22.4921
   23780      16.4204        21.5451
   23781      16.4502        21.8299
   23782      16.4178        21.2824
   23783      16.4613        21.6691
   23784      16.3835        21.4363
   23785      16.4012        21.9272
   23786      16.3998        21.4987
   23787      16.3179        21.0980
   23788      16.3918        21.6193
   23789      16.3668        21.2846
   23790      16.3880        21.9709
   23791      16.3896        22.0086
   23792      16.3751        21.7895
   23793      16.3422        21.5712
   23794      16.3553        21.5943
   23795      16.3564        22.1735
   23796      16.4448        22.6428
   23797      16.3360        21.3691
   23798      16.4349        21.9447
   23799      16.3468        22.2340
   23800      16.4264        21.9081
   23801      16.4940        21.8615
   23802      16.4388        22.3509
   23803      16.3941        21.4592
   23804      16.4656        22.1301
   23805      16.4683        21.7168
   23806      16.4060        21.7178
   23807      16.3923        21.9688
   23808      16.4249        21.4287
   23809      16.3791        21.2325
   23810      16.3657        21.5861
   23811      16.3593        21.8261
   23812      16.4051        21.7941
   23813      16.3581        21.4439
   23814      16.3881        21.9040
   23815      16.3591        21.0856
   23816      16.4140        21.6693
   23817      16.4044        22.3233
   23818      16.3212        21.7981
   23819      16.3574        22.2235
   23820      16.2803        21.4545
   23821      16.4274        21.6808
   23822      16.3266        21.7519
   23823      16.3633        21.6753
   23824      16.3307        21.6002
   23825      16.3840        21.9745
   23826      16.4726        21.9998
   23827      16.4279        22.0515
   23828      16.2948        21.7952
   23829      16.3471        22.6494
   23830      16.3508        21.9979
   23831      16.3956        21.9802
   23832      16.2714        21.0471
   23833      16.3408        21.9112
   23834      16.4283        22.3497
   23835      16.2529        21.6072
   23836      16.3627        21.8728
   23837      16.2837        21.4098
   23838      16.3079        21.9865
   23839      16.3646        22.4564
   23840      16.3247        21.8162
   23841      16.3615        21.5075
   23842      16.3615        21.2723
   23843      16.2820        21.3284
   23844      16.3248        21.6065
   23845      16.3872        22.2047
   23846      16.4754        21.6840
   23847      16.3481        21.9289
   23848      16.2839        22.2005
   23849      16.4195        22.3998
   23850      16.3928        21.9171
   23851      16.3246        21.8264
   23852      16.3447        22.2707
   23853      16.3888        21.4811
   23854      16.3760        21.5582
   23855      16.4025        21.9631
   23856      16.3601        22.7530
   23857      16.3771        22.3028
   23858      16.3275        22.2747
   23859      16.4193        21.8216
   23860      16.3737        22.3065
   23861      16.3001        21.4548
   23862      16.3399        21.8893
   23863      16.3190        22.1263
   23864      16.3228        21.6892
   23865      16.3190        21.5738
   23866      16.4149        21.2958
   23867      16.3246        21.4606
   23868      16.3672        21.9617
   23869      16.3434        21.7091
   23870      16.3246        21.6721
   23871      16.4313        21.8087
   23872      16.3127        20.8801
   23873      16.3561        21.4526
   23874      16.2559        21.5317
   23875      16.3057        21.7324
   23876      16.3179        21.3147
   23877      16.3705        21.6462
   23878      16.4104        22.1652
   23879      16.4138        21.5369
   23880      16.4036        21.6194
   23881      16.3823        21.7745
   23882      16.3849        21.8468
   23883      16.3658        21.6600
   23884      16.3866        22.0353
   23885      16.3083        21.5853
   23886      16.3596        21.1073
   23887      16.3170        21.3669
   23888      16.3240        21.8361
   23889      16.3910        21.8971
   23890      16.3224        21.8616
   23891      16.3606        22.1870
   23892      16.3366        21.7087
   23893      16.3302        21.7570
   23894      16.3161        22.3645
   23895      16.2992        22.0208
   23896      16.2699        20.8376
   23897      16.3244        21.4947
   23898      16.3401        22.2637
   23899      16.3972        22.1465
   23900      16.4168        22.2543
   23901      16.3365        21.9683
   23902      16.3349        22.1807
   23903      16.3510        22.3106
   23904      16.3341        22.2625
   23905      16.2990        21.6062
   23906      16.3718        21.8785
   23907      16.2742        21.6596
   23908      16.4191        21.8033
   23909      16.3499        21.7950
   23910      16.3125        21.9908
   23911      16.3190        22.1986
   23912      16.3831        21.9062
   23913      16.3674        22.0599
   23914      16.3618        22.3184
   23915      16.2672        21.5569
   23916      16.3260        21.6458
   23917      16.3918        21.9329
   23918      16.3952        22.1248
   23919      16.3713        22.0222
   23920      16.3751        21.1805
   23921      16.4502        22.8844
   23922      16.3955        22.2907
   23923      16.4195        22.3853
   23924      16.3945        22.4050
   23925      16.3525        22.2966
   23926      16.3186        21.8142
   23927      16.3432        21.8372
   23928      16.4512        22.2716
   23929      16.3656        22.2011
   23930      16.3478        21.6395
   23931      16.3634        21.7540
   23932      16.3627        21.4182
   23933      16.3189        22.0227
   23934      16.4009        22.1595
   23935      16.3873        21.9885
   23936      16.3461        21.9690
   23937      16.3627        21.9919
   23938      16.2865        21.5849
   23939      16.3750        22.3786
   23940      16.4136        21.9363
   23941      16.4039        21.9229
   23942      16.4390        22.4129
   23943      16.4391        21.7900
   23944      16.4749        22.1968
   23945      16.3604        21.6341
   23946      16.4240        21.8447
   23947      16.4559        21.8927
   23948      16.4592        21.8533
   23949      16.3433        22.0082
   23950      16.4338        21.8893
   23951      16.3461        21.9816
   23952      16.3881        22.1518
   23953      16.3467        21.9280
   23954      16.4234        22.0100
   23955      16.3876        22.1499
   23956      16.4442        22.0640
   23957      16.3603        21.9644
   23958      16.3948        21.8366
   23959      16.4169        21.9631
   23960      16.3829        21.8314
   23961      16.4150        21.4869
   23962      16.4405        21.5556
   23963      16.4099        22.1386
   23964      16.3714        21.9303
   23965      16.3730        22.1035
   23966      16.3924        22.6984
   23967      16.4312        22.1657
   23968      16.4770        22.5114
   23969      16.4440        22.6927
   23970      16.4263        22.1224
   23971      16.4231        22.4324
   23972      16.4330        21.3250
   23973      16.3600        22.0300
   23974      16.4206        21.8387
   23975      16.3152        21.6938
   23976      16.3924        21.2213
   23977      16.3377        21.8794
   23978      16.4067        21.4544
   23979      16.4027        22.3649
   23980      16.3353        21.6356
   23981      16.3522        21.7345
   23982      16.4407        21.9163
   23983      16.4273        21.3449
   23984      16.4206        21.8076
   23985      16.3501        21.7326
   23986      16.4061        22.1300
   23987      16.4275        21.7744
   23988      16.3587        22.7725
   23989      16.4410        22.3450
   23990      16.3990        21.9362
   23991      16.3186        21.2725
   23992      16.4173        22.1668
   23993      16.3567        21.9320
   23994      16.4326        21.9530
   23995      16.3870        22.1579
   23996      16.4266        21.9523
   23997      16.4439        22.0801
   23998      16.4042        21.7968
   23999      16.3567        21.9804
   24000      16.3862        22.9093
   24001      16.4341        22.4857
   24002      16.3844        21.5324
   24003      16.3173        21.7924
   24004      16.3593        21.9232
   24005      16.2908        22.2028
   24006      16.3181        22.0166
   24007      16.3561        21.9003
   24008      16.4178        21.9547
   24009      16.3391        21.4864
   24010      16.3437        22.3625
   24011      16.4583        22.0898
   24012      16.4205        22.2576
   24013      16.4044        22.2186
   24014      16.3140        21.7382
   24015      16.3335        21.5929
   24016      16.3088        22.1260
   24017      16.3555        22.2212
   24018      16.3153        21.7592
   24019      16.3821        21.9193
   24020      16.3989        21.5879
   24021      16.3908        22.6263
   24022      16.2798        21.5398
   24023      16.3417        22.0331
   24024      16.3577        22.3631
   24025      16.3675        22.0140
   24026      16.4317        21.9392
   24027      16.3415        21.7638
   24028      16.4289        21.6686
   24029      16.4530        22.1388
   24030      16.4483        21.9877
   24031      16.3722        22.3226
   24032      16.3760        21.7760
   24033      16.3150        21.2908
   24034      16.3923        21.8107
   24035      16.3668        21.4554
   24036      16.4114        22.0938
   24037      16.4099        22.0037
   24038      16.3628        21.8112
   24039      16.3898        21.2670
   24040      16.3897        21.2573
   24041      16.3809        21.9868
   24042      16.3142        21.5883
   24043      16.4039        21.5706
   24044      16.3842        21.7712
   24045      16.3078        21.7524
   24046      16.4077        22.0892
   24047      16.3184        22.1889
   24048      16.2838        21.5203
   24049      16.3292        22.4656
   24050      16.3137        22.2159
   24051      16.3969        22.9866
   24052      16.3268        22.0747
   24053      16.3381        21.6452
   24054      16.3573        21.9059
   24055      16.3811        21.8018
   24056      16.2692        21.4191
   24057      16.3511        21.8736
   24058      16.3206        21.7922
   24059      16.2990        21.5504
   24060      16.3534        21.5841
   24061      16.3862        21.8218
   24062      16.4106        21.8647
   24063      16.3821        21.9195
   24064      16.3418        22.3651
   24065      16.3584        22.2886
   24066      16.3018        21.8533
   24067      16.3054        21.6473
   24068      16.4119        22.0487
   24069      16.3546        22.4689
   24070      16.3707        22.5154
   24071      16.3399        21.5145
   24072      16.3956        22.0367
   24073      16.3356        21.5446
   24074      16.3374        21.8516
   24075      16.3697        21.8805
   24076      16.2667        21.1552
   24077      16.2673        21.2207
   24078      16.3537        21.1658
   24079      16.4208        21.6943
   24080      16.3633        22.0604
   24081      16.3907        21.3278
   24082      16.4220        22.0796
   24083      16.3376        21.4549
   24084      16.4391        21.8904
   24085      16.3521        21.5502
   24086      16.3354        21.9769
   24087      16.4040        21.9997
   24088      16.3213        21.7760
   24089      16.3255        21.9977
   24090      16.3456        21.7590
   24091      16.3257        21.7133
   24092      16.3612        22.2061
   24093      16.4515        21.8654
   24094      16.3740        22.0781
   24095      16.4072        22.3025
   24096      16.3812        21.8477
   24097      16.4279        21.9263
   24098      16.4008        21.9322
   24099      16.3701        22.2462
   24100      16.3669        22.6777
   24101      16.3555        21.9726
   24102      16.3578        22.1155
   24103      16.3925        21.6592
   24104      16.3487        22.4178
   24105      16.3483        22.3784
   24106      16.3416        21.8278
   24107      16.3661        21.4532
   24108      16.2845        21.8096
   24109      16.2569        21.6515
   24110      16.3035        22.2186
   24111      16.3232        21.3661
   24112      16.2979        22.2588
   24113      16.3977        22.2122
   24114      16.3641        22.5118
   24115      16.4699        22.8716
   24116      16.2928        22.3221
   24117      16.3263        22.3787
   24118      16.3704        22.6880
   24119      16.4122        22.3724
   24120      16.3640        22.6496
   24121      16.3372        21.9422
   24122      16.3863        22.3739
   24123      16.3749        22.6637
   24124      16.4264        22.3111
   24125      16.4406        22.6599
   24126      16.3745        22.1527
   24127      16.3335        21.9785
   24128      16.3721        21.7604
   24129      16.4097        22.0113
   24130      16.3671        21.6127
   24131      16.3526        21.6533
   24132      16.3801        22.0377
   24133      16.3178        21.6392
   24134      16.4113        21.9548
   24135      16.2969        22.2877
   24136      16.3134        22.0885
   24137      16.3662        21.9885
   24138      16.3636        22.1971
   24139      16.3606        21.7870
   24140      16.3262        21.9253
   24141      16.3014        21.7604
   24142      16.2722        21.0722
   24143      16.3457        21.7782
   24144      16.3163        22.1403
   24145      16.3655        22.0822
   24146      16.4290        22.1295
   24147      16.3916        22.2950
   24148      16.3705        22.0160
   24149      16.3579        22.6283
   24150      16.3704        22.6606
   24151      16.3181        22.0780
   24152      16.3366        22.1209
   24153      16.3532        22.0502
   24154      16.3537        21.8994
   24155      16.3725        22.6420
   24156      16.4207        22.2753
   24157      16.3130        22.0957
   24158      16.3511        22.3012
   24159      16.3812        22.1372
   24160      16.3486        21.7369
   24161      16.3639        21.8349
   24162      16.2580        22.1622
   24163      16.3163        21.3965
   24164      16.2937        21.6021
   24165      16.2634        21.2799
   24166      16.3275        22.4958
   24167      16.3697        21.9403
   24168      16.2817        22.6660
   24169      16.2633        21.9907
   24170      16.3284        21.6117
   24171      16.3106        22.2825
   24172      16.3733        21.6598
   24173      16.3433        21.8811
   24174      16.3695        22.5550
   24175      16.3408        21.4922
   24176      16.3430        22.1872
   24177      16.3110        21.6402
   24178      16.2993        21.8585
   24179      16.3386        22.0401
   24180      16.2556        21.6212
   24181      16.3116        21.5803
   24182      16.3481        22.0356
   24183      16.3329        21.6161
   24184      16.2743        21.9246
   24185      16.3323        21.8290
   24186      16.2652        21.9506
   24187      16.2945        22.1639
   24188      16.2417        21.4476
   24189      16.3336        22.4132
   24190      16.3580        22.0523
   24191      16.3675        21.6464
   24192      16.3472        21.6264
   24193      16.3480        22.2562
   24194      16.2563        21.7406
   24195      16.2503        21.3087
   24196      16.3221        21.8861
   24197      16.3694        22.2397
   24198      16.3263        22.5241
   24199      16.3492        21.9860
   24200      16.3509        21.5123
   24201      16.3182        21.6584
   24202      16.3391        21.7743
   24203      16.4052        21.8641
   24204      16.3130        21.8699
   24205      16.3578        22.1944
   24206      16.3272        21.8501
   24207      16.3250        21.9876
   24208      16.2982        21.6477
   24209      16.2802        21.7011
   24210      16.3252        21.8488
   24211      16.3218        21.4877
   24212      16.2699        21.5939
   24213      16.2990        22.2119
   24214      16.2889        21.6683
   24215      16.2882        22.0797
   24216      16.2734        21.7308
   24217      16.3489        22.0724
   24218      16.3143        21.7617
   24219      16.3166        22.3874
   24220      16.2705        21.5578
   24221      16.2621        21.8331
   24222      16.2300        21.5901
   24223      16.3133        21.6959
   24224      16.3119        22.3853
   24225      16.2720        21.8384
   24226      16.3652        22.1657
   24227      16.3207        22.4310
   24228      16.2969        21.6949
   24229      16.2656        21.7218
   24230      16.3013        22.2976
   24231      16.2224        21.6797
   24232      16.2567        21.7623
   24233      16.3263        22.1699
   24234      16.3412        22.0497
   24235      16.2909        21.6332
   24236      16.3121        21.5810
   24237      16.2724        21.7619
   24238      16.3698        21.6880
   24239      16.2362        21.4857
   24240      16.3527        21.6648
   24241      16.3218        21.8209
   24242      16.2971        21.7097
   24243      16.2871        22.2181
   24244      16.3329        22.0725
   24245      16.3501        21.7677
   24246      16.3331        22.4865
   24247      16.3181        21.9102
   24248      16.3538        21.7360
   24249      16.3707        22.1547
   24250      16.3651        21.6593
   24251      16.3561        21.8608
   24252      16.3924        21.6665
   24253      16.3347        21.7596
   24254      16.4007        21.7153
   24255      16.3710        21.6993
   24256      16.2643        21.3844
   24257      16.3329        21.5133
   24258      16.4065        22.1872
   24259      16.3443        22.0032
   24260      16.3868        21.5925
   24261      16.3566        22.1220
   24262      16.4253        22.1279
   24263      16.3531        22.0963
   24264      16.3928        21.7667
   24265      16.4029        21.9223
   24266      16.3191        22.0017
   24267      16.3573        21.9996
   24268      16.3751        21.6044
   24269      16.3349        21.8694
   24270      16.2957        22.4380
   24271      16.3271        21.6492
   24272      16.3500        21.9171
   24273      16.3535        21.6636
   24274      16.3342        21.6166
   24275      16.3296        21.4493
   24276      16.3520        21.6833
   24277      16.3313        22.2556
   24278      16.3584        21.0814
   24279      16.3769        21.3908
   24280      16.3646        22.0470
   24281      16.3924        21.7749
   24282      16.3187        21.6514
   24283      16.3769        21.1711
   24284      16.3087        21.0700
   24285      16.3346        22.3076
   24286      16.3011        21.5380
   24287      16.3463        21.7451
   24288      16.2904        21.6103
   24289      16.2176        21.4908
   24290      16.3478        21.8412
   24291      16.4103        22.2455
   24292      16.3336        21.9286
   24293      16.3401        21.5035
   24294      16.3214        21.8749
   24295      16.3547        22.0523
   24296      16.3870        21.3866
   24297      16.4192        21.6775
   24298      16.3242        21.4121
   24299      16.3842        21.2970
   24300      16.3357        21.4430
   24301      16.2820        21.1661
   24302      16.3461        21.9365
   24303      16.3593        21.6060
   24304      16.2706        21.1098
   24305      16.3573        21.7052
   24306      16.2894        21.2400
   24307      16.3111        21.5457
   24308      16.3257        21.6754
   24309      16.3498        22.0181
   24310      16.3101        21.0005
   24311      16.3452        22.0694
   24312      16.3112        21.4147
   24313      16.3434        21.8362
   24314      16.3631        21.7814
   24315      16.3419        21.4406
   24316      16.4001        21.8051
   24317      16.3519        22.0899
   24318      16.4524        21.8019
   24319      16.3283        21.4240
   24320      16.3959        21.3801
   24321      16.3691        21.9077
   24322      16.2913        21.5472
   24323      16.3565        21.5365
   24324      16.2493        22.2160
   24325      16.3019        22.0074
   24326      16.3399        22.0836
   24327      16.3670        21.6101
   24328      16.3806        22.1792
   24329      16.4136        21.7472
   24330      16.3839        21.6973
   24331      16.3584        21.2371
   24332      16.2986        21.5306
   24333      16.3227        21.7213
   24334      16.2965        21.9796
   24335      16.4319        23.2789
   24336      16.4242        21.4928
   24337      16.3417        22.2974
   24338      16.3264        21.9008
   24339      16.3583        21.2298
   24340      16.3815        21.3014
   24341      16.3956        22.1416
   24342      16.3015        21.4429
   24343      16.3558        21.9247
   24344      16.3108        21.2636
   24345      16.3855        21.6764
   24346      16.3013        21.6528
   24347      16.4131        21.6010
   24348      16.3554        21.6596
   24349      16.3703        22.1644
   24350      16.3428        21.8825
   24351      16.3283        21.9765
   24352      16.3496        21.5360
   24353      16.3076        21.6821
   24354      16.3177        22.1095
   24355      16.3426        21.2312
   24356      16.3289        21.7174
   24357      16.2886        21.3924
   24358      16.4003        21.6423
   24359      16.4458        22.3684
   24360      16.3787        21.7884
   24361      16.3859        21.6109
   24362      16.3649        21.5913
   24363      16.3277        21.7345
   24364      16.3868        21.5897
   24365      16.3391        22.1320
   24366      16.4676        22.2283
   24367      16.3930        22.0486
   24368      16.3121        21.1480
   24369      16.3464        21.6180
   24370      16.3812        21.3162
   24371      16.3694        22.5341
   24372      16.3922        21.6208
   24373      16.3252        22.4932
   24374      16.3513        22.0350
   24375      16.3151        21.6687
   24376      16.4271        21.6366
   24377      16.3627        22.4696
   24378      16.3680        21.7892
   24379      16.3029        21.4726
   24380      16.3351        22.0447
   24381      16.3600        21.9454
   24382      16.3885        21.8411
   24383      16.3387        21.4640
   24384      16.3486        21.8659
   24385      16.4083        21.6278
   24386      16.3457        21.9505
   24387      16.3627        22.1750
   24388      16.2976        21.4281
   24389      16.3854        22.0402
   24390      16.3837        21.9315
   24391      16.3598        22.2276
   24392      16.3591        21.7532
   24393      16.4320        21.9130
   24394      16.3537        22.3389
   24395      16.3437        21.9928
   24396      16.2805        21.3044
   24397      16.3468        21.2229
   24398      16.2668        21.3183
   24399      16.4043        22.0634
   24400      16.3460        21.5927
   24401      16.3370        21.6899
   24402      16.2819        21.3198
   24403      16.3165        21.9390
   24404      16.2852        21.2432
   24405      16.3507        21.2722
   24406      16.3448        21.8793
   24407      16.3970        21.2609
   24408      16.2253        21.6576
   24409      16.3339        21.7282
   24410      16.3998        21.6327
   24411      16.3765        22.1358
   24412      16.3093        21.6006
   24413      16.3336        21.9649
   24414      16.4000        21.7832
   24415      16.3600        21.8983
   24416      16.4047        22.6991
   24417      16.4037        22.1357
   24418      16.3567        21.6936
   24419      16.3983        22.0100
   24420      16.3360        21.6983
   24421      16.3081        22.0997
   24422      16.4293        21.7617
   24423      16.4135        22.8255
   24424      16.3892        22.2582
   24425      16.3326        22.4023
   24426      16.3947        21.8409
   24427      16.3733        21.6995
   24428      16.3467        22.1393
   24429      16.4203        21.8853
   24430      16.4270        22.1374
   24431      16.4669        22.6118
   24432      16.3785        21.9776
   24433      16.3890        22.4030
   24434      16.4483        22.1063
   24435      16.3795        21.7028
   24436      16.3237        21.5089
   24437      16.3450        21.3361
   24438      16.3676        21.8334
   24439      16.3129        21.3663
   24440      16.3964        22.2776
   24441      16.4044        22.1349
   24442      16.3937        21.8216
   24443      16.4132        21.6169
   24444      16.3478        21.4481
   24445      16.3741        21.4649
   24446      16.3553        22.1077
   24447      16.3860        21.8310
   24448      16.2760        21.2947
   24449      16.4316        22.0944
   24450      16.3968        22.1666
   24451      16.4110        21.8911
   24452      16.3732        21.7951
   24453      16.3305        21.6527
   24454      16.4158        21.8407
   24455      16.3191        21.8905
   24456      16.4680        21.5597
   24457      16.3535        22.5027
   24458      16.4723        22.0282
   24459      16.4162        21.7109
   24460      16.3789        21.7021
   24461      16.4073        22.2177
   24462      16.4258        21.8380
   24463      16.3509        21.5138
   24464      16.3482        22.6278
   24465      16.3803        21.9480
   24466      16.3198        21.8570
   24467      16.3381        21.1149
   24468      16.3480        21.1544
   24469      16.4058        22.2278
   24470      16.3217        21.4473
   24471      16.3189        21.6501
   24472      16.3337        22.0246
   24473      16.4107        21.7987
   24474      16.3242        21.7201
   24475      16.3221        22.0207
   24476      16.3212        21.6622
   24477      16.3848        22.3822
   24478      16.3411        21.4650
   24479      16.3603        22.1971
   24480      16.4224        21.9429
   24481      16.3169        22.3040
   24482      16.2806        21.4268
   24483      16.3147        21.3289
   24484      16.3758        22.3405
   24485      16.3486        22.5292
   24486      16.4378        22.3510
   24487      16.3670        21.8304
   24488      16.3473        21.3234
   24489      16.4053        21.5624
   24490      16.3694        21.9547
   24491      16.3002        21.4239
   24492      16.3432        21.7639
   24493      16.3225        21.7258
   24494      16.3311        21.5562
   24495      16.2643        21.5175
   24496      16.2545        21.5694
   24497      16.3270        22.3146
   24498      16.3634        21.8534
   24499      16.3634        21.9156
   24500      16.3466        22.1446
   24501      16.3999        22.2032
   24502      16.3895        22.0406
   24503      16.3459        21.8811
   24504      16.4060        21.4655
   24505      16.3741        21.9327
   24506      16.3757        21.8298
   24507      16.3723        22.3969
   24508      16.3317        22.0031
   24509      16.4260        21.8266
   24510      16.3709        22.4391
   24511      16.3722        22.1684
   24512      16.4903        22.9893
   24513      16.3384        21.6321
   24514      16.3088        21.8137
   24515      16.3076        21.7348
   24516      16.3453        22.0988
   24517      16.3107        21.6519
   24518      16.3137        22.5273
   24519      16.3330        21.9508
   24520      16.3078        21.7855
   24521      16.3481        21.8017
   24522      16.3456        21.5172
   24523      16.3739        22.2027
   24524      16.3411        21.3407
   24525      16.3783        22.0261
   24526      16.3622        21.7630
   24527      16.4161        21.8224
   24528      16.3413        22.6879
   24529      16.3044        21.7060
   24530      16.3730        21.8350
   24531      16.3340        22.1019
   24532      16.3489        21.8235
   24533      16.3965        21.7705
   24534      16.3670        22.3173
   24535      16.4179        22.5734
   24536      16.3238        21.9541
   24537      16.3441        21.4840
   24538      16.3400        21.7139
   24539      16.4259        21.6274
   24540      16.3667        21.9533
   24541      16.3797        21.7391
   24542      16.3677        21.9281
   24543      16.4508        22.1900
   24544      16.3497        22.1566
   24545      16.4628        21.6599
   24546      16.4193        21.5795
   24547      16.3564        22.0429
   24548      16.3735        22.3134
   24549      16.3694        21.8290
   24550      16.3206        22.4406
   24551      16.3464        21.7260
   24552      16.3544        21.9639
   24553      16.3556        22.1241
   24554      16.3168        21.7166
   24555      16.3090        21.7209
   24556      16.3422        22.6946
   24557      16.3581        21.4050
   24558      16.3496        21.9032
   24559      16.3092        22.0318
   24560      16.3258        21.8979
   24561      16.3415        22.0912
   24562      16.3847        22.3842
   24563      16.3077        22.2423
   24564      16.3075        21.7796
   24565      16.3042        21.7195
   24566      16.3657        21.7851
   24567      16.2785        22.3084
   24568      16.2968        21.7297
   24569      16.3620        22.1138
   24570      16.2799        21.4755
   24571      16.2716        22.0386
   24572      16.3051        21.9092
   24573      16.3211        21.1518
   24574      16.3608        21.8694
   24575      16.3492        21.9453
   24576      16.2643        21.4148
   24577      16.2860        22.0392
   24578      16.3296        21.8223
   24579      16.3091        21.3049
   24580      16.2969        21.5969
   24581      16.4394        21.8908
   24582      16.3653        21.5885
   24583      16.3063        21.5668
   24584      16.3420        21.9605
   24585      16.3357        21.7730
   24586      16.4123        21.7811
   24587      16.3313        21.7151
   24588      16.3177        22.0296
   24589      16.3379        21.7199
   24590      16.4742        22.0428
   24591      16.3724        22.2752
   24592      16.3326        22.3734
   24593      16.3703        22.3038
   24594      16.3992        21.9196
   24595      16.4578        22.3867
   24596      16.2854        21.7321
   24597      16.3527        21.5524
   24598      16.3591        22.1622
   24599      16.3195        21.9996
   24600      16.3124        21.4931
   24601      16.3569        22.1929
   24602      16.3465        22.0659
   24603      16.3317        22.1779
   24604      16.3259        21.9725
   24605      16.3095        21.7081
   24606      16.3112        21.5776
   24607      16.3178        22.3206
   24608      16.3675        21.4424
   24609      16.3126        21.4728
   24610      16.3102        21.6540
   24611      16.3283        21.1427
   24612      16.2894        21.3507
   24613      16.2400        21.2132
   24614      16.3778        22.0739
   24615      16.4135        22.1830
   24616      16.3762        22.0963
   24617      16.3369        21.8342
   24618      16.3243        21.6445
   24619      16.2649        21.9803
   24620      16.3894        21.8853
   24621      16.2966        21.4738
   24622      16.3085        21.5057
   24623      16.2852        21.8685
   24624      16.2824        21.7531
   24625      16.4045        21.7048
   24626      16.3540        22.1263
   24627      16.3136        22.1842
   24628      16.4263        22.1486
   24629      16.3422        21.8472
   24630      16.3370        22.1815
   24631      16.3797        22.1816
   24632      16.3865        21.5218
   24633      16.3980        22.2236
   24634      16.4274        22.6007
   24635      16.3111        21.6055
   24636      16.3618        22.3497
   24637      16.3746        21.5792
   24638      16.4628        22.1357
   24639      16.3686        21.6643
   24640      16.4226        21.2446
   24641      16.3793        22.1545
   24642      16.3712        22.4491
   24643      16.3671        22.0237
   24644      16.4116        21.8788
   24645      16.3936        21.7343
   24646      16.3951        21.6661
   24647      16.3338        21.7286
   24648      16.3638        22.0447
   24649      16.3414        21.3999
   24650      16.2916        22.0304
   24651      16.3284        21.9241
   24652      16.3437        21.9523
   24653      16.3344        21.7944
   24654      16.3376        21.6733
   24655      16.3122        21.7496
   24656      16.3398        21.7666
   24657      16.4054        21.8870
   24658      16.3344        21.5332
   24659      16.3661        21.9487
   24660      16.2527        22.3089
   24661      16.2795        21.3366
   24662      16.3695        21.7655
   24663      16.3545        21.9033
   24664      16.3363        21.8066
   24665      16.3085        22.0741
   24666      16.3266        21.5163
   24667      16.3749        22.4034
   24668      16.3684        21.9841
   24669      16.4293        21.5013
   24670      16.3627        22.1626
   24671      16.2998        21.5496
   24672      16.3921        21.5527
   24673      16.3378        21.8505
   24674      16.3626        21.3568
   24675      16.3649        21.5662
   24676      16.4031        21.6405
   24677      16.4239        22.0891
   24678      16.3392        22.2508
   24679      16.3772        22.3591
   24680      16.3682        22.1045
   24681      16.3811        22.5908
   24682      16.3596        21.5558
   24683      16.3970        21.5887
   24684      16.2909        21.7725
   24685      16.2819        22.4507
   24686      16.3025        22.9246
   24687      16.3475        22.2604
   24688      16.2726        22.0096
   24689      16.3648        21.7615
   24690      16.2791        21.9015
   24691      16.3772        21.5876
   24692      16.4055        22.4768
   24693      16.3658        22.0034
   24694      16.3135        21.6440
   24695      16.3088        21.6835
   24696      16.2541        22.1517
   24697      16.3246        22.1018
   24698      16.2972        22.4671
   24699      16.3306        21.6609
   24700      16.3115        21.4470
   24701      16.2767        21.5652
   24702      16.3935        22.3275
   24703      16.2828        22.0550
   24704      16.2872        21.8299
   24705      16.3650        21.7190
   24706      16.4066        21.9056
   24707      16.2877        21.4787
   24708      16.3311        21.3853
   24709      16.3593        21.5104
   24710      16.3120        22.4312
   24711      16.3732        21.9164
   24712      16.3178        23.2079
   24713      16.3620        21.9101
   24714      16.3828        22.3949
   24715      16.3393        21.9839
   24716      16.2729        21.8331
   24717      16.3599        22.0866
   24718      16.3378        22.1737
   24719      16.2437        21.5403
   24720      16.3157        22.3090
   24721      16.3465        21.4047
   24722      16.2770        21.8054
   24723      16.3318        21.4764
   24724      16.3592        21.9832
   24725      16.3579        22.1023
   24726      16.3261        21.8719
   24727      16.2763        22.1577
   24728      16.3338        21.5504
   24729      16.2973        21.6204
   24730      16.3077        22.2906
   24731      16.4540        21.6668
   24732      16.3491        21.6790
   24733      16.3601        21.7670
   24734      16.3599        21.6789
   24735      16.3371        21.7477
   24736      16.2946        21.6368
   24737      16.3122        21.6765
   24738      16.2723        21.9408
   24739      16.2707        21.9086
   24740      16.3753        21.7349
   24741      16.3311        22.2066
   24742      16.2831        21.9169
   24743      16.3937        22.2725
   24744      16.3942        22.4982
   24745      16.3729        22.2948
   24746      16.3838        22.1621
   24747      16.3304        21.7393
   24748      16.3234        22.4379
   24749      16.4029        22.7478
   24750      16.3190        22.5111
   24751      16.3423        21.4808
   24752      16.4286        22.0142
   24753      16.3637        21.8867
   24754      16.3882        22.5696
   24755      16.3829        22.1637
   24756      16.3244        22.3949
   24757      16.4401        22.4312
   24758      16.3438        22.4963
   24759      16.3995        22.2985
   24760      16.3106        22.6935
   24761      16.3558        21.6777
   24762      16.3772        21.6886
   24763      16.3585        22.1087
   24764      16.2744        21.6018
   24765      16.3532        22.4772
   24766      16.4312        22.3973
   24767      16.3274        21.9918
   24768      16.3893        21.5401
   24769      16.3502        21.8171
   24770      16.3390        21.8293
   24771      16.3658        22.2071
   24772      16.3058        21.7915
   24773      16.3892        22.0948
   24774      16.3840        22.5890
   24775      16.3298        22.2305
   24776      16.3294        22.0869
   24777      16.3657        22.5696
   24778      16.3234        21.9854
   24779      16.3649        22.8049
   24780      16.4303        22.6155
   24781      16.2770        21.8410
   24782      16.2722        21.5133
   24783      16.3942        22.0847
   24784      16.3231        22.0635
   24785      16.2786        22.2556
   24786      16.3149        22.0826
   24787      16.3232        22.0097
   24788      16.2872        21.7779
   24789      16.3067        21.8017
   24790      16.3226        21.1332
   24791      16.3091        21.3078
   24792      16.4196        22.0310
   24793      16.3405        22.0244
   24794      16.3506        21.6244
   24795      16.3427        21.3636
   24796      16.2973        21.4226
   24797      16.3447        22.0932
   24798      16.3511        22.3834
   24799      16.3018        22.0844
   24800      16.3640        21.7454
   24801      16.3323        22.2733
   24802      16.2480        21.7279
   24803      16.2601        21.7413
   24804      16.3545        21.9215
   24805      16.3511        22.1594
   24806      16.3147        21.4674
   24807      16.3570        22.2977
   24808      16.3479        22.0326
   24809      16.2769        21.7439
   24810      16.3354        22.5588
   24811      16.3112        22.2603
   24812      16.3479        21.9252
   24813      16.3321        21.8831
   24814      16.3221        21.9915
   24815      16.4194        22.1699
   24816      16.3603        22.1027
   24817      16.3744        22.3063
   24818      16.3362        22.4103
   24819      16.3531        21.7199
   24820      16.2730        21.2938
   24821      16.3104        22.2497
   24822      16.3016        22.0708
   24823      16.3109        22.6262
   24824      16.2748        21.3810
   24825      16.3070        21.5125
   24826      16.3316        22.8620
   24827      16.2735        21.8569
   24828      16.3032        22.0608
   24829      16.3377        21.8799
   24830      16.3663        21.8483
   24831      16.2982        21.8035
   24832      16.3141        22.0047
   24833      16.3336        21.3571
   24834      16.3056        21.5715
   24835      16.2973        21.9446
   24836      16.3309        22.1385
   24837      16.3243        21.4180
   24838      16.3298        21.6874
   24839      16.2915        21.5230
   24840      16.3019        21.5877
   24841      16.3737        21.7108
   24842      16.3096        21.5516
   24843      16.2743        21.1381
   24844      16.3306        21.4845
   24845      16.2492        21.3779
   24846      16.3010        21.3574
   24847      16.3500        21.5497
   24848      16.3038        22.1117
   24849      16.2712        21.4366
   24850      16.2830        21.6962
   24851      16.2762        21.2939
   24852      16.3258        22.0014
   24853      16.3066        22.0591
   24854      16.2958        21.8684
   24855      16.3006        21.7341
   24856      16.3431        21.8098
   24857      16.3201        22.2631
   24858      16.4197        21.8631
   24859      16.3788        22.3860
   24860      16.4548        22.6589
   24861      16.4015        21.8305
   24862      16.3030        21.7441
   24863      16.2965        22.1188
   24864      16.3024        21.3752
   24865      16.3277        22.0020
   24866      16.3726        21.7469
   24867      16.3551        22.4145
   24868      16.3908        22.0134
   24869      16.3046        21.9662
   24870      16.3527        22.0469
   24871      16.3157        21.7777
   24872      16.3143        21.9725
   24873      16.3169        21.6979
   24874      16.3543        21.8625
   24875      16.2813        22.1032
   24876      16.3571        22.0820
   24877      16.3005        21.4983
   24878      16.3230        21.4078
   24879      16.3275        22.0804
   24880      16.3512        21.8499
   24881      16.2606        21.7762
   24882      16.2909        22.0825
   24883      16.2906        21.6052
   24884      16.3809        21.5032
   24885      16.2788        21.4051
   24886      16.3065        21.2709
   24887      16.3518        21.6860
   24888      16.3369        22.0466
   24889      16.3057        21.7198
   24890      16.3273        21.7191
   24891      16.3696        21.9128
   24892      16.3707        21.8706
   24893      16.3639        21.4489
   24894      16.3632        21.8473
   24895      16.3596        21.9015
   24896      16.4047        22.1932
   24897      16.3494        21.6018
   24898      16.3547        22.1419
   24899      16.3042        21.8845
   24900      16.3642        21.6998
   24901      16.3667        21.2845
   24902      16.3946        21.8472
   24903      16.4025        21.9107
   24904      16.3504        21.8879
   24905      16.3643        21.6819
   24906      16.3670        21.9519
   24907      16.3590        21.6705
   24908      16.4278        21.9459
   24909      16.2583        21.4292
   24910      16.4267        22.2788
   24911      16.3479        22.0495
   24912      16.4138        22.1913
   24913      16.3344        21.6453
   24914      16.3217        22.6043
   24915      16.3361        21.5525
   24916      16.3345        21.8465
   24917      16.3274        22.0464
   24918      16.2971        21.7345
   24919      16.3403        21.9332
   24920      16.3192        22.1753
   24921      16.3366        21.4928
   24922      16.3829        21.9380
   24923      16.3661        22.0114
   24924      16.3148        21.9123
   24925      16.3900        22.3165
   24926      16.2647        22.1576
   24927      16.3231        21.8796
   24928      16.2684        21.7764
   24929      16.3340        22.1748
   24930      16.3580        21.9086
   24931      16.3719        21.8213
   24932      16.3650        22.1553
   24933      16.3941        22.3778
   24934      16.3530        21.4383
   24935      16.4521        21.9763
   24936      16.3417        22.1797
   24937      16.3258        21.3633
   24938      16.3412        21.9079
   24939      16.3925        21.6645
   24940      16.3082        21.7400
   24941      16.3332        22.1746
   24942      16.3312        21.8288
   24943      16.3750        21.8705
   24944      16.3455        22.2294
   24945      16.2701        21.5341
   24946      16.3372        21.8687
   24947      16.2754        21.5354
   24948      16.2624        21.5352
   24949      16.2721        21.8558
   24950      16.3497        21.6290
   24951      16.3266        21.9764
   24952      16.3351        21.7629
   24953      16.3722        21.9218
   24954      16.3446        21.0887
   24955      16.3315        21.4878
   24956      16.3609        22.1626
   24957      16.2552        21.6591
   24958      16.2602        21.4670
   24959      16.2337        20.9853
   24960      16.2798        20.8983
   24961      16.2804        21.9178
   24962      16.3563        21.6271
   24963      16.3008        21.5706
   24964      16.2987        21.3307
   24965      16.3717        21.7646
   24966      16.2952        21.6846
   24967      16.2976        21.7231
   24968      16.3418        21.0407
   24969      16.3642        21.9202
   24970      16.4340        22.1932
   24971      16.4083        21.9114
   24972      16.3482        21.6522
   24973      16.3312        21.4500
   24974      16.3913        21.9446
   24975      16.3188        21.4758
   24976      16.4084        22.2524
   24977      16.4233        22.5978
   24978      16.3127        21.6996
   24979      16.4159        21.7158
   24980      16.3712        21.4528
   24981      16.3663        21.3816
   24982      16.4051        22.1831
   24983      16.3871        21.8277
   24984      16.3695        22.0357
   24985      16.3370        21.8071
   24986      16.3456        21.6580
   24987      16.4740        21.8313
   24988      16.5016        21.9565
   24989      16.4802        21.8470
   24990      16.3860        22.4247
   24991      16.3942        21.9064
   24992      16.3621        21.2506
   24993      16.4657        21.7156
   24994      16.2683        21.4382
   24995      16.3018        21.2361
   24996      16.3549        22.2443
   24997      16.3575        21.4527
   24998      16.3443        21.2556
   24999      16.3754        21.4652
   25000      16.3759        21.6067
