#Frame     MyAvg.rst7
       1       1.1340
       2       1.2788
       3       1.2165
       4       1.2439
       5       1.1048
       6       1.0268
       7       1.1052
       8       1.1344
       9       1.0716
      10       1.2144
      11       1.1523
      12       1.2828
      13       1.2094
      14       1.2972
      15       1.2827
      16       1.1806
      17       1.1357
      18       1.1737
      19       1.1362
      20       1.0493
      21       1.1558
      22       1.2361
      23       1.1491
      24       1.0439
      25       1.0626
      26       1.1162
      27       1.1786
      28       1.1682
      29       1.1523
      30       1.2549
      31       1.2244
      32       1.2858
      33       1.2507
      34       1.1181
      35       1.2229
      36       1.1115
      37       1.0269
      38       1.0320
      39       1.0353
      40       0.9693
      41       0.9975
      42       0.9963
      43       1.0380
      44       1.0667
      45       0.9612
      46       0.9641
      47       0.9849
      48       0.9337
      49       0.9776
      50       1.0536
      51       0.8621
      52       1.0187
      53       1.0324
      54       0.9882
      55       1.0489
      56       1.0839
      57       1.0211
      58       1.0599
      59       0.9981
      60       0.8016
      61       0.9603
      62       0.9532
      63       0.8301
      64       0.8189
      65       0.9314
      66       0.8921
      67       0.9345
      68       0.9366
      69       0.9647
      70       0.7573
      71       0.7761
      72       0.7482
      73       0.8412
      74       0.9398
      75       0.8235
      76       0.8924
      77       0.7995
      78       0.9174
      79       0.9268
      80       0.8784
      81       0.8250
      82       0.8382
      83       0.9038
      84       0.8688
      85       0.8874
      86       1.0984
      87       1.1423
      88       1.1107
      89       1.1610
      90       1.2640
      91       1.0710
      92       1.1307
      93       0.9807
      94       0.8222
      95       0.8126
      96       0.8462
      97       0.8953
      98       0.8772
      99       0.8068
     100       0.8588
     101       0.8065
     102       0.7896
     103       0.8318
     104       0.8914
     105       0.8494
     106       0.9121
     107       0.9299
     108       0.9975
     109       0.9387
     110       0.9210
     111       0.9005
     112       0.8264
     113       0.8852
     114       0.8736
     115       0.8505
     116       0.7874
     117       0.7417
     118       0.8782
     119       0.8885
     120       0.8854
     121       0.9572
     122       1.0061
     123       1.0095
     124       0.9703
     125       0.9809
     126       0.9716
     127       0.8893
     128       0.8260
     129       0.8431
     130       0.8175
     131       0.8878
     132       0.8247
     133       0.9555
     134       0.9382
     135       0.9884
     136       0.9160
     137       0.9558
     138       1.0194
     139       1.0922
     140       1.0674
     141       1.0209
     142       1.0928
     143       1.1019
     144       1.1738
     145       1.0029
     146       1.0343
     147       0.9387
     148       0.9317
     149       0.9950
     150       0.8986
     151       0.8776
     152       0.7994
     153       0.8191
     154       0.8441
     155       0.9576
     156       0.9430
     157       0.9853
     158       0.8885
     159       0.7979
     160       0.8808
     161       0.8735
     162       0.8011
     163       0.7969
     164       0.8068
     165       0.8863
     166       0.7907
     167       0.7802
     168       0.7395
     169       0.8035
     170       0.7488
     171       0.7293
     172       0.7772
     173       0.7440
     174       0.7595
     175       0.7764
     176       0.7791
     177       0.7482
     178       0.7561
     179       0.7273
     180       0.7673
     181       0.7265
     182       0.8286
     183       0.9335
     184       1.0206
     185       0.9911
     186       0.9721
     187       0.8453
     188       0.7699
     189       0.8357
     190       0.7558
     191       0.8603
     192       0.7662
     193       0.7825
     194       0.7910
     195       0.6894
     196       0.7047
     197       0.8521
     198       0.8298
     199       0.6499
     200       0.7510
     201       0.7946
     202       0.7030
     203       0.8123
     204       0.7970
     205       0.7458
     206       0.7330
     207       0.8069
     208       0.8703
     209       0.7802
     210       0.8734
     211       0.7886
     212       0.8264
     213       0.7375
     214       0.8139
     215       0.8708
     216       0.7024
     217       0.7016
     218       0.6732
     219       0.6563
     220       0.7044
     221       0.6483
     222       0.7585
     223       0.7286
     224       0.8891
     225       0.8209
     226       0.7129
     227       0.7224
     228       0.7122
     229       0.7421
     230       0.7347
     231       0.8014
     232       0.8657
     233       0.8210
     234       0.7842
     235       0.7146
     236       0.7489
     237       0.6529
     238       0.7701
     239       0.8041
     240       0.7593
     241       0.7295
     242       0.8572
     243       0.8312
     244       0.7463
     245       0.7650
     246       0.8101
     247       0.7970
     248       0.7745
     249       0.7905
     250       0.7414
     251       0.7859
     252       0.6441
     253       0.9227
     254       0.7256
     255       0.7871
     256       0.7285
     257       0.7316
     258       0.7409
     259       0.7136
     260       0.7490
     261       0.7843
     262       0.7246
     263       0.8225
     264       0.7088
     265       0.7617
     266       0.7399
     267       0.9388
     268       0.8383
     269       0.8505
     270       0.8616
     271       0.9003
     272       0.8093
     273       0.7910
     274       0.8739
     275       0.8432
     276       0.9070
     277       1.0041
     278       0.9361
     279       0.8690
     280       0.8507
     281       0.8037
     282       0.8660
     283       0.7073
     284       0.7302
     285       0.6611
     286       0.8162
     287       0.7698
     288       0.7382
     289       0.7548
     290       0.7808
     291       0.8716
     292       0.7167
     293       0.8301
     294       0.8200
     295       0.7259
     296       0.7019
     297       0.7243
     298       0.7329
     299       0.7675
     300       0.7789
     301       0.7338
     302       0.7817
     303       0.8613
     304       0.8560
     305       0.8010
     306       0.8298
     307       0.7404
     308       0.7835
     309       0.7572
     310       0.6996
     311       0.7713
     312       0.8231
     313       0.7018
     314       0.7568
     315       0.7646
     316       0.8723
     317       0.7387
     318       0.7788
     319       0.7543
     320       0.8174
     321       0.7900
     322       0.8091
     323       0.8016
     324       0.7260
     325       0.9192
     326       0.8291
     327       0.9168
     328       0.8078
     329       0.7591
     330       0.7857
     331       0.7887
     332       0.7906
     333       0.7517
     334       0.7789
     335       0.7565
     336       0.8161
     337       0.7371
     338       0.7406
     339       0.8151
     340       0.7154
     341       0.8141
     342       0.6694
     343       0.8603
     344       0.8132
     345       0.6869
     346       0.6893
     347       0.7463
     348       0.7571
     349       0.7687
     350       0.8500
     351       0.7855
     352       0.8413
     353       0.8263
     354       0.8228
     355       0.8768
     356       0.8380
     357       0.8349
     358       0.8478
     359       0.7622
     360       0.7882
     361       0.7735
     362       0.8596
     363       0.9377
     364       0.8322
     365       0.9370
     366       0.8595
     367       0.8846
     368       0.8742
     369       0.7465
     370       0.9257
     371       0.7871
     372       0.7988
     373       0.8210
     374       0.8609
     375       0.9191
     376       0.8042
     377       0.8530
     378       0.8327
     379       0.8376
     380       0.8111
     381       1.0463
     382       0.7902
     383       0.7095
     384       0.8066
     385       0.8196
     386       0.7328
     387       0.8011
     388       0.7431
     389       0.7048
     390       0.8390
     391       0.8830
     392       0.8721
     393       0.8131
     394       0.8165
     395       0.8141
     396       0.8455
     397       1.0409
     398       1.0509
     399       0.9367
     400       1.0453
     401       1.0658
     402       0.8119
     403       0.9122
     404       0.8042
     405       0.8769
     406       0.7541
     407       0.8376
     408       0.8754
     409       0.9633
     410       0.8495
     411       0.7245
     412       0.8648
     413       0.8391
     414       0.8231
     415       0.7870
     416       0.8522
     417       0.7879
     418       0.8920
     419       0.8982
     420       0.7737
     421       0.9068
     422       0.7516
     423       0.8488
     424       0.7817
     425       0.7795
     426       0.7736
     427       0.7587
     428       0.8747
     429       0.7693
     430       0.8949
     431       0.8501
     432       0.9086
     433       0.8235
     434       0.9260
     435       0.7394
     436       0.8665
     437       0.7821
     438       0.8900
     439       0.9470
     440       0.9342
     441       0.8827
     442       0.8197
     443       0.8441
     444       0.8465
     445       0.7749
     446       0.8032
     447       0.8031
     448       0.9258
     449       0.8557
     450       0.8365
     451       0.9149
     452       0.8678
     453       0.8888
     454       0.7801
     455       0.8636
     456       0.8078
     457       0.7929
     458       0.7289
     459       0.8508
     460       0.8297
     461       0.8477
     462       0.9024
     463       0.8663
     464       0.7782
     465       0.7620
     466       0.7894
     467       0.8939
     468       0.9553
     469       0.9793
     470       0.8690
     471       0.9785
     472       0.8356
     473       0.7417
     474       0.9227
     475       0.7707
     476       0.7926
     477       0.7219
     478       0.7286
     479       0.8520
     480       0.7764
     481       0.7323
     482       0.7757
     483       0.9007
     484       0.8367
     485       0.6952
     486       0.8447
     487       0.8195
     488       0.8667
     489       0.7555
     490       0.7795
     491       0.7885
     492       0.7546
     493       0.8422
     494       0.7659
     495       0.7745
     496       0.7972
     497       0.7314
     498       0.7398
     499       0.8697
     500       0.7621
     501       0.6578
     502       0.7016
     503       0.7292
     504       0.7133
     505       0.7477
     506       0.7926
     507       0.7214
     508       0.7995
     509       0.5745
     510       0.6553
     511       0.6105
     512       0.6950
     513       0.7706
     514       0.7148
     515       0.8201
     516       0.7413
     517       0.7361
     518       0.7940
     519       0.7383
     520       0.6848
     521       0.7185
     522       0.7489
     523       0.7962
     524       0.7991
     525       0.7158
     526       0.7276
     527       0.7275
     528       0.7025
     529       0.6768
     530       0.6719
     531       0.7830
     532       0.7377
     533       0.7019
     534       0.7988
     535       0.7068
     536       0.7395
     537       0.7770
     538       0.7128
     539       0.7243
     540       0.7960
     541       0.8273
     542       0.7314
     543       0.7062
     544       0.8675
     545       0.7282
     546       0.7238
     547       0.6754
     548       0.7249
     549       0.7779
     550       0.6890
     551       0.8048
     552       0.7563
     553       0.7096
     554       0.7552
     555       0.7120
     556       0.6916
     557       0.6400
     558       0.7678
     559       0.6788
     560       0.7727
     561       0.7375
     562       0.9711
     563       0.8559
     564       1.0684
     565       0.9707
     566       0.9671
     567       0.8417
     568       0.7134
     569       0.6985
     570       0.6861
     571       0.6653
     572       0.6929
     573       0.7816
     574       0.6537
     575       0.7778
     576       0.7887
     577       0.7751
     578       0.7041
     579       0.8206
     580       0.7185
     581       0.7264
     582       0.7205
     583       0.8743
     584       0.8355
     585       0.7601
     586       0.6862
     587       0.6957
     588       0.7540
     589       0.7144
     590       0.6753
     591       0.7325
     592       0.6290
     593       0.6426
     594       0.7926
     595       0.7861
     596       0.7881
     597       0.7259
     598       0.7764
     599       0.6914
     600       0.6631
     601       0.7393
     602       0.6425
     603       0.7225
     604       0.7318
     605       0.7426
     606       0.7873
     607       0.7425
     608       0.6735
     609       0.7831
     610       0.7123
     611       0.7724
     612       0.6799
     613       0.7529
     614       0.6449
     615       0.7197
     616       0.7542
     617       0.7284
     618       0.6594
     619       0.7696
     620       0.7382
     621       0.7539
     622       0.7345
     623       0.6762
     624       0.8011
     625       0.7709
     626       0.7025
     627       0.7430
     628       0.6440
     629       0.6888
     630       0.8247
     631       0.7505
     632       0.6662
     633       0.6474
     634       0.7156
     635       0.8560
     636       0.7448
     637       0.7603
     638       0.7001
     639       0.7509
     640       0.7110
     641       0.7308
     642       0.7302
     643       0.8106
     644       0.8429
     645       0.7635
     646       0.7109
     647       0.7114
     648       0.6652
     649       0.7149
     650       0.7602
     651       0.7441
     652       0.7966
     653       0.7776
     654       0.7069
     655       0.7840
     656       0.7589
     657       0.9169
     658       0.8397
     659       0.7457
     660       0.7844
     661       0.8355
     662       0.8650
     663       0.9083
     664       0.8284
     665       0.8397
     666       0.7134
     667       0.7809
     668       0.7586
     669       0.7525
     670       0.6819
     671       0.6986
     672       0.7762
     673       0.8618
     674       0.7880
     675       0.8844
     676       0.7485
     677       0.6667
     678       0.7495
     679       0.7492
     680       0.6632
     681       0.7269
     682       0.7068
     683       0.6968
     684       0.7179
     685       0.7561
     686       0.6928
     687       0.6711
     688       0.6428
     689       0.8044
     690       0.6610
     691       0.7908
     692       0.7423
     693       0.7437
     694       0.7949
     695       0.7572
     696       0.7575
     697       0.7556
     698       0.7679
     699       0.8732
     700       0.7518
     701       0.6889
     702       0.7199
     703       0.6707
     704       0.7054
     705       0.7174
     706       0.6849
     707       0.7265
     708       0.6861
     709       0.7725
     710       0.7152
     711       0.7600
     712       0.8060
     713       0.7201
     714       0.7784
     715       0.7472
     716       0.6602
     717       0.6154
     718       0.7665
     719       0.7986
     720       0.7871
     721       0.7467
     722       0.7721
     723       0.8104
     724       0.7148
     725       0.7450
     726       0.6835
     727       0.7229
     728       0.7481
     729       0.6682
     730       0.7095
     731       0.7669
     732       0.8254
     733       0.8957
     734       0.7250
     735       0.7708
     736       0.6684
     737       0.8273
     738       0.7255
     739       0.8093
     740       0.7866
     741       0.7078
     742       0.8763
     743       0.7356
     744       0.7471
     745       0.7270
     746       0.6502
     747       0.7416
     748       0.7874
     749       0.7192
     750       0.6732
     751       0.6984
     752       0.7787
     753       0.7762
     754       0.9044
     755       0.7719
     756       0.8614
     757       0.8364
     758       0.7363
     759       0.7945
     760       0.7265
     761       0.7916
     762       0.8807
     763       0.8216
     764       0.7946
     765       0.8774
     766       0.7664
     767       0.7846
     768       0.7475
     769       0.8435
     770       0.8174
     771       0.7953
     772       0.7800
     773       0.8687
     774       0.7716
     775       0.8311
     776       0.8051
     777       0.8011
     778       0.7920
     779       0.7413
     780       0.7846
     781       0.7215
     782       0.7210
     783       0.8030
     784       0.8330
     785       0.6984
     786       0.7971
     787       0.8629
     788       0.8171
     789       0.8414
     790       0.8141
     791       0.8497
     792       0.7298
     793       0.7090
     794       0.8475
     795       0.7604
     796       0.7435
     797       0.7511
     798       0.8704
     799       0.7696
     800       0.6984
     801       0.7958
     802       0.7758
     803       0.8232
     804       0.8657
     805       0.8501
     806       0.8051
     807       0.6841
     808       0.8947
     809       0.8334
     810       0.9095
     811       0.8308
     812       0.8933
     813       0.9313
     814       0.8697
     815       0.7735
     816       0.7455
     817       0.9687
     818       0.8031
     819       0.8035
     820       0.8564
     821       0.8538
     822       0.7830
     823       0.7641
     824       0.6764
     825       0.8439
     826       0.7110
     827       0.7360
     828       0.9132
     829       0.9766
     830       0.9948
     831       0.8483
     832       0.8974
     833       1.0383
     834       0.8503
     835       0.9633
     836       0.9482
     837       0.8601
     838       0.8493
     839       0.9578
     840       0.9388
     841       1.0903
     842       0.9835
     843       0.9131
     844       0.8497
     845       0.8601
     846       0.9567
     847       0.7876
     848       0.8079
     849       0.9983
     850       0.9486
     851       0.9216
     852       0.9386
     853       0.9088
     854       0.8540
     855       0.7838
     856       0.8437
     857       0.8561
     858       0.9926
     859       0.9957
     860       0.9235
     861       0.9221
     862       0.8610
     863       0.8570
     864       1.0079
     865       0.9834
     866       0.9322
     867       0.9037
     868       0.9002
     869       0.7820
     870       0.8243
     871       0.8230
     872       0.8552
     873       0.8573
     874       0.8377
     875       0.7662
     876       0.7711
     877       0.7250
     878       0.8371
     879       0.8079
     880       0.8554
     881       0.7735
     882       0.8755
     883       0.8498
     884       0.7669
     885       0.7393
     886       0.8625
     887       0.7063
     888       0.7373
     889       0.7318
     890       0.7532
     891       0.6971
     892       0.6916
     893       0.6512
     894       0.7714
     895       0.7427
     896       0.8737
     897       0.6777
     898       0.6740
     899       0.7060
     900       0.8005
     901       0.8236
     902       0.8499
     903       0.7727
     904       0.7726
     905       0.7726
     906       0.6991
     907       0.7201
     908       0.8293
     909       0.7109
     910       0.8487
     911       0.7993
     912       0.7964
     913       0.7559
     914       0.7013
     915       0.6878
     916       0.8441
     917       0.7696
     918       0.8153
     919       0.7628
     920       0.7860
     921       0.7775
     922       0.7556
     923       0.7281
     924       0.6891
     925       0.8179
     926       0.8717
     927       0.7302
     928       0.7753
     929       0.7815
     930       0.8036
     931       0.8744
     932       0.7556
     933       0.8072
     934       0.8323
     935       0.8307
     936       0.7643
     937       0.6525
     938       0.6856
     939       0.6723
     940       0.7785
     941       0.7402
     942       0.7634
     943       0.7786
     944       0.6854
     945       0.7407
     946       0.6709
     947       0.7502
     948       0.7929
     949       0.6830
     950       0.8222
     951       0.7215
     952       0.6891
     953       0.7446
     954       0.7411
     955       0.8031
     956       0.7359
     957       0.7378
     958       0.7713
     959       0.7338
     960       0.7739
     961       0.7331
     962       0.7186
     963       0.7386
     964       0.7913
     965       0.8418
     966       0.8109
     967       0.8361
     968       0.9554
     969       0.6758
     970       0.8040
     971       0.8443
     972       0.8300
     973       0.7394
     974       0.7597
     975       0.8306
     976       0.7192
     977       0.7791
     978       0.7867
     979       0.7643
     980       0.7703
     981       0.7973
     982       0.8098
     983       0.8249
     984       0.8015
     985       0.7263
     986       0.6916
     987       0.7008
     988       0.8056
     989       0.8157
     990       0.6895
     991       0.7332
     992       0.7604
     993       0.8306
     994       0.7981
     995       0.8363
     996       0.8032
     997       0.8271
     998       0.7975
     999       0.6850
    1000       0.8272
    1001       0.6984
    1002       0.7108
    1003       0.8021
    1004       0.8459
    1005       0.8485
    1006       0.6944
    1007       0.6851
    1008       0.7714
    1009       0.7889
    1010       0.7790
    1011       0.6837
    1012       0.8356
    1013       0.6828
    1014       0.7871
    1015       0.7878
    1016       0.7863
    1017       0.7558
    1018       0.8485
    1019       0.7394
    1020       0.8039
    1021       0.7558
    1022       0.7376
    1023       0.6897
    1024       0.7688
    1025       0.7706
    1026       0.7753
    1027       0.7437
    1028       0.7967
    1029       0.7835
    1030       0.7324
    1031       0.8048
    1032       0.7599
    1033       0.6700
    1034       0.8018
    1035       0.7945
    1036       0.8189
    1037       0.8296
    1038       0.7730
    1039       0.7005
    1040       0.8158
    1041       0.8335
    1042       0.7265
    1043       0.8322
    1044       0.7585
    1045       0.9405
    1046       0.6439
    1047       0.7242
    1048       0.7126
    1049       0.7434
    1050       0.7431
    1051       0.8259
    1052       0.9937
    1053       0.8316
    1054       0.7482
    1055       0.7767
    1056       0.7774
    1057       0.7608
    1058       0.7881
    1059       0.7684
    1060       0.8274
    1061       0.9013
    1062       0.8653
    1063       0.7461
    1064       0.8109
    1065       0.7187
    1066       0.7858
    1067       0.8137
    1068       0.7119
    1069       0.9243
    1070       0.7954
    1071       0.8347
    1072       0.8211
    1073       0.8963
    1074       0.8643
    1075       0.7916
    1076       0.7528
    1077       0.8589
    1078       0.7671
    1079       0.8643
    1080       0.7835
    1081       0.8180
    1082       0.7515
    1083       0.8096
    1084       0.7864
    1085       0.6648
    1086       0.8237
    1087       0.7877
    1088       0.7206
    1089       0.7834
    1090       0.7159
    1091       0.8078
    1092       0.7983
    1093       0.8057
    1094       0.9223
    1095       0.8232
    1096       0.6860
    1097       0.7243
    1098       0.7739
    1099       0.8460
    1100       0.9164
    1101       0.8880
    1102       0.7390
    1103       0.9098
    1104       0.8016
    1105       0.7398
    1106       0.7077
    1107       0.7365
    1108       0.7801
    1109       0.8919
    1110       0.8453
    1111       0.7050
    1112       0.7326
    1113       0.7506
    1114       0.7768
    1115       0.8491
    1116       0.8139
    1117       0.8409
    1118       0.7327
    1119       0.7748
    1120       0.9057
    1121       0.7890
    1122       0.9172
    1123       0.8223
    1124       0.8897
    1125       0.6811
    1126       0.8605
    1127       0.8059
    1128       0.8685
    1129       0.9135
    1130       0.7741
    1131       0.7650
    1132       0.7554
    1133       0.7663
    1134       0.8593
    1135       0.7678
    1136       0.7482
    1137       0.8261
    1138       0.8373
    1139       0.7186
    1140       0.8122
    1141       0.7917
    1142       0.8142
    1143       0.7515
    1144       0.7658
    1145       0.7674
    1146       0.7934
    1147       0.7265
    1148       0.6925
    1149       0.7241
    1150       0.7611
    1151       0.8341
    1152       0.8176
    1153       0.7467
    1154       0.6897
    1155       0.7716
    1156       0.7911
    1157       0.8119
    1158       0.7634
    1159       0.8367
    1160       0.7651
    1161       0.7500
    1162       0.8029
    1163       0.8620
    1164       0.7323
    1165       0.7767
    1166       0.8494
    1167       0.7463
    1168       0.7870
    1169       1.0582
    1170       0.8024
    1171       0.7611
    1172       0.7628
    1173       0.7020
    1174       0.7085
    1175       0.7901
    1176       0.7457
    1177       0.7344
    1178       0.8337
    1179       0.7473
    1180       0.8063
    1181       0.7959
    1182       0.8926
    1183       0.9018
    1184       0.7987
    1185       0.8302
    1186       0.8243
    1187       0.8316
    1188       0.7796
    1189       0.8961
    1190       0.9292
    1191       0.7892
    1192       0.8447
    1193       0.7912
    1194       0.8705
    1195       0.8791
    1196       0.8370
    1197       0.9051
    1198       0.8768
    1199       0.8823
    1200       0.8101
    1201       0.8245
    1202       0.7279
    1203       0.7355
    1204       0.7529
    1205       0.7782
    1206       0.7047
    1207       0.7668
    1208       0.8131
    1209       0.8431
    1210       0.8954
    1211       0.8042
    1212       0.8084
    1213       0.8226
    1214       0.7615
    1215       0.8026
    1216       0.7469
    1217       0.8235
    1218       0.7849
    1219       0.7822
    1220       0.7872
    1221       0.8444
    1222       0.8461
    1223       0.7783
    1224       0.7409
    1225       0.7949
    1226       0.7075
    1227       0.9175
    1228       0.6696
    1229       0.8076
    1230       0.7599
    1231       0.7560
    1232       0.6978
    1233       0.8937
    1234       0.7924
    1235       0.7293
    1236       0.6842
    1237       0.7505
    1238       0.7767
    1239       0.7217
    1240       0.7095
    1241       0.7520
    1242       0.7923
    1243       0.7736
    1244       0.7193
    1245       0.7050
    1246       0.8104
    1247       0.8328
    1248       0.8596
    1249       0.7543
    1250       0.6799
    1251       0.7278
    1252       0.7697
    1253       0.8289
    1254       0.7536
    1255       0.7903
    1256       0.7392
    1257       0.7293
    1258       0.7390
    1259       0.7638
    1260       0.7000
    1261       0.7694
    1262       0.7668
    1263       0.7010
    1264       0.7336
    1265       0.7583
    1266       0.7405
    1267       0.7162
    1268       0.8304
    1269       0.8389
    1270       0.8323
    1271       0.7744
    1272       0.7745
    1273       0.8308
    1274       0.7159
    1275       0.7297
    1276       0.7521
    1277       0.7027
    1278       0.7478
    1279       0.7974
    1280       0.8170
    1281       0.8523
    1282       0.9732
    1283       0.8222
    1284       0.7337
    1285       0.7475
    1286       0.7551
    1287       0.8170
    1288       0.7184
    1289       0.7923
    1290       0.7602
    1291       0.6745
    1292       0.8475
    1293       0.6964
    1294       0.7341
    1295       0.8615
    1296       0.7714
    1297       0.7878
    1298       0.8347
    1299       0.8151
    1300       0.7984
    1301       0.7739
    1302       0.7972
    1303       0.8046
    1304       0.8714
    1305       0.7127
    1306       0.7350
    1307       0.8235
    1308       0.7559
    1309       0.8097
    1310       0.7021
    1311       0.7505
    1312       0.8049
    1313       0.7256
    1314       0.8692
    1315       0.9089
    1316       0.9063
    1317       0.9052
    1318       0.8552
    1319       0.7559
    1320       0.8811
    1321       0.7940
    1322       0.7075
    1323       0.8299
    1324       0.8064
    1325       0.7323
    1326       0.7217
    1327       0.8080
    1328       0.9091
    1329       0.8095
    1330       0.7482
    1331       0.7776
    1332       0.7703
    1333       0.7475
    1334       0.7543
    1335       0.7874
    1336       0.7750
    1337       0.8399
    1338       0.9225
    1339       0.8224
    1340       0.7898
    1341       0.9010
    1342       0.8426
    1343       0.8224
    1344       0.8573
    1345       0.8162
    1346       0.8534
    1347       0.8125
    1348       0.8421
    1349       0.7205
    1350       0.7830
    1351       0.8435
    1352       0.7782
    1353       0.8136
    1354       0.8674
    1355       0.7934
    1356       0.7796
    1357       0.7936
    1358       0.7471
    1359       0.9066
    1360       0.8471
    1361       0.9295
    1362       0.8894
    1363       0.7950
    1364       1.0236
    1365       0.9222
    1366       0.8105
    1367       0.9026
    1368       0.9185
    1369       0.8063
    1370       0.8105
    1371       0.8791
    1372       0.9175
    1373       0.7597
    1374       0.8516
    1375       0.8861
    1376       0.7971
    1377       0.8095
    1378       0.9390
    1379       0.7759
    1380       0.7750
    1381       0.7583
    1382       0.8868
    1383       0.8863
    1384       0.7563
    1385       0.7688
    1386       0.7700
    1387       0.8007
    1388       0.8711
    1389       0.8316
    1390       0.9634
    1391       0.8407
    1392       0.9208
    1393       0.8089
    1394       0.8408
    1395       0.8108
    1396       0.7412
    1397       0.7871
    1398       0.7224
    1399       0.8495
    1400       0.6978
    1401       0.8345
    1402       1.0280
    1403       0.9312
    1404       0.8392
    1405       0.7958
    1406       0.7621
    1407       0.7077
    1408       0.7800
    1409       0.7234
    1410       0.7058
    1411       0.7142
    1412       0.6697
    1413       0.8235
    1414       0.8043
    1415       0.8191
    1416       0.8500
    1417       0.7774
    1418       0.8015
    1419       0.8162
    1420       0.7027
    1421       0.8129
    1422       0.8792
    1423       0.7808
    1424       0.7817
    1425       0.7676
    1426       0.7867
    1427       0.8056
    1428       0.6873
    1429       0.8025
    1430       0.7683
    1431       0.7676
    1432       0.8876
    1433       0.7394
    1434       0.6960
    1435       0.7576
    1436       0.7064
    1437       0.7296
    1438       0.8033
    1439       0.8745
    1440       0.8741
    1441       0.7253
    1442       0.7799
    1443       0.7616
    1444       0.7079
    1445       0.7569
    1446       0.8958
    1447       0.7869
    1448       0.7736
    1449       0.8024
    1450       0.8219
    1451       0.8842
    1452       0.8306
    1453       0.7404
    1454       0.7193
    1455       0.6924
    1456       0.7816
    1457       0.7743
    1458       0.7211
    1459       0.8150
    1460       0.7966
    1461       0.7590
    1462       0.9260
    1463       0.7536
    1464       0.7930
    1465       0.7603
    1466       0.8108
    1467       0.7989
    1468       0.7361
    1469       0.8469
    1470       0.7133
    1471       0.7821
    1472       0.7358
    1473       0.7378
    1474       0.8868
    1475       0.7631
    1476       0.7626
    1477       0.8009
    1478       0.8033
    1479       0.9477
    1480       0.7721
    1481       0.7423
    1482       0.7038
    1483       0.7539
    1484       0.6963
    1485       0.7473
    1486       0.8533
    1487       0.8760
    1488       0.8066
    1489       0.7155
    1490       0.8042
    1491       0.7630
    1492       0.7347
    1493       0.7493
    1494       0.8446
    1495       0.8031
    1496       0.7763
    1497       0.7416
    1498       0.8058
    1499       0.7477
    1500       0.7556
    1501       0.7508
    1502       0.7504
    1503       0.8054
    1504       0.7161
    1505       0.8003
    1506       0.7500
    1507       0.8022
    1508       0.7093
    1509       0.7913
    1510       0.7203
    1511       0.6985
    1512       0.7425
    1513       0.7005
    1514       0.8496
    1515       0.6868
    1516       0.6673
    1517       0.6167
    1518       0.6964
    1519       0.7100
    1520       0.7031
    1521       0.6435
    1522       0.6659
    1523       0.7908
    1524       0.7911
    1525       0.7633
    1526       0.7391
    1527       0.7216
    1528       0.7100
    1529       0.7190
    1530       0.7214
    1531       0.7757
    1532       0.7171
    1533       0.7490
    1534       0.7908
    1535       0.9181
    1536       0.9149
    1537       0.7390
    1538       0.8101
    1539       0.8331
    1540       0.8033
    1541       0.8378
    1542       0.8067
    1543       0.8492
    1544       0.8525
    1545       0.9055
    1546       0.9925
    1547       0.9144
    1548       0.8875
    1549       0.9105
    1550       0.8283
    1551       0.7452
    1552       0.7447
    1553       0.8032
    1554       0.8200
    1555       0.7646
    1556       0.8385
    1557       1.0717
    1558       0.9303
    1559       0.9760
    1560       0.7962
    1561       0.8022
    1562       0.6607
    1563       0.8091
    1564       0.8546
    1565       0.7657
    1566       0.7989
    1567       0.7861
    1568       0.7607
    1569       0.8616
    1570       0.8001
    1571       0.7658
    1572       0.8310
    1573       0.7549
    1574       0.7054
    1575       0.7640
    1576       0.8163
    1577       0.8225
    1578       0.7468
    1579       0.7433
    1580       0.7992
    1581       0.7068
    1582       0.7621
    1583       0.7894
    1584       0.8208
    1585       0.7820
    1586       0.8139
    1587       0.7701
    1588       0.7212
    1589       0.7953
    1590       0.7676
    1591       0.7944
    1592       0.7618
    1593       0.8173
    1594       0.8195
    1595       0.6967
    1596       0.8340
    1597       0.8524
    1598       0.7094
    1599       0.7525
    1600       0.7275
    1601       0.8227
    1602       0.8769
    1603       0.8326
    1604       0.8597
    1605       1.0248
    1606       0.7767
    1607       0.8171
    1608       0.7417
    1609       0.6876
    1610       0.7136
    1611       0.6688
    1612       0.6987
    1613       0.6884
    1614       0.7841
    1615       0.7977
    1616       0.6816
    1617       0.7144
    1618       0.9643
    1619       0.8488
    1620       0.7845
    1621       0.8223
    1622       0.7836
    1623       0.7757
    1624       0.7620
    1625       0.8782
    1626       0.8298
    1627       0.8252
    1628       0.7566
    1629       0.7456
    1630       0.7271
    1631       0.7028
    1632       0.7519
    1633       0.7647
    1634       0.7173
    1635       0.8525
    1636       0.8406
    1637       0.6975
    1638       0.7929
    1639       0.7782
    1640       0.7674
    1641       0.6922
    1642       0.6765
    1643       0.7354
    1644       0.7756
    1645       0.6446
    1646       0.7324
    1647       0.7255
    1648       0.7816
    1649       0.7835
    1650       0.7293
    1651       0.7563
    1652       0.8298
    1653       0.7215
    1654       0.7304
    1655       0.8818
    1656       0.7301
    1657       0.7977
    1658       0.7793
    1659       0.8123
    1660       0.7536
    1661       0.7178
    1662       0.7996
    1663       0.8844
    1664       0.8958
    1665       0.8572
    1666       0.7890
    1667       0.7325
    1668       0.8005
    1669       0.7769
    1670       0.8238
    1671       0.8305
    1672       0.8386
    1673       0.8209
    1674       0.8107
    1675       0.8770
    1676       0.7558
    1677       0.7093
    1678       0.8542
    1679       0.8076
    1680       0.7914
    1681       0.8585
    1682       0.8052
    1683       0.8060
    1684       0.7615
    1685       0.8197
    1686       0.8162
    1687       0.7499
    1688       0.7713
    1689       0.7238
    1690       0.7366
    1691       0.7155
    1692       0.7265
    1693       0.6683
    1694       0.7807
    1695       0.7685
    1696       0.7600
    1697       0.8359
    1698       0.8193
    1699       0.8185
    1700       0.8340
    1701       0.8046
    1702       0.8777
    1703       0.8979
    1704       0.7892
    1705       0.7182
    1706       0.7522
    1707       0.7543
    1708       0.7378
    1709       0.7392
    1710       0.7838
    1711       0.7571
    1712       0.8180
    1713       0.7103
    1714       0.7969
    1715       0.7465
    1716       0.8416
    1717       0.8186
    1718       0.8404
    1719       0.7322
    1720       0.7177
    1721       0.7534
    1722       0.7558
    1723       0.8540
    1724       0.7695
    1725       0.8219
    1726       0.7867
    1727       0.8270
    1728       0.7030
    1729       0.7664
    1730       0.7403
    1731       0.7118
    1732       0.7327
    1733       0.7056
    1734       0.7774
    1735       0.7981
    1736       0.8643
    1737       0.8278
    1738       0.6571
    1739       0.6812
    1740       0.7452
    1741       0.7746
    1742       0.8288
    1743       0.6863
    1744       0.6512
    1745       0.7053
    1746       0.8697
    1747       0.8194
    1748       0.7517
    1749       0.7216
    1750       0.7174
    1751       0.7253
    1752       0.6680
    1753       0.7233
    1754       0.7276
    1755       0.7179
    1756       0.6807
    1757       0.6926
    1758       0.7441
    1759       0.7252
    1760       0.7845
    1761       0.7618
    1762       0.7383
    1763       0.8363
    1764       0.7866
    1765       0.7835
    1766       0.8203
    1767       0.7916
    1768       0.7628
    1769       0.6827
    1770       0.7226
    1771       0.7089
    1772       0.7331
    1773       0.7182
    1774       0.8165
    1775       0.7801
    1776       0.8660
    1777       0.7862
    1778       0.7406
    1779       0.7463
    1780       0.7628
    1781       0.8679
    1782       0.8299
    1783       0.6763
    1784       0.7051
    1785       0.7577
    1786       0.7062
    1787       0.6383
    1788       0.7193
    1789       0.7003
    1790       0.7581
    1791       0.7424
    1792       0.8606
    1793       0.7483
    1794       0.8332
    1795       0.7903
    1796       0.7453
    1797       0.7518
    1798       0.8272
    1799       0.7696
    1800       0.7559
    1801       0.7397
    1802       0.7776
    1803       0.7984
    1804       0.8525
    1805       0.7081
    1806       0.8112
    1807       0.7844
    1808       0.8247
    1809       0.6378
    1810       0.6875
    1811       0.7268
    1812       0.7169
    1813       0.6927
    1814       0.7670
    1815       0.8094
    1816       0.7138
    1817       0.7486
    1818       0.6445
    1819       0.7795
    1820       0.7831
    1821       0.7605
    1822       0.7939
    1823       0.7596
    1824       0.7296
    1825       0.6737
    1826       0.7620
    1827       0.8177
    1828       0.7576
    1829       0.6819
    1830       0.6923
    1831       0.7323
    1832       0.7633
    1833       0.9574
    1834       0.8890
    1835       0.9355
    1836       0.9099
    1837       0.8390
    1838       0.7314
    1839       0.7203
    1840       0.7282
    1841       0.7752
    1842       0.7590
    1843       0.8346
    1844       0.7820
    1845       0.7182
    1846       0.6851
    1847       0.7209
    1848       0.7397
    1849       0.7176
    1850       0.6802
    1851       0.7453
    1852       0.7761
    1853       0.7117
    1854       0.7209
    1855       0.7626
    1856       0.7165
    1857       0.7415
    1858       0.7898
    1859       0.7015
    1860       0.7911
    1861       0.7132
    1862       0.7536
    1863       0.6265
    1864       0.7989
    1865       0.6810
    1866       0.7184
    1867       0.8060
    1868       0.7086
    1869       0.7477
    1870       0.7755
    1871       0.7868
    1872       0.7620
    1873       0.6850
    1874       0.7659
    1875       0.6749
    1876       0.7425
    1877       0.6854
    1878       0.8230
    1879       0.8216
    1880       0.7674
    1881       0.7931
    1882       0.8947
    1883       0.9242
    1884       0.6889
    1885       0.7546
    1886       0.5954
    1887       0.7436
    1888       0.6771
    1889       0.8109
    1890       0.7214
    1891       0.6666
    1892       0.7122
    1893       0.6484
    1894       0.7456
    1895       0.7238
    1896       0.6833
    1897       0.7444
    1898       0.6915
    1899       0.7792
    1900       0.7219
    1901       0.7630
    1902       0.8411
    1903       0.7137
    1904       0.7063
    1905       0.8154
    1906       0.7333
    1907       0.9150
    1908       0.7725
    1909       0.6933
    1910       0.7757
    1911       0.7255
    1912       0.7541
    1913       0.7026
    1914       0.7311
    1915       0.7034
    1916       0.6656
    1917       0.7113
    1918       0.7533
    1919       0.8743
    1920       0.7591
    1921       0.7173
    1922       0.8025
    1923       0.8620
    1924       0.7559
    1925       0.7704
    1926       0.7786
    1927       0.7032
    1928       0.7082
    1929       0.6782
    1930       0.8567
    1931       0.6765
    1932       0.6378
    1933       0.7803
    1934       0.6153
    1935       0.6799
    1936       0.7207
    1937       0.7561
    1938       0.7080
    1939       0.7090
    1940       0.6640
    1941       0.7002
    1942       0.7478
    1943       0.6640
    1944       0.6403
    1945       0.7497
    1946       0.7470
    1947       0.6458
    1948       0.6350
    1949       0.6215
    1950       0.7566
    1951       0.6714
    1952       0.6940
    1953       0.7273
    1954       0.7541
    1955       0.6825
    1956       0.6900
    1957       0.7338
    1958       0.7539
    1959       0.7367
    1960       0.7004
    1961       0.7187
    1962       0.7175
    1963       0.7095
    1964       0.6778
    1965       0.6428
    1966       0.6244
    1967       0.6455
    1968       0.6046
    1969       0.6823
    1970       0.6213
    1971       0.6354
    1972       0.7330
    1973       0.7875
    1974       0.7648
    1975       0.6660
    1976       0.7542
    1977       0.7368
    1978       0.5858
    1979       0.6795
    1980       0.6501
    1981       0.5989
    1982       0.6997
    1983       0.6584
    1984       0.6951
    1985       0.7405
    1986       0.6231
    1987       0.6262
    1988       0.6634
    1989       0.7761
    1990       0.6601
    1991       0.6362
    1992       0.6321
    1993       0.7108
    1994       0.6398
    1995       0.6088
    1996       0.6471
    1997       0.6159
    1998       0.7066
    1999       0.6601
    2000       0.7202
    2001       0.6750
    2002       0.6920
    2003       0.6989
    2004       0.6460
    2005       0.7128
    2006       0.7267
    2007       0.8010
    2008       0.7166
    2009       0.6904
    2010       0.7243
    2011       0.8299
    2012       0.7218
    2013       0.8434
    2014       0.7589
    2015       0.7166
    2016       0.6989
    2017       0.7478
    2018       0.6609
    2019       0.7207
    2020       0.7423
    2021       0.7798
    2022       0.6756
    2023       0.7162
    2024       0.7175
    2025       0.7454
    2026       0.7500
    2027       0.6912
    2028       0.7033
    2029       0.7245
    2030       0.6233
    2031       0.8063
    2032       0.7216
    2033       0.7472
    2034       0.6445
    2035       0.6904
    2036       0.6841
    2037       0.7778
    2038       0.7648
    2039       0.7232
    2040       0.7289
    2041       0.6302
    2042       0.7299
    2043       0.7152
    2044       0.6279
    2045       0.7386
    2046       0.7405
    2047       0.7440
    2048       0.7078
    2049       0.6703
    2050       0.6850
    2051       0.6635
    2052       0.7351
    2053       0.6505
    2054       0.7112
    2055       0.7025
    2056       0.7377
    2057       0.7598
    2058       0.7392
    2059       0.5611
    2060       0.6049
    2061       0.6482
    2062       0.6685
    2063       0.7274
    2064       0.6623
    2065       0.5717
    2066       0.7069
    2067       0.6373
    2068       0.6001
    2069       0.6659
    2070       0.7167
    2071       0.6664
    2072       0.6899
    2073       0.6052
    2074       0.5972
    2075       0.6073
    2076       0.6424
    2077       0.6572
    2078       0.6700
    2079       0.6847
    2080       0.6222
    2081       0.5760
    2082       0.6441
    2083       0.6261
    2084       0.7130
    2085       0.6101
    2086       0.6795
    2087       0.6418
    2088       0.6239
    2089       0.6824
    2090       0.7732
    2091       0.6250
    2092       0.6113
    2093       0.6509
    2094       0.5690
    2095       0.6210
    2096       0.6935
    2097       0.6683
    2098       0.7224
    2099       0.6379
    2100       0.5984
    2101       0.6223
    2102       0.8144
    2103       0.5676
    2104       0.6345
    2105       0.7505
    2106       0.6056
    2107       0.5596
    2108       0.7133
    2109       0.6372
    2110       0.6893
    2111       0.6771
    2112       0.6511
    2113       0.6399
    2114       0.6748
    2115       0.7026
    2116       0.6194
    2117       0.7122
    2118       0.5905
    2119       0.5663
    2120       0.5900
    2121       0.6350
    2122       0.5450
    2123       0.5711
    2124       0.6871
    2125       0.6269
    2126       0.6287
    2127       0.6496
    2128       0.5917
    2129       0.5651
    2130       0.5649
    2131       0.5733
    2132       0.5991
    2133       0.5584
    2134       0.6676
    2135       0.5680
    2136       0.6247
    2137       0.5900
    2138       0.5189
    2139       0.5808
    2140       0.5192
    2141       0.5804
    2142       0.5345
    2143       0.5826
    2144       0.6262
    2145       0.5402
    2146       0.5778
    2147       0.5678
    2148       0.5715
    2149       0.5580
    2150       0.7003
    2151       0.6852
    2152       0.6179
    2153       0.6215
    2154       0.5815
    2155       0.5498
    2156       0.5299
    2157       0.5284
    2158       0.5399
    2159       0.5610
    2160       0.5655
    2161       0.5785
    2162       0.6223
    2163       0.5976
    2164       0.5900
    2165       0.5611
    2166       0.6073
    2167       0.5558
    2168       0.5669
    2169       0.5274
    2170       0.5320
    2171       0.6167
    2172       0.5221
    2173       0.5663
    2174       0.6535
    2175       0.5581
    2176       0.6404
    2177       0.5949
    2178       0.6061
    2179       0.6214
    2180       0.6267
    2181       0.5865
    2182       0.5466
    2183       0.6067
    2184       0.6443
    2185       0.5774
    2186       0.6138
    2187       0.5995
    2188       0.6064
    2189       0.5586
    2190       0.7066
    2191       0.5976
    2192       0.5766
    2193       0.6779
    2194       0.6724
    2195       0.5423
    2196       0.5646
    2197       0.5818
    2198       0.5412
    2199       0.6930
    2200       0.5114
    2201       0.5689
    2202       0.5684
    2203       0.5682
    2204       0.6152
    2205       0.5467
    2206       0.6249
    2207       0.6281
    2208       0.7365
    2209       0.5328
    2210       0.5181
    2211       0.5728
    2212       0.5667
    2213       0.5694
    2214       0.6465
    2215       0.6319
    2216       0.6180
    2217       0.5177
    2218       0.5064
    2219       0.4853
    2220       0.5479
    2221       0.5473
    2222       0.5824
    2223       0.5272
    2224       0.5695
    2225       0.5784
    2226       0.5395
    2227       0.6848
    2228       0.6558
    2229       0.5978
    2230       0.6147
    2231       0.5882
    2232       0.5872
    2233       0.5358
    2234       0.6165
    2235       0.5759
    2236       0.5840
    2237       0.6794
    2238       0.6135
    2239       0.7709
    2240       0.6153
    2241       0.6157
    2242       0.5854
    2243       0.6080
    2244       0.6683
    2245       0.5787
    2246       0.6049
    2247       0.5829
    2248       0.6734
    2249       0.6161
    2250       0.6031
    2251       0.7199
    2252       0.5887
    2253       0.5707
    2254       0.5685
    2255       0.5902
    2256       0.5791
    2257       0.6382
    2258       0.6273
    2259       0.7075
    2260       0.7085
    2261       0.7549
    2262       0.6580
    2263       0.5957
    2264       0.5541
    2265       0.5230
    2266       0.4921
    2267       0.7180
    2268       0.6354
    2269       0.5659
    2270       0.6385
    2271       0.5952
    2272       0.5500
    2273       0.5873
    2274       0.6121
    2275       0.5483
    2276       0.6292
    2277       0.5175
    2278       0.5287
    2279       0.5289
    2280       0.5900
    2281       0.5482
    2282       0.6510
    2283       0.6579
    2284       0.6193
    2285       0.6232
    2286       0.5935
    2287       0.6347
    2288       0.5479
    2289       0.5814
    2290       0.6426
    2291       0.5803
    2292       0.6655
    2293       0.6172
    2294       0.5722
    2295       0.7076
    2296       0.6205
    2297       0.5473
    2298       0.5649
    2299       0.5933
    2300       0.6167
    2301       0.5746
    2302       0.5187
    2303       0.5192
    2304       0.5565
    2305       0.6137
    2306       0.7367
    2307       0.6159
    2308       0.5192
    2309       0.6164
    2310       0.6146
    2311       0.6262
    2312       0.5421
    2313       0.5510
    2314       0.5150
    2315       0.5425
    2316       0.5431
    2317       0.5539
    2318       0.5131
    2319       0.5599
    2320       0.6297
    2321       0.5559
    2322       0.5976
    2323       0.6377
    2324       0.5924
    2325       0.6650
    2326       0.5389
    2327       0.5469
    2328       0.5871
    2329       0.5543
    2330       0.6702
    2331       0.6617
    2332       0.6180
    2333       0.6666
    2334       0.6938
    2335       0.6397
    2336       0.5568
    2337       0.5492
    2338       0.5025
    2339       0.5418
    2340       0.4841
    2341       0.5224
    2342       0.6223
    2343       0.5315
    2344       0.4860
    2345       0.5043
    2346       0.5782
    2347       0.5028
    2348       0.5249
    2349       0.5664
    2350       0.6173
    2351       0.4681
    2352       0.5078
    2353       0.5550
    2354       0.6184
    2355       0.6550
    2356       0.5488
    2357       0.5252
    2358       0.6253
    2359       0.6341
    2360       0.5942
    2361       0.6985
    2362       0.5700
    2363       0.6568
    2364       0.5491
    2365       0.5573
    2366       0.5732
    2367       0.5428
    2368       0.6055
    2369       0.6948
    2370       0.6015
    2371       0.6121
    2372       0.5973
    2373       0.5745
    2374       0.6768
    2375       0.5807
    2376       0.5057
    2377       0.5995
    2378       0.6180
    2379       0.6249
    2380       0.5888
    2381       0.5653
    2382       0.6470
    2383       0.5771
    2384       0.5775
    2385       0.5786
    2386       0.5868
    2387       0.5625
    2388       0.5356
    2389       0.5205
    2390       0.5131
    2391       0.5426
    2392       0.4922
    2393       0.5464
    2394       0.6560
    2395       0.5712
    2396       0.6426
    2397       0.5931
    2398       0.6366
    2399       0.6445
    2400       0.6778
    2401       0.7223
    2402       0.6701
    2403       0.5538
    2404       0.5816
    2405       0.6142
    2406       0.5839
    2407       0.6805
    2408       0.6799
    2409       0.6797
    2410       0.5762
    2411       0.5841
    2412       0.6470
    2413       0.5618
    2414       0.5867
    2415       0.6810
    2416       0.5784
    2417       0.6532
    2418       0.6861
    2419       0.6229
    2420       0.5464
    2421       0.7009
    2422       0.6354
    2423       0.5798
    2424       0.6043
    2425       0.5088
    2426       0.6505
    2427       0.6526
    2428       0.5815
    2429       0.6418
    2430       0.6190
    2431       0.6629
    2432       0.6098
    2433       0.5379
    2434       0.5693
    2435       0.5695
    2436       0.4956
    2437       0.5674
    2438       0.6024
    2439       0.6032
    2440       0.6853
    2441       0.6501
    2442       0.6785
    2443       0.7165
    2444       0.6664
    2445       0.5787
    2446       0.5595
    2447       0.6294
    2448       0.5404
    2449       0.5577
    2450       0.5803
    2451       0.5717
    2452       0.6223
    2453       0.5719
    2454       0.6681
    2455       0.6601
    2456       0.5974
    2457       0.5539
    2458       0.5337
    2459       0.5599
    2460       0.6136
    2461       0.6568
    2462       0.6130
    2463       0.6256
    2464       0.6018
    2465       0.6632
    2466       0.5762
    2467       0.6149
    2468       0.6041
    2469       0.6034
    2470       0.6566
    2471       0.5583
    2472       0.5552
    2473       0.6650
    2474       0.5612
    2475       0.5668
    2476       0.5982
    2477       0.5425
    2478       0.5370
    2479       0.5968
    2480       0.6247
    2481       0.5839
    2482       0.5546
    2483       0.6074
    2484       0.5363
    2485       0.5149
    2486       0.5390
    2487       0.5363
    2488       0.5512
    2489       0.5712
    2490       0.6885
    2491       0.6084
    2492       0.5833
    2493       0.6457
    2494       0.6188
    2495       0.5851
    2496       0.5569
    2497       0.6178
    2498       0.5573
    2499       0.6894
    2500       0.5597
    2501       0.6145
    2502       0.6437
    2503       0.6129
    2504       0.6027
    2505       0.5395
    2506       0.5565
    2507       0.6130
    2508       0.6691
    2509       0.6508
    2510       0.6282
    2511       0.6873
    2512       0.5640
    2513       0.6408
    2514       0.6647
    2515       0.5303
    2516       0.5474
    2517       0.5160
    2518       0.6124
    2519       0.6371
    2520       0.5391
    2521       0.5889
    2522       0.5434
    2523       0.5845
    2524       0.6741
    2525       0.7433
    2526       0.7778
    2527       0.6351
    2528       0.6572
    2529       0.6610
    2530       0.6578
    2531       0.6018
    2532       0.6992
    2533       0.6992
    2534       0.6538
    2535       0.5937
    2536       0.6413
    2537       0.6809
    2538       0.6556
    2539       0.6360
    2540       0.6300
    2541       0.6008
    2542       0.7078
    2543       0.6555
    2544       0.7187
    2545       0.7706
    2546       0.6650
    2547       0.6678
    2548       0.7037
    2549       0.7113
    2550       0.6321
    2551       0.5383
    2552       0.6846
    2553       0.6070
    2554       0.7038
    2555       0.5241
    2556       0.5933
    2557       0.6542
    2558       0.5751
    2559       0.6627
    2560       0.6768
    2561       0.6992
    2562       0.6831
    2563       0.7438
    2564       0.5492
    2565       0.6255
    2566       0.5992
    2567       0.6588
    2568       0.7130
    2569       0.6840
    2570       0.7379
    2571       0.6967
    2572       0.6256
    2573       0.6012
    2574       0.6693
    2575       0.6296
    2576       0.6184
    2577       0.5598
    2578       0.5785
    2579       0.5045
    2580       0.5749
    2581       0.5808
    2582       0.6314
    2583       0.6563
    2584       0.5576
    2585       0.5802
    2586       0.6428
    2587       0.6881
    2588       0.6155
    2589       0.6356
    2590       0.6832
    2591       0.6564
    2592       0.6370
    2593       0.6074
    2594       0.5694
    2595       0.6846
    2596       0.5398
    2597       0.6357
    2598       0.6369
    2599       0.6122
    2600       0.5774
    2601       0.5855
    2602       0.5976
    2603       0.6312
    2604       0.6221
    2605       0.6985
    2606       0.4746
    2607       0.5436
    2608       0.6276
    2609       0.5713
    2610       0.6062
    2611       0.6479
    2612       0.6126
    2613       0.6506
    2614       0.6505
    2615       0.6214
    2616       0.6312
    2617       0.5797
    2618       0.7450
    2619       0.6895
    2620       0.6822
    2621       0.6935
    2622       0.7804
    2623       0.6882
    2624       0.6783
    2625       0.5698
    2626       0.6784
    2627       0.5256
    2628       0.6294
    2629       0.6237
    2630       0.5903
    2631       0.6306
    2632       0.5663
    2633       0.5620
    2634       0.6381
    2635       0.7647
    2636       0.7029
    2637       0.7534
    2638       0.8302
    2639       0.6541
    2640       0.6925
    2641       0.5929
    2642       0.5581
    2643       0.6040
    2644       0.5940
    2645       0.5944
    2646       0.5662
    2647       0.6077
    2648       0.6384
    2649       0.6169
    2650       0.6534
    2651       0.6002
    2652       0.5474
    2653       0.5755
    2654       0.6038
    2655       0.5585
    2656       0.5990
    2657       0.6506
    2658       0.5964
    2659       0.6616
    2660       0.6438
    2661       0.6504
    2662       0.6045
    2663       0.5771
    2664       0.6926
    2665       0.5797
    2666       0.7252
    2667       0.6478
    2668       0.6723
    2669       0.5938
    2670       0.6643
    2671       0.5800
    2672       0.5620
    2673       0.6215
    2674       0.6156
    2675       0.5647
    2676       0.7132
    2677       0.6882
    2678       0.6471
    2679       0.5606
    2680       0.5150
    2681       0.5494
    2682       0.6583
    2683       0.5971
    2684       0.6181
    2685       0.7085
    2686       0.7009
    2687       0.6306
    2688       0.6033
    2689       0.6660
    2690       0.5521
    2691       0.6066
    2692       0.6299
    2693       0.5526
    2694       0.5715
    2695       0.5054
    2696       0.5355
    2697       0.6027
    2698       0.6258
    2699       0.6482
    2700       0.6865
    2701       0.7688
    2702       0.7814
    2703       0.6857
    2704       0.8216
    2705       0.7435
    2706       0.7242
    2707       0.6080
    2708       0.7274
    2709       0.6526
    2710       0.7187
    2711       0.6155
    2712       0.7296
    2713       0.7576
    2714       0.7243
    2715       0.7708
    2716       0.6506
    2717       0.6970
    2718       0.5961
    2719       0.6328
    2720       0.5581
    2721       0.6496
    2722       0.6323
    2723       0.6302
    2724       0.6155
    2725       0.7539
    2726       0.6219
    2727       0.5782
    2728       0.6097
    2729       0.6930
    2730       0.6622
    2731       0.6434
    2732       0.6054
    2733       0.7272
    2734       0.7311
    2735       0.6503
    2736       0.6595
    2737       0.7559
    2738       0.6489
    2739       0.7487
    2740       0.6177
    2741       0.6067
    2742       0.5402
    2743       0.5602
    2744       0.6304
    2745       0.5745
    2746       0.5963
    2747       0.5606
    2748       0.7201
    2749       0.6835
    2750       0.6700
    2751       0.6792
    2752       0.7646
    2753       0.7074
    2754       0.6242
    2755       0.6581
    2756       0.7149
    2757       0.6406
    2758       0.6480
    2759       0.6317
    2760       0.5919
    2761       0.7261
    2762       0.6803
    2763       0.7055
    2764       0.6328
    2765       0.6587
    2766       0.6540
    2767       0.6386
    2768       0.8373
    2769       0.6695
    2770       0.5998
    2771       0.6584
    2772       0.7238
    2773       0.6727
    2774       0.6055
    2775       0.6038
    2776       0.6559
    2777       0.6311
    2778       0.7200
    2779       0.6390
    2780       0.7416
    2781       0.6761
    2782       0.6768
    2783       0.6348
    2784       0.6624
    2785       0.6717
    2786       0.6494
    2787       0.6875
    2788       0.6556
    2789       0.6138
    2790       0.6418
    2791       0.6269
    2792       0.5956
    2793       0.6119
    2794       0.6373
    2795       0.6024
    2796       0.6483
    2797       0.6798
    2798       0.6489
    2799       0.6402
    2800       0.5644
    2801       0.6403
    2802       0.6098
    2803       0.6124
    2804       0.7042
    2805       0.6406
    2806       0.6222
    2807       0.6426
    2808       0.5715
    2809       0.5762
    2810       0.6683
    2811       0.5643
    2812       0.6997
    2813       0.5152
    2814       0.5721
    2815       0.6741
    2816       0.6006
    2817       0.8155
    2818       0.6362
    2819       0.7305
    2820       0.6598
    2821       0.6157
    2822       0.6551
    2823       0.7379
    2824       0.5565
    2825       0.5754
    2826       0.6821
    2827       0.7168
    2828       0.5323
    2829       0.5553
    2830       0.5486
    2831       0.6485
    2832       0.6041
    2833       0.6343
    2834       0.5598
    2835       0.6173
    2836       0.6322
    2837       0.6910
    2838       0.7268
    2839       0.6259
    2840       0.5790
    2841       0.5246
    2842       0.5760
    2843       0.5516
    2844       0.5430
    2845       0.5666
    2846       0.6716
    2847       0.5410
    2848       0.6355
    2849       0.5876
    2850       0.5415
    2851       0.5728
    2852       0.5447
    2853       0.5444
    2854       0.5966
    2855       0.6129
    2856       0.5312
    2857       0.5081
    2858       0.6419
    2859       0.6274
    2860       0.7428
    2861       0.5268
    2862       0.5722
    2863       0.6061
    2864       0.6227
    2865       0.6503
    2866       0.6325
    2867       0.7564
    2868       0.6355
    2869       0.6311
    2870       0.6238
    2871       0.5508
    2872       0.6440
    2873       0.7162
    2874       0.5775
    2875       0.6441
    2876       0.5956
    2877       0.6109
    2878       0.6714
    2879       0.7193
    2880       0.6324
    2881       0.6957
    2882       0.7340
    2883       0.7356
    2884       0.6364
    2885       0.5560
    2886       0.5608
    2887       0.6330
    2888       0.6171
    2889       0.5654
    2890       0.6117
    2891       0.5551
    2892       0.6242
    2893       0.5956
    2894       0.7797
    2895       0.5354
    2896       0.4922
    2897       0.5597
    2898       0.5334
    2899       0.5599
    2900       0.5969
    2901       0.6270
    2902       0.7183
    2903       0.5642
    2904       0.5232
    2905       0.6091
    2906       0.6080
    2907       0.5340
    2908       0.5355
    2909       0.5589
    2910       0.7013
    2911       0.6068
    2912       0.5776
    2913       0.6854
    2914       0.5938
    2915       0.5933
    2916       0.6925
    2917       0.5484
    2918       0.5570
    2919       0.6042
    2920       0.6205
    2921       0.7026
    2922       0.5293
    2923       0.6107
    2924       0.6823
    2925       0.6422
    2926       0.7142
    2927       0.6242
    2928       0.6676
    2929       0.6613
    2930       0.5266
    2931       0.5958
    2932       0.6099
    2933       0.5908
    2934       0.7017
    2935       0.5665
    2936       0.5436
    2937       0.5548
    2938       0.5524
    2939       0.5019
    2940       0.6389
    2941       0.5636
    2942       0.6669
    2943       0.6157
    2944       0.6191
    2945       0.5833
    2946       0.5964
    2947       0.5261
    2948       0.5521
    2949       0.5520
    2950       0.5553
    2951       0.5124
    2952       0.6292
    2953       0.6762
    2954       0.6472
    2955       0.6142
    2956       0.5846
    2957       0.6485
    2958       0.7108
    2959       0.5500
    2960       0.6303
    2961       0.8853
    2962       0.6814
    2963       0.7000
    2964       0.7044
    2965       0.6376
    2966       0.6108
    2967       0.7010
    2968       0.6959
    2969       0.6101
    2970       0.5209
    2971       0.5956
    2972       0.6443
    2973       0.5554
    2974       0.5855
    2975       0.6144
    2976       0.6388
    2977       0.5909
    2978       0.6079
    2979       0.6229
    2980       0.6280
    2981       0.6641
    2982       0.6902
    2983       0.6724
    2984       0.5501
    2985       0.6908
    2986       0.6740
    2987       0.5750
    2988       0.5913
    2989       0.7613
    2990       0.7597
    2991       0.7761
    2992       0.6054
    2993       0.7756
    2994       0.7079
    2995       0.5357
    2996       0.7342
    2997       0.7605
    2998       0.7571
    2999       0.6519
    3000       0.5999
    3001       0.6172
    3002       0.5518
    3003       0.4991
    3004       0.5349
    3005       0.6371
    3006       0.6027
    3007       0.6594
    3008       0.6318
    3009       0.6842
    3010       0.6905
    3011       0.5639
    3012       0.7850
    3013       0.6104
    3014       0.7069
    3015       0.7124
    3016       0.6548
    3017       0.6169
    3018       0.6173
    3019       0.6409
    3020       0.6790
    3021       0.6321
    3022       0.6204
    3023       0.6394
    3024       0.7132
    3025       0.6610
    3026       0.7340
    3027       0.7475
    3028       0.6467
    3029       0.7506
    3030       0.6980
    3031       0.7757
    3032       0.7353
    3033       0.5794
    3034       0.7081
    3035       0.6857
    3036       0.6478
    3037       0.7449
    3038       0.5971
    3039       0.5813
    3040       0.5714
    3041       0.6997
    3042       0.6060
    3043       0.5839
    3044       0.5519
    3045       0.5656
    3046       0.6447
    3047       0.6659
    3048       0.5252
    3049       0.5770
    3050       0.5450
    3051       0.7775
    3052       0.5468
    3053       0.5716
    3054       0.6105
    3055       0.5810
    3056       0.5862
    3057       0.5883
    3058       0.5778
    3059       0.6070
    3060       0.7363
    3061       0.5587
    3062       0.6541
    3063       0.6884
    3064       0.6365
    3065       0.6004
    3066       0.6664
    3067       0.5940
    3068       0.6275
    3069       0.6299
    3070       0.5879
    3071       0.6644
    3072       0.6333
    3073       0.6263
    3074       0.6181
    3075       0.6586
    3076       0.6632
    3077       0.5612
    3078       0.5371
    3079       0.4845
    3080       0.5597
    3081       0.6300
    3082       0.5789
    3083       0.5212
    3084       0.6455
    3085       0.5529
    3086       0.5354
    3087       0.5810
    3088       0.6163
    3089       0.6516
    3090       0.6168
    3091       0.5677
    3092       0.4955
    3093       0.5714
    3094       0.5214
    3095       0.6717
    3096       0.6135
    3097       0.6775
    3098       0.6590
    3099       0.5698
    3100       0.5636
    3101       0.6538
    3102       0.5556
    3103       0.5772
    3104       0.6529
    3105       0.5232
    3106       0.6147
    3107       0.6563
    3108       0.7132
    3109       0.5505
    3110       0.6277
    3111       0.6089
    3112       0.6085
    3113       0.6433
    3114       0.6481
    3115       0.6235
    3116       0.6063
    3117       0.5104
    3118       0.6889
    3119       0.6086
    3120       0.5720
    3121       0.4825
    3122       0.5801
    3123       0.5821
    3124       0.5934
    3125       0.5677
    3126       0.6696
    3127       0.6062
    3128       0.5417
    3129       0.5831
    3130       0.5291
    3131       0.5772
    3132       0.6040
    3133       0.5964
    3134       0.6045
    3135       0.5582
    3136       0.4907
    3137       0.5811
    3138       0.5454
    3139       0.5987
    3140       0.5886
    3141       0.5946
    3142       0.5839
    3143       0.6875
    3144       0.6403
    3145       0.6527
    3146       0.6377
    3147       0.5998
    3148       0.6208
    3149       0.6980
    3150       0.5268
    3151       0.5034
    3152       0.6010
    3153       0.5512
    3154       0.5593
    3155       0.4732
    3156       0.5147
    3157       0.6515
    3158       0.6207
    3159       0.5890
    3160       0.6283
    3161       0.6178
    3162       0.6934
    3163       0.5701
    3164       0.6682
    3165       0.6030
    3166       0.5927
    3167       0.5679
    3168       0.5985
    3169       0.5764
    3170       0.5416
    3171       0.5503
    3172       0.6129
    3173       0.5494
    3174       0.5520
    3175       0.5989
    3176       0.6814
    3177       0.6016
    3178       0.5740
    3179       0.5096
    3180       0.5378
    3181       0.4885
    3182       0.5840
    3183       0.6732
    3184       0.5413
    3185       0.6147
    3186       0.5804
    3187       0.5361
    3188       0.5267
    3189       0.6823
    3190       0.5367
    3191       0.5866
    3192       0.7004
    3193       0.5288
    3194       0.6638
    3195       0.5767
    3196       0.5251
    3197       0.6040
    3198       0.5644
    3199       0.5450
    3200       0.5634
    3201       0.6174
    3202       0.5048
    3203       0.4897
    3204       0.5382
    3205       0.5360
    3206       0.5403
    3207       0.6022
    3208       0.5150
    3209       0.5258
    3210       0.5454
    3211       0.5702
    3212       0.5286
    3213       0.6404
    3214       0.5897
    3215       0.6333
    3216       0.5589
    3217       0.5491
    3218       0.6829
    3219       0.6127
    3220       0.6998
    3221       0.6502
    3222       0.6700
    3223       0.5458
    3224       0.6410
    3225       0.6868
    3226       0.7375
    3227       0.7500
    3228       0.6115
    3229       0.6562
    3230       0.6807
    3231       0.7742
    3232       0.8158
    3233       0.7015
    3234       0.6539
    3235       0.6481
    3236       0.6857
    3237       0.7161
    3238       0.6547
    3239       0.6748
    3240       0.6763
    3241       0.7211
    3242       0.6093
    3243       0.5778
    3244       0.6152
    3245       0.5319
    3246       0.6363
    3247       0.5648
    3248       0.5627
    3249       0.6158
    3250       0.6226
    3251       0.5724
    3252       0.6404
    3253       0.6089
    3254       0.5665
    3255       0.5754
    3256       0.6032
    3257       0.6253
    3258       0.6583
    3259       0.5739
    3260       0.6270
    3261       0.5608
    3262       0.6111
    3263       0.6058
    3264       0.6666
    3265       0.5706
    3266       0.6136
    3267       0.6182
    3268       0.5726
    3269       0.5761
    3270       0.6311
    3271       0.6360
    3272       0.6059
    3273       0.5758
    3274       0.6455
    3275       0.6557
    3276       0.5377
    3277       0.6699
    3278       0.6319
    3279       0.6593
    3280       0.6110
    3281       0.6742
    3282       0.5727
    3283       0.6422
    3284       0.5630
    3285       0.6593
    3286       0.6882
    3287       0.6603
    3288       0.7056
    3289       0.7465
    3290       0.6628
    3291       0.7156
    3292       0.5888
    3293       0.7146
    3294       0.6677
    3295       0.7245
    3296       0.7549
    3297       0.6503
    3298       0.7203
    3299       0.7623
    3300       0.7014
    3301       0.6242
    3302       0.6714
    3303       0.5801
    3304       0.6015
    3305       0.6349
    3306       0.5980
    3307       0.5308
    3308       0.6891
    3309       0.6221
    3310       0.5951
    3311       0.6226
    3312       0.7032
    3313       0.5936
    3314       0.6772
    3315       0.7222
    3316       0.7224
    3317       0.6731
    3318       0.6579
    3319       0.6544
    3320       0.6905
    3321       0.5906
    3322       0.6420
    3323       0.5640
    3324       0.6162
    3325       0.6815
    3326       0.7010
    3327       0.7682
    3328       0.6434
    3329       0.6877
    3330       0.5771
    3331       0.6901
    3332       0.6204
    3333       0.8041
    3334       0.7638
    3335       0.6438
    3336       0.7642
    3337       0.7480
    3338       0.6879
    3339       0.6716
    3340       0.7338
    3341       0.6330
    3342       0.5996
    3343       0.6915
    3344       0.6320
    3345       0.6721
    3346       0.7354
    3347       0.7210
    3348       0.6165
    3349       0.6741
    3350       0.6806
    3351       0.7226
    3352       0.7333
    3353       0.6268
    3354       0.5721
    3355       0.6830
    3356       0.6985
    3357       0.6316
    3358       0.6138
    3359       0.5719
    3360       0.6001
    3361       0.6496
    3362       0.7186
    3363       0.7999
    3364       0.7192
    3365       0.7469
    3366       0.6561
    3367       0.6701
    3368       0.6487
    3369       0.6875
    3370       0.5710
    3371       0.6531
    3372       0.5807
    3373       0.5650
    3374       0.6028
    3375       0.6156
    3376       0.7253
    3377       0.6980
    3378       0.6588
    3379       0.6730
    3380       0.8068
    3381       0.6504
    3382       0.6245
    3383       0.6041
    3384       0.5738
    3385       0.6337
    3386       0.6067
    3387       0.5546
    3388       0.6396
    3389       0.6170
    3390       0.8105
    3391       0.7046
    3392       0.8311
    3393       0.8093
    3394       0.7390
    3395       0.7549
    3396       0.7848
    3397       0.8426
    3398       0.7775
    3399       0.7288
    3400       0.7757
    3401       0.7105
    3402       0.7221
    3403       0.7318
    3404       0.7642
    3405       0.7119
    3406       0.7917
    3407       0.6597
    3408       0.6600
    3409       0.6957
    3410       0.5798
    3411       0.6102
    3412       0.6481
    3413       0.5713
    3414       0.5969
    3415       0.5946
    3416       0.6472
    3417       0.6350
    3418       0.6110
    3419       0.6330
    3420       0.6978
    3421       0.6517
    3422       0.6382
    3423       0.7165
    3424       0.6535
    3425       0.4959
    3426       0.6284
    3427       0.7783
    3428       0.5987
    3429       0.5807
    3430       0.6237
    3431       0.5969
    3432       0.6515
    3433       0.6217
    3434       0.5443
    3435       0.5868
    3436       0.5684
    3437       0.7037
    3438       0.6436
    3439       0.7497
    3440       0.5922
    3441       0.5990
    3442       0.6404
    3443       0.5656
    3444       0.5870
    3445       0.7139
    3446       0.6753
    3447       0.7293
    3448       0.5666
    3449       0.5889
    3450       0.6224
    3451       0.6802
    3452       0.5845
    3453       0.5210
    3454       0.5416
    3455       0.5646
    3456       0.6245
    3457       0.6520
    3458       0.5601
    3459       0.5871
    3460       0.5451
    3461       0.6322
    3462       0.5824
    3463       0.6511
    3464       0.5439
    3465       0.6138
    3466       0.5577
    3467       0.5790
    3468       0.6375
    3469       0.7488
    3470       0.7255
    3471       0.6327
    3472       0.5436
    3473       0.6104
    3474       0.5334
    3475       0.5818
    3476       0.6795
    3477       0.6789
    3478       0.6096
    3479       0.6940
    3480       0.6784
    3481       0.6272
    3482       0.5725
    3483       0.5033
    3484       0.5278
    3485       0.6211
    3486       0.5889
    3487       0.5691
    3488       0.5854
    3489       0.6286
    3490       0.5594
    3491       0.5914
    3492       0.6392
    3493       0.5294
    3494       0.5753
    3495       0.5879
    3496       0.6871
    3497       0.5560
    3498       0.6839
    3499       0.6735
    3500       0.6251
    3501       0.5896
    3502       0.6017
    3503       0.5636
    3504       0.5419
    3505       0.5574
    3506       0.6682
    3507       0.5298
    3508       0.5377
    3509       0.5052
    3510       0.5788
    3511       0.5676
    3512       0.5220
    3513       0.5231
    3514       0.6349
    3515       0.5875
    3516       0.5798
    3517       0.5357
    3518       0.5695
    3519       0.5584
    3520       0.5337
    3521       0.6909
    3522       0.5694
    3523       0.5260
    3524       0.5080
    3525       0.5569
    3526       0.5795
    3527       0.5102
    3528       0.5168
    3529       0.6153
    3530       0.5422
    3531       0.5996
    3532       0.5396
    3533       0.5643
    3534       0.5706
    3535       0.5529
    3536       0.5921
    3537       0.5187
    3538       0.6443
    3539       0.5919
    3540       0.5404
    3541       0.6606
    3542       0.5088
    3543       0.5460
    3544       0.5868
    3545       0.6049
    3546       0.5228
    3547       0.5727
    3548       0.6535
    3549       0.6233
    3550       0.6211
    3551       0.5396
    3552       0.5463
    3553       0.5659
    3554       0.6884
    3555       0.5778
    3556       0.5714
    3557       0.5846
    3558       0.4827
    3559       0.5333
    3560       0.5848
    3561       0.5251
    3562       0.5405
    3563       0.5777
    3564       0.6236
    3565       0.6421
    3566       0.5683
    3567       0.5460
    3568       0.5168
    3569       0.5442
    3570       0.5351
    3571       0.6242
    3572       0.5849
    3573       0.5947
    3574       0.6082
    3575       0.5904
    3576       0.5986
    3577       0.5761
    3578       0.6531
    3579       0.5871
    3580       0.6365
    3581       0.6092
    3582       0.6400
    3583       0.6587
    3584       0.5829
    3585       0.6334
    3586       0.6058
    3587       0.5857
    3588       0.5588
    3589       0.6209
    3590       0.5810
    3591       0.5891
    3592       0.6674
    3593       0.5903
    3594       0.6387
    3595       0.5241
    3596       0.5089
    3597       0.5392
    3598       0.5900
    3599       0.5472
    3600       0.6625
    3601       0.5841
    3602       0.6577
    3603       0.6923
    3604       0.6621
    3605       0.6335
    3606       0.6904
    3607       0.6941
    3608       0.6149
    3609       0.6305
    3610       0.6257
    3611       0.7100
    3612       0.6543
    3613       0.5682
    3614       0.6068
    3615       0.6533
    3616       0.6094
    3617       0.6653
    3618       0.6164
    3619       0.5546
    3620       0.6443
    3621       0.6107
    3622       0.5431
    3623       0.5849
    3624       0.6682
    3625       0.6294
    3626       0.6529
    3627       0.6293
    3628       0.5806
    3629       0.6208
    3630       0.5762
    3631       0.5083
    3632       0.5875
    3633       0.5518
    3634       0.5725
    3635       0.6204
    3636       0.6241
    3637       0.6497
    3638       0.6402
    3639       0.5906
    3640       0.6451
    3641       0.6482
    3642       0.5533
    3643       0.5928
    3644       0.5764
    3645       0.5727
    3646       0.6621
    3647       0.5509
    3648       0.5911
    3649       0.6244
    3650       0.7348
    3651       0.6183
    3652       0.6111
    3653       0.8103
    3654       0.5745
    3655       0.6196
    3656       0.5640
    3657       0.5876
    3658       0.6088
    3659       0.6072
    3660       0.6424
    3661       0.6370
    3662       0.6265
    3663       0.6506
    3664       0.7000
    3665       0.7000
    3666       0.5976
    3667       0.5769
    3668       0.6749
    3669       0.6637
    3670       0.6777
    3671       0.6393
    3672       0.5449
    3673       0.6581
    3674       0.5860
    3675       0.5706
    3676       0.6190
    3677       0.6454
    3678       0.6161
    3679       0.7462
    3680       0.7517
    3681       0.6332
    3682       0.5993
    3683       0.6362
    3684       0.5941
    3685       0.7135
    3686       0.7508
    3687       0.6423
    3688       0.6736
    3689       0.6399
    3690       0.5470
    3691       0.5979
    3692       0.6421
    3693       0.5717
    3694       0.7031
    3695       0.5865
    3696       0.7031
    3697       0.6638
    3698       0.6268
    3699       0.6068
    3700       0.5917
    3701       0.5914
    3702       0.7298
    3703       0.5731
    3704       0.4948
    3705       0.5761
    3706       0.5684
    3707       0.5872
    3708       0.6820
    3709       0.5679
    3710       0.6003
    3711       0.5216
    3712       0.6093
    3713       0.6442
    3714       0.7422
    3715       0.6010
    3716       0.7572
    3717       0.7194
    3718       0.5735
    3719       0.5446
    3720       0.6099
    3721       0.5853
    3722       0.6228
    3723       0.7095
    3724       0.7396
    3725       0.6468
    3726       0.5805
    3727       0.6941
    3728       0.6882
    3729       0.6431
    3730       0.6501
    3731       0.6444
    3732       0.5880
    3733       0.7120
    3734       0.6487
    3735       0.6789
    3736       0.7188
    3737       0.5698
    3738       0.6871
    3739       0.7392
    3740       0.6247
    3741       0.6837
    3742       0.6049
    3743       0.7001
    3744       0.6191
    3745       0.5889
    3746       0.5338
    3747       0.5878
    3748       0.6172
    3749       0.6200
    3750       0.6255
    3751       0.6258
    3752       0.7256
    3753       0.6000
    3754       0.5738
    3755       0.6472
    3756       0.5631
    3757       0.5643
    3758       0.6507
    3759       0.5322
    3760       0.5986
    3761       0.6350
    3762       0.5236
    3763       0.5959
    3764       0.5472
    3765       0.6112
    3766       0.5366
    3767       0.5193
    3768       0.5363
    3769       0.5910
    3770       0.5761
    3771       0.6398
    3772       0.6661
    3773       0.5747
    3774       0.5473
    3775       0.5858
    3776       0.6583
    3777       0.6521
    3778       0.6521
    3779       0.5861
    3780       0.6816
    3781       0.6545
    3782       0.6565
    3783       0.6617
    3784       0.5240
    3785       0.5890
    3786       0.5785
    3787       0.5700
    3788       0.5825
    3789       0.6119
    3790       0.5933
    3791       0.6412
    3792       0.6281
    3793       0.6898
    3794       0.6809
    3795       0.6694
    3796       0.6186
    3797       0.6427
    3798       0.6355
    3799       0.7782
    3800       0.6905
    3801       0.7648
    3802       0.6522
    3803       0.7868
    3804       0.5758
    3805       0.6345
    3806       0.6276
    3807       0.6341
    3808       0.6796
    3809       0.6949
    3810       0.7838
    3811       0.7585
    3812       0.8162
    3813       0.5754
    3814       0.6696
    3815       0.6855
    3816       0.6581
    3817       0.7479
    3818       0.7244
    3819       0.7539
    3820       0.7350
    3821       0.6881
    3822       0.6850
    3823       0.6164
    3824       0.7129
    3825       0.7177
    3826       0.6867
    3827       0.6258
    3828       0.6364
    3829       0.7352
    3830       0.6394
    3831       0.6063
    3832       0.6820
    3833       0.7383
    3834       0.6624
    3835       0.8126
    3836       0.6688
    3837       0.7163
    3838       0.6718
    3839       0.6475
    3840       0.6331
    3841       0.6011
    3842       0.5694
    3843       0.6092
    3844       0.6103
    3845       0.6584
    3846       0.6487
    3847       0.5961
    3848       0.6274
    3849       0.6577
    3850       0.6836
    3851       0.6317
    3852       0.6325
    3853       0.5793
    3854       0.5499
    3855       0.6189
    3856       0.5288
    3857       0.5263
    3858       0.6303
    3859       0.5615
    3860       0.5869
    3861       0.5529
    3862       0.5378
    3863       0.6175
    3864       0.6169
    3865       0.6907
    3866       0.6982
    3867       0.7495
    3868       0.6784
    3869       0.8095
    3870       0.5881
    3871       0.6791
    3872       0.6523
    3873       0.6645
    3874       0.6749
    3875       0.7175
    3876       0.7355
    3877       0.5925
    3878       0.5834
    3879       0.5588
    3880       0.5893
    3881       0.6287
    3882       0.5765
    3883       0.5754
    3884       0.6067
    3885       0.6362
    3886       0.5101
    3887       0.5965
    3888       0.6633
    3889       0.6112
    3890       0.5613
    3891       0.6076
    3892       0.5930
    3893       0.5572
    3894       0.6757
    3895       0.6414
    3896       0.5808
    3897       0.6618
    3898       0.5699
    3899       0.5548
    3900       0.6479
    3901       0.7102
    3902       0.6564
    3903       0.6505
    3904       0.6660
    3905       0.6636
    3906       0.5526
    3907       0.6104
    3908       0.8267
    3909       0.6150
    3910       0.6188
    3911       0.6919
    3912       0.6062
    3913       0.6703
    3914       0.6622
    3915       0.5519
    3916       0.5740
    3917       0.6244
    3918       0.6387
    3919       0.5931
    3920       0.6532
    3921       0.6091
    3922       0.6816
    3923       0.5990
    3924       0.5673
    3925       0.6269
    3926       0.6471
    3927       0.7733
    3928       0.5799
    3929       0.6191
    3930       0.6018
    3931       0.5623
    3932       0.6058
    3933       0.6599
    3934       0.6484
    3935       0.6279
    3936       0.4753
    3937       0.5662
    3938       0.6523
    3939       0.6444
    3940       0.7332
    3941       0.7296
    3942       0.6864
    3943       0.6773
    3944       0.5300
    3945       0.5580
    3946       0.6651
    3947       0.6089
    3948       0.6095
    3949       0.5741
    3950       0.5177
    3951       0.5585
    3952       0.5951
    3953       0.7026
    3954       0.6193
    3955       0.6238
    3956       0.6486
    3957       0.6325
    3958       0.7301
    3959       0.5926
    3960       0.5774
    3961       0.5996
    3962       0.6241
    3963       0.5003
    3964       0.5481
    3965       0.6006
    3966       0.5423
    3967       0.6554
    3968       0.6555
    3969       0.6349
    3970       0.6051
    3971       0.6357
    3972       0.5997
    3973       0.6922
    3974       0.6898
    3975       0.5822
    3976       0.5935
    3977       0.5615
    3978       0.6116
    3979       0.5678
    3980       0.5411
    3981       0.6065
    3982       0.7630
    3983       0.6016
    3984       0.6343
    3985       0.5041
    3986       0.6217
    3987       0.6267
    3988       0.6321
    3989       0.6853
    3990       0.5297
    3991       0.5484
    3992       0.6008
    3993       0.6146
    3994       0.5811
    3995       0.6168
    3996       0.6177
    3997       0.6774
    3998       0.6022
    3999       0.6696
    4000       0.6654
    4001       0.6476
    4002       0.6307
    4003       0.6012
    4004       0.5774
    4005       0.5540
    4006       0.6469
    4007       0.6530
    4008       0.6326
    4009       0.6039
    4010       0.6613
    4011       0.5434
    4012       0.6737
    4013       0.6467
    4014       0.6897
    4015       0.6725
    4016       0.6132
    4017       0.5966
    4018       0.5778
    4019       0.5639
    4020       0.5755
    4021       0.6508
    4022       0.7174
    4023       0.6454
    4024       0.5824
    4025       0.6561
    4026       0.6347
    4027       0.5727
    4028       0.6628
    4029       0.5852
    4030       0.6570
    4031       0.8541
    4032       0.7221
    4033       0.6728
    4034       0.7416
    4035       0.6825
    4036       0.6007
    4037       0.7466
    4038       0.6619
    4039       0.5525
    4040       0.7349
    4041       0.6389
    4042       0.6365
    4043       0.6137
    4044       0.6779
    4045       0.5848
    4046       0.6848
    4047       0.7255
    4048       0.6425
    4049       0.6792
    4050       0.6266
    4051       0.6310
    4052       0.6434
    4053       0.5796
    4054       0.6810
    4055       0.6612
    4056       0.6318
    4057       0.7078
    4058       0.7164
    4059       0.6245
    4060       0.7051
    4061       0.5387
    4062       0.5528
    4063       0.6380
    4064       0.6090
    4065       0.5968
    4066       0.6004
    4067       0.6238
    4068       0.6154
    4069       0.6505
    4070       0.8440
    4071       0.6440
    4072       0.7408
    4073       0.7825
    4074       0.6308
    4075       0.6463
    4076       0.6800
    4077       0.7803
    4078       0.7563
    4079       0.6488
    4080       0.6990
    4081       0.5580
    4082       0.5877
    4083       0.6513
    4084       0.6721
    4085       0.6749
    4086       0.6103
    4087       0.6282
    4088       0.6156
    4089       0.6074
    4090       0.6498
    4091       0.6443
    4092       0.7342
    4093       0.6038
    4094       0.6238
    4095       0.6686
    4096       0.6336
    4097       0.7598
    4098       0.7475
    4099       0.6690
    4100       0.7243
    4101       0.6415
    4102       0.7112
    4103       0.6708
    4104       0.7058
    4105       0.7682
    4106       0.6405
    4107       0.6802
    4108       0.6528
    4109       0.7055
    4110       0.6143
    4111       0.7007
    4112       0.7665
    4113       0.7513
    4114       0.9399
    4115       0.8946
    4116       0.6948
    4117       0.7472
    4118       0.7656
    4119       0.7922
    4120       0.7596
    4121       0.7892
    4122       0.6595
    4123       0.8353
    4124       0.7229
    4125       0.8715
    4126       0.7966
    4127       0.7490
    4128       0.8557
    4129       0.7557
    4130       0.7718
    4131       0.7889
    4132       0.6717
    4133       0.6888
    4134       0.5912
    4135       0.6529
    4136       0.6495
    4137       0.6771
    4138       0.7027
    4139       0.6851
    4140       0.7323
    4141       0.8496
    4142       0.8251
    4143       0.7077
    4144       0.7658
    4145       0.6986
    4146       0.6670
    4147       0.8266
    4148       0.7131
    4149       0.7007
    4150       0.6782
    4151       0.7485
    4152       0.7222
    4153       0.6521
    4154       0.6473
    4155       0.6949
    4156       0.6990
    4157       0.6470
    4158       0.8018
    4159       0.7102
    4160       0.7119
    4161       0.7036
    4162       0.7297
    4163       0.6104
    4164       0.5985
    4165       0.6939
    4166       0.7337
    4167       0.6827
    4168       0.7642
    4169       0.6905
    4170       0.5987
    4171       0.6868
    4172       0.6575
    4173       0.7275
    4174       0.7370
    4175       0.7111
    4176       0.7024
    4177       0.5864
    4178       0.6484
    4179       0.6878
    4180       0.6734
    4181       0.6488
    4182       0.6136
    4183       0.6320
    4184       0.5582
    4185       0.6559
    4186       0.5691
    4187       0.5649
    4188       0.5942
    4189       0.6491
    4190       0.5992
    4191       0.6817
    4192       0.6255
    4193       0.5592
    4194       0.6321
    4195       0.6132
    4196       0.5993
    4197       0.7288
    4198       0.5631
    4199       0.6875
    4200       0.7573
    4201       0.5795
    4202       0.6060
    4203       0.6264
    4204       0.6605
    4205       0.6452
    4206       0.6793
    4207       0.6584
    4208       0.6039
    4209       0.6595
    4210       0.5594
    4211       0.6221
    4212       0.6316
    4213       0.5878
    4214       0.6541
    4215       0.6534
    4216       0.6139
    4217       0.7453
    4218       0.6221
    4219       0.5891
    4220       0.6682
    4221       0.6106
    4222       0.6985
    4223       0.7156
    4224       0.7512
    4225       0.7903
    4226       0.9119
    4227       0.8836
    4228       0.8392
    4229       0.8025
    4230       0.8915
    4231       0.7657
    4232       0.7758
    4233       0.6528
    4234       0.8780
    4235       0.7507
    4236       0.5978
    4237       0.6485
    4238       0.5872
    4239       0.7109
    4240       0.7971
    4241       0.7437
    4242       0.7347
    4243       0.5881
    4244       0.5925
    4245       0.5609
    4246       0.6126
    4247       0.5357
    4248       0.5280
    4249       0.6614
    4250       0.6025
    4251       0.5310
    4252       0.6177
    4253       0.6452
    4254       0.5572
    4255       0.6177
    4256       0.6498
    4257       0.5009
    4258       0.5572
    4259       0.5691
    4260       0.5572
    4261       0.5875
    4262       0.5606
    4263       0.6461
    4264       0.6029
    4265       0.6540
    4266       0.6259
    4267       0.5621
    4268       0.6002
    4269       0.5625
    4270       0.6344
    4271       0.6788
    4272       0.6444
    4273       0.6884
    4274       0.6680
    4275       0.7308
    4276       0.7880
    4277       0.7666
    4278       0.8005
    4279       0.7018
    4280       0.7503
    4281       0.8115
    4282       0.7910
    4283       0.8448
    4284       0.7852
    4285       0.7170
    4286       0.7053
    4287       0.5531
    4288       0.6394
    4289       0.5486
    4290       0.6967
    4291       0.6970
    4292       0.6328
    4293       0.6439
    4294       0.6581
    4295       0.6866
    4296       0.6735
    4297       0.7075
    4298       0.6270
    4299       0.5432
    4300       0.6283
    4301       0.6140
    4302       0.7141
    4303       0.6440
    4304       0.7330
    4305       0.7007
    4306       0.6786
    4307       0.7047
    4308       0.6880
    4309       0.6379
    4310       0.6546
    4311       0.7243
    4312       0.5607
    4313       0.6844
    4314       0.7354
    4315       0.7545
    4316       0.6577
    4317       0.6620
    4318       0.6997
    4319       0.6786
    4320       0.6160
    4321       0.6182
    4322       0.5756
    4323       0.7153
    4324       0.7035
    4325       0.5931
    4326       0.6673
    4327       0.6952
    4328       0.5874
    4329       0.5909
    4330       0.6054
    4331       0.5755
    4332       0.5913
    4333       0.6452
    4334       0.6778
    4335       0.5944
    4336       0.6906
    4337       0.6220
    4338       0.6179
    4339       0.5424
    4340       0.5927
    4341       0.6244
    4342       0.6010
    4343       0.6489
    4344       0.6431
    4345       0.6515
    4346       0.5882
    4347       0.5545
    4348       0.5624
    4349       0.5447
    4350       0.5478
    4351       0.6358
    4352       0.6114
    4353       0.6577
    4354       0.6526
    4355       0.6548
    4356       0.6051
    4357       0.5585
    4358       0.6223
    4359       0.6223
    4360       0.7860
    4361       0.7122
    4362       0.7246
    4363       0.8358
    4364       0.7486
    4365       0.7462
    4366       0.5707
    4367       0.6478
    4368       0.6394
    4369       0.5945
    4370       0.5600
    4371       0.6480
    4372       0.6224
    4373       0.6689
    4374       0.6649
    4375       0.6073
    4376       0.6906
    4377       0.5318
    4378       0.5470
    4379       0.6325
    4380       0.6860
    4381       0.6586
    4382       0.7580
    4383       0.5702
    4384       0.5940
    4385       0.5805
    4386       0.6721
    4387       0.6717
    4388       0.6418
    4389       0.6369
    4390       0.6440
    4391       0.6244
    4392       0.6702
    4393       0.7217
    4394       0.5946
    4395       0.6069
    4396       0.6853
    4397       0.6876
    4398       0.7023
    4399       0.6797
    4400       0.5790
    4401       0.7065
    4402       0.7059
    4403       0.6185
    4404       0.6652
    4405       0.6035
    4406       0.5691
    4407       0.6952
    4408       0.6588
    4409       0.6025
    4410       0.6276
    4411       0.6393
    4412       0.7461
    4413       0.7810
    4414       0.6460
    4415       0.6258
    4416       0.5624
    4417       0.5720
    4418       0.6527
    4419       0.6220
    4420       0.6004
    4421       0.5986
    4422       0.5964
    4423       0.5276
    4424       0.6519
    4425       0.6387
    4426       0.6346
    4427       0.6665
    4428       0.6741
    4429       0.6270
    4430       0.5692
    4431       0.7041
    4432       0.6406
    4433       0.5920
    4434       0.6014
    4435       0.6890
    4436       0.5908
    4437       0.6710
    4438       0.6479
    4439       0.5655
    4440       0.6168
    4441       0.6105
    4442       0.5247
    4443       0.6401
    4444       0.5718
    4445       0.6300
    4446       0.5825
    4447       0.6079
    4448       0.6291
    4449       0.5550
    4450       0.5730
    4451       0.5740
    4452       0.5393
    4453       0.5934
    4454       0.6712
    4455       0.5732
    4456       0.6606
    4457       0.6827
    4458       0.7045
    4459       0.5608
    4460       0.6021
    4461       0.6092
    4462       0.5469
    4463       0.5793
    4464       0.5736
    4465       0.5522
    4466       0.6190
    4467       0.6183
    4468       0.6625
    4469       0.6636
    4470       0.6817
    4471       0.6612
    4472       0.6742
    4473       0.6543
    4474       0.5861
    4475       0.5560
    4476       0.6207
    4477       0.6099
    4478       0.5967
    4479       0.5626
    4480       0.5977
    4481       0.5445
    4482       0.5779
    4483       0.5823
    4484       0.6460
    4485       0.6504
    4486       0.6512
    4487       0.6313
    4488       0.5385
    4489       0.5730
    4490       0.5909
    4491       0.7330
    4492       0.6167
    4493       0.5501
    4494       0.6006
    4495       0.5552
    4496       0.6817
    4497       0.6240
    4498       0.6358
    4499       0.6567
    4500       0.7277
    4501       0.7128
    4502       0.8215
    4503       0.6080
    4504       0.6294
    4505       0.6539
    4506       0.6792
    4507       0.6987
    4508       0.5847
    4509       0.6882
    4510       0.6421
    4511       0.6920
    4512       0.5870
    4513       0.6075
    4514       0.6794
    4515       0.7608
    4516       0.6147
    4517       0.5796
    4518       0.6707
    4519       0.5557
    4520       0.5816
    4521       0.5213
    4522       0.5660
    4523       0.5513
    4524       0.6320
    4525       0.6440
    4526       0.6648
    4527       0.6628
    4528       0.6392
    4529       0.5821
    4530       0.6536
    4531       0.6448
    4532       0.5498
    4533       0.5927
    4534       0.5939
    4535       0.5918
    4536       0.6590
    4537       0.6912
    4538       0.6976
    4539       0.7302
    4540       0.7655
    4541       0.6798
    4542       0.5760
    4543       0.7208
    4544       0.6085
    4545       0.5741
    4546       0.5855
    4547       0.6186
    4548       0.5939
    4549       0.6446
    4550       0.7163
    4551       0.6082
    4552       0.7093
    4553       0.6614
    4554       0.6996
    4555       0.8057
    4556       0.7076
    4557       0.6419
    4558       0.7379
    4559       0.6320
    4560       0.6483
    4561       0.6743
    4562       0.5916
    4563       0.6613
    4564       0.6548
    4565       0.5976
    4566       0.6623
    4567       0.6451
    4568       0.6161
    4569       0.6541
    4570       0.6754
    4571       0.6521
    4572       0.6133
    4573       0.5923
    4574       0.6253
    4575       0.5825
    4576       0.6026
    4577       0.5679
    4578       0.5667
    4579       0.6739
    4580       0.6531
    4581       0.6434
    4582       0.5829
    4583       0.5943
    4584       0.6725
    4585       0.5981
    4586       0.7024
    4587       0.5944
    4588       0.6467
    4589       0.6427
    4590       0.6476
    4591       0.6432
    4592       0.7138
    4593       0.6952
    4594       0.5712
    4595       0.7795
    4596       0.5810
    4597       0.7131
    4598       0.5925
    4599       0.6630
    4600       0.7035
    4601       0.6132
    4602       0.5737
    4603       0.7256
    4604       0.4952
    4605       0.6015
    4606       0.5984
    4607       0.5798
    4608       0.6284
    4609       0.7343
    4610       0.6864
    4611       0.6526
    4612       0.5742
    4613       0.5960
    4614       0.5829
    4615       0.6745
    4616       0.5997
    4617       0.6087
    4618       0.5868
    4619       0.5950
    4620       0.6106
    4621       0.6219
    4622       0.6024
    4623       0.7226
    4624       0.7409
    4625       0.7167
    4626       0.6924
    4627       0.6758
    4628       0.7562
    4629       0.7966
    4630       0.6306
    4631       0.6591
    4632       0.6334
    4633       0.5471
    4634       0.6213
    4635       0.6320
    4636       0.5860
    4637       0.6427
    4638       0.5775
    4639       0.5241
    4640       0.5423
    4641       0.6528
    4642       0.6907
    4643       0.6729
    4644       0.6171
    4645       0.6190
    4646       0.6360
    4647       0.6584
    4648       0.7397
    4649       0.7385
    4650       0.7253
    4651       0.6154
    4652       0.7427
    4653       0.6768
    4654       0.6975
    4655       0.6518
    4656       0.7091
    4657       0.7107
    4658       0.6933
    4659       0.6315
    4660       0.6340
    4661       0.7000
    4662       0.6469
    4663       0.5840
    4664       0.5395
    4665       0.5340
    4666       0.6180
    4667       0.6699
    4668       0.5930
    4669       0.6282
    4670       0.5283
    4671       0.6148
    4672       0.5398
    4673       0.6279
    4674       0.5985
    4675       0.6693
    4676       0.6342
    4677       0.6836
    4678       0.6016
    4679       0.5666
    4680       0.5874
    4681       0.6777
    4682       0.5735
    4683       0.5369
    4684       0.6383
    4685       0.6046
    4686       0.6326
    4687       0.6228
    4688       0.5721
    4689       0.6185
    4690       0.6585
    4691       0.4935
    4692       0.5053
    4693       0.5550
    4694       0.6303
    4695       0.5802
    4696       0.5628
    4697       0.5312
    4698       0.5298
    4699       0.6762
    4700       0.5258
    4701       0.4754
    4702       0.5267
    4703       0.5968
    4704       0.5170
    4705       0.6542
    4706       0.5127
    4707       0.6296
    4708       0.5753
    4709       0.5139
    4710       0.4815
    4711       0.5176
    4712       0.6743
    4713       0.6197
    4714       0.6247
    4715       0.5595
    4716       0.5546
    4717       0.6584
    4718       0.5698
    4719       0.6108
    4720       0.7025
    4721       0.6358
    4722       0.7064
    4723       0.5629
    4724       0.5298
    4725       0.6346
    4726       0.7655
    4727       0.5859
    4728       0.6172
    4729       0.6004
    4730       0.5763
    4731       0.5594
    4732       0.5154
    4733       0.5896
    4734       0.5662
    4735       0.5410
    4736       0.5599
    4737       0.6213
    4738       0.5259
    4739       0.5989
    4740       0.6026
    4741       0.6254
    4742       0.5991
    4743       0.5650
    4744       0.6712
    4745       0.6160
    4746       0.6237
    4747       0.5865
    4748       0.6098
    4749       0.6938
    4750       0.6444
    4751       0.6430
    4752       0.5436
    4753       0.6900
    4754       0.6103
    4755       0.6106
    4756       0.6050
    4757       0.5532
    4758       0.5607
    4759       0.5917
    4760       0.5224
    4761       0.6247
    4762       0.5540
    4763       0.5371
    4764       0.5330
    4765       0.5996
    4766       0.5996
    4767       0.7027
    4768       0.5784
    4769       0.6538
    4770       0.6319
    4771       0.6041
    4772       0.7219
    4773       0.7923
    4774       0.6662
    4775       0.7175
    4776       0.7094
    4777       0.6999
    4778       0.6304
    4779       0.6938
    4780       0.7040
    4781       0.6634
    4782       0.7279
    4783       0.5754
    4784       0.5851
    4785       0.6642
    4786       0.6363
    4787       0.6817
    4788       0.8229
    4789       0.6301
    4790       0.5418
    4791       0.5549
    4792       0.5790
    4793       0.6419
    4794       0.6268
    4795       0.6783
    4796       0.6928
    4797       0.7420
    4798       0.8313
    4799       0.7139
    4800       0.6681
    4801       0.5060
    4802       0.6264
    4803       0.5651
    4804       0.5861
    4805       0.4769
    4806       0.5138
    4807       0.5570
    4808       0.6454
    4809       0.5816
    4810       0.6758
    4811       0.6081
    4812       0.6163
    4813       0.6813
    4814       0.6199
    4815       0.6704
    4816       0.7292
    4817       0.7425
    4818       0.6252
    4819       0.7671
    4820       0.7130
    4821       0.6123
    4822       0.5583
    4823       0.7004
    4824       0.6639
    4825       0.7253
    4826       0.6331
    4827       0.5755
    4828       0.6707
    4829       0.5996
    4830       0.6808
    4831       0.6279
    4832       0.5549
    4833       0.5664
    4834       0.5191
    4835       0.5236
    4836       0.5702
    4837       0.5276
    4838       0.6317
    4839       0.5873
    4840       0.6782
    4841       0.6308
    4842       0.5728
    4843       0.6107
    4844       0.5538
    4845       0.6236
    4846       0.6326
    4847       0.6016
    4848       0.5721
    4849       0.6325
    4850       0.5681
    4851       0.6990
    4852       0.5929
    4853       0.5978
    4854       0.6197
    4855       0.6336
    4856       0.6244
    4857       0.7456
    4858       0.6583
    4859       0.6890
    4860       0.5997
    4861       0.6014
    4862       0.5636
    4863       0.6386
    4864       0.5967
    4865       0.6702
    4866       0.6706
    4867       0.5722
    4868       0.6036
    4869       0.5337
    4870       0.7088
    4871       0.7072
    4872       0.5868
    4873       0.6246
    4874       0.5944
    4875       0.7175
    4876       0.5790
    4877       0.6230
    4878       0.6656
    4879       0.7066
    4880       0.6699
    4881       0.7450
    4882       0.7423
    4883       0.6715
    4884       0.6825
    4885       0.5824
    4886       0.5156
    4887       0.7009
    4888       0.6352
    4889       0.7000
    4890       0.6532
    4891       0.5432
    4892       0.6460
    4893       0.7263
    4894       0.7475
    4895       0.6085
    4896       0.7386
    4897       0.7275
    4898       0.7782
    4899       0.7422
    4900       0.7431
    4901       0.6801
    4902       0.6952
    4903       0.6739
    4904       0.6065
    4905       0.5896
    4906       0.6681
    4907       0.6712
    4908       0.6529
    4909       0.7143
    4910       0.6083
    4911       0.6631
    4912       0.6793
    4913       0.6187
    4914       0.6975
    4915       0.6417
    4916       0.6223
    4917       0.6613
    4918       0.6575
    4919       0.7560
    4920       0.6699
    4921       0.7870
    4922       0.7570
    4923       0.7006
    4924       0.6400
    4925       0.7734
    4926       0.6060
    4927       0.5797
    4928       0.7034
    4929       0.5681
    4930       0.6587
    4931       0.6951
    4932       0.5474
    4933       0.5830
    4934       0.5854
    4935       0.6511
    4936       0.6304
    4937       0.5414
    4938       0.6833
    4939       0.7091
    4940       0.5709
    4941       0.6734
    4942       0.7102
    4943       0.7381
    4944       0.6910
    4945       0.6884
    4946       0.6369
    4947       0.5896
    4948       0.6243
    4949       0.5979
    4950       0.7302
    4951       0.5746
    4952       0.6334
    4953       0.7031
    4954       0.7297
    4955       0.7015
    4956       0.7505
    4957       0.7753
    4958       0.7213
    4959       0.6939
    4960       0.7487
    4961       0.7531
    4962       0.7768
    4963       0.6265
    4964       0.7254
    4965       0.7719
    4966       0.6310
    4967       0.5381
    4968       0.6781
    4969       0.6299
    4970       0.7850
    4971       0.6202
    4972       0.6290
    4973       0.6388
    4974       0.7068
    4975       0.6080
    4976       0.7120
    4977       0.7112
    4978       0.6564
    4979       0.7121
    4980       0.6952
    4981       0.6600
    4982       0.6301
    4983       0.6952
    4984       0.6772
    4985       0.6510
    4986       0.5918
    4987       0.6756
    4988       0.5625
    4989       0.5848
    4990       0.6704
    4991       0.5843
    4992       0.7061
    4993       0.6834
    4994       0.6922
    4995       0.6240
    4996       0.5327
    4997       0.6714
    4998       0.6146
    4999       0.6724
    5000       0.6031
    5001       0.6795
    5002       0.6212
    5003       0.6163
    5004       0.6972
    5005       0.6887
    5006       0.7031
    5007       0.6344
    5008       0.6780
    5009       0.7151
    5010       0.6711
    5011       0.6457
    5012       0.8484
    5013       0.7411
    5014       0.8579
    5015       0.6902
    5016       0.6980
    5017       0.7158
    5018       0.7564
    5019       0.7254
    5020       0.7097
    5021       0.6996
    5022       0.7838
    5023       0.7148
    5024       0.6589
    5025       0.6568
    5026       0.7412
    5027       0.7083
    5028       0.6923
    5029       0.5967
    5030       0.6442
    5031       0.7692
    5032       0.6409
    5033       0.6935
    5034       0.6816
    5035       0.7463
    5036       0.7125
    5037       0.6692
    5038       0.7920
    5039       0.8212
    5040       0.8153
    5041       0.6966
    5042       0.7347
    5043       0.7478
    5044       0.7575
    5045       0.7138
    5046       0.7053
    5047       0.7596
    5048       0.7061
    5049       0.8116
    5050       0.7144
    5051       0.7277
    5052       0.7317
    5053       0.6209
    5054       0.6686
    5055       0.6747
    5056       0.7681
    5057       0.7492
    5058       0.6945
    5059       0.6716
    5060       0.7171
    5061       0.8411
    5062       0.7101
    5063       0.6842
    5064       0.6713
    5065       0.7155
    5066       0.7740
    5067       0.6307
    5068       0.7196
    5069       0.7638
    5070       0.7254
    5071       0.6980
    5072       0.8559
    5073       0.7588
    5074       0.6696
    5075       0.7140
    5076       0.6511
    5077       0.6826
    5078       0.6940
    5079       0.6860
    5080       0.7816
    5081       0.8067
    5082       0.6632
    5083       0.7126
    5084       0.7625
    5085       0.6942
    5086       0.6018
    5087       0.7866
    5088       0.8315
    5089       0.7549
    5090       0.6965
    5091       0.8414
    5092       0.7868
    5093       0.6761
    5094       0.7339
    5095       0.7389
    5096       0.6656
    5097       0.6560
    5098       0.7156
    5099       0.7669
    5100       0.6635
    5101       0.6644
    5102       0.7228
    5103       0.7407
    5104       0.6558
    5105       0.7400
    5106       0.7054
    5107       0.8002
    5108       0.7396
    5109       0.7419
    5110       0.6878
    5111       0.6369
    5112       0.6961
    5113       0.7264
    5114       0.6233
    5115       0.7102
    5116       0.6769
    5117       0.5586
    5118       0.6901
    5119       0.6704
    5120       0.7487
    5121       0.7994
    5122       0.7937
    5123       0.8542
    5124       0.7293
    5125       0.7782
    5126       0.8203
    5127       0.7467
    5128       0.7380
    5129       0.6560
    5130       0.7064
    5131       0.8325
    5132       0.7200
    5133       0.7712
    5134       0.6845
    5135       0.7532
    5136       0.7456
    5137       0.7945
    5138       0.8070
    5139       0.7283
    5140       0.7029
    5141       0.6799
    5142       0.7749
    5143       0.6807
    5144       0.6966
    5145       0.6945
    5146       0.7258
    5147       0.9224
    5148       0.8418
    5149       0.7211
    5150       0.6933
    5151       0.7604
    5152       0.6621
    5153       0.8230
    5154       0.7127
    5155       0.8176
    5156       0.7547
    5157       0.9093
    5158       0.8395
    5159       0.6719
    5160       0.7268
    5161       0.6954
    5162       0.6366
    5163       0.6971
    5164       0.6843
    5165       0.7125
    5166       0.6732
    5167       0.6849
    5168       0.8055
    5169       0.6893
    5170       0.7586
    5171       0.6145
    5172       0.6622
    5173       0.7589
    5174       0.7351
    5175       0.7298
    5176       0.8056
    5177       0.7891
    5178       0.7597
    5179       0.6979
    5180       0.8565
    5181       0.7690
    5182       0.7673
    5183       0.8065
    5184       0.7128
    5185       0.8506
    5186       0.6965
    5187       0.7573
    5188       0.8035
    5189       0.7914
    5190       0.8771
    5191       0.6971
    5192       0.7213
    5193       0.6569
    5194       0.7104
    5195       0.7130
    5196       0.6356
    5197       0.7456
    5198       0.8037
    5199       0.7070
    5200       0.7055
    5201       0.7201
    5202       0.7321
    5203       0.6515
    5204       0.6894
    5205       0.6494
    5206       0.6562
    5207       0.6958
    5208       0.7013
    5209       0.6504
    5210       0.7272
    5211       0.6207
    5212       0.7371
    5213       0.7198
    5214       0.7493
    5215       0.6526
    5216       0.7270
    5217       0.6384
    5218       0.8183
    5219       0.7336
    5220       0.5733
    5221       0.7538
    5222       0.6957
    5223       0.7586
    5224       0.8528
    5225       0.7472
    5226       0.6553
    5227       0.7103
    5228       0.6240
    5229       0.6372
    5230       0.7126
    5231       0.6621
    5232       0.8246
    5233       0.8408
    5234       0.6635
    5235       0.6602
    5236       0.5795
    5237       0.6479
    5238       0.7290
    5239       0.6920
    5240       0.6343
    5241       0.6095
    5242       0.7689
    5243       0.6826
    5244       0.8110
    5245       0.5885
    5246       0.5401
    5247       0.6918
    5248       0.6057
    5249       0.7033
    5250       0.6428
    5251       0.6560
    5252       0.6219
    5253       0.6558
    5254       0.6703
    5255       0.6821
    5256       0.7306
    5257       0.6869
    5258       0.7140
    5259       0.6544
    5260       0.7281
    5261       0.6297
    5262       0.6691
    5263       0.6605
    5264       0.6452
    5265       0.7062
    5266       0.6471
    5267       0.6739
    5268       0.6314
    5269       0.6996
    5270       0.6001
    5271       0.5991
    5272       0.5807
    5273       0.6088
    5274       0.7301
    5275       0.5939
    5276       0.6202
    5277       0.5699
    5278       0.6378
    5279       0.6907
    5280       0.5514
    5281       0.6118
    5282       0.5412
    5283       0.7091
    5284       0.5856
    5285       0.7477
    5286       0.7355
    5287       0.6759
    5288       0.6963
    5289       0.6187
    5290       0.5597
    5291       0.6578
    5292       0.5985
    5293       0.6887
    5294       0.7109
    5295       0.7372
    5296       0.6441
    5297       0.7246
    5298       0.6299
    5299       0.6255
    5300       0.7543
    5301       0.7016
    5302       0.7168
    5303       0.7136
    5304       0.7445
    5305       0.7009
    5306       0.6815
    5307       0.7311
    5308       0.8074
    5309       0.6560
    5310       0.6868
    5311       0.7201
    5312       0.8481
    5313       0.6988
    5314       0.7419
    5315       0.7443
    5316       0.6818
    5317       0.7400
    5318       0.7001
    5319       0.6634
    5320       0.6709
    5321       0.6045
    5322       0.5998
    5323       0.6075
    5324       0.6420
    5325       0.6997
    5326       0.6259
    5327       0.6928
    5328       0.7348
    5329       0.5726
    5330       0.5897
    5331       0.6067
    5332       0.5871
    5333       0.6960
    5334       0.6757
    5335       0.6744
    5336       0.7331
    5337       0.6119
    5338       0.6316
    5339       0.7072
    5340       0.7185
    5341       0.5850
    5342       0.7642
    5343       0.7429
    5344       0.6883
    5345       0.6261
    5346       0.7490
    5347       0.7261
    5348       0.6169
    5349       0.6667
    5350       0.8138
    5351       0.7035
    5352       0.6949
    5353       0.7511
    5354       0.7594
    5355       0.7731
    5356       0.6597
    5357       0.7398
    5358       0.7903
    5359       0.7906
    5360       0.6565
    5361       0.7080
    5362       0.6413
    5363       0.5903
    5364       0.6570
    5365       0.6915
    5366       0.6913
    5367       0.7645
    5368       0.7914
    5369       0.7579
    5370       0.6838
    5371       0.7405
    5372       0.6321
    5373       0.6646
    5374       0.6399
    5375       0.7257
    5376       0.6248
    5377       0.6412
    5378       0.8079
    5379       0.8217
    5380       0.8197
    5381       0.7914
    5382       0.8158
    5383       0.8000
    5384       0.8295
    5385       0.8660
    5386       0.6808
    5387       0.6411
    5388       0.6223
    5389       0.6658
    5390       0.5747
    5391       0.6399
    5392       0.6537
    5393       0.5157
    5394       0.5857
    5395       0.7211
    5396       0.5957
    5397       0.6698
    5398       0.5762
    5399       0.6474
    5400       0.8944
    5401       0.6918
    5402       0.6860
    5403       0.6945
    5404       0.6226
    5405       0.7978
    5406       0.6658
    5407       0.6593
    5408       0.5905
    5409       0.6961
    5410       0.6931
    5411       0.5755
    5412       0.7062
    5413       0.6164
    5414       0.6833
    5415       0.6281
    5416       0.7342
    5417       0.6458
    5418       0.6455
    5419       0.6267
    5420       0.6247
    5421       0.5512
    5422       0.6908
    5423       0.6875
    5424       0.6140
    5425       0.6053
    5426       0.6597
    5427       0.7182
    5428       0.6378
    5429       0.4913
    5430       0.5812
    5431       0.5398
    5432       0.5368
    5433       0.6879
    5434       0.6872
    5435       0.6032
    5436       0.7205
    5437       0.7029
    5438       0.6959
    5439       0.5936
    5440       0.7262
    5441       0.6937
    5442       0.6607
    5443       0.6855
    5444       0.5946
    5445       0.6468
    5446       0.6638
    5447       0.6826
    5448       0.7051
    5449       0.6564
    5450       0.6348
    5451       0.6542
    5452       0.6190
    5453       0.6834
    5454       0.5686
    5455       0.6715
    5456       0.6250
    5457       0.6755
    5458       0.7308
    5459       0.6760
    5460       0.7133
    5461       0.6693
    5462       0.6304
    5463       0.7201
    5464       0.6439
    5465       0.6243
    5466       0.5952
    5467       0.6201
    5468       0.6367
    5469       0.7771
    5470       0.8599
    5471       0.7624
    5472       0.7138
    5473       0.6177
    5474       0.6624
    5475       0.6448
    5476       0.6525
    5477       0.6923
    5478       0.7515
    5479       0.5744
    5480       0.6470
    5481       0.6640
    5482       0.6231
    5483       0.6499
    5484       0.6118
    5485       0.6524
    5486       0.6567
    5487       0.7534
    5488       0.6256
    5489       0.6354
    5490       0.6098
    5491       0.6264
    5492       0.5650
    5493       0.6398
    5494       0.5444
    5495       0.6742
    5496       0.7196
    5497       0.6978
    5498       0.6367
    5499       0.6608
    5500       0.5781
    5501       0.5295
    5502       0.5900
    5503       0.6959
    5504       0.6895
    5505       0.6110
    5506       0.5582
    5507       0.6555
    5508       0.6624
    5509       0.6650
    5510       0.6444
    5511       0.6872
    5512       0.6246
    5513       0.6106
    5514       0.5416
    5515       0.6408
    5516       0.6780
    5517       0.7056
    5518       0.7630
    5519       0.8035
    5520       0.6810
    5521       0.7037
    5522       0.7232
    5523       0.7829
    5524       0.8689
    5525       0.9102
    5526       0.9355
    5527       0.8100
    5528       0.7592
    5529       0.7164
    5530       0.6721
    5531       0.6703
    5532       0.7876
    5533       0.6912
    5534       0.7510
    5535       0.7352
    5536       0.6835
    5537       0.6569
    5538       0.6463
    5539       0.6521
    5540       0.6613
    5541       0.6606
    5542       0.7913
    5543       0.7256
    5544       0.6647
    5545       0.6383
    5546       0.6595
    5547       0.6001
    5548       0.6689
    5549       0.7222
    5550       0.7437
    5551       0.7528
    5552       0.6792
    5553       0.7254
    5554       0.7405
    5555       0.7318
    5556       0.6544
    5557       0.7011
    5558       0.6968
    5559       0.6967
    5560       0.7957
    5561       0.8358
    5562       0.7503
    5563       0.8532
    5564       0.6969
    5565       0.6860
    5566       0.6796
    5567       0.6855
    5568       0.7141
    5569       0.7573
    5570       0.7123
    5571       0.7614
    5572       0.8533
    5573       0.7658
    5574       0.7396
    5575       0.7394
    5576       0.7868
    5577       0.8783
    5578       0.8029
    5579       0.7405
    5580       0.6865
    5581       0.7133
    5582       0.7257
    5583       0.7202
    5584       0.7456
    5585       0.7889
    5586       0.7338
    5587       0.6951
    5588       0.6938
    5589       0.7131
    5590       0.6730
    5591       0.6695
    5592       0.7159
    5593       0.7051
    5594       0.7109
    5595       0.6961
    5596       0.6837
    5597       0.6818
    5598       0.6877
    5599       0.6799
    5600       0.6871
    5601       0.7489
    5602       0.6285
    5603       0.6373
    5604       0.6963
    5605       0.8004
    5606       0.6195
    5607       0.6456
    5608       0.7903
    5609       0.7505
    5610       0.7524
    5611       0.6712
    5612       0.7713
    5613       0.7056
    5614       0.6368
    5615       0.6105
    5616       0.7463
    5617       0.6642
    5618       0.6241
    5619       0.6810
    5620       0.6641
    5621       0.8356
    5622       0.6455
    5623       0.6193
    5624       0.6687
    5625       0.5883
    5626       0.6651
    5627       0.6915
    5628       0.8340
    5629       0.7833
    5630       0.7671
    5631       0.7548
    5632       0.7378
    5633       0.7345
    5634       0.7404
    5635       0.9523
    5636       0.8676
    5637       0.6748
    5638       0.7008
    5639       0.7842
    5640       0.7169
    5641       0.7080
    5642       0.7533
    5643       0.7704
    5644       0.6775
    5645       0.6197
    5646       0.6167
    5647       0.5866
    5648       0.6425
    5649       0.7343
    5650       0.6866
    5651       0.6313
    5652       0.6854
    5653       0.7292
    5654       0.6909
    5655       0.8131
    5656       0.7511
    5657       0.6437
    5658       0.6940
    5659       0.6553
    5660       0.6960
    5661       0.6381
    5662       0.5858
    5663       0.6679
    5664       0.6919
    5665       0.7571
    5666       0.6943
    5667       0.7266
    5668       0.7715
    5669       0.7325
    5670       0.6080
    5671       0.6875
    5672       0.6404
    5673       0.6237
    5674       0.5972
    5675       0.6185
    5676       0.7059
    5677       0.6508
    5678       0.6903
    5679       0.6867
    5680       0.6551
    5681       0.6904
    5682       0.6214
    5683       0.7331
    5684       0.6962
    5685       0.6860
    5686       0.6573
    5687       0.8763
    5688       0.6924
    5689       0.7348
    5690       0.6769
    5691       0.7636
    5692       0.6950
    5693       0.6643
    5694       0.7391
    5695       0.6989
    5696       0.6136
    5697       0.6555
    5698       0.6504
    5699       0.7312
    5700       0.6578
    5701       0.6524
    5702       0.7975
    5703       0.7502
    5704       0.8414
    5705       0.7869
    5706       0.7351
    5707       0.8879
    5708       0.8952
    5709       0.8607
    5710       0.9578
    5711       0.9647
    5712       0.9483
    5713       0.7421
    5714       0.7110
    5715       0.6960
    5716       0.8788
    5717       0.9367
    5718       0.8306
    5719       0.9106
    5720       0.8177
    5721       0.8684
    5722       0.6573
    5723       0.6311
    5724       0.7580
    5725       0.6225
    5726       0.6897
    5727       0.7759
    5728       0.7579
    5729       0.7150
    5730       0.6166
    5731       0.6323
    5732       0.6648
    5733       0.6551
    5734       0.6244
    5735       0.6494
    5736       0.6913
    5737       0.7686
    5738       0.6653
    5739       0.5698
    5740       0.5451
    5741       0.7719
    5742       0.6993
    5743       0.6195
    5744       0.6511
    5745       0.6372
    5746       0.6650
    5747       0.6451
    5748       0.6326
    5749       0.6055
    5750       0.6814
    5751       0.5771
    5752       0.5672
    5753       0.6253
    5754       0.6305
    5755       0.7361
    5756       0.7110
    5757       0.6833
    5758       0.6863
    5759       0.6475
    5760       0.7316
    5761       0.6424
    5762       0.6419
    5763       0.6113
    5764       0.6439
    5765       0.6596
    5766       0.6461
    5767       0.6842
    5768       0.5886
    5769       0.6642
    5770       0.6439
    5771       0.6148
    5772       0.5830
    5773       0.5991
    5774       0.6652
    5775       0.6339
    5776       0.5830
    5777       0.6095
    5778       0.6852
    5779       0.6952
    5780       0.6790
    5781       0.6387
    5782       0.6513
    5783       0.6532
    5784       0.6525
    5785       0.7023
    5786       0.6087
    5787       0.7530
    5788       0.7175
    5789       0.7070
    5790       0.7566
    5791       0.5986
    5792       0.7054
    5793       0.6604
    5794       0.6435
    5795       0.7061
    5796       0.8233
    5797       0.6722
    5798       0.7320
    5799       0.7238
    5800       0.7423
    5801       0.7010
    5802       0.7700
    5803       0.6454
    5804       0.6673
    5805       0.6171
    5806       0.6612
    5807       0.7586
    5808       0.6639
    5809       0.6603
    5810       0.7014
    5811       0.6599
    5812       0.6575
    5813       0.7437
    5814       0.7118
    5815       0.7214
    5816       0.5690
    5817       0.6170
    5818       0.7601
    5819       0.6781
    5820       0.7259
    5821       0.6873
    5822       0.7605
    5823       0.7306
    5824       0.7528
    5825       0.8240
    5826       0.6991
    5827       0.7382
    5828       0.6775
    5829       0.7312
    5830       0.7926
    5831       0.7220
    5832       0.6679
    5833       0.7490
    5834       0.7631
    5835       0.7921
    5836       0.6957
    5837       0.6698
    5838       0.8043
    5839       0.7246
    5840       0.6399
    5841       0.7444
    5842       0.6329
    5843       0.6788
    5844       0.7504
    5845       0.6821
    5846       0.6517
    5847       0.7332
    5848       0.6958
    5849       0.6307
    5850       0.7056
    5851       0.6261
    5852       0.8195
    5853       0.8717
    5854       0.9174
    5855       0.7632
    5856       0.7296
    5857       0.8078
    5858       0.7337
    5859       0.7733
    5860       0.8129
    5861       0.7326
    5862       0.8586
    5863       0.9162
    5864       0.7910
    5865       1.0014
    5866       0.8987
    5867       0.7911
    5868       0.8811
    5869       0.8649
    5870       0.8707
    5871       0.7970
    5872       0.8848
    5873       0.8494
    5874       0.7815
    5875       0.7514
    5876       0.7351
    5877       0.7037
    5878       0.7718
    5879       0.8114
    5880       0.7597
    5881       0.8471
    5882       0.7868
    5883       0.7472
    5884       0.7827
    5885       0.8828
    5886       0.7968
    5887       0.7819
    5888       0.8800
    5889       0.7855
    5890       0.8327
    5891       0.7548
    5892       0.8650
    5893       0.7935
    5894       0.9000
    5895       0.7821
    5896       0.6830
    5897       0.8029
    5898       0.8004
    5899       0.8115
    5900       0.7879
    5901       0.8540
    5902       0.9193
    5903       0.7569
    5904       0.7266
    5905       0.8008
    5906       0.8190
    5907       0.7202
    5908       0.8129
    5909       0.8937
    5910       0.9081
    5911       0.8494
    5912       0.7929
    5913       0.7849
    5914       0.7990
    5915       0.8369
    5916       0.7628
    5917       0.8133
    5918       0.7834
    5919       0.7210
    5920       0.8281
    5921       0.6868
    5922       0.8035
    5923       0.8192
    5924       0.7271
    5925       0.8386
    5926       0.8123
    5927       0.7793
    5928       0.7035
    5929       0.7590
    5930       0.7565
    5931       0.7684
    5932       0.7153
    5933       0.7923
    5934       0.8731
    5935       0.6999
    5936       0.8300
    5937       0.8060
    5938       0.8232
    5939       0.7337
    5940       0.7857
    5941       0.6423
    5942       0.9226
    5943       0.7118
    5944       0.7038
    5945       0.7508
    5946       0.6556
    5947       0.8419
    5948       0.7502
    5949       0.7668
    5950       0.5888
    5951       0.7396
    5952       0.6626
    5953       0.6912
    5954       0.5599
    5955       0.6199
    5956       0.7633
    5957       0.6619
    5958       0.6258
    5959       0.5777
    5960       0.6396
    5961       0.5914
    5962       0.8016
    5963       0.5906
    5964       0.6924
    5965       0.6334
    5966       0.5521
    5967       0.6935
    5968       0.6943
    5969       0.6478
    5970       0.5871
    5971       0.6919
    5972       0.5455
    5973       0.6712
    5974       0.6698
    5975       0.6476
    5976       0.5828
    5977       0.7038
    5978       0.5741
    5979       0.6938
    5980       0.7411
    5981       0.9159
    5982       0.8785
    5983       0.6415
    5984       0.6276
    5985       0.5835
    5986       0.6172
    5987       0.5570
    5988       0.6454
    5989       0.7062
    5990       0.6505
    5991       0.7290
    5992       0.6213
    5993       0.6157
    5994       0.7368
    5995       0.7362
    5996       0.7292
    5997       0.7006
    5998       0.5655
    5999       0.6186
    6000       0.7583
    6001       0.7932
    6002       0.7097
    6003       0.8373
    6004       0.6733
    6005       0.6348
    6006       0.7061
    6007       0.6460
    6008       0.6120
    6009       0.6743
    6010       0.6486
    6011       0.6933
    6012       0.6834
    6013       0.6654
    6014       0.6741
    6015       0.8185
    6016       0.7309
    6017       0.6577
    6018       0.7761
    6019       0.6974
    6020       0.6412
    6021       0.6853
    6022       0.6685
    6023       0.6928
    6024       0.6925
    6025       0.6515
    6026       0.7138
    6027       0.6687
    6028       0.6946
    6029       0.5999
    6030       0.6894
    6031       0.6838
    6032       0.6501
    6033       0.6798
    6034       0.5928
    6035       0.6442
    6036       0.6375
    6037       0.6876
    6038       0.6294
    6039       0.6514
    6040       0.6655
    6041       0.8099
    6042       0.6693
    6043       0.6440
    6044       0.7810
    6045       0.7135
    6046       0.6565
    6047       0.6130
    6048       0.5940
    6049       0.6624
    6050       0.6757
    6051       0.6614
    6052       0.6511
    6053       0.7597
    6054       0.7051
    6055       0.6911
    6056       0.7643
    6057       0.6967
    6058       0.6744
    6059       0.6135
    6060       0.6367
    6061       0.5983
    6062       0.8488
    6063       0.7117
    6064       0.6323
    6065       0.7116
    6066       0.6880
    6067       0.7617
    6068       0.8609
    6069       0.7601
    6070       0.7151
    6071       0.6175
    6072       0.8354
    6073       0.6345
    6074       0.7022
    6075       0.5866
    6076       0.6637
    6077       0.7236
    6078       0.7604
    6079       0.7124
    6080       0.6473
    6081       0.6498
    6082       0.7064
    6083       0.8231
    6084       0.6366
    6085       0.7686
    6086       0.6406
    6087       0.6253
    6088       0.6915
    6089       0.5701
    6090       0.5816
    6091       0.5673
    6092       0.5842
    6093       0.7174
    6094       0.6521
    6095       0.7138
    6096       0.6577
    6097       0.6713
    6098       0.6419
    6099       0.6283
    6100       0.6823
    6101       0.6177
    6102       0.5918
    6103       0.6209
    6104       0.5930
    6105       0.7241
    6106       0.7265
    6107       0.7051
    6108       0.5566
    6109       0.6022
    6110       0.5942
    6111       0.5845
    6112       0.6229
    6113       0.6535
    6114       0.5734
    6115       0.5811
    6116       0.6621
    6117       0.6106
    6118       0.5989
    6119       0.6115
    6120       0.7270
    6121       0.7399
    6122       0.7045
    6123       0.6196
    6124       0.6808
    6125       0.7732
    6126       0.6765
    6127       0.6512
    6128       0.7129
    6129       0.6344
    6130       0.6350
    6131       0.6053
    6132       0.6765
    6133       0.5816
    6134       0.8440
    6135       0.7640
    6136       0.7401
    6137       0.8678
    6138       0.8958
    6139       0.6884
    6140       0.6763
    6141       0.6478
    6142       0.7919
    6143       0.6769
    6144       0.6058
    6145       0.6254
    6146       0.6682
    6147       0.6223
    6148       0.7147
    6149       0.7423
    6150       0.6770
    6151       0.7053
    6152       0.6913
    6153       0.6458
    6154       0.7120
    6155       0.6351
    6156       0.7493
    6157       0.7193
    6158       0.7230
    6159       0.6142
    6160       0.6020
    6161       0.7241
    6162       0.7561
    6163       0.6893
    6164       0.6061
    6165       0.6478
    6166       0.6842
    6167       0.7164
    6168       0.8499
    6169       0.7487
    6170       0.6860
    6171       0.8640
    6172       0.7932
    6173       0.7622
    6174       0.7068
    6175       0.8417
    6176       0.7709
    6177       0.9363
    6178       0.8017
    6179       0.8199
    6180       0.6964
    6181       0.7402
    6182       0.6141
    6183       0.7227
    6184       0.8249
    6185       0.9414
    6186       0.9562
    6187       0.7927
    6188       0.9099
    6189       0.6925
    6190       0.8020
    6191       0.7184
    6192       0.7841
    6193       0.8400
    6194       0.8858
    6195       0.8317
    6196       0.7484
    6197       0.7567
    6198       0.8039
    6199       0.7841
    6200       0.7145
    6201       0.7959
    6202       0.9633
    6203       0.8001
    6204       0.8912
    6205       1.0157
    6206       0.9528
    6207       0.8751
    6208       0.9224
    6209       0.7988
    6210       0.8161
    6211       0.7450
    6212       0.8379
    6213       0.6474
    6214       0.6422
    6215       0.5748
    6216       0.6621
    6217       0.6676
    6218       0.6932
    6219       0.6102
    6220       0.7245
    6221       0.7967
    6222       0.6396
    6223       0.7050
    6224       0.7605
    6225       0.7830
    6226       0.7120
    6227       0.7480
    6228       0.7331
    6229       0.7772
    6230       0.7273
    6231       0.6002
    6232       0.6080
    6233       0.5610
    6234       0.6634
    6235       0.6529
    6236       0.6493
    6237       0.5428
    6238       0.5593
    6239       0.5461
    6240       0.6013
    6241       0.6599
    6242       0.5683
    6243       0.5832
    6244       0.5399
    6245       0.5676
    6246       0.5665
    6247       0.6247
    6248       0.6278
    6249       0.6328
    6250       0.6696
    6251       0.6404
    6252       0.6268
    6253       0.6179
    6254       0.6199
    6255       0.6469
    6256       0.6059
    6257       0.5886
    6258       0.6509
    6259       0.5887
    6260       0.6258
    6261       0.5762
    6262       0.6469
    6263       0.5899
    6264       0.6223
    6265       0.5775
    6266       0.6081
    6267       0.6353
    6268       0.6411
    6269       0.6908
    6270       0.6374
    6271       0.6254
    6272       0.6205
    6273       0.6345
    6274       0.5823
    6275       0.6054
    6276       0.6745
    6277       0.6599
    6278       0.6205
    6279       0.6090
    6280       0.7573
    6281       0.5686
    6282       0.6062
    6283       0.6014
    6284       0.6433
    6285       0.6521
    6286       0.5362
    6287       0.6643
    6288       0.6560
    6289       0.5155
    6290       0.6446
    6291       0.6430
    6292       0.5401
    6293       0.6235
    6294       0.5982
    6295       0.5981
    6296       0.6053
    6297       0.5524
    6298       0.6569
    6299       0.6733
    6300       0.6663
    6301       0.6392
    6302       0.6691
    6303       0.5997
    6304       0.6043
    6305       0.5964
    6306       0.6519
    6307       0.6018
    6308       0.5679
    6309       0.5529
    6310       0.6287
    6311       0.6666
    6312       0.6437
    6313       0.6781
    6314       0.6612
    6315       0.5538
    6316       0.6642
    6317       0.5825
    6318       0.6189
    6319       0.5897
    6320       0.6268
    6321       0.6260
    6322       0.6151
    6323       0.6610
    6324       0.5804
    6325       0.7001
    6326       0.5402
    6327       0.6843
    6328       0.6429
    6329       0.5086
    6330       0.5970
    6331       0.5539
    6332       0.6218
    6333       0.6784
    6334       0.6129
    6335       0.5830
    6336       0.5602
    6337       0.5446
    6338       0.5023
    6339       0.6342
    6340       0.6461
    6341       0.6154
    6342       0.6552
    6343       0.5805
    6344       0.7065
    6345       0.5812
    6346       0.5530
    6347       0.6603
    6348       0.5337
    6349       0.5373
    6350       0.5275
    6351       0.4865
    6352       0.5863
    6353       0.5922
    6354       0.6078
    6355       0.5841
    6356       0.5898
    6357       0.5377
    6358       0.5842
    6359       0.6157
    6360       0.5521
    6361       0.5817
    6362       0.5988
    6363       0.5686
    6364       0.5816
    6365       0.5532
    6366       0.5326
    6367       0.5911
    6368       0.5371
    6369       0.5812
    6370       0.6359
    6371       0.6491
    6372       0.6325
    6373       0.5627
    6374       0.5717
    6375       0.5771
    6376       0.6124
    6377       0.6473
    6378       0.5824
    6379       0.6239
    6380       0.6187
    6381       0.5774
    6382       0.5721
    6383       0.5783
    6384       0.6182
    6385       0.5387
    6386       0.5708
    6387       0.5592
    6388       0.5052
    6389       0.5555
    6390       0.5438
    6391       0.5970
    6392       0.5501
    6393       0.6061
    6394       0.5630
    6395       0.6354
    6396       0.6596
    6397       0.5801
    6398       0.6179
    6399       0.5198
    6400       0.4872
    6401       0.5479
    6402       0.5414
    6403       0.5522
    6404       0.5709
    6405       0.6372
    6406       0.6394
    6407       0.5907
    6408       0.5062
    6409       0.5624
    6410       0.6411
    6411       0.6879
    6412       0.7806
    6413       0.6582
    6414       0.5922
    6415       0.6221
    6416       0.5837
    6417       0.6299
    6418       0.6746
    6419       0.6078
    6420       0.5299
    6421       0.7074
    6422       0.5278
    6423       0.6448
    6424       0.7354
    6425       0.6297
    6426       0.7734
    6427       0.6381
    6428       0.5732
    6429       0.6923
    6430       0.6735
    6431       0.5954
    6432       0.6643
    6433       0.7696
    6434       0.6397
    6435       0.5782
    6436       0.6657
    6437       0.6292
    6438       0.7855
    6439       0.7570
    6440       0.7353
    6441       0.7437
    6442       0.6377
    6443       0.5912
    6444       0.6026
    6445       0.6625
    6446       0.7107
    6447       0.6595
    6448       0.6451
    6449       0.7105
    6450       0.5436
    6451       0.5147
    6452       0.6033
    6453       0.5967
    6454       0.6118
    6455       0.5742
    6456       0.5401
    6457       0.5191
    6458       0.5567
    6459       0.6269
    6460       0.5254
    6461       0.6460
    6462       0.6348
    6463       0.5354
    6464       0.6234
    6465       0.5945
    6466       0.6156
    6467       0.5749
    6468       0.5476
    6469       0.5588
    6470       0.6484
    6471       0.5996
    6472       0.4858
    6473       0.4966
    6474       0.6273
    6475       0.5665
    6476       0.6200
    6477       0.5807
    6478       0.5791
    6479       0.5029
    6480       0.5804
    6481       0.5999
    6482       0.6052
    6483       0.5619
    6484       0.6118
    6485       0.5709
    6486       0.5304
    6487       0.5557
    6488       0.6265
    6489       0.5959
    6490       0.6509
    6491       0.5074
    6492       0.5588
    6493       0.5456
    6494       0.5976
    6495       0.5351
    6496       0.5129
    6497       0.6773
    6498       0.6112
    6499       0.5273
    6500       0.6687
    6501       0.5748
    6502       0.5112
    6503       0.5298
    6504       0.5971
    6505       0.6128
    6506       0.5313
    6507       0.6145
    6508       0.7006
    6509       0.6679
    6510       0.6566
    6511       0.5271
    6512       0.6056
    6513       0.5653
    6514       0.6591
    6515       0.5728
    6516       0.6308
    6517       0.6308
    6518       0.6154
    6519       0.6398
    6520       0.6353
    6521       0.7024
    6522       0.6290
    6523       0.5878
    6524       0.6574
    6525       0.6249
    6526       0.5746
    6527       0.5362
    6528       0.6360
    6529       0.7057
    6530       0.5396
    6531       0.5428
    6532       0.5848
    6533       0.5866
    6534       0.5518
    6535       0.6111
    6536       0.6187
    6537       0.6675
    6538       0.6540
    6539       0.6094
    6540       0.5807
    6541       0.6102
    6542       0.5953
    6543       0.6344
    6544       0.5429
    6545       0.6560
    6546       0.6002
    6547       0.5935
    6548       0.5637
    6549       0.5135
    6550       0.6881
    6551       0.5820
    6552       0.5607
    6553       0.6417
    6554       0.5772
    6555       0.5953
    6556       0.5823
    6557       0.6285
    6558       0.5364
    6559       0.6388
    6560       0.5744
    6561       0.6924
    6562       0.7653
    6563       0.6540
    6564       0.5821
    6565       0.5468
    6566       0.5452
    6567       0.6419
    6568       0.7656
    6569       0.7001
    6570       0.7045
    6571       0.6485
    6572       0.6846
    6573       0.5365
    6574       0.5776
    6575       0.5815
    6576       0.6198
    6577       0.5873
    6578       0.6167
    6579       0.5891
    6580       0.6014
    6581       0.6081
    6582       0.6353
    6583       0.6043
    6584       0.6096
    6585       0.6260
    6586       0.6171
    6587       0.5503
    6588       0.5211
    6589       0.6231
    6590       0.6939
    6591       0.6306
    6592       0.6629
    6593       0.7488
    6594       0.6156
    6595       0.7423
    6596       0.6005
    6597       0.5400
    6598       0.6085
    6599       0.5889
    6600       0.6061
    6601       0.7130
    6602       0.7554
    6603       0.6535
    6604       0.6540
    6605       0.7247
    6606       0.7398
    6607       0.6285
    6608       0.6506
    6609       0.7308
    6610       0.6043
    6611       0.7302
    6612       0.6225
    6613       0.6424
    6614       0.6507
    6615       0.6707
    6616       0.7327
    6617       0.5743
    6618       0.5996
    6619       0.6179
    6620       0.7397
    6621       0.7124
    6622       0.5888
    6623       0.5813
    6624       0.6751
    6625       0.5827
    6626       0.5869
    6627       0.5869
    6628       0.7654
    6629       0.5773
    6630       0.7558
    6631       0.7204
    6632       0.6441
    6633       0.5397
    6634       0.6433
    6635       0.6530
    6636       0.5866
    6637       0.5746
    6638       0.6583
    6639       0.6409
    6640       0.5438
    6641       0.5809
    6642       0.6492
    6643       0.6933
    6644       0.6963
    6645       0.6793
    6646       0.6648
    6647       0.7158
    6648       0.6698
    6649       0.6271
    6650       0.6234
    6651       0.6159
    6652       0.6293
    6653       0.7306
    6654       0.7285
    6655       0.6968
    6656       0.6537
    6657       0.6617
    6658       0.6242
    6659       0.6072
    6660       0.6297
    6661       0.6044
    6662       0.6035
    6663       0.5800
    6664       0.6500
    6665       0.6846
    6666       0.6780
    6667       0.6165
    6668       0.5678
    6669       0.6765
    6670       0.6654
    6671       0.7268
    6672       0.6278
    6673       0.6255
    6674       0.7362
    6675       0.6201
    6676       0.5297
    6677       0.6801
    6678       0.6707
    6679       0.6825
    6680       0.6647
    6681       0.7478
    6682       0.5835
    6683       0.6774
    6684       0.6237
    6685       0.5831
    6686       0.6509
    6687       0.6310
    6688       0.6532
    6689       0.6329
    6690       0.5935
    6691       0.6742
    6692       0.7816
    6693       0.5883
    6694       0.6208
    6695       0.6500
    6696       0.6637
    6697       0.5477
    6698       0.6484
    6699       0.6156
    6700       0.5712
    6701       0.6385
    6702       0.6247
    6703       0.6032
    6704       0.5334
    6705       0.6724
    6706       0.6903
    6707       0.5976
    6708       0.5856
    6709       0.6302
    6710       0.6563
    6711       0.6543
    6712       0.6080
    6713       0.5966
    6714       0.6732
    6715       0.7090
    6716       0.5974
    6717       0.7348
    6718       0.6449
    6719       0.8006
    6720       0.6143
    6721       0.6205
    6722       0.6742
    6723       0.6561
    6724       0.5404
    6725       0.6783
    6726       0.5581
    6727       0.5490
    6728       0.5647
    6729       0.6514
    6730       0.5153
    6731       0.6303
    6732       0.6779
    6733       0.6609
    6734       0.5917
    6735       0.6198
    6736       0.6181
    6737       0.7210
    6738       0.6576
    6739       0.5987
    6740       0.6178
    6741       0.6631
    6742       0.6348
    6743       0.7071
    6744       0.6048
    6745       0.6522
    6746       0.7287
    6747       0.7631
    6748       0.6678
    6749       0.6971
    6750       0.7245
    6751       0.6966
    6752       0.7334
    6753       0.6251
    6754       0.6518
    6755       0.7127
    6756       0.7612
    6757       0.6234
    6758       0.6363
    6759       0.5698
    6760       0.6839
    6761       0.7327
    6762       0.6893
    6763       0.6446
    6764       0.6244
    6765       0.5596
    6766       0.5466
    6767       0.5614
    6768       0.6076
    6769       0.6247
    6770       0.5534
    6771       0.5549
    6772       0.5900
    6773       0.5512
    6774       0.7088
    6775       0.6446
    6776       0.7257
    6777       0.6700
    6778       0.5464
    6779       0.6011
    6780       0.6578
    6781       0.6298
    6782       0.6457
    6783       0.6849
    6784       0.6081
    6785       0.7046
    6786       0.5941
    6787       0.5671
    6788       0.5584
    6789       0.5770
    6790       0.6414
    6791       0.6844
    6792       0.6549
    6793       0.7805
    6794       0.5785
    6795       0.7046
    6796       0.5813
    6797       0.6737
    6798       0.6292
    6799       0.6280
    6800       0.6096
    6801       0.6586
    6802       0.7289
    6803       0.7343
    6804       0.5903
    6805       0.5805
    6806       0.6876
    6807       0.8283
    6808       0.8467
    6809       0.7251
    6810       0.6956
    6811       0.8123
    6812       0.6673
    6813       0.6191
    6814       0.8037
    6815       0.6892
    6816       0.6576
    6817       0.7146
    6818       0.6649
    6819       0.7087
    6820       0.6721
    6821       0.5442
    6822       0.7163
    6823       0.6215
    6824       0.6948
    6825       0.7892
    6826       0.6355
    6827       0.6615
    6828       0.5722
    6829       0.6088
    6830       0.5811
    6831       0.6452
    6832       0.6538
    6833       0.6613
    6834       0.6099
    6835       0.5772
    6836       0.6170
    6837       0.6516
    6838       0.6090
    6839       0.6228
    6840       0.6225
    6841       0.6059
    6842       0.6290
    6843       0.5847
    6844       0.6420
    6845       0.5941
    6846       0.5784
    6847       0.7923
    6848       0.6218
    6849       0.6923
    6850       0.7844
    6851       0.7786
    6852       0.8058
    6853       0.7646
    6854       0.6928
    6855       0.6926
    6856       0.5426
    6857       0.6634
    6858       0.6854
    6859       0.5981
    6860       0.6197
    6861       0.7123
    6862       0.7189
    6863       0.6645
    6864       0.6437
    6865       0.6044
    6866       0.5708
    6867       0.6593
    6868       0.5634
    6869       0.6415
    6870       0.6556
    6871       0.5954
    6872       0.5660
    6873       0.5809
    6874       0.5493
    6875       0.6491
    6876       0.5645
    6877       0.6824
    6878       0.7033
    6879       0.6682
    6880       0.6462
    6881       0.6139
    6882       0.5968
    6883       0.6456
    6884       0.6009
    6885       0.6080
    6886       0.6085
    6887       0.6982
    6888       0.6340
    6889       0.6351
    6890       0.6288
    6891       0.5796
    6892       0.5469
    6893       0.6525
    6894       0.6059
    6895       0.6231
    6896       0.6023
    6897       0.5527
    6898       0.4944
    6899       0.5653
    6900       0.5696
    6901       0.5980
    6902       0.6761
    6903       0.5377
    6904       0.5524
    6905       0.5525
    6906       0.5454
    6907       0.6527
    6908       0.6444
    6909       0.6375
    6910       0.5736
    6911       0.5613
    6912       0.6076
    6913       0.5579
    6914       0.6409
    6915       0.7240
    6916       0.7566
    6917       0.5301
    6918       0.6424
    6919       0.5659
    6920       0.5939
    6921       0.6336
    6922       0.6034
    6923       0.6322
    6924       0.6086
    6925       0.5890
    6926       0.6962
    6927       0.6787
    6928       0.6628
    6929       0.6111
    6930       0.6811
    6931       0.6272
    6932       0.6179
    6933       0.5674
    6934       0.6128
    6935       0.5607
    6936       0.5921
    6937       0.5779
    6938       0.5771
    6939       0.6185
    6940       0.5296
    6941       0.5779
    6942       0.6447
    6943       0.5955
    6944       0.6650
    6945       0.5924
    6946       0.6596
    6947       0.6862
    6948       0.6509
    6949       0.7301
    6950       0.5946
    6951       0.6986
    6952       0.6073
    6953       0.6557
    6954       0.6543
    6955       0.7902
    6956       0.6611
    6957       0.6420
    6958       0.6950
    6959       0.6975
    6960       0.6079
    6961       0.6172
    6962       0.6070
    6963       0.6521
    6964       0.6413
    6965       0.6974
    6966       0.6796
    6967       0.6587
    6968       0.6540
    6969       0.7134
    6970       0.6374
    6971       0.6237
    6972       0.5882
    6973       0.7053
    6974       0.5826
    6975       0.5414
    6976       0.6223
    6977       0.6741
    6978       0.6601
    6979       0.5899
    6980       0.5400
    6981       0.5905
    6982       0.5525
    6983       0.5966
    6984       0.7379
    6985       0.6753
    6986       0.6791
    6987       0.6322
    6988       0.6472
    6989       0.5368
    6990       0.5787
    6991       0.6422
    6992       0.6122
    6993       0.6073
    6994       0.7238
    6995       0.7513
    6996       0.5988
    6997       0.5952
    6998       0.6873
    6999       0.5211
    7000       0.6862
    7001       0.7039
    7002       0.6116
    7003       0.5806
    7004       0.5947
    7005       0.5912
    7006       0.6156
    7007       0.6001
    7008       0.6191
    7009       0.7403
    7010       0.6689
    7011       0.6413
    7012       0.6623
    7013       0.6425
    7014       0.6394
    7015       0.5627
    7016       0.5470
    7017       0.5659
    7018       0.6845
    7019       0.6080
    7020       0.5936
    7021       0.6115
    7022       0.6452
    7023       0.5267
    7024       0.6279
    7025       0.5849
    7026       0.5806
    7027       0.7133
    7028       0.7339
    7029       0.5843
    7030       0.6689
    7031       0.6471
    7032       0.5910
    7033       0.7013
    7034       0.7031
    7035       0.5974
    7036       0.5733
    7037       0.5383
    7038       0.5887
    7039       0.6265
    7040       0.6378
    7041       0.6125
    7042       0.6670
    7043       0.7346
    7044       0.6910
    7045       0.6853
    7046       0.5799
    7047       0.5854
    7048       0.6684
    7049       0.5793
    7050       0.6650
    7051       0.5817
    7052       0.6372
    7053       0.6510
    7054       0.6490
    7055       0.5298
    7056       0.6255
    7057       0.6244
    7058       0.6484
    7059       0.5995
    7060       0.6897
    7061       0.6249
    7062       0.6604
    7063       0.5972
    7064       0.5857
    7065       0.5892
    7066       0.6223
    7067       0.6276
    7068       0.7082
    7069       0.5860
    7070       0.5274
    7071       0.6508
    7072       0.5445
    7073       0.7335
    7074       0.6950
    7075       0.7207
    7076       0.7606
    7077       0.7617
    7078       0.7381
    7079       0.6095
    7080       0.5794
    7081       0.5844
    7082       0.6040
    7083       0.6013
    7084       0.6214
    7085       0.6213
    7086       0.5923
    7087       0.7339
    7088       0.6405
    7089       0.6645
    7090       0.6955
    7091       0.4968
    7092       0.5836
    7093       0.5196
    7094       0.7461
    7095       0.6891
    7096       0.6854
    7097       0.7644
    7098       0.6922
    7099       0.5990
    7100       0.5958
    7101       0.6529
    7102       0.7450
    7103       0.6686
    7104       0.8218
    7105       0.6428
    7106       0.5878
    7107       0.6239
    7108       0.5278
    7109       0.5987
    7110       0.5627
    7111       0.6684
    7112       0.4976
    7113       0.6240
    7114       0.6582
    7115       0.5815
    7116       0.6812
    7117       0.5856
    7118       0.6561
    7119       0.6175
    7120       0.5369
    7121       0.5975
    7122       0.6540
    7123       0.5943
    7124       0.6289
    7125       0.5613
    7126       0.5795
    7127       0.6417
    7128       0.4874
    7129       0.5961
    7130       0.5312
    7131       0.5212
    7132       0.5838
    7133       0.6225
    7134       0.5734
    7135       0.5959
    7136       0.5885
    7137       0.5469
    7138       0.5036
    7139       0.5704
    7140       0.5390
    7141       0.5480
    7142       0.4891
    7143       0.5218
    7144       0.5267
    7145       0.4828
    7146       0.5219
    7147       0.5146
    7148       0.7744
    7149       0.6041
    7150       0.6982
    7151       0.5730
    7152       0.6355
    7153       0.4970
    7154       0.4729
    7155       0.4876
    7156       0.5248
    7157       0.5373
    7158       0.6132
    7159       0.6326
    7160       0.5409
    7161       0.5831
    7162       0.5618
    7163       0.5363
    7164       0.5673
    7165       0.5593
    7166       0.5798
    7167       0.5220
    7168       0.5964
    7169       0.5547
    7170       0.5694
    7171       0.5462
    7172       0.5092
    7173       0.5280
    7174       0.4896
    7175       0.5310
    7176       0.5895
    7177       0.4987
    7178       0.5293
    7179       0.4262
    7180       0.5854
    7181       0.5285
    7182       0.6460
    7183       0.6646
    7184       0.7277
    7185       0.5392
    7186       0.5643
    7187       0.6173
    7188       0.6049
    7189       0.5337
    7190       0.6442
    7191       0.6260
    7192       0.7190
    7193       0.6230
    7194       0.5179
    7195       0.6525
    7196       0.5176
    7197       0.6283
    7198       0.5747
    7199       0.5950
    7200       0.5772
    7201       0.6452
    7202       0.5790
    7203       0.5133
    7204       0.5785
    7205       0.5320
    7206       0.6374
    7207       0.5866
    7208       0.4836
    7209       0.5576
    7210       0.5836
    7211       0.4897
    7212       0.6525
    7213       0.6245
    7214       0.6047
    7215       0.5832
    7216       0.5026
    7217       0.5404
    7218       0.6618
    7219       0.5753
    7220       0.6313
    7221       0.6385
    7222       0.5815
    7223       0.6301
    7224       0.7636
    7225       0.6180
    7226       0.7039
    7227       0.5912
    7228       0.6624
    7229       0.5979
    7230       0.5239
    7231       0.5553
    7232       0.6613
    7233       0.6654
    7234       0.6276
    7235       0.7147
    7236       0.5938
    7237       0.6264
    7238       0.6100
    7239       0.5814
    7240       0.5829
    7241       0.6896
    7242       0.5946
    7243       0.5517
    7244       0.6239
    7245       0.5444
    7246       0.5720
    7247       0.6824
    7248       0.5067
    7249       0.4988
    7250       0.5669
    7251       0.7545
    7252       0.6361
    7253       0.6424
    7254       0.6595
    7255       0.4892
    7256       0.5263
    7257       0.6059
    7258       0.6819
    7259       0.7606
    7260       0.5404
    7261       0.5831
    7262       0.5468
    7263       0.6257
    7264       0.7248
    7265       0.5120
    7266       0.6121
    7267       0.5591
    7268       0.5196
    7269       0.6201
    7270       0.5451
    7271       0.5979
    7272       0.5694
    7273       0.6591
    7274       0.5358
    7275       0.5074
    7276       0.5824
    7277       0.5633
    7278       0.5286
    7279       0.5605
    7280       0.5439
    7281       0.5499
    7282       0.5823
    7283       0.5806
    7284       0.6249
    7285       0.5752
    7286       0.6591
    7287       0.5757
    7288       0.5572
    7289       0.6156
    7290       0.5165
    7291       0.5928
    7292       0.6481
    7293       0.5594
    7294       0.5259
    7295       0.5911
    7296       0.6210
    7297       0.6115
    7298       0.5795
    7299       0.6112
    7300       0.5928
    7301       0.6385
    7302       0.5796
    7303       0.6341
    7304       0.6535
    7305       0.6622
    7306       0.5957
    7307       0.5146
    7308       0.6893
    7309       0.6370
    7310       0.5808
    7311       0.5715
    7312       0.7228
    7313       0.6782
    7314       0.7220
    7315       0.6312
    7316       0.6194
    7317       0.5632
    7318       0.5603
    7319       0.5724
    7320       0.5746
    7321       0.5650
    7322       0.5261
    7323       0.5988
    7324       0.5850
    7325       0.5114
    7326       0.5918
    7327       0.5747
    7328       0.6592
    7329       0.4927
    7330       0.6003
    7331       0.6233
    7332       0.6522
    7333       0.6765
    7334       0.6259
    7335       0.6101
    7336       0.5831
    7337       0.6114
    7338       0.6106
    7339       0.5876
    7340       0.5441
    7341       0.5477
    7342       0.5029
    7343       0.5870
    7344       0.5270
    7345       0.5152
    7346       0.6884
    7347       0.5647
    7348       0.5949
    7349       0.5345
    7350       0.5470
    7351       0.6041
    7352       0.5625
    7353       0.5024
    7354       0.5805
    7355       0.6582
    7356       0.6319
    7357       0.7286
    7358       0.7237
    7359       0.6347
    7360       0.6275
    7361       0.6099
    7362       0.5611
    7363       0.5919
    7364       0.6062
    7365       0.6397
    7366       0.6539
    7367       0.6524
    7368       0.7599
    7369       0.6097
    7370       0.7549
    7371       0.6088
    7372       0.6579
    7373       0.6487
    7374       0.7253
    7375       0.6274
    7376       0.7325
    7377       0.7951
    7378       0.6794
    7379       0.7102
    7380       0.8009
    7381       0.6465
    7382       0.7214
    7383       0.8367
    7384       0.6320
    7385       0.6254
    7386       0.7176
    7387       0.7286
    7388       0.5871
    7389       0.6620
    7390       0.6357
    7391       0.7417
    7392       0.6384
    7393       0.6846
    7394       0.6806
    7395       0.6704
    7396       0.6823
    7397       0.5756
    7398       0.6599
    7399       0.6937
    7400       0.7042
    7401       0.7899
    7402       0.7095
    7403       0.7485
    7404       0.7116
    7405       0.8339
    7406       0.7299
    7407       0.6604
    7408       0.6907
    7409       0.6835
    7410       0.7332
    7411       0.6135
    7412       0.6962
    7413       0.7165
    7414       0.6379
    7415       0.6926
    7416       0.5152
    7417       0.6166
    7418       0.6049
    7419       0.6400
    7420       0.6410
    7421       0.6415
    7422       0.7227
    7423       0.7674
    7424       0.7515
    7425       0.6457
    7426       0.5870
    7427       0.7662
    7428       0.7125
    7429       0.7867
    7430       0.6947
    7431       0.7200
    7432       0.6666
    7433       0.7494
    7434       0.8730
    7435       0.7500
    7436       0.6999
    7437       0.6339
    7438       0.6764
    7439       0.6581
    7440       0.7177
    7441       0.6513
    7442       0.6505
    7443       0.6033
    7444       0.6104
    7445       0.5688
    7446       0.6832
    7447       0.6853
    7448       0.6297
    7449       0.7480
    7450       0.6700
    7451       0.6667
    7452       0.6829
    7453       0.6540
    7454       0.7132
    7455       0.8137
    7456       0.6959
    7457       0.6757
    7458       0.6210
    7459       0.6889
    7460       0.6990
    7461       0.7504
    7462       0.7188
    7463       0.6418
    7464       0.6317
    7465       0.6195
    7466       0.5614
    7467       0.6177
    7468       0.6188
    7469       0.6766
    7470       0.7541
    7471       0.6196
    7472       0.6186
    7473       0.6490
    7474       0.5685
    7475       0.6468
    7476       0.6455
    7477       0.6425
    7478       0.6541
    7479       0.5881
    7480       0.7044
    7481       0.7383
    7482       0.6917
    7483       0.7303
    7484       0.6662
    7485       0.6764
    7486       0.5398
    7487       0.7330
    7488       0.7257
    7489       0.7046
    7490       0.5784
    7491       0.5943
    7492       0.6247
    7493       0.6794
    7494       0.6315
    7495       0.6776
    7496       0.6815
    7497       0.7034
    7498       0.6236
    7499       0.6152
    7500       0.5904
    7501       0.5923
    7502       0.6613
    7503       0.7298
    7504       0.7754
    7505       0.6931
    7506       0.6443
    7507       0.6956
    7508       0.5727
    7509       0.6863
    7510       0.7677
    7511       0.6817
    7512       0.6960
    7513       0.7897
    7514       0.9418
    7515       0.7576
    7516       0.7694
    7517       0.7912
    7518       0.6834
    7519       0.7408
    7520       0.6673
    7521       0.7114
    7522       0.6463
    7523       0.7229
    7524       0.7366
    7525       0.7095
    7526       0.7020
    7527       0.7611
    7528       0.6745
    7529       0.7662
    7530       0.7070
    7531       0.6404
    7532       0.6948
    7533       0.7260
    7534       0.6942
    7535       0.7741
    7536       0.6416
    7537       0.6620
    7538       0.5568
    7539       0.7052
    7540       0.7512
    7541       0.7176
    7542       0.7439
    7543       0.7323
    7544       0.6657
    7545       0.7116
    7546       0.7343
    7547       0.6711
    7548       0.7146
    7549       0.7116
    7550       0.6897
    7551       0.6871
    7552       0.6622
    7553       0.7431
    7554       0.7516
    7555       0.6586
    7556       0.6660
    7557       0.6479
    7558       0.5768
    7559       0.6137
    7560       0.6665
    7561       0.6062
    7562       0.6240
    7563       0.5847
    7564       0.6248
    7565       0.6741
    7566       0.6535
    7567       0.6994
    7568       0.6071
    7569       0.5970
    7570       0.6492
    7571       0.6349
    7572       0.7137
    7573       0.6202
    7574       0.6402
    7575       0.5412
    7576       0.6721
    7577       0.6916
    7578       0.6004
    7579       0.6373
    7580       0.5444
    7581       0.6662
    7582       0.6101
    7583       0.6233
    7584       0.6210
    7585       0.6375
    7586       0.6479
    7587       0.5992
    7588       0.7125
    7589       0.5486
    7590       0.5891
    7591       0.5787
    7592       0.6299
    7593       0.5220
    7594       0.6007
    7595       0.5312
    7596       0.6059
    7597       0.7093
    7598       0.6487
    7599       0.6791
    7600       0.6166
    7601       0.6117
    7602       0.5689
    7603       0.5350
    7604       0.5307
    7605       0.5626
    7606       0.6475
    7607       0.6172
    7608       0.5484
    7609       0.6277
    7610       0.6162
    7611       0.5849
    7612       0.5713
    7613       0.5959
    7614       0.5159
    7615       0.6088
    7616       0.5681
    7617       0.6250
    7618       0.6375
    7619       0.5750
    7620       0.6523
    7621       0.5625
    7622       0.5901
    7623       0.6038
    7624       0.6240
    7625       0.6186
    7626       0.5548
    7627       0.6920
    7628       0.5232
    7629       0.6683
    7630       0.5733
    7631       0.5785
    7632       0.5560
    7633       0.5760
    7634       0.5250
    7635       0.5937
    7636       0.6242
    7637       0.5578
    7638       0.6860
    7639       0.5894
    7640       0.6206
    7641       0.6005
    7642       0.6380
    7643       0.5781
    7644       0.6690
    7645       0.5818
    7646       0.5472
    7647       0.7277
    7648       0.6108
    7649       0.6933
    7650       0.7055
    7651       0.5962
    7652       0.6393
    7653       0.6419
    7654       0.6938
    7655       0.8082
    7656       0.7343
    7657       0.7515
    7658       0.5783
    7659       0.6980
    7660       0.8454
    7661       0.6081
    7662       0.5719
    7663       0.5438
    7664       0.6617
    7665       0.6298
    7666       0.6436
    7667       0.6219
    7668       0.5735
    7669       0.6627
    7670       0.6407
    7671       0.5918
    7672       0.6804
    7673       0.6453
    7674       0.6198
    7675       0.5910
    7676       0.6130
    7677       0.6400
    7678       0.5884
    7679       0.5832
    7680       0.5616
    7681       0.5806
    7682       0.6939
    7683       0.6182
    7684       0.6200
    7685       0.6903
    7686       0.6523
    7687       0.7301
    7688       0.6519
    7689       0.6469
    7690       0.7043
    7691       0.7004
    7692       0.7732
    7693       0.6343
    7694       0.7091
    7695       0.6008
    7696       0.5868
    7697       0.7093
    7698       0.6991
    7699       0.7417
    7700       0.6651
    7701       0.6609
    7702       0.7004
    7703       0.7727
    7704       0.7412
    7705       0.6630
    7706       0.6934
    7707       0.7827
    7708       0.7978
    7709       0.8904
    7710       0.7526
    7711       0.7713
    7712       0.7544
    7713       0.7360
    7714       0.7884
    7715       0.6935
    7716       0.6893
    7717       0.6453
    7718       0.7409
    7719       0.6678
    7720       0.6498
    7721       0.7403
    7722       0.6692
    7723       0.8171
    7724       0.7092
    7725       0.6897
    7726       0.5979
    7727       0.6529
    7728       0.6961
    7729       0.6825
    7730       0.7779
    7731       0.7554
    7732       0.6197
    7733       0.6469
    7734       0.6486
    7735       0.6915
    7736       0.7386
    7737       0.7490
    7738       0.6965
    7739       0.7263
    7740       0.6819
    7741       0.7117
    7742       0.6658
    7743       0.6126
    7744       0.6503
    7745       0.6724
    7746       0.6696
    7747       0.6033
    7748       0.6093
    7749       0.6129
    7750       0.6788
    7751       0.7118
    7752       0.6492
    7753       0.6316
    7754       0.6992
    7755       0.6349
    7756       0.6684
    7757       0.5551
    7758       0.4869
    7759       0.6199
    7760       0.6098
    7761       0.6014
    7762       0.6029
    7763       0.6760
    7764       0.5551
    7765       0.5670
    7766       0.6504
    7767       0.7001
    7768       0.6860
    7769       0.6989
    7770       0.8114
    7771       0.7548
    7772       0.8658
    7773       0.6953
    7774       0.6981
    7775       0.6956
    7776       0.7827
    7777       0.8091
    7778       0.6127
    7779       0.7253
    7780       0.7511
    7781       0.6528
    7782       0.7588
    7783       0.6668
    7784       0.8393
    7785       0.7666
    7786       0.8764
    7787       0.7322
    7788       0.7352
    7789       0.7770
    7790       0.7947
    7791       0.7433
    7792       0.7855
    7793       0.8647
    7794       0.7790
    7795       0.7309
    7796       0.8546
    7797       0.8237
    7798       0.8380
    7799       0.7046
    7800       0.7508
    7801       0.7103
    7802       0.7858
    7803       0.8019
    7804       0.8780
    7805       0.8909
    7806       0.8399
    7807       0.9466
    7808       0.8325
    7809       0.7175
    7810       0.8156
    7811       0.7689
    7812       0.7074
    7813       0.8158
    7814       0.8041
    7815       0.7173
    7816       0.7010
    7817       0.7320
    7818       0.7268
    7819       0.6124
    7820       0.7633
    7821       0.6433
    7822       0.8355
    7823       0.7947
    7824       0.8341
    7825       0.8004
    7826       0.7850
    7827       0.6152
    7828       0.6467
    7829       0.6966
    7830       0.7194
    7831       0.6809
    7832       0.6988
    7833       0.7404
    7834       0.7422
    7835       0.6570
    7836       0.7100
    7837       0.7793
    7838       0.6839
    7839       0.7078
    7840       0.6431
    7841       0.6995
    7842       0.6687
    7843       0.5490
    7844       0.6017
    7845       0.6422
    7846       0.5849
    7847       0.6123
    7848       0.6614
    7849       0.7001
    7850       0.5978
    7851       0.6802
    7852       0.5815
    7853       0.7008
    7854       0.5508
    7855       0.6596
    7856       0.5916
    7857       0.5752
    7858       0.5540
    7859       0.5693
    7860       0.6196
    7861       0.5944
    7862       0.6050
    7863       0.6792
    7864       0.6235
    7865       0.6239
    7866       0.5726
    7867       0.6502
    7868       0.5737
    7869       0.6681
    7870       0.5322
    7871       0.6899
    7872       0.6481
    7873       0.6562
    7874       0.6613
    7875       0.6774
    7876       0.6267
    7877       0.5717
    7878       0.6134
    7879       0.5899
    7880       0.6265
    7881       0.5622
    7882       0.6141
    7883       0.6123
    7884       0.6334
    7885       0.5751
    7886       0.6403
    7887       0.6559
    7888       0.5896
    7889       0.7691
    7890       0.6724
    7891       0.7315
    7892       0.5713
    7893       0.7930
    7894       0.5815
    7895       0.6179
    7896       0.6622
    7897       0.5585
    7898       0.5610
    7899       0.5702
    7900       0.5944
    7901       0.5881
    7902       0.5895
    7903       0.5465
    7904       0.5997
    7905       0.5940
    7906       0.6094
    7907       0.6053
    7908       0.5391
    7909       0.7044
    7910       0.6262
    7911       0.6959
    7912       0.5706
    7913       0.5909
    7914       0.5790
    7915       0.6084
    7916       0.5840
    7917       0.6479
    7918       0.6397
    7919       0.7309
    7920       0.6512
    7921       0.5433
    7922       0.5744
    7923       0.6237
    7924       0.8358
    7925       0.6764
    7926       0.6766
    7927       0.5870
    7928       0.7613
    7929       0.6683
    7930       0.6822
    7931       0.6184
    7932       0.7266
    7933       0.5869
    7934       0.6382
    7935       0.8196
    7936       0.6556
    7937       0.6676
    7938       0.6762
    7939       0.6376
    7940       0.5799
    7941       0.7186
    7942       0.6752
    7943       0.7070
    7944       0.6960
    7945       0.6660
    7946       0.6237
    7947       0.6081
    7948       0.5558
    7949       0.6398
    7950       0.5708
    7951       0.5437
    7952       0.5981
    7953       0.6660
    7954       0.6540
    7955       0.7335
    7956       0.6258
    7957       0.5754
    7958       0.5668
    7959       0.6080
    7960       0.7169
    7961       0.6373
    7962       0.6338
    7963       0.6699
    7964       0.6787
    7965       0.7433
    7966       0.6160
    7967       0.6924
    7968       0.5216
    7969       0.6031
    7970       0.6270
    7971       0.6385
    7972       0.6240
    7973       0.6061
    7974       0.7032
    7975       0.6918
    7976       0.6883
    7977       0.5998
    7978       0.6932
    7979       0.5652
    7980       0.6960
    7981       0.6474
    7982       0.6956
    7983       0.6674
    7984       0.6714
    7985       0.6873
    7986       0.7413
    7987       0.7563
    7988       0.6693
    7989       0.6483
    7990       0.7591
    7991       0.6630
    7992       0.8105
    7993       0.7108
    7994       0.6009
    7995       0.7702
    7996       0.6943
    7997       0.7028
    7998       0.6445
    7999       0.6406
    8000       0.5801
    8001       0.6082
    8002       0.6564
    8003       0.6280
    8004       0.7111
    8005       0.6464
    8006       0.5922
    8007       0.6183
    8008       0.5822
    8009       0.6201
    8010       0.5702
    8011       0.6798
    8012       0.7280
    8013       0.6132
    8014       0.6764
    8015       0.5539
    8016       0.6642
    8017       0.5979
    8018       0.6314
    8019       0.6587
    8020       0.6813
    8021       0.6744
    8022       0.7404
    8023       0.5520
    8024       0.6524
    8025       0.6503
    8026       0.6069
    8027       0.6152
    8028       0.6230
    8029       0.6012
    8030       0.6941
    8031       0.6951
    8032       0.6136
    8033       0.6307
    8034       0.6164
    8035       0.6367
    8036       0.6081
    8037       0.6007
    8038       0.6021
    8039       0.6381
    8040       0.5872
    8041       0.7006
    8042       0.6490
    8043       0.6060
    8044       0.6511
    8045       0.6085
    8046       0.6748
    8047       0.5826
    8048       0.7194
    8049       0.6636
    8050       0.7300
    8051       0.8017
    8052       0.7827
    8053       0.8688
    8054       0.8128
    8055       0.8471
    8056       0.9541
    8057       0.8155
    8058       0.7613
    8059       0.7225
    8060       0.7020
    8061       0.7327
    8062       0.5940
    8063       0.5426
    8064       0.6048
    8065       0.6382
    8066       0.6014
    8067       0.6290
    8068       0.6938
    8069       0.6297
    8070       0.6397
    8071       0.6674
    8072       0.6673
    8073       0.5608
    8074       0.5930
    8075       0.7003
    8076       0.5991
    8077       0.7122
    8078       0.6737
    8079       0.6650
    8080       0.5831
    8081       0.5929
    8082       0.6505
    8083       0.6607
    8084       0.5986
    8085       0.6940
    8086       0.6843
    8087       0.6925
    8088       0.7039
    8089       0.6433
    8090       0.5671
    8091       0.7411
    8092       0.7158
    8093       0.6511
    8094       0.7225
    8095       0.6020
    8096       0.6024
    8097       0.5204
    8098       0.4694
    8099       0.6084
    8100       0.5734
    8101       0.5591
    8102       0.5857
    8103       0.5794
    8104       0.6039
    8105       0.5610
    8106       0.6246
    8107       0.5733
    8108       0.7086
    8109       0.7032
    8110       0.8463
    8111       0.7566
    8112       0.6651
    8113       0.6555
    8114       0.6168
    8115       0.5593
    8116       0.6073
    8117       0.7463
    8118       0.6707
    8119       0.5821
    8120       0.6024
    8121       0.6033
    8122       0.6258
    8123       0.6135
    8124       0.5355
    8125       0.6328
    8126       0.7056
    8127       0.6498
    8128       0.6761
    8129       0.6067
    8130       0.6492
    8131       0.5763
    8132       0.5664
    8133       0.6318
    8134       0.6272
    8135       0.5493
    8136       0.5643
    8137       0.7073
    8138       0.5853
    8139       0.5527
    8140       0.5736
    8141       0.5432
    8142       0.6081
    8143       0.5745
    8144       0.6118
    8145       0.5839
    8146       0.6138
    8147       0.5378
    8148       0.5566
    8149       0.5824
    8150       0.5718
    8151       0.5473
    8152       0.6151
    8153       0.6111
    8154       0.6122
    8155       0.5835
    8156       0.5856
    8157       0.5779
    8158       0.5417
    8159       0.5968
    8160       0.7138
    8161       0.5532
    8162       0.6546
    8163       0.5923
    8164       0.5034
    8165       0.5116
    8166       0.6090
    8167       0.5999
    8168       0.6696
    8169       0.5551
    8170       0.5549
    8171       0.6673
    8172       0.5389
    8173       0.5594
    8174       0.5705
    8175       0.5767
    8176       0.6091
    8177       0.6087
    8178       0.5691
    8179       0.5865
    8180       0.6733
    8181       0.5301
    8182       0.5238
    8183       0.6028
    8184       0.5526
    8185       0.5542
    8186       0.5735
    8187       0.6068
    8188       0.5807
    8189       0.6642
    8190       0.5996
    8191       0.5648
    8192       0.5953
    8193       0.5730
    8194       0.6690
    8195       0.6363
    8196       0.5586
    8197       0.5567
    8198       0.5300
    8199       0.6834
    8200       0.6471
    8201       0.7055
    8202       0.5844
    8203       0.5944
    8204       0.6653
    8205       0.6469
    8206       0.6625
    8207       0.6222
    8208       0.5480
    8209       0.6474
    8210       0.5348
    8211       0.5671
    8212       0.5854
    8213       0.6478
    8214       0.6467
    8215       0.6428
    8216       0.6086
    8217       0.6132
    8218       0.6301
    8219       0.5545
    8220       0.6302
    8221       0.6035
    8222       0.5590
    8223       0.6539
    8224       0.6312
    8225       0.6955
    8226       0.6747
    8227       0.6712
    8228       0.6145
    8229       0.6263
    8230       0.6727
    8231       0.5744
    8232       0.6352
    8233       0.7610
    8234       0.7307
    8235       0.6555
    8236       0.8814
    8237       0.6499
    8238       0.7091
    8239       0.6338
    8240       0.6300
    8241       0.6083
    8242       0.7313
    8243       0.8260
    8244       0.8629
    8245       0.7120
    8246       0.7887
    8247       0.7064
    8248       0.7121
    8249       0.6892
    8250       0.6839
    8251       0.7851
    8252       0.5818
    8253       0.6387
    8254       0.5754
    8255       0.6506
    8256       0.6381
    8257       0.5865
    8258       0.7024
    8259       0.6576
    8260       0.6061
    8261       0.6657
    8262       0.7037
    8263       0.6954
    8264       0.6755
    8265       0.6496
    8266       0.6822
    8267       0.6270
    8268       0.7388
    8269       0.5762
    8270       0.7112
    8271       0.6689
    8272       0.7285
    8273       0.6502
    8274       0.5929
    8275       0.6407
    8276       0.5819
    8277       0.6826
    8278       0.7159
    8279       0.7172
    8280       0.6705
    8281       0.6911
    8282       0.6758
    8283       0.6451
    8284       0.6283
    8285       0.6936
    8286       0.6341
    8287       0.6486
    8288       0.7283
    8289       0.6547
    8290       0.5900
    8291       0.5797
    8292       0.7322
    8293       0.6048
    8294       0.6660
    8295       0.6226
    8296       0.5788
    8297       0.5583
    8298       0.6049
    8299       0.5707
    8300       0.6239
    8301       0.5611
    8302       0.5422
    8303       0.6499
    8304       0.5757
    8305       0.5802
    8306       0.6155
    8307       0.6420
    8308       0.5747
    8309       0.6162
    8310       0.5739
    8311       0.6256
    8312       0.5928
    8313       0.5965
    8314       0.6614
    8315       0.6339
    8316       0.5847
    8317       0.5614
    8318       0.5830
    8319       0.5613
    8320       0.5906
    8321       0.6226
    8322       0.5768
    8323       0.5893
    8324       0.6434
    8325       0.5658
    8326       0.6034
    8327       0.5596
    8328       0.6101
    8329       0.6125
    8330       0.5910
    8331       0.7012
    8332       0.5981
    8333       0.5482
    8334       0.6122
    8335       0.5628
    8336       0.5962
    8337       0.6868
    8338       0.7183
    8339       0.5870
    8340       0.6019
    8341       0.5928
    8342       0.6494
    8343       0.6372
    8344       0.5713
    8345       0.4918
    8346       0.6932
    8347       0.5986
    8348       0.5555
    8349       0.5589
    8350       0.6448
    8351       0.6667
    8352       0.6268
    8353       0.5908
    8354       0.6937
    8355       0.5983
    8356       0.7731
    8357       0.6343
    8358       0.5648
    8359       0.6061
    8360       0.6475
    8361       0.5863
    8362       0.6596
    8363       0.5699
    8364       0.6108
    8365       0.5222
    8366       0.6534
    8367       0.6319
    8368       0.6216
    8369       0.8019
    8370       0.6453
    8371       0.5702
    8372       0.6389
    8373       0.6388
    8374       0.5460
    8375       0.6306
    8376       0.6150
    8377       0.6267
    8378       0.6939
    8379       0.6291
    8380       0.7136
    8381       0.6421
    8382       0.6310
    8383       0.6001
    8384       0.6036
    8385       0.6160
    8386       0.5706
    8387       0.5376
    8388       0.5929
    8389       0.5781
    8390       0.6599
    8391       0.6051
    8392       0.5174
    8393       0.6373
    8394       0.6310
    8395       0.5596
    8396       0.5493
    8397       0.7102
    8398       0.6509
    8399       0.5923
    8400       0.5959
    8401       0.5875
    8402       0.6131
    8403       0.5498
    8404       0.5975
    8405       0.5128
    8406       0.6196
    8407       0.5752
    8408       0.5377
    8409       0.6116
    8410       0.6352
    8411       0.5756
    8412       0.5474
    8413       0.5034
    8414       0.5135
    8415       0.5855
    8416       0.5731
    8417       0.5182
    8418       0.7076
    8419       0.7280
    8420       0.6395
    8421       0.5852
    8422       0.6058
    8423       0.6374
    8424       0.6295
    8425       0.6770
    8426       0.5520
    8427       0.7300
    8428       0.7629
    8429       0.6685
    8430       0.8173
    8431       0.7677
    8432       0.7834
    8433       0.8770
    8434       0.7170
    8435       0.7623
    8436       0.7981
    8437       0.7508
    8438       0.6804
    8439       0.7737
    8440       0.7241
    8441       0.6647
    8442       0.7399
    8443       0.6415
    8444       0.5789
    8445       0.5672
    8446       0.6700
    8447       0.5273
    8448       0.5629
    8449       0.6188
    8450       0.6375
    8451       0.4942
    8452       0.5483
    8453       0.5648
    8454       0.6318
    8455       0.6608
    8456       0.5850
    8457       0.6886
    8458       0.6367
    8459       0.7091
    8460       0.6726
    8461       0.6042
    8462       0.5831
    8463       0.5641
    8464       0.4942
    8465       0.5754
    8466       0.5204
    8467       0.5902
    8468       0.5841
    8469       0.6315
    8470       0.6454
    8471       0.6382
    8472       0.6449
    8473       0.5546
    8474       0.6884
    8475       0.5885
    8476       0.6088
    8477       0.6655
    8478       0.6518
    8479       0.6811
    8480       0.6270
    8481       0.5897
    8482       0.6174
    8483       0.7347
    8484       0.7420
    8485       0.6243
    8486       0.7005
    8487       0.7808
    8488       0.7346
    8489       0.6454
    8490       0.8463
    8491       0.6969
    8492       0.7451
    8493       0.7669
    8494       0.7046
    8495       0.7353
    8496       0.7752
    8497       0.7164
    8498       0.6954
    8499       0.6957
    8500       0.8733
    8501       0.8655
    8502       0.7742
    8503       0.7076
    8504       0.7332
    8505       0.8321
    8506       0.8627
    8507       0.8283
    8508       0.7967
    8509       0.7125
    8510       0.7222
    8511       0.7018
    8512       0.8050
    8513       0.7425
    8514       0.7469
    8515       0.7651
    8516       0.7556
    8517       0.7688
    8518       0.6935
    8519       0.6487
    8520       0.7524
    8521       0.7480
    8522       0.8229
    8523       0.7758
    8524       0.8397
    8525       0.8265
    8526       0.8900
    8527       0.8337
    8528       0.7461
    8529       0.7318
    8530       0.6677
    8531       0.7774
    8532       0.8354
    8533       0.7798
    8534       0.7092
    8535       0.6681
    8536       0.7472
    8537       0.6980
    8538       0.6601
    8539       0.7202
    8540       0.7875
    8541       0.7007
    8542       0.7225
    8543       0.7678
    8544       0.7363
    8545       0.8693
    8546       0.7081
    8547       0.7011
    8548       0.7899
    8549       0.7863
    8550       0.7946
    8551       0.9370
    8552       0.9297
    8553       0.9665
    8554       0.7904
    8555       0.9996
    8556       0.9090
    8557       0.8264
    8558       0.7153
    8559       0.7788
    8560       0.8403
    8561       0.7112
    8562       0.8096
    8563       0.7750
    8564       0.6988
    8565       0.6632
    8566       0.7284
    8567       0.7286
    8568       0.6227
    8569       0.5813
    8570       0.5952
    8571       0.5996
    8572       0.7553
    8573       0.6745
    8574       0.7475
    8575       0.6890
    8576       0.7618
    8577       0.7711
    8578       0.6536
    8579       0.6689
    8580       0.6609
    8581       0.6331
    8582       0.6501
    8583       0.5863
    8584       0.6351
    8585       0.5730
    8586       0.7145
    8587       0.7629
    8588       0.6925
    8589       0.7149
    8590       0.7048
    8591       0.6774
    8592       0.6266
    8593       0.5956
    8594       0.7049
    8595       0.6190
    8596       0.6455
    8597       0.6217
    8598       0.7006
    8599       0.6880
    8600       0.6282
    8601       0.6219
    8602       0.6603
    8603       0.7427
    8604       0.7618
    8605       0.7745
    8606       0.7163
    8607       0.7300
    8608       0.6253
    8609       0.5872
    8610       0.8073
    8611       0.7837
    8612       0.7333
    8613       0.7003
    8614       0.8302
    8615       0.8128
    8616       0.7622
    8617       0.7466
    8618       0.7697
    8619       0.6929
    8620       0.6606
    8621       0.8210
    8622       0.7071
    8623       0.6900
    8624       0.9390
    8625       0.8133
    8626       0.7682
    8627       0.6666
    8628       0.6831
    8629       0.6902
    8630       0.6729
    8631       0.7231
    8632       0.7445
    8633       0.7934
    8634       0.6940
    8635       0.7176
    8636       0.7061
    8637       0.7842
    8638       0.6807
    8639       0.7223
    8640       0.8882
    8641       0.9511
    8642       0.8129
    8643       0.7643
    8644       0.7496
    8645       0.6183
    8646       0.5432
    8647       0.6495
    8648       0.7514
    8649       0.7529
    8650       0.7715
    8651       0.8051
    8652       0.7804
    8653       0.7121
    8654       0.7400
    8655       0.6495
    8656       0.6864
    8657       0.6641
    8658       0.6305
    8659       0.6141
    8660       0.7145
    8661       0.6060
    8662       0.6021
    8663       0.5895
    8664       0.6730
    8665       0.6803
    8666       0.6346
    8667       0.6746
    8668       0.7566
    8669       0.6645
    8670       0.5935
    8671       0.7390
    8672       0.6165
    8673       0.6375
    8674       0.6235
    8675       0.6828
    8676       0.6698
    8677       0.6867
    8678       0.6571
    8679       0.8005
    8680       0.7633
    8681       0.8234
    8682       0.7037
    8683       0.6536
    8684       0.7756
    8685       0.6997
    8686       0.6146
    8687       0.8328
    8688       0.7352
    8689       0.7325
    8690       0.6548
    8691       0.6483
    8692       0.6127
    8693       0.7205
    8694       0.7647
    8695       0.7738
    8696       0.6610
    8697       0.6778
    8698       0.5984
    8699       0.5933
    8700       0.6535
    8701       0.6199
    8702       0.6617
    8703       0.5942
    8704       0.6811
    8705       0.7520
    8706       0.7844
    8707       0.6857
    8708       0.6226
    8709       0.7179
    8710       0.7124
    8711       0.8401
    8712       0.6619
    8713       0.6574
    8714       0.7182
    8715       0.7347
    8716       0.7479
    8717       0.6162
    8718       0.6403
    8719       0.7010
    8720       0.6618
    8721       0.6837
    8722       0.6320
    8723       0.7243
    8724       0.6839
    8725       0.7134
    8726       0.5915
    8727       0.6915
    8728       0.6613
    8729       0.6596
    8730       0.7081
    8731       0.6669
    8732       0.6083
    8733       0.6215
    8734       0.7079
    8735       0.6906
    8736       0.7695
    8737       0.7197
    8738       0.6803
    8739       0.7931
    8740       0.6816
    8741       0.6464
    8742       0.6444
    8743       0.6354
    8744       0.6380
    8745       0.6503
    8746       0.5977
    8747       0.6011
    8748       0.5456
    8749       0.5900
    8750       0.5968
    8751       0.6080
    8752       0.6243
    8753       0.5835
    8754       0.6906
    8755       0.6490
    8756       0.6726
    8757       0.6511
    8758       0.5574
    8759       0.6029
    8760       0.6149
    8761       0.5348
    8762       0.5618
    8763       0.6062
    8764       0.5395
    8765       0.6528
    8766       0.5491
    8767       0.6317
    8768       0.6538
    8769       0.7105
    8770       0.6150
    8771       0.6315
    8772       0.5940
    8773       0.5852
    8774       0.5993
    8775       0.6100
    8776       0.6172
    8777       0.5424
    8778       0.5682
    8779       0.5363
    8780       0.6343
    8781       0.5971
    8782       0.5655
    8783       0.5815
    8784       0.6027
    8785       0.6244
    8786       0.7389
    8787       0.5448
    8788       0.6596
    8789       0.6621
    8790       0.6254
    8791       0.6396
    8792       0.6562
    8793       0.5855
    8794       0.6245
    8795       0.6968
    8796       0.6322
    8797       0.6706
    8798       0.6155
    8799       0.6268
    8800       0.6970
    8801       0.7261
    8802       0.6354
    8803       0.6431
    8804       0.6375
    8805       0.6901
    8806       0.7287
    8807       0.6748
    8808       0.8240
    8809       0.7036
    8810       0.7362
    8811       0.5937
    8812       0.7017
    8813       0.5682
    8814       0.7530
    8815       0.6605
    8816       0.6968
    8817       0.6664
    8818       0.6237
    8819       0.5945
    8820       0.5927
    8821       0.6623
    8822       0.6266
    8823       0.6026
    8824       0.6174
    8825       0.6502
    8826       0.5906
    8827       0.6630
    8828       0.6369
    8829       0.6138
    8830       0.6607
    8831       0.5919
    8832       0.6532
    8833       0.5874
    8834       0.6440
    8835       0.5483
    8836       0.5698
    8837       0.6202
    8838       0.5835
    8839       0.7332
    8840       0.6355
    8841       0.6687
    8842       0.6216
    8843       0.6226
    8844       0.6251
    8845       0.6277
    8846       0.6409
    8847       0.6333
    8848       0.5577
    8849       0.5052
    8850       0.5426
    8851       0.6875
    8852       0.5612
    8853       0.6274
    8854       0.6685
    8855       0.6731
    8856       0.5405
    8857       0.6845
    8858       0.6720
    8859       0.6842
    8860       0.6548
    8861       0.5326
    8862       0.6135
    8863       0.6395
    8864       0.5893
    8865       0.6655
    8866       0.6834
    8867       0.6571
    8868       0.7663
    8869       0.6794
    8870       0.6991
    8871       0.6774
    8872       0.6091
    8873       0.5726
    8874       0.7282
    8875       0.6770
    8876       0.6739
    8877       0.6541
    8878       0.6304
    8879       0.6733
    8880       0.6046
    8881       0.6388
    8882       0.6818
    8883       0.5780
    8884       0.6821
    8885       0.5748
    8886       0.7302
    8887       0.6604
    8888       0.7399
    8889       0.6562
    8890       0.5999
    8891       0.5522
    8892       0.6119
    8893       0.5919
    8894       0.5758
    8895       0.5330
    8896       0.5797
    8897       0.5237
    8898       0.5294
    8899       0.5544
    8900       0.5483
    8901       0.6004
    8902       0.6038
    8903       0.5551
    8904       0.5304
    8905       0.5979
    8906       0.5208
    8907       0.5244
    8908       0.5835
    8909       0.6311
    8910       0.5798
    8911       0.5588
    8912       0.5567
    8913       0.6324
    8914       0.5906
    8915       0.4990
    8916       0.5183
    8917       0.5453
    8918       0.5449
    8919       0.5704
    8920       0.5509
    8921       0.5645
    8922       0.5328
    8923       0.6065
    8924       0.6582
    8925       0.6154
    8926       0.5822
    8927       0.5149
    8928       0.6452
    8929       0.6362
    8930       0.5975
    8931       0.6010
    8932       0.5936
    8933       0.5880
    8934       0.6303
    8935       0.5759
    8936       0.6273
    8937       0.6107
    8938       0.6195
    8939       0.5755
    8940       0.6239
    8941       0.7065
    8942       0.6729
    8943       0.6242
    8944       0.7032
    8945       0.6285
    8946       0.5792
    8947       0.6312
    8948       0.5739
    8949       0.5480
    8950       0.6331
    8951       0.5047
    8952       0.5675
    8953       0.6369
    8954       0.5093
    8955       0.6272
    8956       0.5413
    8957       0.6145
    8958       0.5792
    8959       0.5735
    8960       0.5789
    8961       0.4823
    8962       0.5949
    8963       0.6176
    8964       0.6643
    8965       0.4895
    8966       0.5401
    8967       0.6504
    8968       0.6692
    8969       0.5870
    8970       0.6158
    8971       0.5348
    8972       0.5753
    8973       0.5566
    8974       0.5596
    8975       0.5087
    8976       0.5923
    8977       0.6370
    8978       0.5636
    8979       0.5838
    8980       0.5800
    8981       0.5516
    8982       0.6156
    8983       0.5707
    8984       0.6013
    8985       0.5619
    8986       0.5553
    8987       0.5729
    8988       0.5075
    8989       0.5343
    8990       0.6307
    8991       0.5171
    8992       0.5552
    8993       0.6030
    8994       0.6242
    8995       0.5133
    8996       0.4929
    8997       0.5574
    8998       0.6615
    8999       0.5344
    9000       0.7005
    9001       0.5187
    9002       0.6277
    9003       0.4915
    9004       0.6611
    9005       0.6040
    9006       0.6273
    9007       0.7656
    9008       0.6889
    9009       0.5918
    9010       0.6597
    9011       0.5691
    9012       0.6648
    9013       0.6686
    9014       0.6159
    9015       0.6393
    9016       0.6062
    9017       0.6545
    9018       0.6663
    9019       0.6630
    9020       0.7145
    9021       0.6231
    9022       0.6006
    9023       0.6548
    9024       0.5472
    9025       0.6168
    9026       0.6041
    9027       0.5768
    9028       0.6301
    9029       0.7340
    9030       0.7301
    9031       0.6340
    9032       0.7503
    9033       0.7102
    9034       0.6540
    9035       0.5896
    9036       0.5679
    9037       0.6466
    9038       0.6495
    9039       0.6410
    9040       0.6401
    9041       0.6369
    9042       0.6180
    9043       0.6625
    9044       0.6607
    9045       0.6944
    9046       0.6264
    9047       0.6766
    9048       0.6126
    9049       0.6370
    9050       0.5190
    9051       0.6245
    9052       0.6635
    9053       0.5892
    9054       0.6460
    9055       0.5911
    9056       0.6404
    9057       0.6518
    9058       0.5496
    9059       0.7032
    9060       0.6312
    9061       0.5852
    9062       0.5703
    9063       0.5509
    9064       0.5652
    9065       0.5701
    9066       0.5479
    9067       0.6166
    9068       0.5944
    9069       0.5849
    9070       0.6142
    9071       0.6776
    9072       0.5898
    9073       0.6197
    9074       0.5507
    9075       0.5228
    9076       0.6642
    9077       0.6254
    9078       0.6404
    9079       0.5542
    9080       0.5337
    9081       0.5912
    9082       0.6030
    9083       0.5459
    9084       0.5617
    9085       0.5363
    9086       0.6667
    9087       0.6510
    9088       0.5597
    9089       0.5573
    9090       0.5900
    9091       0.5912
    9092       0.6360
    9093       0.6449
    9094       0.5443
    9095       0.5451
    9096       0.5447
    9097       0.5396
    9098       0.5519
    9099       0.6217
    9100       0.6363
    9101       0.6294
    9102       0.7204
    9103       0.6321
    9104       0.6341
    9105       0.6488
    9106       0.6204
    9107       0.5522
    9108       0.6387
    9109       0.5624
    9110       0.5346
    9111       0.5315
    9112       0.6114
    9113       0.5692
    9114       0.6267
    9115       0.6135
    9116       0.6252
    9117       0.5788
    9118       0.6923
    9119       0.5468
    9120       0.5716
    9121       0.6433
    9122       0.5215
    9123       0.5593
    9124       0.5338
    9125       0.5443
    9126       0.5388
    9127       0.5835
    9128       0.6134
    9129       0.6472
    9130       0.6788
    9131       0.6207
    9132       0.6325
    9133       0.5327
    9134       0.6399
    9135       0.5373
    9136       0.5484
    9137       0.5429
    9138       0.6277
    9139       0.6123
    9140       0.5017
    9141       0.4863
    9142       0.5830
    9143       0.5039
    9144       0.5158
    9145       0.5247
    9146       0.6274
    9147       0.5968
    9148       0.5633
    9149       0.5764
    9150       0.6193
    9151       0.5735
    9152       0.5657
    9153       0.6074
    9154       0.5337
    9155       0.5032
    9156       0.5480
    9157       0.5781
    9158       0.5495
    9159       0.5607
    9160       0.5592
    9161       0.6106
    9162       0.5588
    9163       0.7102
    9164       0.5246
    9165       0.6662
    9166       0.6373
    9167       0.5901
    9168       0.5374
    9169       0.5586
    9170       0.5761
    9171       0.5873
    9172       0.6132
    9173       0.5803
    9174       0.5703
    9175       0.6522
    9176       0.4851
    9177       0.5211
    9178       0.5978
    9179       0.5790
    9180       0.5421
    9181       0.5209
    9182       0.4940
    9183       0.5146
    9184       0.6065
    9185       0.5889
    9186       0.5154
    9187       0.6129
    9188       0.5615
    9189       0.6570
    9190       0.5311
    9191       0.5199
    9192       0.5214
    9193       0.5969
    9194       0.5721
    9195       0.5780
    9196       0.6228
    9197       0.5339
    9198       0.6215
    9199       0.6251
    9200       0.6471
    9201       0.5288
    9202       0.5187
    9203       0.5387
    9204       0.5141
    9205       0.5016
    9206       0.6457
    9207       0.6631
    9208       0.5645
    9209       0.5340
    9210       0.4450
    9211       0.5436
    9212       0.5341
    9213       0.5542
    9214       0.5012
    9215       0.4873
    9216       0.4823
    9217       0.5784
    9218       0.5042
    9219       0.5140
    9220       0.5461
    9221       0.5493
    9222       0.5045
    9223       0.5555
    9224       0.5373
    9225       0.5533
    9226       0.5406
    9227       0.6212
    9228       0.5501
    9229       0.5695
    9230       0.5861
    9231       0.5701
    9232       0.6919
    9233       0.6328
    9234       0.6006
    9235       0.5033
    9236       0.5698
    9237       0.6024
    9238       0.5479
    9239       0.5342
    9240       0.5810
    9241       0.5329
    9242       0.5484
    9243       0.4996
    9244       0.5248
    9245       0.5106
    9246       0.6267
    9247       0.6050
    9248       0.6168
    9249       0.4905
    9250       0.6020
    9251       0.6133
    9252       0.6023
    9253       0.5653
    9254       0.5196
    9255       0.5979
    9256       0.4993
    9257       0.5518
    9258       0.6214
    9259       0.6407
    9260       0.6365
    9261       0.5682
    9262       0.5026
    9263       0.6087
    9264       0.6400
    9265       0.5936
    9266       0.5947
    9267       0.6585
    9268       0.6417
    9269       0.5853
    9270       0.5181
    9271       0.5845
    9272       0.6050
    9273       0.5989
    9274       0.8034
    9275       0.5864
    9276       0.6460
    9277       0.7130
    9278       0.5768
    9279       0.6524
    9280       0.6074
    9281       0.6251
    9282       0.6267
    9283       0.6617
    9284       0.6771
    9285       0.7056
    9286       0.6372
    9287       0.6991
    9288       0.6220
    9289       0.7165
    9290       0.6041
    9291       0.7413
    9292       0.6979
    9293       0.7832
    9294       0.6740
    9295       0.7226
    9296       0.6164
    9297       0.6499
    9298       0.6232
    9299       0.6507
    9300       0.7144
    9301       0.7118
    9302       0.7219
    9303       0.6981
    9304       0.6714
    9305       0.7256
    9306       0.5337
    9307       0.5233
    9308       0.5362
    9309       0.5970
    9310       0.5501
    9311       0.6401
    9312       0.6366
    9313       0.6106
    9314       0.5373
    9315       0.5561
    9316       0.5337
    9317       0.5627
    9318       0.5825
    9319       0.6772
    9320       0.5256
    9321       0.5908
    9322       0.5877
    9323       0.5629
    9324       0.6553
    9325       0.5760
    9326       0.5642
    9327       0.5725
    9328       0.6103
    9329       0.5060
    9330       0.6234
    9331       0.6097
    9332       0.6228
    9333       0.5228
    9334       0.5491
    9335       0.5685
    9336       0.6278
    9337       0.5597
    9338       0.5988
    9339       0.5108
    9340       0.6073
    9341       0.5581
    9342       0.5616
    9343       0.6221
    9344       0.6114
    9345       0.6155
    9346       0.6661
    9347       0.6237
    9348       0.7331
    9349       0.5940
    9350       0.6049
    9351       0.5092
    9352       0.6086
    9353       0.5948
    9354       0.5303
    9355       0.7111
    9356       0.6714
    9357       0.6409
    9358       0.6709
    9359       0.5750
    9360       0.6093
    9361       0.6221
    9362       0.5739
    9363       0.5983
    9364       0.5775
    9365       0.6444
    9366       0.5054
    9367       0.5721
    9368       0.5831
    9369       0.5358
    9370       0.5245
    9371       0.5525
    9372       0.6549
    9373       0.5322
    9374       0.5247
    9375       0.7253
    9376       0.6024
    9377       0.5370
    9378       0.6145
    9379       0.5695
    9380       0.5279
    9381       0.5768
    9382       0.6010
    9383       0.5744
    9384       0.6466
    9385       0.5920
    9386       0.5916
    9387       0.6095
    9388       0.6447
    9389       0.5812
    9390       0.5338
    9391       0.7023
    9392       0.6960
    9393       0.6090
    9394       0.5808
    9395       0.6109
    9396       0.6154
    9397       0.5225
    9398       0.4889
    9399       0.5120
    9400       0.5410
    9401       0.6159
    9402       0.6635
    9403       0.6795
    9404       0.5506
    9405       0.5314
    9406       0.5870
    9407       0.6170
    9408       0.5654
    9409       0.6632
    9410       0.5509
    9411       0.6220
    9412       0.6666
    9413       0.6075
    9414       0.5656
    9415       0.7283
    9416       0.6726
    9417       0.7403
    9418       0.7258
    9419       0.7113
    9420       0.6250
    9421       0.6341
    9422       0.6114
    9423       0.5591
    9424       0.6148
    9425       0.6355
    9426       0.6962
    9427       0.6135
    9428       0.5356
    9429       0.5780
    9430       0.5739
    9431       0.5297
    9432       0.5396
    9433       0.5985
    9434       0.6673
    9435       0.5552
    9436       0.5681
    9437       0.5012
    9438       0.4954
    9439       0.5594
    9440       0.5662
    9441       0.6306
    9442       0.5172
    9443       0.5231
    9444       0.6188
    9445       0.6079
    9446       0.6645
    9447       0.6718
    9448       0.7227
    9449       0.5851
    9450       0.6957
    9451       0.6503
    9452       0.6433
    9453       0.7392
    9454       0.6612
    9455       0.6431
    9456       0.5681
    9457       0.6222
    9458       0.5393
    9459       0.6030
    9460       0.6113
    9461       0.6121
    9462       0.5077
    9463       0.5498
    9464       0.5462
    9465       0.5832
    9466       0.6492
    9467       0.5830
    9468       0.5507
    9469       0.5812
    9470       0.5855
    9471       0.5385
    9472       0.5660
    9473       0.4809
    9474       0.5834
    9475       0.4769
    9476       0.5145
    9477       0.6207
    9478       0.5272
    9479       0.5059
    9480       0.6665
    9481       0.6078
    9482       0.5264
    9483       0.5450
    9484       0.5301
    9485       0.5849
    9486       0.6204
    9487       0.5863
    9488       0.5884
    9489       0.7089
    9490       0.6834
    9491       0.6386
    9492       0.5783
    9493       0.6538
    9494       0.5674
    9495       0.6804
    9496       0.5358
    9497       0.7141
    9498       0.6156
    9499       0.6881
    9500       0.6506
    9501       0.6573
    9502       0.5890
    9503       0.5926
    9504       0.5601
    9505       0.5605
    9506       0.6385
    9507       0.5462
    9508       0.5813
    9509       0.5397
    9510       0.6886
    9511       0.6221
    9512       0.7828
    9513       0.6259
    9514       0.5411
    9515       0.5300
    9516       0.6642
    9517       0.5839
    9518       0.5729
    9519       0.5976
    9520       0.6292
    9521       0.6680
    9522       0.5986
    9523       0.6992
    9524       0.6670
    9525       0.6421
    9526       0.6329
    9527       0.7281
    9528       0.7157
    9529       0.6126
    9530       0.6601
    9531       0.7007
    9532       0.6560
    9533       0.5576
    9534       0.5218
    9535       0.5128
    9536       0.6179
    9537       0.5730
    9538       0.6273
    9539       0.7865
    9540       0.6129
    9541       0.5765
    9542       0.6203
    9543       0.6585
    9544       0.6414
    9545       0.6727
    9546       0.5667
    9547       0.6982
    9548       0.6742
    9549       0.6867
    9550       0.6627
    9551       0.6740
    9552       0.7437
    9553       0.6980
    9554       0.6542
    9555       0.6094
    9556       0.6413
    9557       0.5748
    9558       0.5448
    9559       0.5579
    9560       0.6273
    9561       0.6076
    9562       0.6287
    9563       0.5542
    9564       0.6749
    9565       0.5924
    9566       0.5680
    9567       0.5506
    9568       0.6284
    9569       0.5773
    9570       0.6975
    9571       0.6552
    9572       0.5424
    9573       0.5413
    9574       0.5769
    9575       0.5315
    9576       0.6012
    9577       0.5882
    9578       0.5756
    9579       0.5424
    9580       0.5300
    9581       0.5188
    9582       0.5346
    9583       0.5614
    9584       0.5388
    9585       0.7152
    9586       0.5120
    9587       0.6004
    9588       0.5681
    9589       0.5162
    9590       0.6250
    9591       0.6578
    9592       0.6195
    9593       0.5901
    9594       0.5876
    9595       0.5319
    9596       0.6603
    9597       0.6245
    9598       0.6240
    9599       0.5419
    9600       0.6945
    9601       0.5679
    9602       0.6412
    9603       0.5114
    9604       0.5224
    9605       0.6447
    9606       0.6953
    9607       0.5416
    9608       0.5160
    9609       0.6742
    9610       0.5749
    9611       0.5751
    9612       0.5696
    9613       0.5670
    9614       0.7245
    9615       0.6314
    9616       0.5992
    9617       0.6305
    9618       0.5719
    9619       0.5945
    9620       0.7332
    9621       0.5906
    9622       0.6844
    9623       0.6766
    9624       0.6356
    9625       0.6311
    9626       0.6696
    9627       0.5665
    9628       0.5753
    9629       0.6115
    9630       0.6159
    9631       0.6120
    9632       0.6670
    9633       0.5765
    9634       0.6238
    9635       0.6428
    9636       0.5370
    9637       0.6108
    9638       0.6621
    9639       0.4916
    9640       0.5888
    9641       0.6049
    9642       0.5917
    9643       0.5718
    9644       0.5418
    9645       0.5556
    9646       0.7063
    9647       0.6095
    9648       0.6514
    9649       0.6278
    9650       0.5801
    9651       0.6126
    9652       0.6156
    9653       0.5101
    9654       0.6017
    9655       0.5303
    9656       0.5635
    9657       0.6307
    9658       0.5900
    9659       0.6589
    9660       0.5511
    9661       0.5696
    9662       0.6186
    9663       0.5517
    9664       0.6837
    9665       0.5564
    9666       0.5943
    9667       0.5746
    9668       0.5363
    9669       0.5152
    9670       0.4973
    9671       0.5717
    9672       0.5352
    9673       0.6637
    9674       0.6782
    9675       0.6187
    9676       0.6346
    9677       0.5551
    9678       0.5064
    9679       0.6802
    9680       0.6673
    9681       0.6955
    9682       0.5858
    9683       0.6131
    9684       0.5882
    9685       0.5546
    9686       0.5796
    9687       0.6076
    9688       0.5922
    9689       0.5185
    9690       0.5941
    9691       0.6821
    9692       0.6650
    9693       0.6589
    9694       0.5586
    9695       0.6308
    9696       0.6656
    9697       0.5730
    9698       0.5965
    9699       0.7076
    9700       0.6098
    9701       0.6583
    9702       0.5969
    9703       0.6311
    9704       0.6153
    9705       0.6193
    9706       0.6193
    9707       0.6196
    9708       0.6546
    9709       0.6037
    9710       0.5607
    9711       0.7515
    9712       0.7257
    9713       0.6272
    9714       0.6600
    9715       0.6175
    9716       0.6585
    9717       0.6820
    9718       0.6976
    9719       0.6344
    9720       0.6529
    9721       0.5990
    9722       0.6272
    9723       0.5776
    9724       0.6095
    9725       0.5764
    9726       0.5701
    9727       0.5743
    9728       0.6113
    9729       0.6305
    9730       0.7240
    9731       0.6098
    9732       0.7593
    9733       0.6172
    9734       0.6538
    9735       0.5954
    9736       0.5795
    9737       0.5774
    9738       0.5335
    9739       0.6170
    9740       0.6060
    9741       0.5216
    9742       0.7171
    9743       0.5414
    9744       0.6379
    9745       0.6030
    9746       0.5623
    9747       0.5618
    9748       0.5653
    9749       0.5187
    9750       0.5957
    9751       0.6808
    9752       0.7211
    9753       0.6457
    9754       0.6682
    9755       0.6341
    9756       0.5402
    9757       0.5984
    9758       0.6662
    9759       0.5589
    9760       0.5497
    9761       0.5866
    9762       0.5016
    9763       0.5284
    9764       0.5540
    9765       0.6017
    9766       0.6584
    9767       0.6418
    9768       0.6232
    9769       0.5642
    9770       0.6024
    9771       0.5939
    9772       0.6609
    9773       0.6100
    9774       0.5809
    9775       0.7030
    9776       0.6546
    9777       0.6213
    9778       0.6880
    9779       0.6080
    9780       0.6210
    9781       0.7055
    9782       0.6278
    9783       0.5737
    9784       0.6173
    9785       0.6627
    9786       0.6264
    9787       0.6520
    9788       0.5753
    9789       0.6758
    9790       0.6042
    9791       0.6998
    9792       0.6189
    9793       0.6649
    9794       0.5875
    9795       0.6377
    9796       0.5755
    9797       0.6705
    9798       0.7641
    9799       0.6105
    9800       0.6248
    9801       0.6026
    9802       0.7422
    9803       0.6442
    9804       0.6881
    9805       0.6799
    9806       0.6002
    9807       0.7366
    9808       0.6560
    9809       0.7311
    9810       0.6245
    9811       0.6254
    9812       0.6207
    9813       0.5712
    9814       0.6074
    9815       0.5804
    9816       0.5715
    9817       0.6095
    9818       0.6356
    9819       0.6094
    9820       0.6315
    9821       0.6136
    9822       0.5959
    9823       0.7168
    9824       0.7202
    9825       0.7879
    9826       0.7670
    9827       0.6498
    9828       0.5767
    9829       0.5771
    9830       0.5857
    9831       0.5336
    9832       0.4949
    9833       0.6419
    9834       0.6137
    9835       0.6124
    9836       0.6578
    9837       0.5837
    9838       0.5876
    9839       0.6199
    9840       0.5429
    9841       0.6988
    9842       0.6121
    9843       0.5243
    9844       0.5811
    9845       0.6607
    9846       0.5752
    9847       0.5816
    9848       0.5570
    9849       0.5845
    9850       0.6324
    9851       0.4917
    9852       0.6344
    9853       0.5316
    9854       0.5525
    9855       0.6404
    9856       0.5851
    9857       0.6101
    9858       0.5322
    9859       0.6267
    9860       0.5268
    9861       0.5931
    9862       0.5618
    9863       0.5902
    9864       0.5680
    9865       0.6782
    9866       0.5393
    9867       0.7751
    9868       0.6125
    9869       0.5429
    9870       0.5725
    9871       0.5973
    9872       0.5833
    9873       0.6207
    9874       0.5131
    9875       0.5839
    9876       0.5336
    9877       0.6062
    9878       0.5727
    9879       0.5162
    9880       0.5726
    9881       0.5950
    9882       0.5759
    9883       0.5593
    9884       0.5352
    9885       0.5460
    9886       0.6150
    9887       0.6532
    9888       0.6021
    9889       0.6394
    9890       0.6117
    9891       0.6859
    9892       0.6148
    9893       0.6590
    9894       0.6259
    9895       0.5771
    9896       0.5235
    9897       0.6298
    9898       0.6385
    9899       0.5499
    9900       0.7397
    9901       0.6330
    9902       0.6305
    9903       0.5638
    9904       0.5839
    9905       0.5809
    9906       0.6182
    9907       0.7984
    9908       0.7458
    9909       0.6161
    9910       0.6710
    9911       0.6683
    9912       0.6140
    9913       0.5861
    9914       0.4701
    9915       0.5374
    9916       0.5732
    9917       0.5760
    9918       0.5356
    9919       0.7320
    9920       0.6525
    9921       0.6341
    9922       0.4802
    9923       0.6105
    9924       0.7043
    9925       0.5885
    9926       0.6358
    9927       0.6363
    9928       0.6907
    9929       0.6388
    9930       0.8071
    9931       0.6022
    9932       0.5998
    9933       0.6569
    9934       0.5621
    9935       0.6850
    9936       0.6278
    9937       0.6392
    9938       0.6256
    9939       0.6929
    9940       0.5858
    9941       0.6365
    9942       0.6771
    9943       0.5430
    9944       0.5698
    9945       0.5310
    9946       0.5268
    9947       0.5877
    9948       0.7211
    9949       0.6301
    9950       0.6922
    9951       0.6127
    9952       0.6327
    9953       0.5926
    9954       0.5644
    9955       0.5723
    9956       0.6139
    9957       0.5779
    9958       0.6253
    9959       0.5491
    9960       0.5229
    9961       0.6010
    9962       0.5879
    9963       0.5734
    9964       0.6540
    9965       0.5983
    9966       0.5431
    9967       0.5611
    9968       0.5997
    9969       0.5821
    9970       0.5651
    9971       0.6088
    9972       0.5098
    9973       0.6328
    9974       0.6998
    9975       0.5661
    9976       0.5412
    9977       0.5383
    9978       0.5534
    9979       0.5861
    9980       0.6258
    9981       0.5909
    9982       0.5840
    9983       0.5976
    9984       0.5584
    9985       0.5853
    9986       0.5930
    9987       0.5393
    9988       0.5129
    9989       0.5586
    9990       0.5948
    9991       0.5207
    9992       0.6410
    9993       0.5292
    9994       0.6457
    9995       0.5376
    9996       0.5878
    9997       0.5210
    9998       0.6639
    9999       0.6009
   10000       0.6826
   10001       0.6797
   10002       0.6469
   10003       0.6373
   10004       0.5807
   10005       0.6501
   10006       0.5723
   10007       0.7064
   10008       0.5830
   10009       0.6836
   10010       0.5466
   10011       0.5863
   10012       0.6406
   10013       0.5909
   10014       0.6241
   10015       0.5360
   10016       0.6011
   10017       0.5275
   10018       0.5672
   10019       0.6588
   10020       0.6158
   10021       0.6184
   10022       0.7208
   10023       0.6033
   10024       0.6963
   10025       0.5936
   10026       0.5913
   10027       0.5422
   10028       0.6244
   10029       0.6825
   10030       0.5668
   10031       0.6060
   10032       0.6022
   10033       0.5395
   10034       0.5704
   10035       0.6146
   10036       0.7442
   10037       0.6018
   10038       0.5987
   10039       0.6516
   10040       0.6290
   10041       0.5742
   10042       0.6325
   10043       0.6717
   10044       0.6193
   10045       0.6708
   10046       0.6951
   10047       0.5781
   10048       0.5869
   10049       0.5949
   10050       0.6163
   10051       0.7252
   10052       0.7065
   10053       0.7501
   10054       0.6941
   10055       0.8128
   10056       0.7480
   10057       0.6719
   10058       0.8001
   10059       0.7224
   10060       0.6858
   10061       0.5975
   10062       0.6956
   10063       0.6717
   10064       0.5888
   10065       0.6978
   10066       0.6163
   10067       0.6593
   10068       0.7022
   10069       0.6604
   10070       0.6170
   10071       0.5954
   10072       0.6891
   10073       0.6315
   10074       0.6531
   10075       0.7983
   10076       0.6645
   10077       0.6290
   10078       0.6861
   10079       0.6903
   10080       0.6903
   10081       0.6922
   10082       0.6668
   10083       0.6835
   10084       0.7484
   10085       0.6525
   10086       0.6578
   10087       0.7010
   10088       0.6057
   10089       0.6506
   10090       0.6207
   10091       0.6066
   10092       0.6124
   10093       0.5558
   10094       0.6066
   10095       0.5822
   10096       0.5648
   10097       0.6757
   10098       0.7023
   10099       0.7243
   10100       0.7099
   10101       0.6594
   10102       0.6667
   10103       0.6119
   10104       0.6065
   10105       0.7224
   10106       0.5443
   10107       0.5616
   10108       0.5313
   10109       0.6211
   10110       0.6186
   10111       0.5650
   10112       0.6222
   10113       0.6102
   10114       0.6502
   10115       0.5689
   10116       0.5378
   10117       0.5303
   10118       0.6044
   10119       0.6098
   10120       0.5207
   10121       0.5960
   10122       0.6995
   10123       0.6083
   10124       0.6660
   10125       0.5989
   10126       0.6585
   10127       0.6525
   10128       0.5619
   10129       0.6070
   10130       0.6766
   10131       0.6627
   10132       0.5723
   10133       0.5921
   10134       0.5585
   10135       0.6144
   10136       0.6821
   10137       0.6295
   10138       0.6090
   10139       0.5584
   10140       0.6303
   10141       0.7270
   10142       0.6960
   10143       0.5944
   10144       0.6191
   10145       0.6749
   10146       0.7211
   10147       0.6198
   10148       0.5869
   10149       0.7403
   10150       0.5723
   10151       0.5906
   10152       0.6173
   10153       0.6044
   10154       0.5950
   10155       0.6779
   10156       0.6309
   10157       0.6750
   10158       0.6766
   10159       0.6846
   10160       0.6261
   10161       0.5181
   10162       0.5459
   10163       0.6129
   10164       0.6467
   10165       0.6385
   10166       0.6225
   10167       0.5875
   10168       0.8294
   10169       0.7601
   10170       0.5979
   10171       0.6033
   10172       0.6025
   10173       0.6265
   10174       0.6912
   10175       0.6072
   10176       0.6855
   10177       0.6782
   10178       0.7907
   10179       0.7811
   10180       0.6624
   10181       0.6732
   10182       0.6840
   10183       0.8239
   10184       0.7365
   10185       0.6842
   10186       0.7005
   10187       0.7712
   10188       0.7976
   10189       0.7483
   10190       0.6098
   10191       0.5737
   10192       0.6213
   10193       0.7351
   10194       0.6129
   10195       0.6639
   10196       0.7236
   10197       0.6086
   10198       0.6073
   10199       0.6701
   10200       0.7180
   10201       0.6479
   10202       0.6058
   10203       0.6117
   10204       0.6431
   10205       0.5449
   10206       0.7450
   10207       0.7330
   10208       0.6279
   10209       0.6625
   10210       0.6260
   10211       0.6379
   10212       0.6002
   10213       0.6028
   10214       0.6184
   10215       0.6336
   10216       0.6593
   10217       0.6331
   10218       0.6833
   10219       0.6222
   10220       0.6466
   10221       0.7525
   10222       0.6693
   10223       0.7124
   10224       0.7003
   10225       0.7519
   10226       0.7722
   10227       0.6736
   10228       0.5943
   10229       0.6393
   10230       0.6426
   10231       0.5937
   10232       0.7717
   10233       0.7241
   10234       0.6832
   10235       0.5535
   10236       0.6033
   10237       0.6469
   10238       0.6278
   10239       0.5760
   10240       0.6879
   10241       0.6914
   10242       0.6978
   10243       0.6755
   10244       0.6333
   10245       0.6481
   10246       0.5728
   10247       0.5884
   10248       0.5940
   10249       0.7273
   10250       0.7459
   10251       0.7489
   10252       0.6147
   10253       0.6734
   10254       0.6809
   10255       0.6816
   10256       0.6409
   10257       0.6789
   10258       0.6183
   10259       0.7349
   10260       0.7013
   10261       0.6146
   10262       0.6642
   10263       0.6071
   10264       0.7456
   10265       0.7082
   10266       0.6954
   10267       0.6291
   10268       0.7065
   10269       0.6795
   10270       0.7361
   10271       0.7555
   10272       0.6017
   10273       0.6472
   10274       0.7498
   10275       0.7122
   10276       0.7444
   10277       0.7291
   10278       0.6652
   10279       0.6765
   10280       0.6469
   10281       0.6474
   10282       0.6593
   10283       0.5545
   10284       0.6634
   10285       0.6423
   10286       0.6587
   10287       0.6020
   10288       0.5933
   10289       0.6566
   10290       0.7226
   10291       0.7206
   10292       0.6287
   10293       0.7276
   10294       0.6938
   10295       0.7106
   10296       0.6973
   10297       0.7090
   10298       0.6988
   10299       0.6640
   10300       0.7553
   10301       0.7536
   10302       0.7417
   10303       0.7158
   10304       0.6377
   10305       0.7130
   10306       0.6682
   10307       0.7255
   10308       0.7059
   10309       0.5456
   10310       0.6077
   10311       0.6364
   10312       0.6277
   10313       0.6882
   10314       0.6710
   10315       0.6189
   10316       0.7112
   10317       0.6640
   10318       0.5963
   10319       0.6227
   10320       0.5769
   10321       0.6878
   10322       0.6337
   10323       0.6969
   10324       0.7284
   10325       0.7205
   10326       0.7085
   10327       0.6836
   10328       0.7379
   10329       0.6850
   10330       0.7408
   10331       0.7381
   10332       0.7077
   10333       0.6040
   10334       0.6102
   10335       0.7056
   10336       0.6028
   10337       0.7222
   10338       0.6891
   10339       0.7231
   10340       0.5790
   10341       0.5706
   10342       0.6358
   10343       0.6571
   10344       0.5988
   10345       0.6269
   10346       0.6930
   10347       0.6284
   10348       0.7240
   10349       0.6507
   10350       0.6302
   10351       0.6587
   10352       0.6794
   10353       0.7410
   10354       0.6545
   10355       0.6605
   10356       0.6851
   10357       0.7185
   10358       0.6450
   10359       0.6561
   10360       0.6267
   10361       0.6393
   10362       0.7095
   10363       0.6090
   10364       0.6047
   10365       0.6145
   10366       0.6117
   10367       0.6164
   10368       0.5747
   10369       0.6077
   10370       0.6028
   10371       0.5459
   10372       0.6726
   10373       0.5440
   10374       0.6226
   10375       0.5534
   10376       0.6525
   10377       0.5755
   10378       0.4500
   10379       0.5092
   10380       0.5736
   10381       0.5649
   10382       0.6187
   10383       0.6354
   10384       0.6276
   10385       0.6623
   10386       0.7340
   10387       0.7765
   10388       0.6286
   10389       0.6494
   10390       0.6601
   10391       0.6125
   10392       0.6544
   10393       0.5647
   10394       0.6143
   10395       0.7491
   10396       0.6845
   10397       0.6729
   10398       0.6071
   10399       0.5990
   10400       0.6196
   10401       0.6744
   10402       0.6791
   10403       0.6478
   10404       0.7588
   10405       0.6760
   10406       0.6064
   10407       0.6870
   10408       0.5883
   10409       0.6712
   10410       0.6518
   10411       0.6451
   10412       0.6920
   10413       0.6466
   10414       0.5326
   10415       0.5955
   10416       0.7273
   10417       0.6233
   10418       0.6633
   10419       0.6956
   10420       0.6752
   10421       0.7111
   10422       0.7280
   10423       0.6622
   10424       0.6791
   10425       0.7764
   10426       0.6271
   10427       0.6013
   10428       0.7136
   10429       0.6814
   10430       0.6127
   10431       0.5789
   10432       0.6396
   10433       0.7155
   10434       0.6362
   10435       0.5970
   10436       0.7147
   10437       0.7433
   10438       0.7160
   10439       0.7382
   10440       0.5305
   10441       0.6025
   10442       0.5804
   10443       0.6280
   10444       0.6094
   10445       0.6334
   10446       0.5357
   10447       0.5996
   10448       0.6517
   10449       0.5765
   10450       0.7604
   10451       0.8897
   10452       0.8654
   10453       0.9139
   10454       0.7707
   10455       0.6913
   10456       0.7618
   10457       0.6775
   10458       0.7029
   10459       0.7991
   10460       0.6249
   10461       0.6017
   10462       0.6899
   10463       0.7354
   10464       0.6472
   10465       0.6252
   10466       0.7056
   10467       0.6121
   10468       0.6679
   10469       0.6603
   10470       0.7245
   10471       0.6413
   10472       0.7659
   10473       0.6917
   10474       0.6482
   10475       0.6302
   10476       0.6860
   10477       0.6369
   10478       0.7402
   10479       0.6636
   10480       0.6468
   10481       0.5726
   10482       0.6102
   10483       0.5078
   10484       0.5837
   10485       0.5449
   10486       0.6766
   10487       0.6603
   10488       0.7067
   10489       0.6603
   10490       0.6750
   10491       0.6178
   10492       0.6989
   10493       0.6896
   10494       0.6788
   10495       0.5986
   10496       0.6281
   10497       0.6046
   10498       0.6209
   10499       0.5918
   10500       0.6021
   10501       0.5789
   10502       0.7823
   10503       0.7197
   10504       0.6769
   10505       0.6570
   10506       0.7706
   10507       0.7206
   10508       0.7986
   10509       0.6804
   10510       0.6435
   10511       0.6121
   10512       0.6477
   10513       0.7140
   10514       0.5844
   10515       0.6605
   10516       0.6171
   10517       0.5511
   10518       0.5539
   10519       0.7466
   10520       0.7040
   10521       0.7616
   10522       0.6183
   10523       0.6735
   10524       0.6384
   10525       0.6254
   10526       0.5658
   10527       0.6149
   10528       0.5653
   10529       0.5457
   10530       0.5143
   10531       0.6437
   10532       0.5787
   10533       0.6052
   10534       0.5768
   10535       0.7352
   10536       0.6349
   10537       0.6689
   10538       0.6972
   10539       0.6242
   10540       0.6609
   10541       0.5327
   10542       0.7549
   10543       0.6690
   10544       0.6309
   10545       0.6555
   10546       0.6331
   10547       0.5794
   10548       0.5490
   10549       0.5601
   10550       0.5232
   10551       0.6989
   10552       0.5911
   10553       0.5616
   10554       0.7284
   10555       0.7268
   10556       0.6560
   10557       0.6589
   10558       0.6209
   10559       0.6641
   10560       0.6251
   10561       0.6046
   10562       0.6883
   10563       0.6244
   10564       0.5679
   10565       0.6772
   10566       0.7421
   10567       0.5914
   10568       0.6499
   10569       0.6536
   10570       0.6452
   10571       0.6783
   10572       0.6274
   10573       0.4950
   10574       0.5231
   10575       0.6266
   10576       0.5553
   10577       0.5449
   10578       0.5526
   10579       0.6802
   10580       0.6373
   10581       0.6118
   10582       0.6122
   10583       0.6625
   10584       0.6483
   10585       0.6548
   10586       0.8409
   10587       0.6488
   10588       0.5640
   10589       0.6104
   10590       0.7125
   10591       0.5829
   10592       0.5782
   10593       0.5832
   10594       0.7006
   10595       0.6337
   10596       0.6776
   10597       0.6519
   10598       0.6422
   10599       0.6327
   10600       0.6236
   10601       0.6795
   10602       0.6115
   10603       0.7247
   10604       0.7214
   10605       0.8225
   10606       0.8969
   10607       0.8066
   10608       0.7446
   10609       0.7927
   10610       0.7315
   10611       0.9685
   10612       0.8773
   10613       1.0502
   10614       0.8800
   10615       0.9158
   10616       0.8195
   10617       0.9306
   10618       0.9304
   10619       1.1409
   10620       0.9803
   10621       1.0406
   10622       1.0160
   10623       0.9375
   10624       0.9911
   10625       1.0674
   10626       1.1005
   10627       1.1211
   10628       0.9117
   10629       1.0103
   10630       0.8057
   10631       0.8382
   10632       0.9502
   10633       0.9525
   10634       1.0158
   10635       0.9498
   10636       1.1611
   10637       1.0967
   10638       0.9145
   10639       0.9029
   10640       0.8219
   10641       1.0128
   10642       0.8277
   10643       0.8135
   10644       0.8892
   10645       1.0680
   10646       0.9999
   10647       0.8897
   10648       0.7461
   10649       0.8754
   10650       0.8116
   10651       0.6973
   10652       0.6884
   10653       0.6236
   10654       0.7432
   10655       0.7507
   10656       0.6789
   10657       0.6320
   10658       0.7287
   10659       0.7510
   10660       0.8843
   10661       0.9004
   10662       0.7386
   10663       0.7299
   10664       0.7093
   10665       0.8173
   10666       0.8767
   10667       0.6867
   10668       0.8799
   10669       0.8846
   10670       0.7665
   10671       0.8872
   10672       0.8159
   10673       0.8350
   10674       0.9084
   10675       0.7794
   10676       0.9232
   10677       0.9855
   10678       0.9305
   10679       0.9552
   10680       1.0081
   10681       0.9580
   10682       0.8683
   10683       0.7708
   10684       0.5402
   10685       0.6758
   10686       0.5543
   10687       0.7498
   10688       0.6638
   10689       0.6385
   10690       0.5980
   10691       0.6583
   10692       0.6096
   10693       0.6370
   10694       0.6563
   10695       0.8709
   10696       0.6006
   10697       0.7269
   10698       0.7516
   10699       0.7042
   10700       0.7474
   10701       0.7831
   10702       0.6869
   10703       0.5610
   10704       0.6575
   10705       0.6061
   10706       0.5839
   10707       0.6486
   10708       0.6032
   10709       0.6683
   10710       0.6530
   10711       0.6755
   10712       0.6619
   10713       0.6635
   10714       0.7416
   10715       0.6313
   10716       0.6229
   10717       0.5788
   10718       0.6284
   10719       0.6143
   10720       0.5321
   10721       0.6343
   10722       0.5198
   10723       0.6863
   10724       0.6889
   10725       0.6046
   10726       0.5404
   10727       0.5949
   10728       0.6755
   10729       0.6835
   10730       0.7590
   10731       0.6539
   10732       0.5842
   10733       0.6942
   10734       0.6143
   10735       0.7821
   10736       0.6376
   10737       0.6049
   10738       0.6342
   10739       0.5438
   10740       0.6399
   10741       0.6216
   10742       0.6325
   10743       0.6641
   10744       0.7130
   10745       0.7052
   10746       0.6782
   10747       0.6613
   10748       0.6930
   10749       0.6244
   10750       0.5255
   10751       0.6444
   10752       0.6422
   10753       0.6595
   10754       0.6287
   10755       0.6256
   10756       0.5888
   10757       0.6138
   10758       0.6451
   10759       0.7317
   10760       0.5933
   10761       0.6015
   10762       0.6143
   10763       0.7079
   10764       0.7025
   10765       0.6746
   10766       0.6988
   10767       0.5717
   10768       0.6659
   10769       0.6404
   10770       0.6873
   10771       0.6535
   10772       0.6720
   10773       0.6136
   10774       0.5583
   10775       0.6008
   10776       0.6660
   10777       0.6388
   10778       0.6783
   10779       0.6635
   10780       0.6265
   10781       0.6126
   10782       0.5291
   10783       0.4970
   10784       0.4974
   10785       0.5284
   10786       0.6133
   10787       0.6533
   10788       0.6960
   10789       0.6271
   10790       0.6291
   10791       0.5711
   10792       0.6862
   10793       0.5212
   10794       0.5685
   10795       0.5787
   10796       0.5909
   10797       0.5914
   10798       0.6245
   10799       0.5626
   10800       0.6161
   10801       0.6029
   10802       0.6117
   10803       0.6182
   10804       0.5765
   10805       0.6352
   10806       0.6305
   10807       0.6819
   10808       0.6831
   10809       0.6128
   10810       0.6089
   10811       0.6209
   10812       0.6637
   10813       0.5670
   10814       0.6117
   10815       0.6518
   10816       0.6477
   10817       0.6248
   10818       0.5442
   10819       0.5901
   10820       0.6078
   10821       0.5045
   10822       0.5805
   10823       0.5294
   10824       0.5762
   10825       0.6669
   10826       0.6910
   10827       0.5643
   10828       0.6183
   10829       0.5661
   10830       0.6327
   10831       0.5810
   10832       0.7072
   10833       0.5615
   10834       0.5527
   10835       0.6225
   10836       0.6851
   10837       0.6139
   10838       0.6161
   10839       0.5770
   10840       0.7338
   10841       0.5520
   10842       0.6225
   10843       0.5288
   10844       0.5797
   10845       0.5704
   10846       0.6832
   10847       0.5980
   10848       0.5662
   10849       0.6008
   10850       0.5526
   10851       0.5438
   10852       0.6537
   10853       0.6476
   10854       0.7076
   10855       0.5881
   10856       0.6988
   10857       0.7199
   10858       0.6671
   10859       0.6636
   10860       0.6053
   10861       0.6627
   10862       0.7699
   10863       0.7229
   10864       0.7432
   10865       0.6730
   10866       0.7763
   10867       0.6951
   10868       0.7685
   10869       0.6482
   10870       0.6614
   10871       0.6285
   10872       0.5738
   10873       0.6024
   10874       0.6494
   10875       0.6398
   10876       0.7387
   10877       0.6197
   10878       0.6910
   10879       0.7614
   10880       0.7342
   10881       0.7191
   10882       0.7206
   10883       0.5780
   10884       0.6417
   10885       0.6680
   10886       0.6903
   10887       0.5987
   10888       0.6801
   10889       0.6086
   10890       0.6471
   10891       0.5706
   10892       0.6314
   10893       0.7183
   10894       0.6838
   10895       0.6791
   10896       0.6893
   10897       0.6285
   10898       0.6090
   10899       0.6315
   10900       0.6024
   10901       0.5746
   10902       0.5762
   10903       0.6510
   10904       0.6224
   10905       0.6560
   10906       0.5351
   10907       0.5924
   10908       0.6193
   10909       0.7276
   10910       0.7765
   10911       0.5821
   10912       0.7529
   10913       0.6284
   10914       0.6358
   10915       0.6014
   10916       0.6897
   10917       0.7427
   10918       0.6686
   10919       0.6935
   10920       0.7427
   10921       0.7354
   10922       0.6140
   10923       0.6447
   10924       0.6410
   10925       0.6298
   10926       0.6825
   10927       0.6195
   10928       0.5823
   10929       0.6614
   10930       0.7528
   10931       0.6430
   10932       0.6159
   10933       0.6508
   10934       0.6437
   10935       0.6397
   10936       0.7034
   10937       0.7175
   10938       0.7953
   10939       0.6967
   10940       0.7078
   10941       0.7555
   10942       0.7013
   10943       0.8003
   10944       0.7909
   10945       0.7365
   10946       0.7138
   10947       0.8752
   10948       0.9135
   10949       0.7594
   10950       0.7657
   10951       0.7138
   10952       0.7063
   10953       0.7414
   10954       0.6180
   10955       0.6504
   10956       0.6934
   10957       0.5794
   10958       0.6652
   10959       0.6460
   10960       0.6402
   10961       0.6405
   10962       0.7462
   10963       0.6263
   10964       0.7734
   10965       0.7646
   10966       0.7951
   10967       0.7223
   10968       0.6876
   10969       0.6491
   10970       0.6219
   10971       0.6155
   10972       0.7274
   10973       0.6617
   10974       0.5858
   10975       0.6092
   10976       0.5822
   10977       0.6373
   10978       0.5787
   10979       0.7032
   10980       0.7696
   10981       0.6369
   10982       0.6453
   10983       0.6698
   10984       0.6771
   10985       0.5983
   10986       0.6460
   10987       0.6043
   10988       0.6313
   10989       0.6705
   10990       0.6015
   10991       0.6381
   10992       0.6535
   10993       0.6858
   10994       0.6382
   10995       0.6807
   10996       0.7084
   10997       0.5828
   10998       0.6656
   10999       0.6320
   11000       0.6107
   11001       0.5717
   11002       0.6337
   11003       0.5713
   11004       0.6210
   11005       0.7198
   11006       0.6053
   11007       0.6050
   11008       0.6539
   11009       0.6414
   11010       0.7010
   11011       0.6355
   11012       0.6181
   11013       0.6704
   11014       0.6829
   11015       0.6210
   11016       0.5903
   11017       0.6843
   11018       0.6655
   11019       0.6023
   11020       0.6731
   11021       0.8248
   11022       0.7064
   11023       0.7560
   11024       0.6550
   11025       0.6271
   11026       0.6619
   11027       0.6225
   11028       0.5549
   11029       0.6483
   11030       0.7452
   11031       0.5915
   11032       0.6670
   11033       0.7191
   11034       0.6914
   11035       0.5684
   11036       0.5554
   11037       0.6071
   11038       0.7038
   11039       0.6134
   11040       0.7822
   11041       0.7280
   11042       0.6273
   11043       0.6965
   11044       0.6794
   11045       0.8022
   11046       0.7345
   11047       0.6903
   11048       0.7185
   11049       0.8195
   11050       0.6063
   11051       0.6525
   11052       0.6356
   11053       0.6818
   11054       0.5772
   11055       0.6598
   11056       0.5754
   11057       0.6507
   11058       0.7330
   11059       0.6251
   11060       0.6308
   11061       0.6779
   11062       0.7706
   11063       0.6365
   11064       0.5377
   11065       0.6076
   11066       0.5602
   11067       0.6721
   11068       0.6947
   11069       0.5089
   11070       0.6334
   11071       0.6589
   11072       0.5907
   11073       0.5616
   11074       0.5495
   11075       0.6791
   11076       0.7051
   11077       0.7661
   11078       0.7249
   11079       0.6836
   11080       0.6890
   11081       0.5890
   11082       0.6601
   11083       0.6471
   11084       0.6738
   11085       0.6377
   11086       0.5813
   11087       0.6132
   11088       0.6864
   11089       0.7003
   11090       0.7856
   11091       0.5999
   11092       0.6294
   11093       0.6902
   11094       0.6241
   11095       0.6763
   11096       0.6337
   11097       0.6458
   11098       0.7243
   11099       0.6977
   11100       0.6875
   11101       0.5727
   11102       0.6523
   11103       0.6023
   11104       0.6477
   11105       0.6786
   11106       0.5149
   11107       0.7215
   11108       0.6413
   11109       0.6203
   11110       0.7375
   11111       0.6091
   11112       0.7026
   11113       0.6768
   11114       0.6121
   11115       0.6617
   11116       0.6808
   11117       0.5717
   11118       0.5966
   11119       0.6085
   11120       0.6869
   11121       0.7004
   11122       0.6536
   11123       0.7437
   11124       0.6929
   11125       0.6604
   11126       0.6703
   11127       0.7039
   11128       0.6848
   11129       0.6277
   11130       0.6613
   11131       0.7107
   11132       0.5949
   11133       0.8509
   11134       0.6173
   11135       0.6035
   11136       0.6117
   11137       0.6157
   11138       0.6215
   11139       0.6074
   11140       0.6666
   11141       0.6927
   11142       0.5686
   11143       0.6163
   11144       0.5132
   11145       0.6697
   11146       0.5894
   11147       0.5299
   11148       0.6310
   11149       0.5919
   11150       0.5730
   11151       0.6563
   11152       0.6310
   11153       0.6120
   11154       0.7413
   11155       0.6518
   11156       0.6214
   11157       0.5913
   11158       0.6206
   11159       0.5573
   11160       0.6908
   11161       0.6134
   11162       0.6249
   11163       0.7606
   11164       0.6197
   11165       0.6518
   11166       0.5874
   11167       0.5780
   11168       0.7574
   11169       0.5937
   11170       0.6025
   11171       0.6344
   11172       0.5736
   11173       0.7700
   11174       0.6470
   11175       0.7616
   11176       0.6220
   11177       0.6539
   11178       0.6232
   11179       0.6547
   11180       0.5867
   11181       0.7068
   11182       0.7253
   11183       0.5550
   11184       0.6001
   11185       0.5258
   11186       0.6406
   11187       0.6096
   11188       0.6082
   11189       0.6898
   11190       0.5980
   11191       0.5001
   11192       0.5964
   11193       0.6980
   11194       0.5966
   11195       0.6562
   11196       0.6882
   11197       0.6242
   11198       0.5913
   11199       0.5846
   11200       0.6685
   11201       0.6358
   11202       0.7318
   11203       0.5865
   11204       0.5862
   11205       0.6585
   11206       0.7216
   11207       0.7164
   11208       0.7313
   11209       0.5950
   11210       0.5663
   11211       0.5906
   11212       0.6412
   11213       0.6718
   11214       0.8014
   11215       0.6960
   11216       0.7040
   11217       0.7468
   11218       0.6315
   11219       0.6314
   11220       0.6234
   11221       0.5950
   11222       0.6462
   11223       0.6831
   11224       0.6776
   11225       0.6502
   11226       0.7030
   11227       0.6706
   11228       0.6367
   11229       0.7262
   11230       0.6335
   11231       0.6796
   11232       0.6045
   11233       0.6219
   11234       0.6623
   11235       0.6766
   11236       0.6792
   11237       0.5795
   11238       0.4864
   11239       0.5436
   11240       0.5856
   11241       0.6007
   11242       0.5701
   11243       0.5555
   11244       0.4879
   11245       0.5244
   11246       0.6616
   11247       0.5848
   11248       0.4837
   11249       0.5406
   11250       0.6343
   11251       0.5624
   11252       0.6664
   11253       0.5692
   11254       0.7762
   11255       0.5243
   11256       0.6040
   11257       0.5889
   11258       0.5640
   11259       0.6624
   11260       0.6487
   11261       0.5334
   11262       0.6748
   11263       0.6570
   11264       0.6263
   11265       0.5988
   11266       0.6863
   11267       0.7472
   11268       0.6139
   11269       0.5974
   11270       0.7010
   11271       0.5942
   11272       0.5986
   11273       0.5975
   11274       0.6694
   11275       0.6605
   11276       0.5469
   11277       0.5714
   11278       0.5869
   11279       0.5668
   11280       0.5790
   11281       0.5774
   11282       0.5623
   11283       0.5230
   11284       0.5956
   11285       0.5962
   11286       0.5486
   11287       0.5821
   11288       0.5414
   11289       0.5471
   11290       0.5557
   11291       0.4807
   11292       0.6099
   11293       0.5534
   11294       0.5846
   11295       0.6007
   11296       0.5323
   11297       0.5593
   11298       0.5720
   11299       0.7089
   11300       0.5645
   11301       0.5946
   11302       0.5428
   11303       0.6408
   11304       0.6433
   11305       0.6290
   11306       0.6169
   11307       0.5762
   11308       0.6386
   11309       0.5175
   11310       0.5972
   11311       0.5758
   11312       0.5444
   11313       0.5739
   11314       0.6132
   11315       0.5566
   11316       0.6304
   11317       0.5976
   11318       0.6279
   11319       0.6337
   11320       0.6008
   11321       0.5648
   11322       0.7269
   11323       0.6015
   11324       0.6040
   11325       0.6314
   11326       0.6661
   11327       0.5211
   11328       0.6419
   11329       0.6669
   11330       0.6959
   11331       0.6191
   11332       0.5802
   11333       0.5845
   11334       0.7329
   11335       0.5765
   11336       0.5263
   11337       0.5787
   11338       0.5837
   11339       0.5346
   11340       0.6644
   11341       0.6800
   11342       0.5892
   11343       0.6748
   11344       0.6107
   11345       0.5663
   11346       0.6863
   11347       0.6821
   11348       0.5333
   11349       0.5339
   11350       0.5312
   11351       0.5987
   11352       0.7489
   11353       0.6957
   11354       0.6396
   11355       0.6409
   11356       0.5773
   11357       0.5662
   11358       0.6506
   11359       0.5898
   11360       0.5706
   11361       0.5974
   11362       0.5680
   11363       0.6588
   11364       0.6644
   11365       0.6035
   11366       0.5694
   11367       0.6318
   11368       0.6700
   11369       0.5707
   11370       0.5649
   11371       0.6029
   11372       0.6568
   11373       0.5821
   11374       0.5354
   11375       0.5986
   11376       0.5988
   11377       0.5083
   11378       0.4762
   11379       0.6528
   11380       0.5959
   11381       0.5111
   11382       0.5784
   11383       0.4933
   11384       0.6643
   11385       0.5831
   11386       0.5748
   11387       0.5814
   11388       0.6139
   11389       0.6001
   11390       0.5472
   11391       0.7192
   11392       0.5594
   11393       0.5526
   11394       0.5262
   11395       0.5623
   11396       0.5758
   11397       0.6503
   11398       0.5438
   11399       0.5398
   11400       0.5829
   11401       0.5836
   11402       0.5268
   11403       0.4955
   11404       0.5946
   11405       0.4793
   11406       0.6009
   11407       0.5245
   11408       0.6305
   11409       0.5396
   11410       0.5911
   11411       0.5352
   11412       0.6753
   11413       0.5859
   11414       0.5827
   11415       0.6536
   11416       0.5145
   11417       0.6756
   11418       0.6120
   11419       0.5203
   11420       0.5933
   11421       0.4905
   11422       0.4893
   11423       0.4869
   11424       0.5427
   11425       0.6080
   11426       0.5493
   11427       0.6501
   11428       0.5925
   11429       0.6000
   11430       0.6454
   11431       0.6747
   11432       0.6058
   11433       0.6121
   11434       0.6961
   11435       0.6062
   11436       0.5273
   11437       0.5758
   11438       0.6777
   11439       0.6649
   11440       0.4923
   11441       0.4925
   11442       0.6703
   11443       0.6049
   11444       0.6146
   11445       0.6850
   11446       0.6213
   11447       0.5560
   11448       0.5224
   11449       0.5432
   11450       0.6000
   11451       0.5334
   11452       0.5839
   11453       0.6785
   11454       0.7227
   11455       0.6637
   11456       0.4578
   11457       0.5491
   11458       0.5391
   11459       0.5319
   11460       0.6607
   11461       0.4799
   11462       0.6575
   11463       0.5806
   11464       0.5478
   11465       0.5731
   11466       0.6081
   11467       0.6201
   11468       0.5238
   11469       0.5880
   11470       0.5373
   11471       0.5734
   11472       0.5354
   11473       0.4972
   11474       0.6424
   11475       0.5175
   11476       0.4998
   11477       0.7074
   11478       0.4280
   11479       0.4895
   11480       0.6051
   11481       0.5416
   11482       0.5673
   11483       0.5226
   11484       0.6040
   11485       0.5794
   11486       0.5615
   11487       0.5307
   11488       0.5075
   11489       0.6057
   11490       0.4756
   11491       0.5694
   11492       0.5927
   11493       0.6490
   11494       0.5560
   11495       0.5626
   11496       0.5364
   11497       0.5939
   11498       0.4999
   11499       0.5477
   11500       0.5444
   11501       0.5793
   11502       0.5175
   11503       0.5137
   11504       0.5421
   11505       0.5616
   11506       0.6090
   11507       0.6725
   11508       0.5227
   11509       0.5504
   11510       0.5677
   11511       0.5182
   11512       0.5980
   11513       0.4922
   11514       0.6337
   11515       0.5929
   11516       0.6654
   11517       0.5434
   11518       0.5588
   11519       0.6128
   11520       0.4807
   11521       0.5388
   11522       0.5962
   11523       0.6817
   11524       0.5803
   11525       0.5428
   11526       0.5069
   11527       0.5933
   11528       0.6343
   11529       0.5202
   11530       0.5438
   11531       0.5225
   11532       0.5526
   11533       0.5393
   11534       0.5604
   11535       0.5645
   11536       0.5415
   11537       0.5704
   11538       0.6434
   11539       0.5356
   11540       0.5489
   11541       0.7520
   11542       0.6547
   11543       0.6696
   11544       0.5759
   11545       0.5857
   11546       0.6826
   11547       0.7894
   11548       0.8387
   11549       0.8115
   11550       0.8109
   11551       0.7506
   11552       0.7386
   11553       0.5619
   11554       0.6148
   11555       0.5612
   11556       0.5828
   11557       0.5813
   11558       0.6189
   11559       0.5744
   11560       0.5764
   11561       0.5817
   11562       0.6757
   11563       0.5504
   11564       0.6072
   11565       0.6318
   11566       0.5916
   11567       0.6878
   11568       0.5485
   11569       0.5785
   11570       0.4812
   11571       0.5569
   11572       0.5998
   11573       0.6542
   11574       0.5878
   11575       0.7013
   11576       0.7617
   11577       0.6108
   11578       0.5952
   11579       0.4908
   11580       0.6043
   11581       0.5266
   11582       0.7091
   11583       0.5357
   11584       0.7200
   11585       0.4996
   11586       0.4939
   11587       0.5482
   11588       0.4981
   11589       0.5412
   11590       0.6082
   11591       0.6020
   11592       0.5770
   11593       0.5120
   11594       0.5303
   11595       0.6317
   11596       0.5060
   11597       0.6045
   11598       0.6111
   11599       0.5765
   11600       0.5696
   11601       0.6411
   11602       0.6919
   11603       0.5658
   11604       0.5522
   11605       0.5384
   11606       0.6006
   11607       0.4757
   11608       0.5290
   11609       0.4786
   11610       0.5367
   11611       0.5193
   11612       0.6130
   11613       0.5553
   11614       0.5884
   11615       0.5989
   11616       0.5297
   11617       0.6099
   11618       0.6766
   11619       0.6435
   11620       0.5941
   11621       0.5963
   11622       0.5477
   11623       0.6125
   11624       0.5665
   11625       0.6432
   11626       0.5947
   11627       0.5621
   11628       0.7713
   11629       0.6366
   11630       0.5331
   11631       0.5883
   11632       0.6150
   11633       0.6255
   11634       0.5007
   11635       0.6000
   11636       0.6606
   11637       0.6414
   11638       0.5633
   11639       0.5917
   11640       0.5881
   11641       0.6045
   11642       0.6074
   11643       0.6393
   11644       0.5157
   11645       0.6318
   11646       0.5987
   11647       0.6065
   11648       0.6874
   11649       0.6351
   11650       0.6277
   11651       0.5953
   11652       0.5618
   11653       0.6000
   11654       0.6450
   11655       0.5978
   11656       0.5673
   11657       0.5426
   11658       0.5918
   11659       0.6545
   11660       0.6681
   11661       0.5368
   11662       0.5337
   11663       0.5531
   11664       0.6090
   11665       0.6225
   11666       0.6773
   11667       0.5434
   11668       0.5785
   11669       0.5603
   11670       0.5141
   11671       0.6149
   11672       0.5148
   11673       0.6668
   11674       0.5880
   11675       0.5516
   11676       0.5799
   11677       0.5518
   11678       0.7564
   11679       0.5681
   11680       0.7010
   11681       0.5734
   11682       0.6046
   11683       0.7351
   11684       0.6374
   11685       0.5141
   11686       0.5844
   11687       0.6601
   11688       0.6313
   11689       0.6880
   11690       0.6271
   11691       0.6495
   11692       0.6485
   11693       0.6122
   11694       0.6379
   11695       0.6062
   11696       0.6188
   11697       0.6356
   11698       0.7082
   11699       0.6503
   11700       0.5900
   11701       0.6815
   11702       0.6076
   11703       0.6107
   11704       0.6274
   11705       0.6003
   11706       0.5377
   11707       0.5692
   11708       0.6414
   11709       0.5040
   11710       0.6485
   11711       0.6189
   11712       0.5638
   11713       0.6489
   11714       0.6042
   11715       0.5184
   11716       0.6194
   11717       0.5206
   11718       0.5642
   11719       0.5879
   11720       0.6008
   11721       0.5308
   11722       0.6738
   11723       0.5799
   11724       0.5946
   11725       0.5514
   11726       0.5808
   11727       0.5947
   11728       0.5975
   11729       0.5594
   11730       0.5557
   11731       0.6052
   11732       0.6130
   11733       0.6033
   11734       0.5572
   11735       0.6257
   11736       0.5193
   11737       0.5313
   11738       0.5956
   11739       0.5782
   11740       0.5859
   11741       0.5739
   11742       0.5976
   11743       0.6572
   11744       0.7314
   11745       0.6971
   11746       0.5859
   11747       0.7054
   11748       0.6410
   11749       0.6149
   11750       0.6826
   11751       0.5716
   11752       0.5519
   11753       0.6144
   11754       0.6381
   11755       0.5739
   11756       0.5970
   11757       0.6435
   11758       0.5976
   11759       0.6777
   11760       0.5285
   11761       0.5482
   11762       0.6295
   11763       0.5400
   11764       0.7276
   11765       0.7039
   11766       0.5008
   11767       0.6029
   11768       0.6220
   11769       0.7392
   11770       0.6279
   11771       0.5761
   11772       0.6827
   11773       0.5467
   11774       0.5851
   11775       0.5097
   11776       0.6237
   11777       0.6534
   11778       0.6104
   11779       0.5930
   11780       0.5620
   11781       0.5370
   11782       0.5900
   11783       0.6570
   11784       0.6356
   11785       0.5025
   11786       0.5877
   11787       0.5932
   11788       0.6166
   11789       0.6052
   11790       0.5435
   11791       0.5990
   11792       0.5969
   11793       0.5908
   11794       0.5438
   11795       0.6018
   11796       0.7299
   11797       0.5410
   11798       0.5934
   11799       0.7085
   11800       0.7744
   11801       0.6578
   11802       0.6491
   11803       0.7372
   11804       0.6774
   11805       0.6455
   11806       0.6010
   11807       0.6279
   11808       0.5179
   11809       0.6988
   11810       0.7174
   11811       0.6646
   11812       0.6411
   11813       0.7208
   11814       0.6065
   11815       0.7100
   11816       0.6083
   11817       0.6078
   11818       0.6225
   11819       0.6064
   11820       0.5338
   11821       0.5272
   11822       0.6945
   11823       0.5730
   11824       0.5922
   11825       0.6910
   11826       0.6558
   11827       0.5289
   11828       0.6035
   11829       0.5018
   11830       0.5644
   11831       0.5415
   11832       0.5417
   11833       0.4593
   11834       0.5968
   11835       0.6015
   11836       0.5148
   11837       0.6076
   11838       0.6270
   11839       0.5527
   11840       0.5430
   11841       0.5096
   11842       0.5788
   11843       0.6551
   11844       0.5614
   11845       0.6298
   11846       0.6000
   11847       0.5965
   11848       0.5774
   11849       0.5983
   11850       0.5192
   11851       0.5985
   11852       0.5639
   11853       0.6215
   11854       0.5969
   11855       0.5447
   11856       0.5942
   11857       0.4880
   11858       0.5354
   11859       0.6472
   11860       0.5642
   11861       0.6710
   11862       0.5814
   11863       0.7175
   11864       0.8074
   11865       0.8888
   11866       1.0927
   11867       0.9517
   11868       0.8723
   11869       0.8082
   11870       0.8551
   11871       0.9225
   11872       0.9623
   11873       0.8051
   11874       0.7262
   11875       0.5950
   11876       0.6776
   11877       0.6651
   11878       0.5533
   11879       0.5176
   11880       0.5831
   11881       0.5631
   11882       0.5253
   11883       0.5278
   11884       0.5271
   11885       0.5769
   11886       0.5836
   11887       0.5971
   11888       0.6748
   11889       0.5634
   11890       0.5979
   11891       0.6222
   11892       0.6101
   11893       0.6176
   11894       0.5639
   11895       0.5951
   11896       0.4951
   11897       0.5275
   11898       0.6137
   11899       0.6013
   11900       0.5512
   11901       0.5917
   11902       0.7477
   11903       0.7041
   11904       0.8064
   11905       0.6622
   11906       0.6700
   11907       0.5893
   11908       0.6062
   11909       0.5301
   11910       0.5452
   11911       0.6215
   11912       0.6013
   11913       0.6598
   11914       0.5343
   11915       0.5390
   11916       0.6263
   11917       0.6551
   11918       0.4998
   11919       0.5046
   11920       0.5331
   11921       0.6020
   11922       0.5633
   11923       0.5580
   11924       0.5594
   11925       0.6398
   11926       0.5208
   11927       0.5053
   11928       0.5347
   11929       0.4789
   11930       0.5882
   11931       0.5559
   11932       0.6386
   11933       0.6988
   11934       0.8351
   11935       0.8466
   11936       0.8831
   11937       0.7111
   11938       0.6642
   11939       0.8728
   11940       0.6927
   11941       0.6660
   11942       0.7341
   11943       0.5925
   11944       0.6176
   11945       0.6568
   11946       0.5981
   11947       0.6055
   11948       0.6575
   11949       0.5860
   11950       0.6834
   11951       0.6635
   11952       0.5750
   11953       0.6348
   11954       0.6194
   11955       0.5793
   11956       0.6444
   11957       0.5759
   11958       0.5388
   11959       0.5379
   11960       0.6331
   11961       0.5890
   11962       0.6427
   11963       0.5767
   11964       0.7131
   11965       0.7802
   11966       0.6305
   11967       0.6983
   11968       0.7106
   11969       0.6611
   11970       0.6925
   11971       0.6463
   11972       0.5749
   11973       0.6827
   11974       0.6154
   11975       0.5972
   11976       0.6342
   11977       0.5803
   11978       0.7281
   11979       0.7140
   11980       0.7472
   11981       0.6597
   11982       0.7031
   11983       0.6146
   11984       0.6680
   11985       0.6060
   11986       0.6773
   11987       0.6271
   11988       0.5801
   11989       0.5377
   11990       0.7037
   11991       0.6951
   11992       0.7115
   11993       0.5899
   11994       0.5711
   11995       0.6373
   11996       0.5364
   11997       0.5227
   11998       0.5817
   11999       0.5875
   12000       0.7500
   12001       0.6152
   12002       0.5613
   12003       0.5541
   12004       0.6469
   12005       0.6008
   12006       0.5682
   12007       0.6212
   12008       0.6047
   12009       0.5597
   12010       0.6278
   12011       0.5578
   12012       0.6130
   12013       0.6739
   12014       0.5996
   12015       0.6241
   12016       0.5667
   12017       0.5893
   12018       0.6400
   12019       0.6329
   12020       0.7493
   12021       0.7136
   12022       0.7084
   12023       0.7007
   12024       0.6531
   12025       0.6870
   12026       0.6913
   12027       0.5892
   12028       0.5724
   12029       0.6640
   12030       0.6411
   12031       0.5855
   12032       0.6912
   12033       0.6128
   12034       0.6336
   12035       0.5868
   12036       0.7965
   12037       0.5943
   12038       0.6288
   12039       0.6073
   12040       0.6008
   12041       0.5987
   12042       0.5521
   12043       0.6080
   12044       0.7046
   12045       0.6587
   12046       0.7287
   12047       0.7333
   12048       0.7455
   12049       0.8120
   12050       0.8035
   12051       0.6609
   12052       0.6847
   12053       0.6568
   12054       0.8055
   12055       0.6766
   12056       0.7567
   12057       0.7385
   12058       0.6225
   12059       0.6986
   12060       0.6738
   12061       0.6491
   12062       0.6388
   12063       0.5145
   12064       0.6241
   12065       0.6860
   12066       0.8037
   12067       0.7070
   12068       0.7425
   12069       0.6946
   12070       0.7618
   12071       0.8276
   12072       0.6860
   12073       0.6256
   12074       0.6487
   12075       0.5784
   12076       0.6281
   12077       0.5716
   12078       0.5569
   12079       0.6330
   12080       0.5553
   12081       0.5682
   12082       0.6239
   12083       0.7403
   12084       0.5698
   12085       0.7113
   12086       0.6864
   12087       0.6418
   12088       0.6130
   12089       0.8261
   12090       0.6804
   12091       0.6461
   12092       0.7560
   12093       0.6339
   12094       0.6597
   12095       0.6682
   12096       0.6835
   12097       0.6320
   12098       0.6752
   12099       0.5937
   12100       0.7163
   12101       0.7417
   12102       0.7906
   12103       0.7148
   12104       0.7830
   12105       0.5715
   12106       0.7162
   12107       0.5814
   12108       0.6128
   12109       0.6489
   12110       0.5689
   12111       0.7388
   12112       0.5916
   12113       0.6197
   12114       0.7505
   12115       0.6367
   12116       0.6285
   12117       0.6643
   12118       0.7095
   12119       0.7187
   12120       0.6239
   12121       0.8066
   12122       0.6500
   12123       0.6461
   12124       0.6870
   12125       0.6725
   12126       0.6427
   12127       0.6541
   12128       0.7039
   12129       0.6532
   12130       0.5810
   12131       0.6847
   12132       0.5595
   12133       0.6385
   12134       0.6580
   12135       0.6807
   12136       0.5971
   12137       0.6885
   12138       0.6573
   12139       0.6787
   12140       0.6582
   12141       0.5023
   12142       0.7185
   12143       0.5834
   12144       0.5931
   12145       0.6632
   12146       0.6484
   12147       0.6302
   12148       0.6575
   12149       0.5610
   12150       0.5706
   12151       0.6675
   12152       0.5950
   12153       0.6268
   12154       0.7219
   12155       0.5932
   12156       0.6187
   12157       0.5714
   12158       0.6086
   12159       0.6286
   12160       0.6171
   12161       0.6466
   12162       0.7119
   12163       0.6828
   12164       0.6316
   12165       0.6120
   12166       0.7491
   12167       0.8101
   12168       0.7082
   12169       0.7123
   12170       0.6428
   12171       0.6353
   12172       0.5475
   12173       0.6455
   12174       0.6845
   12175       0.6976
   12176       0.6767
   12177       0.7471
   12178       0.6612
   12179       0.6025
   12180       0.7066
   12181       0.7049
   12182       0.6410
   12183       0.7925
   12184       0.6271
   12185       0.6759
   12186       0.7221
   12187       0.5880
   12188       0.5735
   12189       0.6225
   12190       0.6171
   12191       0.6034
   12192       0.6395
   12193       0.6614
   12194       0.6784
   12195       0.7139
   12196       0.6673
   12197       0.6859
   12198       0.9175
   12199       0.6970
   12200       0.7680
   12201       0.6518
   12202       0.7358
   12203       0.7030
   12204       0.6501
   12205       0.6308
   12206       0.6659
   12207       0.6761
   12208       0.6521
   12209       0.5579
   12210       0.6085
   12211       0.6020
   12212       0.5933
   12213       0.6680
   12214       0.6355
   12215       0.7064
   12216       0.6269
   12217       0.6130
   12218       0.5998
   12219       0.5785
   12220       0.5852
   12221       0.6352
   12222       0.5507
   12223       0.6350
   12224       0.6607
   12225       0.6043
   12226       0.6038
   12227       0.6384
   12228       0.6743
   12229       0.6992
   12230       0.6932
   12231       0.5524
   12232       0.6582
   12233       0.6804
   12234       0.7291
   12235       0.7014
   12236       0.6797
   12237       0.7142
   12238       0.7069
   12239       0.6749
   12240       0.6598
   12241       0.6984
   12242       0.7774
   12243       0.6742
   12244       0.6483
   12245       0.6431
   12246       0.7143
   12247       0.6914
   12248       0.7768
   12249       0.6677
   12250       0.6659
   12251       0.8258
   12252       0.7761
   12253       0.6779
   12254       0.8382
   12255       0.6443
   12256       0.7405
   12257       0.8029
   12258       0.7686
   12259       0.8281
   12260       0.7588
   12261       0.6998
   12262       0.7432
   12263       0.8406
   12264       0.7391
   12265       0.7759
   12266       0.7315
   12267       0.7658
   12268       0.7864
   12269       0.7646
   12270       0.8320
   12271       0.8222
   12272       0.8503
   12273       0.9065
   12274       0.8233
   12275       0.5916
   12276       0.6456
   12277       0.7147
   12278       0.7633
   12279       0.7289
   12280       0.7997
   12281       0.7714
   12282       0.7745
   12283       0.7163
   12284       0.7521
   12285       0.8420
   12286       0.8111
   12287       0.9793
   12288       0.8029
   12289       0.8476
   12290       0.8047
   12291       0.7982
   12292       0.7426
   12293       0.7959
   12294       0.7768
   12295       0.8755
   12296       0.8521
   12297       0.7490
   12298       0.7711
   12299       0.7691
   12300       0.7694
   12301       0.7743
   12302       0.7460
   12303       0.8167
   12304       0.7952
   12305       0.7615
   12306       0.8300
   12307       0.7900
   12308       0.7302
   12309       0.8466
   12310       0.7387
   12311       0.8213
   12312       0.7806
   12313       0.6970
   12314       0.7214
   12315       0.8281
   12316       0.9621
   12317       0.7575
   12318       0.8138
   12319       0.7688
   12320       0.8697
   12321       0.9018
   12322       0.8062
   12323       0.8971
   12324       0.8801
   12325       0.8753
   12326       0.8579
   12327       0.8386
   12328       0.9666
   12329       0.9390
   12330       0.7267
   12331       0.7049
   12332       0.8057
   12333       0.8127
   12334       0.8278
   12335       0.7994
   12336       0.7529
   12337       0.7916
   12338       0.7336
   12339       0.8041
   12340       0.6856
   12341       0.7120
   12342       0.8995
   12343       0.6881
   12344       0.7471
   12345       0.6877
   12346       0.6356
   12347       0.6885
   12348       0.7571
   12349       0.7364
   12350       0.8409
   12351       0.6876
   12352       0.7408
   12353       0.6793
   12354       0.6302
   12355       0.7084
   12356       0.6649
   12357       0.7130
   12358       0.6308
   12359       0.6443
   12360       0.6755
   12361       0.6643
   12362       0.7170
   12363       0.6847
   12364       0.7207
   12365       0.9000
   12366       0.8507
   12367       0.8667
   12368       0.8649
   12369       0.8633
   12370       0.8749
   12371       0.8233
   12372       0.8573
   12373       0.9033
   12374       0.7512
   12375       0.7462
   12376       0.8243
   12377       0.7739
   12378       0.8297
   12379       0.7185
   12380       0.6892
   12381       0.8210
   12382       0.8964
   12383       0.8385
   12384       0.7042
   12385       0.6763
   12386       0.7349
   12387       0.7984
   12388       0.8582
   12389       0.8147
   12390       0.7103
   12391       0.7550
   12392       0.7611
   12393       0.8299
   12394       0.7202
   12395       0.7186
   12396       0.8407
   12397       0.8009
   12398       0.7497
   12399       0.8032
   12400       0.7000
   12401       0.8062
   12402       0.8481
   12403       0.7847
   12404       0.7997
   12405       0.8650
   12406       0.6224
   12407       0.7158
   12408       0.7285
   12409       0.8042
   12410       0.7134
   12411       0.6949
   12412       0.6521
   12413       0.6299
   12414       0.7482
   12415       0.6963
   12416       0.6343
   12417       0.6690
   12418       0.5791
   12419       0.6302
   12420       0.6171
   12421       0.5577
   12422       0.5575
   12423       0.6390
   12424       0.6357
   12425       0.6771
   12426       0.6622
   12427       0.6600
   12428       0.6840
   12429       0.6319
   12430       0.6434
   12431       0.7386
   12432       0.5523
   12433       0.5708
   12434       0.6622
   12435       0.6144
   12436       0.6414
   12437       0.6054
   12438       0.6254
   12439       0.6238
   12440       0.6834
   12441       0.6057
   12442       0.6384
   12443       0.6202
   12444       0.5671
   12445       0.5294
   12446       0.6002
   12447       0.6214
   12448       0.5829
   12449       0.6567
   12450       0.6735
   12451       0.7036
   12452       0.5832
   12453       0.6259
   12454       0.6613
   12455       0.6431
   12456       0.6459
   12457       0.6621
   12458       0.6787
   12459       0.7055
   12460       0.6443
   12461       0.5830
   12462       0.6261
   12463       0.6422
   12464       0.6308
   12465       0.5284
   12466       0.5422
   12467       0.6184
   12468       0.5855
   12469       0.5795
   12470       0.6461
   12471       0.6163
   12472       0.6094
   12473       0.6732
   12474       0.6794
   12475       0.6132
   12476       0.6839
   12477       0.6973
   12478       0.7401
   12479       0.6920
   12480       0.6739
   12481       0.6504
   12482       0.7833
   12483       0.6607
   12484       0.6861
   12485       0.7691
   12486       0.9452
   12487       0.8204
   12488       0.8551
   12489       0.7232
   12490       0.6163
   12491       0.7889
   12492       0.6316
   12493       0.5142
   12494       0.5735
   12495       0.5896
   12496       0.7354
   12497       0.5797
   12498       0.6424
   12499       0.5965
   12500       0.6750
   12501       0.6429
   12502       0.6810
   12503       0.7894
   12504       0.5990
   12505       0.6119
   12506       0.6380
   12507       0.6400
   12508       0.6262
   12509       0.5128
   12510       0.6497
   12511       0.6500
   12512       0.5657
   12513       0.6391
   12514       0.6333
   12515       0.6667
   12516       0.6599
   12517       0.7294
   12518       0.6291
   12519       0.7018
   12520       0.6379
   12521       0.6925
   12522       0.6842
   12523       0.8286
   12524       0.6551
   12525       0.6788
   12526       0.7641
   12527       0.6231
   12528       0.6212
   12529       0.6429
   12530       0.6011
   12531       0.5870
   12532       0.6364
   12533       0.5535
   12534       0.6440
   12535       0.6121
   12536       0.6304
   12537       0.7050
   12538       0.7534
   12539       0.7203
   12540       0.6342
   12541       0.6679
   12542       0.7511
   12543       0.9999
   12544       0.7241
   12545       0.6741
   12546       0.6951
   12547       0.5656
   12548       0.7083
   12549       0.6518
   12550       0.6130
   12551       0.5714
   12552       0.6099
   12553       0.7403
   12554       0.6183
   12555       0.6280
   12556       0.6009
   12557       0.5341
   12558       0.6071
   12559       0.5099
   12560       0.5654
   12561       0.5813
   12562       0.5988
   12563       0.6790
   12564       0.5636
   12565       0.5036
   12566       0.5952
   12567       0.6163
   12568       0.5853
   12569       0.6511
   12570       0.6415
   12571       0.6742
   12572       0.6483
   12573       0.6108
   12574       0.6519
   12575       0.6438
   12576       0.6259
   12577       0.6648
   12578       0.6596
   12579       0.7327
   12580       0.6065
   12581       0.7727
   12582       0.8201
   12583       0.6288
   12584       0.7723
   12585       0.7964
   12586       0.7658
   12587       0.7365
   12588       0.8104
   12589       0.7065
   12590       0.7872
   12591       0.6398
   12592       0.6570
   12593       0.8356
   12594       0.7040
   12595       0.7629
   12596       0.8703
   12597       0.7456
   12598       0.7397
   12599       0.5968
   12600       0.6053
   12601       0.7135
   12602       0.8026
   12603       0.6607
   12604       0.6523
   12605       0.6923
   12606       0.6259
   12607       0.6535
   12608       0.7246
   12609       0.7077
   12610       0.6704
   12611       0.7290
   12612       0.7855
   12613       0.5954
   12614       0.6906
   12615       0.6553
   12616       0.8017
   12617       0.7801
   12618       0.6752
   12619       0.6808
   12620       0.7527
   12621       0.7675
   12622       0.7962
   12623       0.8608
   12624       0.7242
   12625       0.7041
   12626       0.6411
   12627       0.7035
   12628       0.7313
   12629       0.7485
   12630       0.7009
   12631       0.7396
   12632       0.6418
   12633       0.7480
   12634       0.6895
   12635       0.7848
   12636       0.8543
   12637       0.7495
   12638       0.7206
   12639       0.7405
   12640       0.7142
   12641       0.5935
   12642       0.6363
   12643       0.6584
   12644       0.6836
   12645       0.7162
   12646       0.7308
   12647       0.6750
   12648       0.6596
   12649       0.7164
   12650       0.7042
   12651       0.6683
   12652       0.7027
   12653       0.6909
   12654       0.6437
   12655       0.6202
   12656       0.7019
   12657       0.6830
   12658       0.7620
   12659       0.6430
   12660       0.6431
   12661       0.6714
   12662       0.6215
   12663       0.7073
   12664       0.6731
   12665       0.6355
   12666       0.6382
   12667       0.6830
   12668       0.5741
   12669       0.6820
   12670       0.5837
   12671       0.5766
   12672       0.6894
   12673       0.7669
   12674       0.8088
   12675       0.7943
   12676       0.7977
   12677       0.7348
   12678       0.7337
   12679       0.7780
   12680       0.7484
   12681       0.7471
   12682       0.7317
   12683       0.7120
   12684       0.7323
   12685       0.5912
   12686       0.7817
   12687       0.7159
   12688       0.7336
   12689       0.6298
   12690       0.7131
   12691       0.7309
   12692       0.7178
   12693       0.7939
   12694       0.6419
   12695       0.7126
   12696       0.7113
   12697       0.8126
   12698       0.6882
   12699       0.8431
   12700       0.9023
   12701       0.9464
   12702       0.9418
   12703       1.0999
   12704       1.0028
   12705       0.8061
   12706       1.0496
   12707       0.9545
   12708       0.8419
   12709       0.8492
   12710       0.8377
   12711       0.8768
   12712       0.9203
   12713       0.9094
   12714       0.8909
   12715       0.9338
   12716       0.8599
   12717       0.8928
   12718       0.8387
   12719       0.7857
   12720       0.8386
   12721       0.7269
   12722       0.6576
   12723       0.7994
   12724       0.6918
   12725       0.7473
   12726       0.7601
   12727       0.7741
   12728       0.6512
   12729       0.9181
   12730       0.8539
   12731       0.5765
   12732       0.8496
   12733       0.6763
   12734       0.7287
   12735       0.6709
   12736       0.5835
   12737       0.6832
   12738       0.6701
   12739       0.6226
   12740       0.6316
   12741       0.7563
   12742       0.6156
   12743       0.5907
   12744       0.7479
   12745       0.6554
   12746       0.6007
   12747       0.5768
   12748       0.5686
   12749       0.5962
   12750       0.6378
   12751       0.6094
   12752       0.5925
   12753       0.5555
   12754       0.6412
   12755       0.5698
   12756       0.6659
   12757       0.7949
   12758       0.6804
   12759       0.6511
   12760       0.6200
   12761       0.5757
   12762       0.6189
   12763       0.7382
   12764       0.6697
   12765       0.6338
   12766       0.5336
   12767       0.5702
   12768       0.6617
   12769       0.7378
   12770       0.7024
   12771       0.7175
   12772       0.7973
   12773       0.6617
   12774       0.5424
   12775       0.6207
   12776       0.4957
   12777       0.6771
   12778       0.6326
   12779       0.6000
   12780       0.7026
   12781       0.6757
   12782       0.6081
   12783       0.6337
   12784       0.6395
   12785       0.7640
   12786       0.7427
   12787       0.7218
   12788       0.6204
   12789       0.6454
   12790       0.7040
   12791       0.5788
   12792       0.6653
   12793       0.5677
   12794       0.8597
   12795       0.6430
   12796       0.7217
   12797       0.6561
   12798       0.8531
   12799       0.6297
   12800       0.6657
   12801       0.8056
   12802       0.7455
   12803       0.6519
   12804       0.6940
   12805       0.7580
   12806       0.7079
   12807       0.6311
   12808       0.7273
   12809       0.6251
   12810       0.6548
   12811       0.7195
   12812       0.7360
   12813       0.5669
   12814       0.5790
   12815       0.6560
   12816       0.7154
   12817       0.7379
   12818       0.7178
   12819       0.8287
   12820       0.7167
   12821       0.7159
   12822       0.6797
   12823       0.6016
   12824       0.6200
   12825       0.5809
   12826       0.6878
   12827       0.6128
   12828       0.6722
   12829       0.6368
   12830       0.6033
   12831       0.6208
   12832       0.5491
   12833       0.5914
   12834       0.5367
   12835       0.7293
   12836       0.6287
   12837       0.7290
   12838       0.6857
   12839       0.6323
   12840       0.6182
   12841       0.5663
   12842       0.5823
   12843       0.6152
   12844       0.5586
   12845       0.5320
   12846       0.5906
   12847       0.5806
   12848       0.5706
   12849       0.5978
   12850       0.5639
   12851       0.5749
   12852       0.5767
   12853       0.6517
   12854       0.6037
   12855       0.6259
   12856       0.6043
   12857       0.6571
   12858       0.5652
   12859       0.6862
   12860       0.6787
   12861       0.6889
   12862       0.7411
   12863       0.7095
   12864       0.5727
   12865       0.7136
   12866       0.6532
   12867       0.6707
   12868       0.6510
   12869       0.6712
   12870       0.6359
   12871       0.7491
   12872       0.6925
   12873       0.7508
   12874       0.6633
   12875       0.5644
   12876       0.6173
   12877       0.6840
   12878       0.6064
   12879       0.5609
   12880       0.6087
   12881       0.5198
   12882       0.5499
   12883       0.6576
   12884       0.5643
   12885       0.6619
   12886       0.5965
   12887       0.6872
   12888       0.7167
   12889       0.6069
   12890       0.6327
   12891       0.6107
   12892       0.6593
   12893       0.6129
   12894       0.7020
   12895       0.6003
   12896       0.5698
   12897       0.6863
   12898       0.7000
   12899       0.5792
   12900       0.6508
   12901       0.5833
   12902       0.5149
   12903       0.6707
   12904       0.6343
   12905       0.6119
   12906       0.6268
   12907       0.6535
   12908       0.7222
   12909       0.6371
   12910       0.6612
   12911       0.6931
   12912       0.6255
   12913       0.7669
   12914       0.6766
   12915       0.5846
   12916       0.5396
   12917       0.5760
   12918       0.6245
   12919       0.7168
   12920       0.6486
   12921       0.6811
   12922       0.7179
   12923       0.6805
   12924       0.6794
   12925       0.6713
   12926       0.5834
   12927       0.6320
   12928       0.5462
   12929       0.7154
   12930       0.6124
   12931       0.5420
   12932       0.5946
   12933       0.6096
   12934       0.6957
   12935       0.6612
   12936       0.5629
   12937       0.7031
   12938       0.5467
   12939       0.6521
   12940       0.6133
   12941       0.5452
   12942       0.5831
   12943       0.5891
   12944       0.5748
   12945       0.5134
   12946       0.6047
   12947       0.7788
   12948       0.6165
   12949       0.6480
   12950       0.5828
   12951       0.6355
   12952       0.7090
   12953       0.6752
   12954       0.6568
   12955       0.5859
   12956       0.5563
   12957       0.5438
   12958       0.5986
   12959       0.6002
   12960       0.6237
   12961       0.6490
   12962       0.6154
   12963       0.6013
   12964       0.6664
   12965       0.5713
   12966       0.6133
   12967       0.5497
   12968       0.6582
   12969       0.6526
   12970       0.7381
   12971       0.6944
   12972       0.5717
   12973       0.6883
   12974       0.6213
   12975       0.5353
   12976       0.4456
   12977       0.5624
   12978       0.6137
   12979       0.5921
   12980       0.5341
   12981       0.7326
   12982       0.6126
   12983       0.5959
   12984       0.5891
   12985       0.5994
   12986       0.5182
   12987       0.6571
   12988       0.5914
   12989       0.5379
   12990       0.6668
   12991       0.6536
   12992       0.5744
   12993       0.5411
   12994       0.5934
   12995       0.5312
   12996       0.5574
   12997       0.5837
   12998       0.6266
   12999       0.5472
   13000       0.6008
   13001       0.5823
   13002       0.5389
   13003       0.5201
   13004       0.5867
   13005       0.7424
   13006       0.6207
   13007       0.6824
   13008       0.6342
   13009       0.7449
   13010       0.6045
   13011       0.6559
   13012       0.6539
   13013       0.6493
   13014       0.6389
   13015       0.6422
   13016       0.6476
   13017       0.5990
   13018       0.5827
   13019       0.5976
   13020       0.5644
   13021       0.6062
   13022       0.6224
   13023       0.6358
   13024       0.6552
   13025       0.7286
   13026       0.6674
   13027       0.6149
   13028       0.5581
   13029       0.6515
   13030       0.6473
   13031       0.6034
   13032       0.6702
   13033       0.6199
   13034       0.6124
   13035       0.6569
   13036       0.7366
   13037       0.4684
   13038       0.5924
   13039       0.6767
   13040       0.7300
   13041       0.6846
   13042       0.5421
   13043       0.5841
   13044       0.5988
   13045       0.7005
   13046       0.5056
   13047       0.5021
   13048       0.5326
   13049       0.5033
   13050       0.6238
   13051       0.5138
   13052       0.5988
   13053       0.5198
   13054       0.5351
   13055       0.6349
   13056       0.5547
   13057       0.7055
   13058       0.6611
   13059       0.6829
   13060       0.5872
   13061       0.6251
   13062       0.6762
   13063       0.6045
   13064       0.6617
   13065       0.6831
   13066       0.7251
   13067       0.6986
   13068       0.6305
   13069       0.6791
   13070       0.7373
   13071       0.6427
   13072       0.6693
   13073       0.7377
   13074       0.6464
   13075       0.6041
   13076       0.6640
   13077       0.6561
   13078       0.6050
   13079       0.5909
   13080       0.6970
   13081       0.5864
   13082       0.6452
   13083       0.7319
   13084       0.7110
   13085       0.6876
   13086       0.8207
   13087       0.6274
   13088       0.5465
   13089       0.6518
   13090       0.6420
   13091       0.6767
   13092       0.5571
   13093       0.6423
   13094       0.6296
   13095       0.5426
   13096       0.5832
   13097       0.6788
   13098       0.6238
   13099       0.5620
   13100       0.6271
   13101       0.5910
   13102       0.6467
   13103       0.6883
   13104       0.5504
   13105       0.5676
   13106       0.6671
   13107       0.6007
   13108       0.5834
   13109       0.5833
   13110       0.5869
   13111       0.5586
   13112       0.5415
   13113       0.5571
   13114       0.5720
   13115       0.5233
   13116       0.6991
   13117       0.5871
   13118       0.6039
   13119       0.6538
   13120       0.5650
   13121       0.5301
   13122       0.6351
   13123       0.5544
   13124       0.5781
   13125       0.5968
   13126       0.5841
   13127       0.5900
   13128       0.5405
   13129       0.5752
   13130       0.6318
   13131       0.7150
   13132       0.5565
   13133       0.5167
   13134       0.6609
   13135       0.5536
   13136       0.5070
   13137       0.5651
   13138       0.5417
   13139       0.6151
   13140       0.5025
   13141       0.6521
   13142       0.6341
   13143       0.6324
   13144       0.5658
   13145       0.6546
   13146       0.6101
   13147       0.6061
   13148       0.5809
   13149       0.5531
   13150       0.6888
   13151       0.5314
   13152       0.7143
   13153       0.6088
   13154       0.5392
   13155       0.6550
   13156       0.6544
   13157       0.5757
   13158       0.5683
   13159       0.6147
   13160       0.6694
   13161       0.7276
   13162       0.5774
   13163       0.6129
   13164       0.5844
   13165       0.6111
   13166       0.6388
   13167       0.6596
   13168       0.6091
   13169       0.6356
   13170       0.5873
   13171       0.5644
   13172       0.7589
   13173       0.6544
   13174       0.6331
   13175       0.5708
   13176       0.6540
   13177       0.6802
   13178       0.5573
   13179       0.6519
   13180       0.5757
   13181       0.5716
   13182       0.5270
   13183       0.5441
   13184       0.5951
   13185       0.5826
   13186       0.6148
   13187       0.5003
   13188       0.5260
   13189       0.5176
   13190       0.5833
   13191       0.5784
   13192       0.6956
   13193       0.7540
   13194       0.5821
   13195       0.4932
   13196       0.5347
   13197       0.5917
   13198       0.6344
   13199       0.5496
   13200       0.6129
   13201       0.6414
   13202       0.5482
   13203       0.6370
   13204       0.6056
   13205       0.5377
   13206       0.6441
   13207       0.6297
   13208       0.6234
   13209       0.6117
   13210       0.7807
   13211       0.6302
   13212       0.6438
   13213       0.5052
   13214       0.6152
   13215       0.6559
   13216       0.5533
   13217       0.6165
   13218       0.5584
   13219       0.5715
   13220       0.5468
   13221       0.7080
   13222       0.5800
   13223       0.6650
   13224       0.5335
   13225       0.4912
   13226       0.5338
   13227       0.5896
   13228       0.5736
   13229       0.6783
   13230       0.5919
   13231       0.5912
   13232       0.6181
   13233       0.5968
   13234       0.6615
   13235       0.6750
   13236       0.6215
   13237       0.5525
   13238       0.6048
   13239       0.5661
   13240       0.6080
   13241       0.5222
   13242       0.5612
   13243       0.5758
   13244       0.6018
   13245       0.5590
   13246       0.5266
   13247       0.5527
   13248       0.6468
   13249       0.6515
   13250       0.5774
   13251       0.5864
   13252       0.5680
   13253       0.5751
   13254       0.5114
   13255       0.6107
   13256       0.5664
   13257       0.5487
   13258       0.6356
   13259       0.6156
   13260       0.5784
   13261       0.6633
   13262       0.5590
   13263       0.7257
   13264       0.6108
   13265       0.6748
   13266       0.5517
   13267       0.6987
   13268       0.5614
   13269       0.5729
   13270       0.5347
   13271       0.7099
   13272       0.5016
   13273       0.5288
   13274       0.6634
   13275       0.5561
   13276       0.6395
   13277       0.6827
   13278       0.6788
   13279       0.6811
   13280       0.6345
   13281       0.5650
   13282       0.6358
   13283       0.5848
   13284       0.6477
   13285       0.5524
   13286       0.5945
   13287       0.4869
   13288       0.6051
   13289       0.4630
   13290       0.6194
   13291       0.6095
   13292       0.6609
   13293       0.6297
   13294       0.5791
   13295       0.5313
   13296       0.5397
   13297       0.5587
   13298       0.5975
   13299       0.5500
   13300       0.6697
   13301       0.6127
   13302       0.5820
   13303       0.5371
   13304       0.5649
   13305       0.6083
   13306       0.5555
   13307       0.5762
   13308       0.6425
   13309       0.5878
   13310       0.5611
   13311       0.8149
   13312       0.6402
   13313       0.6135
   13314       0.6003
   13315       0.5821
   13316       0.6174
   13317       0.6038
   13318       0.5129
   13319       0.5276
   13320       0.7064
   13321       0.6631
   13322       0.5788
   13323       0.5622
   13324       0.6362
   13325       0.6776
   13326       0.6387
   13327       0.5436
   13328       0.5736
   13329       0.6108
   13330       0.5926
   13331       0.6649
   13332       0.6134
   13333       0.6610
   13334       0.6826
   13335       0.7458
   13336       0.7039
   13337       0.7218
   13338       0.5301
   13339       0.5068
   13340       0.5708
   13341       0.5997
   13342       0.6263
   13343       0.5332
   13344       0.5126
   13345       0.5685
   13346       0.5881
   13347       0.5886
   13348       0.6358
   13349       0.6259
   13350       0.6253
   13351       0.6007
   13352       0.5722
   13353       0.6441
   13354       0.6239
   13355       0.5294
   13356       0.7228
   13357       0.6261
   13358       0.7338
   13359       0.7144
   13360       0.6210
   13361       0.6524
   13362       0.6388
   13363       0.7309
   13364       0.6849
   13365       0.6909
   13366       0.7227
   13367       0.6734
   13368       0.6011
   13369       0.6854
   13370       0.5366
   13371       0.5276
   13372       0.5645
   13373       0.6064
   13374       0.6625
   13375       0.5991
   13376       0.6462
   13377       0.6518
   13378       0.6595
   13379       0.6649
   13380       0.5849
   13381       0.5379
   13382       0.7047
   13383       0.5697
   13384       0.7209
   13385       0.6177
   13386       0.6442
   13387       0.6280
   13388       0.5682
   13389       0.6106
   13390       0.6039
   13391       0.5787
   13392       0.5632
   13393       0.6371
   13394       0.6851
   13395       0.8904
   13396       0.6563
   13397       0.6392
   13398       0.6415
   13399       0.6935
   13400       0.7290
   13401       0.7180
   13402       0.5503
   13403       0.5929
   13404       0.5733
   13405       0.5247
   13406       0.6104
   13407       0.5803
   13408       0.6347
   13409       0.6471
   13410       0.6644
   13411       0.5357
   13412       0.6279
   13413       0.6690
   13414       0.6249
   13415       0.6345
   13416       0.5433
   13417       0.6922
   13418       0.5465
   13419       0.5494
   13420       0.6868
   13421       0.6744
   13422       0.5346
   13423       0.5448
   13424       0.5482
   13425       0.5289
   13426       0.5353
   13427       0.5383
   13428       0.5658
   13429       0.5817
   13430       0.5394
   13431       0.5368
   13432       0.6060
   13433       0.6161
   13434       0.6396
   13435       0.5207
   13436       0.4713
   13437       0.6429
   13438       0.6247
   13439       0.5927
   13440       0.5330
   13441       0.6496
   13442       0.5139
   13443       0.6154
   13444       0.5592
   13445       0.5512
   13446       0.5702
   13447       0.6160
   13448       0.6111
   13449       0.5676
   13450       0.6244
   13451       0.5740
   13452       0.6370
   13453       0.6557
   13454       0.6106
   13455       0.6578
   13456       0.6405
   13457       0.6081
   13458       0.6671
   13459       0.5911
   13460       0.6027
   13461       0.7418
   13462       0.6480
   13463       0.6091
   13464       0.5473
   13465       0.6016
   13466       0.5611
   13467       0.6193
   13468       0.6036
   13469       0.6551
   13470       0.6503
   13471       0.6201
   13472       0.6170
   13473       0.5177
   13474       0.6044
   13475       0.8474
   13476       0.6908
   13477       0.6402
   13478       0.7805
   13479       0.6997
   13480       0.6794
   13481       0.6604
   13482       0.6579
   13483       0.6068
   13484       0.6292
   13485       0.6242
   13486       0.7124
   13487       0.7306
   13488       0.6136
   13489       0.5892
   13490       0.5536
   13491       0.5581
   13492       0.6283
   13493       0.6601
   13494       0.6254
   13495       0.5654
   13496       0.6092
   13497       0.7317
   13498       0.7329
   13499       0.5908
   13500       0.5485
   13501       0.5745
   13502       0.6001
   13503       0.5892
   13504       0.6020
   13505       0.5605
   13506       0.6387
   13507       0.5070
   13508       0.5186
   13509       0.5397
   13510       0.5671
   13511       0.5622
   13512       0.5907
   13513       0.6698
   13514       0.5594
   13515       0.5893
   13516       0.5095
   13517       0.5570
   13518       0.5096
   13519       0.6172
   13520       0.5553
   13521       0.6144
   13522       0.6987
   13523       0.6042
   13524       0.6674
   13525       0.5272
   13526       0.5470
   13527       0.5273
   13528       0.6377
   13529       0.5357
   13530       0.6720
   13531       0.6662
   13532       0.5801
   13533       0.7202
   13534       0.5948
   13535       0.5413
   13536       0.5472
   13537       0.5810
   13538       0.6019
   13539       0.6122
   13540       0.5397
   13541       0.5965
   13542       0.6819
   13543       0.5903
   13544       0.6902
   13545       0.6673
   13546       0.8517
   13547       0.7978
   13548       0.6473
   13549       0.7302
   13550       0.8082
   13551       0.7755
   13552       0.9396
   13553       1.0348
   13554       1.1118
   13555       0.9752
   13556       0.9836
   13557       1.0926
   13558       1.2427
   13559       1.0704
   13560       1.0240
   13561       1.0100
   13562       1.0647
   13563       1.2237
   13564       1.2921
   13565       1.0851
   13566       1.0276
   13567       0.9826
   13568       1.0888
   13569       1.0603
   13570       0.9275
   13571       0.9188
   13572       0.8381
   13573       0.7205
   13574       0.7738
   13575       0.8481
   13576       0.7310
   13577       0.7717
   13578       0.9019
   13579       1.0992
   13580       1.0265
   13581       0.9005
   13582       1.0350
   13583       0.8688
   13584       0.7750
   13585       0.7064
   13586       0.8184
   13587       0.8382
   13588       0.9145
   13589       0.8847
   13590       0.9753
   13591       0.9326
   13592       0.9107
   13593       0.9650
   13594       0.9709
   13595       1.0362
   13596       0.9942
   13597       1.1148
   13598       1.0871
   13599       0.9090
   13600       0.8909
   13601       0.9960
   13602       0.8690
   13603       0.9122
   13604       0.8663
   13605       0.8753
   13606       1.0124
   13607       0.9373
   13608       0.9050
   13609       0.9968
   13610       0.9430
   13611       1.0558
   13612       1.1771
   13613       0.9602
   13614       0.9723
   13615       0.8036
   13616       0.8316
   13617       0.8703
   13618       0.8712
   13619       0.8822
   13620       0.8849
   13621       1.0359
   13622       0.9228
   13623       0.9318
   13624       0.8595
   13625       0.9589
   13626       0.9067
   13627       0.9916
   13628       0.9598
   13629       1.0537
   13630       1.0100
   13631       1.0519
   13632       1.1038
   13633       0.9439
   13634       0.9686
   13635       1.0201
   13636       1.0147
   13637       0.9610
   13638       1.1425
   13639       0.9345
   13640       1.0052
   13641       1.0666
   13642       1.0604
   13643       1.0906
   13644       1.0514
   13645       1.0844
   13646       1.0059
   13647       0.9699
   13648       0.9880
   13649       1.0427
   13650       1.1756
   13651       1.1405
   13652       1.0087
   13653       1.0593
   13654       1.0945
   13655       1.0392
   13656       1.0693
   13657       1.0333
   13658       0.9773
   13659       0.9811
   13660       0.9873
   13661       1.0032
   13662       0.9733
   13663       0.9984
   13664       0.8897
   13665       0.9746
   13666       0.8383
   13667       0.9966
   13668       0.8763
   13669       1.0027
   13670       1.0435
   13671       1.0441
   13672       1.1044
   13673       0.9755
   13674       1.1094
   13675       1.1394
   13676       1.0010
   13677       0.9633
   13678       0.9559
   13679       0.9507
   13680       0.9615
   13681       1.0172
   13682       0.8966
   13683       0.8575
   13684       0.9610
   13685       1.0309
   13686       1.0839
   13687       1.0576
   13688       1.0022
   13689       1.1259
   13690       1.1594
   13691       1.0924
   13692       1.0911
   13693       1.1245
   13694       1.1657
   13695       1.1144
   13696       1.0837
   13697       0.9510
   13698       1.0416
   13699       0.9457
   13700       0.9333
   13701       0.8696
   13702       0.8498
   13703       0.8311
   13704       0.8052
   13705       0.8408
   13706       0.9599
   13707       0.8466
   13708       0.8287
   13709       0.9736
   13710       0.9458
   13711       1.0059
   13712       1.0428
   13713       1.1396
   13714       1.1606
   13715       0.9766
   13716       0.9171
   13717       0.9573
   13718       0.8319
   13719       0.9651
   13720       0.9727
   13721       0.9259
   13722       0.8745
   13723       0.8100
   13724       0.9381
   13725       0.9047
   13726       0.8977
   13727       0.8225
   13728       1.0229
   13729       0.8533
   13730       0.8429
   13731       0.8816
   13732       1.0378
   13733       0.9311
   13734       0.9649
   13735       0.9109
   13736       0.9957
   13737       0.9975
   13738       1.0035
   13739       1.0817
   13740       0.9841
   13741       1.0096
   13742       0.9259
   13743       1.0298
   13744       0.8599
   13745       0.8407
   13746       0.8874
   13747       0.9667
   13748       0.8712
   13749       0.7833
   13750       0.8428
   13751       0.8175
   13752       0.8765
   13753       0.9547
   13754       1.0114
   13755       1.1361
   13756       0.9581
   13757       1.0771
   13758       0.8741
   13759       1.0609
   13760       1.0501
   13761       0.9662
   13762       1.0117
   13763       1.0053
   13764       1.0832
   13765       0.8962
   13766       0.9802
   13767       0.9400
   13768       1.0069
   13769       1.0143
   13770       0.9872
   13771       0.9957
   13772       1.1457
   13773       1.1607
   13774       1.0750
   13775       1.1943
   13776       1.0799
   13777       1.0878
   13778       1.2014
   13779       1.0191
   13780       1.0731
   13781       1.0743
   13782       1.0370
   13783       1.0692
   13784       1.1189
   13785       1.1955
   13786       1.2013
   13787       1.1667
   13788       1.1104
   13789       1.1486
   13790       1.1160
   13791       1.2197
   13792       1.0718
   13793       1.0438
   13794       1.1735
   13795       1.2077
   13796       1.1578
   13797       1.1047
   13798       1.2172
   13799       1.1840
   13800       1.1056
   13801       1.0986
   13802       1.0923
   13803       1.0458
   13804       1.0696
   13805       0.9205
   13806       0.8924
   13807       1.0147
   13808       0.9101
   13809       0.8492
   13810       0.7766
   13811       0.9966
   13812       0.9757
   13813       0.9010
   13814       0.9406
   13815       0.9569
   13816       1.0143
   13817       0.9300
   13818       0.9156
   13819       0.8816
   13820       1.1353
   13821       1.0054
   13822       1.1847
   13823       1.0216
   13824       0.9557
   13825       0.8966
   13826       0.9337
   13827       1.0284
   13828       0.9612
   13829       0.9218
   13830       0.9048
   13831       0.8865
   13832       0.8391
   13833       0.7743
   13834       0.9958
   13835       0.9348
   13836       0.9846
   13837       1.0328
   13838       0.8081
   13839       1.0267
   13840       0.8936
   13841       0.9406
   13842       0.9142
   13843       0.8670
   13844       0.8422
   13845       0.8163
   13846       0.8399
   13847       0.9533
   13848       0.9750
   13849       0.9326
   13850       0.9568
   13851       0.8781
   13852       0.9632
   13853       0.8867
   13854       0.8571
   13855       0.7491
   13856       0.7481
   13857       0.7552
   13858       0.6868
   13859       0.7507
   13860       0.7309
   13861       0.8119
   13862       0.8413
   13863       0.9402
   13864       0.9360
   13865       1.0440
   13866       0.9101
   13867       0.8776
   13868       0.9649
   13869       0.9658
   13870       1.0028
   13871       0.9749
   13872       1.0059
   13873       1.0824
   13874       0.9705
   13875       0.7260
   13876       0.7096
   13877       0.6741
   13878       0.6836
   13879       0.6255
   13880       0.8488
   13881       0.7722
   13882       0.7942
   13883       0.8720
   13884       0.9838
   13885       0.8553
   13886       0.9260
   13887       0.8229
   13888       0.7800
   13889       0.8336
   13890       0.8246
   13891       0.7472
   13892       0.8248
   13893       0.6560
   13894       0.7233
   13895       0.7114
   13896       0.8793
   13897       0.8458
   13898       0.9096
   13899       0.9353
   13900       0.8096
   13901       0.7209
   13902       0.6153
   13903       0.6691
   13904       0.7441
   13905       0.6830
   13906       0.7857
   13907       0.7210
   13908       0.6761
   13909       0.8002
   13910       0.9990
   13911       0.8338
   13912       1.0040
   13913       0.9386
   13914       1.0603
   13915       1.2757
   13916       1.0730
   13917       0.9147
   13918       0.9650
   13919       0.9969
   13920       0.8640
   13921       0.9307
   13922       0.8054
   13923       0.9093
   13924       0.8400
   13925       0.8702
   13926       0.8429
   13927       0.8656
   13928       0.6828
   13929       0.7353
   13930       0.8080
   13931       0.7703
   13932       0.8997
   13933       0.7410
   13934       0.7916
   13935       0.8004
   13936       0.7523
   13937       0.8315
   13938       0.8892
   13939       0.8628
   13940       0.8014
   13941       0.6501
   13942       0.6642
   13943       0.7045
   13944       0.7202
   13945       0.9753
   13946       0.6652
   13947       0.8739
   13948       0.8942
   13949       0.7282
   13950       0.8992
   13951       0.7009
   13952       0.8206
   13953       0.8084
   13954       0.8164
   13955       0.6091
   13956       0.6322
   13957       0.6593
   13958       0.5500
   13959       0.6374
   13960       0.5779
   13961       0.6305
   13962       0.5814
   13963       0.5516
   13964       0.5705
   13965       0.5329
   13966       0.5539
   13967       0.5963
   13968       0.6369
   13969       0.6876
   13970       0.6737
   13971       0.5708
   13972       0.6671
   13973       0.5717
   13974       0.6408
   13975       0.5807
   13976       0.7550
   13977       0.7514
   13978       0.6062
   13979       0.6741
   13980       0.6507
   13981       0.6932
   13982       0.6223
   13983       0.6314
   13984       0.6093
   13985       0.6458
   13986       0.6299
   13987       0.8613
   13988       0.6499
   13989       0.6462
   13990       0.6554
   13991       0.6003
   13992       0.5637
   13993       0.4879
   13994       0.5424
   13995       0.5846
   13996       0.6332
   13997       0.5652
   13998       0.5206
   13999       0.6310
   14000       0.6465
   14001       0.6882
   14002       0.5892
   14003       0.7159
   14004       0.5514
   14005       0.5571
   14006       0.5991
   14007       0.5794
   14008       0.7275
   14009       0.6588
   14010       0.6756
   14011       0.6063
   14012       0.7206
   14013       0.6846
   14014       0.6321
   14015       0.6309
   14016       0.6673
   14017       0.6312
   14018       0.7053
   14019       0.6344
   14020       0.6877
   14021       0.5724
   14022       0.7361
   14023       0.7238
   14024       0.7604
   14025       0.7310
   14026       0.5977
   14027       0.7645
   14028       0.7387
   14029       0.7073
   14030       0.6962
   14031       0.7378
   14032       0.6506
   14033       0.6458
   14034       0.6350
   14035       0.7170
   14036       0.6467
   14037       0.6377
   14038       0.6061
   14039       0.7591
   14040       0.6471
   14041       0.6680
   14042       0.6743
   14043       0.6679
   14044       0.7840
   14045       0.6355
   14046       0.7547
   14047       0.7470
   14048       0.6720
   14049       0.6413
   14050       0.7518
   14051       0.6502
   14052       0.7015
   14053       0.7340
   14054       0.7046
   14055       0.6354
   14056       0.6291
   14057       0.8189
   14058       0.5731
   14059       0.7052
   14060       0.7669
   14061       0.7481
   14062       0.6570
   14063       0.6002
   14064       0.6374
   14065       0.6823
   14066       0.7040
   14067       0.8471
   14068       0.6443
   14069       0.8656
   14070       0.7021
   14071       0.7709
   14072       0.5976
   14073       0.7581
   14074       0.6120
   14075       0.6610
   14076       0.5933
   14077       0.6880
   14078       0.6354
   14079       0.6453
   14080       0.5473
   14081       0.6795
   14082       0.6641
   14083       0.6387
   14084       0.5615
   14085       0.6157
   14086       0.8020
   14087       0.6082
   14088       0.6935
   14089       0.6190
   14090       0.6403
   14091       0.6412
   14092       0.6516
   14093       0.5358
   14094       0.5459
   14095       0.5582
   14096       0.5238
   14097       0.5215
   14098       0.5735
   14099       0.5757
   14100       0.5577
   14101       0.5846
   14102       0.6184
   14103       0.6287
   14104       0.5868
   14105       0.5310
   14106       0.5882
   14107       0.6067
   14108       0.5860
   14109       0.5637
   14110       0.5047
   14111       0.5602
   14112       0.5335
   14113       0.5209
   14114       0.6217
   14115       0.6666
   14116       0.6456
   14117       0.6672
   14118       0.5774
   14119       0.5969
   14120       0.6266
   14121       0.5954
   14122       0.5742
   14123       0.6240
   14124       0.5636
   14125       0.6581
   14126       0.5668
   14127       0.6667
   14128       0.5477
   14129       0.5405
   14130       0.6596
   14131       0.6030
   14132       0.5955
   14133       0.5929
   14134       0.5620
   14135       0.6259
   14136       0.6001
   14137       0.5849
   14138       0.5893
   14139       0.5766
   14140       0.5671
   14141       0.5940
   14142       0.6633
   14143       0.6091
   14144       0.5836
   14145       0.6750
   14146       0.5789
   14147       0.5691
   14148       0.6830
   14149       0.6629
   14150       0.5831
   14151       0.5299
   14152       0.5550
   14153       0.5582
   14154       0.5413
   14155       0.5639
   14156       0.5540
   14157       0.5858
   14158       0.6101
   14159       0.6877
   14160       0.5884
   14161       0.6015
   14162       0.6428
   14163       0.6494
   14164       0.7133
   14165       0.5896
   14166       0.5503
   14167       0.5764
   14168       0.5946
   14169       0.6306
   14170       0.8241
   14171       0.6142
   14172       0.5948
   14173       0.5653
   14174       0.6478
   14175       0.5540
   14176       0.6312
   14177       0.6208
   14178       0.5946
   14179       0.6900
   14180       0.5575
   14181       0.5767
   14182       0.6184
   14183       0.7052
   14184       0.7225
   14185       0.6909
   14186       0.6057
   14187       0.6038
   14188       0.6245
   14189       0.6064
   14190       0.5813
   14191       0.5200
   14192       0.6201
   14193       0.5858
   14194       0.5436
   14195       0.5531
   14196       0.5735
   14197       0.6730
   14198       0.5591
   14199       0.5841
   14200       0.5864
   14201       0.5771
   14202       0.5165
   14203       0.5823
   14204       0.6673
   14205       0.5587
   14206       0.5533
   14207       0.5589
   14208       0.5521
   14209       0.5872
   14210       0.4838
   14211       0.5313
   14212       0.6005
   14213       0.6060
   14214       0.6373
   14215       0.6158
   14216       0.6875
   14217       0.5835
   14218       0.6173
   14219       0.7515
   14220       0.7675
   14221       0.6267
   14222       0.5819
   14223       0.5315
   14224       0.5819
   14225       0.5991
   14226       0.5737
   14227       0.5447
   14228       0.6344
   14229       0.7052
   14230       0.5755
   14231       0.5839
   14232       0.6836
   14233       0.6596
   14234       0.5207
   14235       0.5301
   14236       0.4892
   14237       0.5500
   14238       0.4740
   14239       0.5374
   14240       0.5854
   14241       0.4677
   14242       0.5857
   14243       0.5511
   14244       0.5190
   14245       0.6239
   14246       0.5043
   14247       0.6114
   14248       0.6182
   14249       0.6227
   14250       0.6481
   14251       0.5402
   14252       0.5585
   14253       0.5671
   14254       0.6326
   14255       0.6535
   14256       0.6200
   14257       0.6694
   14258       0.5113
   14259       0.5720
   14260       0.5915
   14261       0.6518
   14262       0.6255
   14263       0.6915
   14264       0.7182
   14265       0.7049
   14266       0.6242
   14267       0.6089
   14268       0.5326
   14269       0.5123
   14270       0.5639
   14271       0.5368
   14272       0.6683
   14273       0.6478
   14274       0.5370
   14275       0.6710
   14276       0.6325
   14277       0.6064
   14278       0.6175
   14279       0.5126
   14280       0.6491
   14281       0.6440
   14282       0.5599
   14283       0.6331
   14284       0.6196
   14285       0.5946
   14286       0.5667
   14287       0.6469
   14288       0.6258
   14289       0.7257
   14290       0.5798
   14291       0.6296
   14292       0.7271
   14293       0.7145
   14294       0.6522
   14295       0.6451
   14296       0.6331
   14297       0.5844
   14298       0.6597
   14299       0.6157
   14300       0.5951
   14301       0.6495
   14302       0.6647
   14303       0.6178
   14304       0.6432
   14305       0.5912
   14306       0.6750
   14307       0.7205
   14308       0.6548
   14309       0.7196
   14310       0.5910
   14311       0.5715
   14312       0.6110
   14313       0.7503
   14314       0.6724
   14315       0.6919
   14316       0.6863
   14317       0.7142
   14318       0.7466
   14319       0.7160
   14320       0.7351
   14321       0.8609
   14322       0.6544
   14323       0.6409
   14324       0.7088
   14325       0.6846
   14326       0.7048
   14327       0.7304
   14328       0.7756
   14329       0.7481
   14330       0.6144
   14331       0.6891
   14332       0.6640
   14333       0.6779
   14334       0.6670
   14335       0.5875
   14336       0.7730
   14337       0.6520
   14338       0.8140
   14339       0.6998
   14340       0.6801
   14341       0.7727
   14342       0.6521
   14343       0.6273
   14344       0.6387
   14345       0.7037
   14346       0.5788
   14347       0.6326
   14348       0.6604
   14349       0.5940
   14350       0.6708
   14351       0.5277
   14352       0.6432
   14353       0.6448
   14354       0.6393
   14355       0.4918
   14356       0.6558
   14357       0.5118
   14358       0.5905
   14359       0.6567
   14360       0.5379
   14361       0.6060
   14362       0.7143
   14363       0.6130
   14364       0.5583
   14365       0.5806
   14366       0.6177
   14367       0.5870
   14368       0.5866
   14369       0.5805
   14370       0.6614
   14371       0.6438
   14372       0.6235
   14373       0.5660
   14374       0.6231
   14375       0.4921
   14376       0.6524
   14377       0.6439
   14378       0.7093
   14379       0.6464
   14380       0.5274
   14381       0.6739
   14382       0.5823
   14383       0.6035
   14384       0.5969
   14385       0.6100
   14386       0.5553
   14387       0.5578
   14388       0.6741
   14389       0.6597
   14390       0.5993
   14391       0.7592
   14392       0.7079
   14393       0.6559
   14394       0.6696
   14395       0.7331
   14396       0.7171
   14397       0.4939
   14398       0.5962
   14399       0.5421
   14400       0.5357
   14401       0.6438
   14402       0.5617
   14403       0.6590
   14404       0.6104
   14405       0.5736
   14406       0.6891
   14407       0.6377
   14408       0.6451
   14409       0.6978
   14410       0.5921
   14411       0.6883
   14412       0.5900
   14413       0.6320
   14414       0.6924
   14415       0.6982
   14416       0.5991
   14417       0.7141
   14418       0.6855
   14419       0.6509
   14420       0.5663
   14421       0.5287
   14422       0.5386
   14423       0.5886
   14424       0.4997
   14425       0.7055
   14426       0.5033
   14427       0.6792
   14428       0.6212
   14429       0.7162
   14430       0.5915
   14431       0.5087
   14432       0.5502
   14433       0.5263
   14434       0.6155
   14435       0.5160
   14436       0.5678
   14437       0.6161
   14438       0.5541
   14439       0.6236
   14440       0.5279
   14441       0.5393
   14442       0.5156
   14443       0.5877
   14444       0.6503
   14445       0.6033
   14446       0.5352
   14447       0.6619
   14448       0.5526
   14449       0.6005
   14450       0.6206
   14451       0.6134
   14452       0.6259
   14453       0.6273
   14454       0.7020
   14455       0.5149
   14456       0.5617
   14457       0.5669
   14458       0.6622
   14459       0.7425
   14460       0.5926
   14461       0.5609
   14462       0.5349
   14463       0.5491
   14464       0.5205
   14465       0.5983
   14466       0.6201
   14467       0.6560
   14468       0.6120
   14469       0.6000
   14470       0.5508
   14471       0.6496
   14472       0.7123
   14473       0.5494
   14474       0.4970
   14475       0.5384
   14476       0.5279
   14477       0.5934
   14478       0.6201
   14479       0.5451
   14480       0.5743
   14481       0.4951
   14482       0.5718
   14483       0.6509
   14484       0.5955
   14485       0.5602
   14486       0.5225
   14487       0.6120
   14488       0.5706
   14489       0.6448
   14490       0.5777
   14491       0.5633
   14492       0.4927
   14493       0.5480
   14494       0.5726
   14495       0.5115
   14496       0.5617
   14497       0.6583
   14498       0.6863
   14499       0.8113
   14500       0.6046
   14501       0.6151
   14502       0.5887
   14503       0.6400
   14504       0.5631
   14505       0.5531
   14506       0.5977
   14507       0.5752
   14508       0.5271
   14509       0.6437
   14510       0.6387
   14511       0.6989
   14512       0.6006
   14513       0.5532
   14514       0.6106
   14515       0.6142
   14516       0.5073
   14517       0.5654
   14518       0.5865
   14519       0.5533
   14520       0.6078
   14521       0.5595
   14522       0.5774
   14523       0.6589
   14524       0.7634
   14525       0.6319
   14526       0.5962
   14527       0.5778
   14528       0.6272
   14529       0.6448
   14530       0.6168
   14531       0.7120
   14532       0.5871
   14533       0.6127
   14534       0.6547
   14535       0.6423
   14536       0.6437
   14537       0.5981
   14538       0.5742
   14539       0.6395
   14540       0.6858
   14541       0.5936
   14542       0.5606
   14543       0.6114
   14544       0.6330
   14545       0.5854
   14546       0.5950
   14547       0.6412
   14548       0.5233
   14549       0.5337
   14550       0.5985
   14551       0.5992
   14552       0.6063
   14553       0.6192
   14554       0.5403
   14555       0.5286
   14556       0.4929
   14557       0.5002
   14558       0.7303
   14559       0.6489
   14560       0.5949
   14561       0.5994
   14562       0.6853
   14563       0.5195
   14564       0.5678
   14565       0.5527
   14566       0.4509
   14567       0.5586
   14568       0.6945
   14569       0.5815
   14570       0.6289
   14571       0.6194
   14572       0.5528
   14573       0.5260
   14574       0.6404
   14575       0.6055
   14576       0.6803
   14577       0.5538
   14578       0.6443
   14579       0.5485
   14580       0.5142
   14581       0.5125
   14582       0.6223
   14583       0.5885
   14584       0.5367
   14585       0.6261
   14586       0.6160
   14587       0.7007
   14588       0.6327
   14589       0.6245
   14590       0.5569
   14591       0.7164
   14592       0.7148
   14593       0.7651
   14594       0.6578
   14595       0.5946
   14596       0.5393
   14597       0.5532
   14598       0.6533
   14599       0.5766
   14600       0.5138
   14601       0.6346
   14602       0.5697
   14603       0.6241
   14604       0.5981
   14605       0.5995
   14606       0.5355
   14607       0.5811
   14608       0.6208
   14609       0.6705
   14610       0.6364
   14611       0.5807
   14612       0.5763
   14613       0.5951
   14614       0.5709
   14615       0.5304
   14616       0.5800
   14617       0.5767
   14618       0.5442
   14619       0.6791
   14620       0.6676
   14621       0.5861
   14622       0.5329
   14623       0.5554
   14624       0.5767
   14625       0.6652
   14626       0.6412
   14627       0.6482
   14628       0.5665
   14629       0.5272
   14630       0.7106
   14631       0.5359
   14632       0.6299
   14633       0.6381
   14634       0.5718
   14635       0.7071
   14636       0.6980
   14637       0.5561
   14638       0.5348
   14639       0.6097
   14640       0.6065
   14641       0.5888
   14642       0.6404
   14643       0.6978
   14644       0.7533
   14645       0.6095
   14646       0.6147
   14647       0.5593
   14648       0.5445
   14649       0.6292
   14650       0.7411
   14651       0.6920
   14652       0.5814
   14653       0.5182
   14654       0.7101
   14655       0.5276
   14656       0.6079
   14657       0.5901
   14658       0.5909
   14659       0.5874
   14660       0.6121
   14661       0.6027
   14662       0.6155
   14663       0.6002
   14664       0.6132
   14665       0.6225
   14666       0.6505
   14667       0.8050
   14668       0.6037
   14669       0.5393
   14670       0.6523
   14671       0.5843
   14672       0.6338
   14673       0.5259
   14674       0.5558
   14675       0.5575
   14676       0.6137
   14677       0.6290
   14678       0.6732
   14679       0.5717
   14680       0.5704
   14681       0.6124
   14682       0.6394
   14683       0.6701
   14684       0.7205
   14685       0.5514
   14686       0.6228
   14687       0.5572
   14688       0.7612
   14689       0.6307
   14690       0.5907
   14691       0.6735
   14692       0.6209
   14693       0.5839
   14694       0.6385
   14695       0.6011
   14696       0.5103
   14697       0.5388
   14698       0.5474
   14699       0.5823
   14700       0.6423
   14701       0.5624
   14702       0.6143
   14703       0.5592
   14704       0.5879
   14705       0.5051
   14706       0.5722
   14707       0.6151
   14708       0.5808
   14709       0.6990
   14710       0.5342
   14711       0.5590
   14712       0.6029
   14713       0.5816
   14714       0.5032
   14715       0.5992
   14716       0.6376
   14717       0.5885
   14718       0.5683
   14719       0.5870
   14720       0.6703
   14721       0.5994
   14722       0.6711
   14723       0.5512
   14724       0.5155
   14725       0.5199
   14726       0.6419
   14727       0.6482
   14728       0.6910
   14729       0.6720
   14730       0.7517
   14731       0.6828
   14732       0.6175
   14733       0.6696
   14734       0.5406
   14735       0.5656
   14736       0.5667
   14737       0.7683
   14738       0.6774
   14739       0.6704
   14740       0.6157
   14741       0.6255
   14742       0.5362
   14743       0.6270
   14744       0.6264
   14745       0.6062
   14746       0.6381
   14747       0.7474
   14748       0.6958
   14749       0.6013
   14750       0.6206
   14751       0.6758
   14752       0.5393
   14753       0.5906
   14754       0.6114
   14755       0.5316
   14756       0.7035
   14757       0.6426
   14758       0.5907
   14759       0.6415
   14760       0.5361
   14761       0.5826
   14762       0.5180
   14763       0.5721
   14764       0.5442
   14765       0.6065
   14766       0.6492
   14767       0.5153
   14768       0.5633
   14769       0.6276
   14770       0.6493
   14771       0.7016
   14772       0.6274
   14773       0.6018
   14774       0.5568
   14775       0.7018
   14776       0.7491
   14777       0.6129
   14778       0.6742
   14779       0.6953
   14780       0.6049
   14781       0.5827
   14782       0.5757
   14783       0.7099
   14784       0.6066
   14785       0.5268
   14786       0.5867
   14787       0.5445
   14788       0.6531
   14789       0.5852
   14790       0.6435
   14791       0.5748
   14792       0.5851
   14793       0.5697
   14794       0.5533
   14795       0.5914
   14796       0.5473
   14797       0.5770
   14798       0.5240
   14799       0.5776
   14800       0.4892
   14801       0.6808
   14802       0.6860
   14803       0.6032
   14804       0.6696
   14805       0.6285
   14806       0.6763
   14807       0.7517
   14808       0.8526
   14809       0.7641
   14810       0.9307
   14811       0.8065
   14812       0.7707
   14813       0.7846
   14814       0.8223
   14815       0.8108
   14816       0.7016
   14817       0.6863
   14818       0.6484
   14819       0.6639
   14820       0.7055
   14821       0.7240
   14822       0.7458
   14823       0.7371
   14824       0.7196
   14825       0.6682
   14826       0.6117
   14827       0.6304
   14828       0.7766
   14829       0.7178
   14830       0.8119
   14831       0.7652
   14832       0.6655
   14833       0.7045
   14834       0.7791
   14835       0.6819
   14836       0.7462
   14837       0.6325
   14838       0.6045
   14839       0.8332
   14840       0.7616
   14841       1.1668
   14842       1.2450
   14843       0.9957
   14844       0.8794
   14845       0.7639
   14846       0.8787
   14847       0.8745
   14848       0.7824
   14849       0.6960
   14850       0.5927
   14851       0.6362
   14852       0.5309
   14853       0.5221
   14854       0.6149
   14855       0.4999
   14856       0.4882
   14857       0.5163
   14858       0.5369
   14859       0.5722
   14860       0.6087
   14861       0.6085
   14862       0.6466
   14863       0.6527
   14864       0.5732
   14865       0.5360
   14866       0.7221
   14867       0.5929
   14868       0.6248
   14869       0.5825
   14870       0.5867
   14871       0.5573
   14872       0.4759
   14873       0.6696
   14874       0.5342
   14875       0.6208
   14876       0.6156
   14877       0.5888
   14878       0.5307
   14879       0.6019
   14880       0.5613
   14881       0.5908
   14882       0.5896
   14883       0.5521
   14884       0.5509
   14885       0.6054
   14886       0.6852
   14887       0.5943
   14888       0.5399
   14889       0.6597
   14890       0.5662
   14891       0.4526
   14892       0.5419
   14893       0.4669
   14894       0.5309
   14895       0.6089
   14896       0.6619
   14897       0.6007
   14898       0.5332
   14899       0.5914
   14900       0.5868
   14901       0.6073
   14902       0.5146
   14903       0.5831
   14904       0.5805
   14905       0.5816
   14906       0.5697
   14907       0.5589
   14908       0.6841
   14909       0.6667
   14910       0.6344
   14911       0.5885
   14912       0.6976
   14913       0.5887
   14914       0.7137
   14915       0.6669
   14916       0.5944
   14917       0.5891
   14918       0.6018
   14919       0.4645
   14920       0.5247
   14921       0.5233
   14922       0.4840
   14923       0.5207
   14924       0.5048
   14925       0.6265
   14926       0.5519
   14927       0.6528
   14928       0.6828
   14929       0.6187
   14930       0.5199
   14931       0.5885
   14932       0.6385
   14933       0.6219
   14934       0.5879
   14935       0.5241
   14936       0.5584
   14937       0.5601
   14938       0.5547
   14939       0.5924
   14940       0.6110
   14941       0.6343
   14942       0.5317
   14943       0.5659
   14944       0.5697
   14945       0.5978
   14946       0.5411
   14947       0.6178
   14948       0.6875
   14949       0.5043
   14950       0.5828
   14951       0.6571
   14952       0.5701
   14953       0.5831
   14954       0.5743
   14955       0.6094
   14956       0.6814
   14957       0.5707
   14958       0.6054
   14959       0.6459
   14960       0.5412
   14961       0.5637
   14962       0.5584
   14963       0.5400
   14964       0.4709
   14965       0.6060
   14966       0.5911
   14967       0.5505
   14968       0.5975
   14969       0.5866
   14970       0.5454
   14971       0.5909
   14972       0.5355
   14973       0.6327
   14974       0.6986
   14975       0.6474
   14976       0.6862
   14977       0.4541
   14978       0.6224
   14979       0.6653
   14980       0.6190
   14981       0.5690
   14982       0.4786
   14983       0.4881
   14984       0.5631
   14985       0.5414
   14986       0.5469
   14987       0.4883
   14988       0.5600
   14989       0.5714
   14990       0.6297
   14991       0.7468
   14992       0.6193
   14993       0.6006
   14994       0.7366
   14995       0.7316
   14996       0.5822
   14997       0.5378
   14998       0.6046
   14999       0.6157
   15000       0.5872
   15001       0.5609
   15002       0.6815
   15003       0.6591
   15004       0.5780
   15005       0.5262
   15006       0.5828
   15007       0.5560
   15008       0.4809
   15009       0.5493
   15010       0.6836
   15011       0.4984
   15012       0.5801
   15013       0.6121
   15014       0.5166
   15015       0.5193
   15016       0.5462
   15017       0.6286
   15018       0.6783
   15019       0.6293
   15020       0.7498
   15021       0.5523
   15022       0.6581
   15023       0.6848
   15024       0.6892
   15025       0.6902
   15026       0.6156
   15027       0.6487
   15028       0.5776
   15029       0.7056
   15030       0.5353
   15031       0.6332
   15032       0.6496
   15033       0.5283
   15034       0.6700
   15035       0.6101
   15036       0.6375
   15037       0.5634
   15038       0.5119
   15039       0.5511
   15040       0.4757
   15041       0.5653
   15042       0.5503
   15043       0.5184
   15044       0.5818
   15045       0.7427
   15046       0.5717
   15047       0.5691
   15048       0.5917
   15049       0.5786
   15050       0.6414
   15051       0.6301
   15052       0.5795
   15053       0.6478
   15054       0.5113
   15055       0.5447
   15056       0.5857
   15057       0.5867
   15058       0.5790
   15059       0.6175
   15060       0.7607
   15061       0.5497
   15062       0.5357
   15063       0.5490
   15064       0.4720
   15065       0.6498
   15066       0.5529
   15067       0.5532
   15068       0.6606
   15069       0.5688
   15070       0.6324
   15071       0.5858
   15072       0.7377
   15073       0.8195
   15074       0.6800
   15075       0.6386
   15076       0.6868
   15077       0.6052
   15078       0.7418
   15079       0.5888
   15080       0.6354
   15081       0.6127
   15082       0.6523
   15083       0.5362
   15084       0.6120
   15085       0.5904
   15086       0.5700
   15087       0.6261
   15088       0.5820
   15089       0.5159
   15090       0.6005
   15091       0.6427
   15092       0.5255
   15093       0.6036
   15094       0.6809
   15095       0.6458
   15096       0.6399
   15097       0.6528
   15098       0.6699
   15099       0.5766
   15100       0.8118
   15101       0.6059
   15102       0.6959
   15103       0.5435
   15104       0.6477
   15105       0.5854
   15106       0.7570
   15107       0.5279
   15108       0.5887
   15109       0.6100
   15110       0.6718
   15111       0.6383
   15112       0.6294
   15113       0.6634
   15114       0.6562
   15115       0.6133
   15116       0.6060
   15117       0.6054
   15118       0.7320
   15119       0.7766
   15120       0.5647
   15121       0.6356
   15122       0.7204
   15123       0.5673
   15124       0.6237
   15125       0.6017
   15126       0.6564
   15127       0.7254
   15128       0.5713
   15129       0.6564
   15130       0.6697
   15131       0.6035
   15132       0.6699
   15133       0.5760
   15134       0.6000
   15135       0.5481
   15136       0.5441
   15137       0.5804
   15138       0.6752
   15139       0.5965
   15140       0.5624
   15141       0.5858
   15142       0.5313
   15143       0.5517
   15144       0.5900
   15145       0.5277
   15146       0.6053
   15147       0.5367
   15148       0.6449
   15149       0.5637
   15150       0.5457
   15151       0.6009
   15152       0.6034
   15153       0.6142
   15154       0.5653
   15155       0.5672
   15156       0.5666
   15157       0.5753
   15158       0.6389
   15159       0.5626
   15160       0.6340
   15161       0.6705
   15162       0.6263
   15163       0.6238
   15164       0.7218
   15165       0.5803
   15166       0.5931
   15167       0.5842
   15168       0.6305
   15169       0.6675
   15170       0.6542
   15171       0.5607
   15172       0.5792
   15173       0.6024
   15174       0.6372
   15175       0.5464
   15176       0.7108
   15177       0.5090
   15178       0.5436
   15179       0.5584
   15180       0.6377
   15181       0.6133
   15182       0.5428
   15183       0.6462
   15184       0.5370
   15185       0.6522
   15186       0.6541
   15187       0.5420
   15188       0.5149
   15189       0.5545
   15190       0.5966
   15191       0.5475
   15192       0.5578
   15193       0.5627
   15194       0.6302
   15195       0.6182
   15196       0.6227
   15197       0.6391
   15198       0.6505
   15199       0.6422
   15200       0.6648
   15201       0.6701
   15202       0.6142
   15203       0.6438
   15204       0.6139
   15205       0.6153
   15206       0.6509
   15207       0.5428
   15208       0.5993
   15209       0.5518
   15210       0.5923
   15211       0.5075
   15212       0.5944
   15213       0.5258
   15214       0.5076
   15215       0.6084
   15216       0.4976
   15217       0.5621
   15218       0.5636
   15219       0.6266
   15220       0.6350
   15221       0.6429
   15222       0.6392
   15223       0.6483
   15224       0.5651
   15225       0.5621
   15226       0.5554
   15227       0.5612
   15228       0.5209
   15229       0.6397
   15230       0.5560
   15231       0.5625
   15232       0.5466
   15233       0.6379
   15234       0.5935
   15235       0.5606
   15236       0.5423
   15237       0.5664
   15238       0.5122
   15239       0.6357
   15240       0.5533
   15241       0.6127
   15242       0.5913
   15243       0.5900
   15244       0.5833
   15245       0.5307
   15246       0.6846
   15247       0.4961
   15248       0.5225
   15249       0.6778
   15250       0.6461
   15251       0.5730
   15252       0.6263
   15253       0.5558
   15254       0.6142
   15255       0.5399
   15256       0.5486
   15257       0.5575
   15258       0.5976
   15259       0.6476
   15260       0.5207
   15261       0.6544
   15262       0.6316
   15263       0.6129
   15264       0.5633
   15265       0.5500
   15266       0.5061
   15267       0.5668
   15268       0.6583
   15269       0.5892
   15270       0.6115
   15271       0.6298
   15272       0.6529
   15273       0.5584
   15274       0.6340
   15275       0.5628
   15276       0.6020
   15277       0.6100
   15278       0.6304
   15279       0.6538
   15280       0.6179
   15281       0.5518
   15282       0.5755
   15283       0.6015
   15284       0.7000
   15285       0.5023
   15286       0.6106
   15287       0.5353
   15288       0.5914
   15289       0.5867
   15290       0.6094
   15291       0.5731
   15292       0.4769
   15293       0.5776
   15294       0.5200
   15295       0.6201
   15296       0.5756
   15297       0.5800
   15298       0.5442
   15299       0.5295
   15300       0.5879
   15301       0.4986
   15302       0.5393
   15303       0.5845
   15304       0.5735
   15305       0.5518
   15306       0.5284
   15307       0.5040
   15308       0.6206
   15309       0.6044
   15310       0.5976
   15311       0.5855
   15312       0.6901
   15313       0.6784
   15314       0.7260
   15315       0.6553
   15316       0.5948
   15317       0.6177
   15318       0.5733
   15319       0.5500
   15320       0.4893
   15321       0.5935
   15322       0.5609
   15323       0.5320
   15324       0.6203
   15325       0.5225
   15326       0.6717
   15327       0.5322
   15328       0.6250
   15329       0.5500
   15330       0.5642
   15331       0.4769
   15332       0.5204
   15333       0.6094
   15334       0.6321
   15335       0.6322
   15336       0.5374
   15337       0.5715
   15338       0.5468
   15339       0.6266
   15340       0.5350
   15341       0.4876
   15342       0.6773
   15343       0.6077
   15344       0.5173
   15345       0.6259
   15346       0.5720
   15347       0.5828
   15348       0.5900
   15349       0.6190
   15350       0.5087
   15351       0.5794
   15352       0.5485
   15353       0.6029
   15354       0.5871
   15355       0.5253
   15356       0.5253
   15357       0.5872
   15358       0.6611
   15359       0.5748
   15360       0.5923
   15361       0.6416
   15362       0.5971
   15363       0.7545
   15364       0.7304
   15365       0.6590
   15366       0.6133
   15367       0.6488
   15368       0.6046
   15369       0.5960
   15370       0.5223
   15371       0.5139
   15372       0.7042
   15373       0.7051
   15374       0.5868
   15375       0.7398
   15376       0.6729
   15377       0.5947
   15378       0.7105
   15379       0.6594
   15380       0.7890
   15381       0.7482
   15382       0.6717
   15383       0.7752
   15384       0.6721
   15385       0.6963
   15386       0.6920
   15387       0.6270
   15388       0.7417
   15389       0.5642
   15390       0.5543
   15391       0.6398
   15392       0.5315
   15393       0.6893
   15394       0.7124
   15395       0.6324
   15396       0.5489
   15397       0.5906
   15398       0.5255
   15399       0.4834
   15400       0.5590
   15401       0.5327
   15402       0.6522
   15403       0.5135
   15404       0.5244
   15405       0.5593
   15406       0.5522
   15407       0.5347
   15408       0.6000
   15409       0.5405
   15410       0.5366
   15411       0.4968
   15412       0.5526
   15413       0.5234
   15414       0.6119
   15415       0.5695
   15416       0.5465
   15417       0.5811
   15418       0.6583
   15419       0.5911
   15420       0.5435
   15421       0.5946
   15422       0.5066
   15423       0.5286
   15424       0.5544
   15425       0.4940
   15426       0.5050
   15427       0.6115
   15428       0.5810
   15429       0.4970
   15430       0.6170
   15431       0.5199
   15432       0.6720
   15433       0.7293
   15434       0.6952
   15435       0.5016
   15436       0.4864
   15437       0.6566
   15438       0.6972
   15439       0.6405
   15440       0.6069
   15441       0.6528
   15442       0.6424
   15443       0.5938
   15444       0.4844
   15445       0.5602
   15446       0.6425
   15447       0.5856
   15448       0.6900
   15449       0.7679
   15450       0.5623
   15451       0.5849
   15452       0.5974
   15453       0.5626
   15454       0.6084
   15455       0.5940
   15456       0.5564
   15457       0.5466
   15458       0.5846
   15459       0.7060
   15460       0.6554
   15461       0.5267
   15462       0.5724
   15463       0.4994
   15464       0.6038
   15465       0.5254
   15466       0.6799
   15467       0.5879
   15468       0.6694
   15469       0.5838
   15470       0.5842
   15471       0.5134
   15472       0.5648
   15473       0.5432
   15474       0.6079
   15475       0.5221
   15476       0.5758
   15477       0.5506
   15478       0.5447
   15479       0.5580
   15480       0.5968
   15481       0.5124
   15482       0.6085
   15483       0.5104
   15484       0.6872
   15485       0.5300
   15486       0.4865
   15487       0.6800
   15488       0.6899
   15489       0.6341
   15490       0.6498
   15491       0.6001
   15492       0.5977
   15493       0.5405
   15494       0.5764
   15495       0.5836
   15496       0.5872
   15497       0.6410
   15498       0.5764
   15499       0.6167
   15500       0.5120
   15501       0.5212
   15502       0.5730
   15503       0.7029
   15504       0.6101
   15505       0.6350
   15506       0.6348
   15507       0.6749
   15508       0.6952
   15509       0.7172
   15510       0.7242
   15511       0.5803
   15512       0.6127
   15513       0.6269
   15514       0.5654
   15515       0.5760
   15516       0.6757
   15517       0.7495
   15518       0.6218
   15519       0.6922
   15520       0.5203
   15521       0.7436
   15522       0.6761
   15523       0.5894
   15524       0.5449
   15525       0.6074
   15526       0.6424
   15527       0.6773
   15528       0.7145
   15529       0.7191
   15530       0.5983
   15531       0.5851
   15532       0.6088
   15533       0.6627
   15534       0.7402
   15535       0.6533
   15536       0.5529
   15537       0.5070
   15538       0.5999
   15539       0.5622
   15540       0.5215
   15541       0.5961
   15542       0.5923
   15543       0.5534
   15544       0.6268
   15545       0.6727
   15546       0.6825
   15547       0.6564
   15548       0.6320
   15549       0.6100
   15550       0.6512
   15551       0.5459
   15552       0.5598
   15553       0.6017
   15554       0.6093
   15555       0.5553
   15556       0.6047
   15557       0.5309
   15558       0.5828
   15559       0.5469
   15560       0.5867
   15561       0.5743
   15562       0.5175
   15563       0.6047
   15564       0.7337
   15565       0.6421
   15566       0.6501
   15567       0.6308
   15568       0.5880
   15569       0.6467
   15570       0.6573
   15571       0.5419
   15572       0.6761
   15573       0.7181
   15574       0.6006
   15575       0.7371
   15576       0.6236
   15577       0.5101
   15578       0.6002
   15579       0.5467
   15580       0.5520
   15581       0.5635
   15582       0.5945
   15583       0.5041
   15584       0.5248
   15585       0.5259
   15586       0.6165
   15587       0.5896
   15588       0.5778
   15589       0.5472
   15590       0.6043
   15591       0.6082
   15592       0.5256
   15593       0.5261
   15594       0.5974
   15595       0.5052
   15596       0.5407
   15597       0.5822
   15598       0.5900
   15599       0.5266
   15600       0.5538
   15601       0.4923
   15602       0.6268
   15603       0.5611
   15604       0.5510
   15605       0.5606
   15606       0.4782
   15607       0.5685
   15608       0.5878
   15609       0.4727
   15610       0.5847
   15611       0.5709
   15612       0.5758
   15613       0.6210
   15614       0.5363
   15615       0.6176
   15616       0.6588
   15617       0.5718
   15618       0.5631
   15619       0.4936
   15620       0.5320
   15621       0.6150
   15622       0.6299
   15623       0.5334
   15624       0.6451
   15625       0.6648
   15626       0.6209
   15627       0.6767
   15628       0.6328
   15629       0.5967
   15630       0.6325
   15631       0.6481
   15632       0.6518
   15633       0.5481
   15634       0.5770
   15635       0.5532
   15636       0.6510
   15637       0.5799
   15638       0.5686
   15639       0.6491
   15640       0.5482
   15641       0.6351
   15642       0.6349
   15643       0.6199
   15644       0.5878
   15645       0.5994
   15646       0.5471
   15647       0.5466
   15648       0.5286
   15649       0.6618
   15650       0.5783
   15651       0.5871
   15652       0.5323
   15653       0.7504
   15654       0.6180
   15655       0.5522
   15656       0.5902
   15657       0.7708
   15658       0.6174
   15659       0.5464
   15660       0.6146
   15661       0.6234
   15662       0.5281
   15663       0.6996
   15664       0.5226
   15665       0.5341
   15666       0.5666
   15667       0.4899
   15668       0.5525
   15669       0.5487
   15670       0.5744
   15671       0.6302
   15672       0.5316
   15673       0.5403
   15674       0.5194
   15675       0.6256
   15676       0.6122
   15677       0.4993
   15678       0.5434
   15679       0.5755
   15680       0.5497
   15681       0.6259
   15682       0.6089
   15683       0.5797
   15684       0.4982
   15685       0.6074
   15686       0.7245
   15687       0.5425
   15688       0.5448
   15689       0.5524
   15690       0.5480
   15691       0.5544
   15692       0.5838
   15693       0.5812
   15694       0.6000
   15695       0.5844
   15696       0.5053
   15697       0.5439
   15698       0.5314
   15699       0.6849
   15700       0.5271
   15701       0.5161
   15702       0.6354
   15703       0.6018
   15704       0.5422
   15705       0.5737
   15706       0.5861
   15707       0.5621
   15708       0.5660
   15709       0.6768
   15710       0.5121
   15711       0.5174
   15712       0.5761
   15713       0.6458
   15714       0.7687
   15715       0.6157
   15716       0.6281
   15717       0.6717
   15718       0.5623
   15719       0.6422
   15720       0.5835
   15721       0.5844
   15722       0.5067
   15723       0.6127
   15724       0.5575
   15725       0.6137
   15726       0.6448
   15727       0.5450
   15728       0.5208
   15729       0.5598
   15730       0.5251
   15731       0.5747
   15732       0.6798
   15733       0.5602
   15734       0.5655
   15735       0.5724
   15736       0.4688
   15737       0.5187
   15738       0.6244
   15739       0.7034
   15740       0.6368
   15741       0.6388
   15742       0.5416
   15743       0.6551
   15744       0.6112
   15745       0.6055
   15746       0.5377
   15747       0.6413
   15748       0.5089
   15749       0.4941
   15750       0.5324
   15751       0.5396
   15752       0.5238
   15753       0.5933
   15754       0.5296
   15755       0.6349
   15756       0.5657
   15757       0.4813
   15758       0.5567
   15759       0.5011
   15760       0.5979
   15761       0.5435
   15762       0.4890
   15763       0.6658
   15764       0.4977
   15765       0.5502
   15766       0.6152
   15767       0.5142
   15768       0.5527
   15769       0.6489
   15770       0.7104
   15771       0.5760
   15772       0.6238
   15773       0.6572
   15774       0.6293
   15775       0.6404
   15776       0.7088
   15777       0.5205
   15778       0.6264
   15779       0.6091
   15780       0.5065
   15781       0.5587
   15782       0.5994
   15783       0.5290
   15784       0.5717
   15785       0.5068
   15786       0.6068
   15787       0.5630
   15788       0.5679
   15789       0.6246
   15790       0.5880
   15791       0.6959
   15792       0.6014
   15793       0.5482
   15794       0.5331
   15795       0.5876
   15796       0.6687
   15797       0.5605
   15798       0.6495
   15799       0.5560
   15800       0.4908
   15801       0.5609
   15802       0.4762
   15803       0.6529
   15804       0.5844
   15805       0.5803
   15806       0.5912
   15807       0.5315
   15808       0.5376
   15809       0.5903
   15810       0.5695
   15811       0.6388
   15812       0.5506
   15813       0.5524
   15814       0.6135
   15815       0.5569
   15816       0.6289
   15817       0.5445
   15818       0.5697
   15819       0.5713
   15820       0.5985
   15821       0.6597
   15822       0.5146
   15823       0.5178
   15824       0.5665
   15825       0.6171
   15826       0.5875
   15827       0.5870
   15828       0.5470
   15829       0.5972
   15830       0.5488
   15831       0.5256
   15832       0.4964
   15833       0.5621
   15834       0.5081
   15835       0.7105
   15836       0.7884
   15837       0.6724
   15838       0.5652
   15839       0.6149
   15840       0.5277
   15841       0.6072
   15842       0.6609
   15843       0.6757
   15844       0.6108
   15845       0.5937
   15846       0.6004
   15847       0.5663
   15848       0.6625
   15849       0.6968
   15850       0.6621
   15851       0.4787
   15852       0.5223
   15853       0.5877
   15854       0.6500
   15855       0.6523
   15856       0.5121
   15857       0.5445
   15858       0.5199
   15859       0.5958
   15860       0.5858
   15861       0.5463
   15862       0.5384
   15863       0.4732
   15864       0.6546
   15865       0.7328
   15866       0.7764
   15867       0.6723
   15868       0.8501
   15869       0.7048
   15870       0.6664
   15871       0.5571
   15872       0.7335
   15873       0.6675
   15874       0.6992
   15875       0.7787
   15876       0.7393
   15877       0.6459
   15878       0.7100
   15879       0.5576
   15880       0.7926
   15881       0.7464
   15882       0.6593
   15883       0.7172
   15884       0.7666
   15885       0.6186
   15886       0.7058
   15887       0.7114
   15888       0.6699
   15889       0.7214
   15890       0.9563
   15891       0.6832
   15892       0.6294
   15893       0.6951
   15894       0.7298
   15895       0.6489
   15896       0.5919
   15897       0.6971
   15898       0.6433
   15899       0.6058
   15900       0.5453
   15901       0.6180
   15902       0.6529
   15903       0.6104
   15904       0.6152
   15905       0.7260
   15906       0.5953
   15907       0.5922
   15908       0.6153
   15909       0.6993
   15910       0.7436
   15911       0.6574
   15912       0.5577
   15913       0.7424
   15914       0.5855
   15915       0.6420
   15916       0.5565
   15917       0.6012
   15918       0.5936
   15919       0.6325
   15920       0.6508
   15921       0.6659
   15922       0.5955
   15923       0.5958
   15924       0.5176
   15925       0.5976
   15926       0.6386
   15927       0.5723
   15928       0.5755
   15929       0.4832
   15930       0.5565
   15931       0.5723
   15932       0.5842
   15933       0.5272
   15934       0.6215
   15935       0.5510
   15936       0.4987
   15937       0.5744
   15938       0.5692
   15939       0.6303
   15940       0.6166
   15941       0.5866
   15942       0.5853
   15943       0.6318
   15944       0.5996
   15945       0.5989
   15946       0.4926
   15947       0.6329
   15948       0.6145
   15949       0.6092
   15950       0.6022
   15951       0.5915
   15952       0.5679
   15953       0.5111
   15954       0.7709
   15955       0.6676
   15956       0.5723
   15957       0.6210
   15958       0.5984
   15959       0.7603
   15960       0.6151
   15961       0.6016
   15962       0.6389
   15963       0.5469
   15964       0.6606
   15965       0.7494
   15966       0.6190
   15967       0.6247
   15968       0.7086
   15969       0.6656
   15970       0.6822
   15971       0.6920
   15972       0.7174
   15973       0.5872
   15974       0.6447
   15975       0.5254
   15976       0.6110
   15977       0.5708
   15978       0.6158
   15979       0.5724
   15980       0.5195
   15981       0.5060
   15982       0.6751
   15983       0.6311
   15984       0.5720
   15985       0.5855
   15986       0.5685
   15987       0.5440
   15988       0.6434
   15989       0.5041
   15990       0.6181
   15991       0.6873
   15992       0.7002
   15993       0.5975
   15994       0.5818
   15995       0.5325
   15996       0.5481
   15997       0.6019
   15998       0.5632
   15999       0.6115
   16000       0.6485
   16001       0.5734
   16002       0.6210
   16003       0.6639
   16004       0.6598
   16005       0.5955
   16006       0.5724
   16007       0.6154
   16008       0.4913
   16009       0.6207
   16010       0.5759
   16011       0.6192
   16012       0.6124
   16013       0.6009
   16014       0.5937
   16015       0.6662
   16016       0.6239
   16017       0.6363
   16018       0.6243
   16019       0.5267
   16020       0.6160
   16021       0.7090
   16022       0.6822
   16023       0.6489
   16024       0.6086
   16025       0.6871
   16026       0.6809
   16027       0.6613
   16028       0.5587
   16029       0.5320
   16030       0.6175
   16031       0.6345
   16032       0.5552
   16033       0.5996
   16034       0.5995
   16035       0.6004
   16036       0.5848
   16037       0.7273
   16038       0.5567
   16039       0.6113
   16040       0.5888
   16041       0.6378
   16042       0.6586
   16043       0.6999
   16044       0.6151
   16045       0.6228
   16046       0.6152
   16047       0.5874
   16048       0.5861
   16049       0.6254
   16050       0.6890
   16051       0.6866
   16052       0.6590
   16053       0.5655
   16054       0.5483
   16055       0.5217
   16056       0.5003
   16057       0.6070
   16058       0.6339
   16059       0.5292
   16060       0.6344
   16061       0.6201
   16062       0.5614
   16063       0.6194
   16064       0.6913
   16065       0.6294
   16066       0.5748
   16067       0.5671
   16068       0.7068
   16069       0.7968
   16070       0.5879
   16071       0.6675
   16072       0.6118
   16073       0.5957
   16074       0.6351
   16075       0.6404
   16076       0.5711
   16077       0.6432
   16078       0.6290
   16079       0.6045
   16080       0.6783
   16081       0.7075
   16082       0.7075
   16083       0.7068
   16084       0.5893
   16085       0.5815
   16086       0.6139
   16087       0.5657
   16088       0.5947
   16089       0.7386
   16090       0.6755
   16091       0.6602
   16092       0.8130
   16093       0.7470
   16094       0.8010
   16095       0.7225
   16096       0.7708
   16097       0.7463
   16098       0.6381
   16099       0.7278
   16100       0.7673
   16101       0.7742
   16102       0.6791
   16103       0.6640
   16104       0.7206
   16105       0.7943
   16106       0.6537
   16107       0.8457
   16108       0.7518
   16109       0.7203
   16110       0.8218
   16111       0.8631
   16112       0.8296
   16113       0.9175
   16114       0.8269
   16115       0.9379
   16116       0.9592
   16117       0.8591
   16118       0.8683
   16119       0.7082
   16120       0.8470
   16121       0.9156
   16122       0.7883
   16123       0.8999
   16124       0.7751
   16125       0.9249
   16126       0.7795
   16127       0.8265
   16128       0.8568
   16129       0.8568
   16130       0.7191
   16131       0.7656
   16132       0.6482
   16133       0.6526
   16134       0.8426
   16135       0.7377
   16136       0.6978
   16137       0.8075
   16138       0.8944
   16139       0.9536
   16140       0.8181
   16141       0.8911
   16142       0.8705
   16143       1.0705
   16144       0.7518
   16145       0.7791
   16146       0.7883
   16147       0.8044
   16148       0.9005
   16149       0.7533
   16150       0.7061
   16151       0.6023
   16152       0.7163
   16153       0.7574
   16154       0.9053
   16155       0.8115
   16156       0.7294
   16157       0.6515
   16158       0.6354
   16159       0.6638
   16160       0.5546
   16161       0.6025
   16162       0.5829
   16163       0.6592
   16164       0.6439
   16165       0.6421
   16166       0.6121
   16167       0.6947
   16168       0.7163
   16169       0.6214
   16170       0.6365
   16171       0.5947
   16172       0.6136
   16173       0.6361
   16174       0.5998
   16175       0.7404
   16176       0.7384
   16177       0.6762
   16178       0.6379
   16179       0.6460
   16180       0.6211
   16181       0.6182
   16182       0.6174
   16183       0.6567
   16184       0.7498
   16185       0.7076
   16186       0.6949
   16187       0.7021
   16188       0.6566
   16189       0.5916
   16190       0.6241
   16191       0.6560
   16192       0.6167
   16193       0.6019
   16194       0.6006
   16195       0.5644
   16196       0.5782
   16197       0.6318
   16198       0.6025
   16199       0.7036
   16200       0.7701
   16201       0.6014
   16202       0.5607
   16203       0.5700
   16204       0.6504
   16205       0.7379
   16206       0.7041
   16207       0.6809
   16208       0.5857
   16209       0.6011
   16210       0.5271
   16211       0.5790
   16212       0.6934
   16213       0.7002
   16214       0.8149
   16215       0.6397
   16216       0.6609
   16217       0.6086
   16218       0.6588
   16219       0.7430
   16220       0.6589
   16221       0.7251
   16222       0.8490
   16223       0.8873
   16224       0.7504
   16225       0.8155
   16226       0.7770
   16227       0.6680
   16228       0.7182
   16229       0.6384
   16230       0.7002
   16231       0.7678
   16232       0.8715
   16233       0.6509
   16234       0.6099
   16235       0.7960
   16236       0.7070
   16237       0.6795
   16238       0.6378
   16239       0.6228
   16240       0.7348
   16241       0.6084
   16242       0.6136
   16243       0.5476
   16244       0.5261
   16245       0.6651
   16246       0.4859
   16247       0.5420
   16248       0.6633
   16249       0.7528
   16250       0.5090
   16251       0.5415
   16252       0.5979
   16253       0.5948
   16254       0.6699
   16255       0.6412
   16256       0.5106
   16257       0.5100
   16258       0.5817
   16259       0.5719
   16260       0.6423
   16261       0.5561
   16262       0.5806
   16263       0.5518
   16264       0.6427
   16265       0.6275
   16266       0.5631
   16267       0.5922
   16268       0.5905
   16269       0.5427
   16270       0.7547
   16271       0.6086
   16272       0.5837
   16273       0.6996
   16274       0.5961
   16275       0.5836
   16276       0.6532
   16277       0.5951
   16278       0.6097
   16279       0.6286
   16280       0.5442
   16281       0.5661
   16282       0.6005
   16283       0.5579
   16284       0.6292
   16285       0.6218
   16286       0.6247
   16287       0.8013
   16288       0.6270
   16289       0.6045
   16290       0.6504
   16291       0.5660
   16292       0.6921
   16293       0.6326
   16294       0.6393
   16295       0.6640
   16296       0.6141
   16297       0.6665
   16298       0.5742
   16299       0.6101
   16300       0.5996
   16301       0.5911
   16302       0.5861
   16303       0.6049
   16304       0.5309
   16305       0.5297
   16306       0.6536
   16307       0.6134
   16308       0.6245
   16309       0.6485
   16310       0.5437
   16311       0.6974
   16312       0.6089
   16313       0.6939
   16314       0.5685
   16315       0.5667
   16316       0.5215
   16317       0.5201
   16318       0.5631
   16319       0.5722
   16320       0.5325
   16321       0.5655
   16322       0.5466
   16323       0.6759
   16324       0.6187
   16325       0.6866
   16326       0.5997
   16327       0.6450
   16328       0.6282
   16329       0.5887
   16330       0.6185
   16331       0.6275
   16332       0.6047
   16333       0.7112
   16334       0.6656
   16335       0.6557
   16336       0.6818
   16337       0.6985
   16338       0.5720
   16339       0.5781
   16340       0.6554
   16341       0.7110
   16342       0.5644
   16343       0.6643
   16344       0.6064
   16345       0.6607
   16346       0.6654
   16347       0.7627
   16348       0.5763
   16349       0.6168
   16350       0.5842
   16351       0.6385
   16352       0.5966
   16353       0.5562
   16354       0.5983
   16355       0.6785
   16356       0.7430
   16357       0.6611
   16358       0.6046
   16359       0.6761
   16360       0.6458
   16361       0.5865
   16362       0.6164
   16363       0.6467
   16364       0.6613
   16365       0.5666
   16366       0.7051
   16367       0.6723
   16368       0.6821
   16369       0.6380
   16370       0.6744
   16371       0.6981
   16372       0.7148
   16373       0.6476
   16374       0.6710
   16375       0.6165
   16376       0.6494
   16377       0.6992
   16378       0.6913
   16379       0.6168
   16380       0.5776
   16381       0.5936
   16382       0.5867
   16383       0.5709
   16384       0.6922
   16385       0.7311
   16386       0.5968
   16387       0.6320
   16388       0.6236
   16389       0.6156
   16390       0.6275
   16391       0.6582
   16392       0.6840
   16393       0.6400
   16394       0.6242
   16395       0.6071
   16396       0.6577
   16397       0.7201
   16398       0.7077
   16399       0.6678
   16400       0.7498
   16401       0.7447
   16402       0.5903
   16403       0.6545
   16404       0.6833
   16405       0.7064
   16406       0.6101
   16407       0.6480
   16408       0.5851
   16409       0.7330
   16410       0.7575
   16411       0.6872
   16412       0.6177
   16413       0.6662
   16414       0.6739
   16415       0.6129
   16416       0.6509
   16417       0.5930
   16418       0.5696
   16419       0.7029
   16420       0.6597
   16421       0.5863
   16422       0.7027
   16423       0.6194
   16424       0.6043
   16425       0.6188
   16426       0.6224
   16427       0.6286
   16428       0.6731
   16429       0.6297
   16430       0.6379
   16431       0.5875
   16432       0.6450
   16433       0.6178
   16434       0.6718
   16435       0.7183
   16436       0.6315
   16437       0.6030
   16438       0.6383
   16439       0.6745
   16440       0.6993
   16441       0.7388
   16442       0.5938
   16443       0.6251
   16444       0.6774
   16445       0.7726
   16446       0.8083
   16447       0.6606
   16448       0.6218
   16449       0.6086
   16450       0.6268
   16451       0.6361
   16452       0.6271
   16453       0.7153
   16454       0.6295
   16455       0.6004
   16456       0.6362
   16457       0.6517
   16458       0.6949
   16459       0.7268
   16460       0.7759
   16461       0.6367
   16462       0.6396
   16463       0.6571
   16464       0.6826
   16465       0.6857
   16466       0.8435
   16467       0.8268
   16468       0.6714
   16469       0.7500
   16470       0.6523
   16471       0.6381
   16472       0.7207
   16473       0.6257
   16474       0.6858
   16475       0.6814
   16476       0.6188
   16477       0.6894
   16478       0.6050
   16479       0.5481
   16480       0.7395
   16481       0.6789
   16482       0.7403
   16483       0.8525
   16484       0.7225
   16485       0.7355
   16486       0.6606
   16487       0.7122
   16488       0.7660
   16489       0.8082
   16490       0.6742
   16491       0.7846
   16492       0.6775
   16493       0.7454
   16494       0.7509
   16495       0.7857
   16496       0.8097
   16497       0.7004
   16498       0.8088
   16499       0.7583
   16500       0.7907
   16501       0.6317
   16502       0.6986
   16503       0.6312
   16504       0.6147
   16505       0.5741
   16506       0.6034
   16507       0.6627
   16508       0.6018
   16509       0.5535
   16510       0.6206
   16511       0.5550
   16512       0.5883
   16513       0.6239
   16514       0.6646
   16515       0.6167
   16516       0.5614
   16517       0.6251
   16518       0.6929
   16519       0.5733
   16520       0.6070
   16521       0.6471
   16522       0.8016
   16523       0.6271
   16524       0.7161
   16525       0.6188
   16526       0.5648
   16527       0.6266
   16528       0.7394
   16529       0.6401
   16530       0.5635
   16531       0.6568
   16532       0.6357
   16533       0.6236
   16534       0.6115
   16535       0.5764
   16536       0.6408
   16537       0.6357
   16538       0.6333
   16539       0.5681
   16540       0.6303
   16541       0.6520
   16542       0.6252
   16543       0.6461
   16544       0.5886
   16545       0.6876
   16546       0.6428
   16547       0.6637
   16548       0.6186
   16549       0.6692
   16550       0.7334
   16551       0.6715
   16552       0.6333
   16553       0.7271
   16554       0.5839
   16555       0.5770
   16556       0.5847
   16557       0.6141
   16558       0.6399
   16559       0.7248
   16560       0.6647
   16561       0.7511
   16562       0.6065
   16563       0.6653
   16564       0.7021
   16565       0.6239
   16566       0.6379
   16567       0.6972
   16568       0.6456
   16569       0.7095
   16570       0.6177
   16571       0.6768
   16572       0.5935
   16573       0.6868
   16574       0.7148
   16575       0.6996
   16576       0.6745
   16577       0.6161
   16578       0.6575
   16579       0.6852
   16580       0.8099
   16581       0.7022
   16582       0.6491
   16583       0.7678
   16584       0.5948
   16585       0.7370
   16586       0.6223
   16587       0.7045
   16588       0.7168
   16589       0.6358
   16590       0.7185
   16591       0.6750
   16592       0.7507
   16593       0.7043
   16594       0.6677
   16595       0.7102
   16596       0.6074
   16597       0.5628
   16598       0.6947
   16599       0.6990
   16600       0.7034
   16601       0.7369
   16602       0.7205
   16603       0.7700
   16604       0.6827
   16605       0.7339
   16606       0.7170
   16607       0.7408
   16608       0.6985
   16609       0.6682
   16610       0.8017
   16611       0.6953
   16612       0.7823
   16613       0.7978
   16614       0.7455
   16615       0.7777
   16616       0.8187
   16617       0.7340
   16618       0.8104
   16619       0.7628
   16620       0.7863
   16621       0.8122
   16622       0.8172
   16623       0.7895
   16624       0.7704
   16625       0.7793
   16626       0.8990
   16627       0.7585
   16628       0.9144
   16629       0.7677
   16630       0.8488
   16631       0.7928
   16632       0.7844
   16633       0.8115
   16634       0.7146
   16635       0.8318
   16636       0.8094
   16637       0.8110
   16638       0.7720
   16639       0.8927
   16640       0.8127
   16641       0.7703
   16642       0.7666
   16643       0.7251
   16644       0.7735
   16645       0.8349
   16646       0.9771
   16647       0.9313
   16648       0.7524
   16649       0.7491
   16650       0.7977
   16651       0.7314
   16652       0.7457
   16653       0.6797
   16654       0.6440
   16655       0.6876
   16656       0.7576
   16657       0.7732
   16658       0.7235
   16659       0.6994
   16660       0.6738
   16661       0.7074
   16662       0.6401
   16663       0.6446
   16664       0.7799
   16665       0.7462
   16666       0.8689
   16667       0.6611
   16668       0.7359
   16669       0.7435
   16670       0.7263
   16671       0.7582
   16672       0.7206
   16673       0.6535
   16674       0.6300
   16675       0.7195
   16676       0.6025
   16677       0.6856
   16678       0.6549
   16679       0.7776
   16680       0.7359
   16681       0.7370
   16682       0.6603
   16683       0.8170
   16684       0.8962
   16685       0.6734
   16686       0.6189
   16687       0.6119
   16688       0.6577
   16689       0.6082
   16690       0.7516
   16691       0.8080
   16692       0.5888
   16693       0.6316
   16694       0.7047
   16695       0.7506
   16696       0.7677
   16697       0.8399
   16698       0.8334
   16699       0.6875
   16700       0.6471
   16701       0.6853
   16702       0.7566
   16703       0.7717
   16704       0.7771
   16705       0.8585
   16706       0.6054
   16707       0.7197
   16708       0.6675
   16709       0.6621
   16710       0.7889
   16711       0.6417
   16712       0.7806
   16713       0.7156
   16714       0.7883
   16715       0.7431
   16716       0.7090
   16717       0.8806
   16718       0.9015
   16719       0.7316
   16720       0.8294
   16721       0.9457
   16722       0.8544
   16723       0.7663
   16724       0.7818
   16725       0.7318
   16726       0.7963
   16727       0.8411
   16728       0.7310
   16729       0.7424
   16730       0.7651
   16731       0.7100
   16732       0.6228
   16733       0.6877
   16734       0.7631
   16735       0.7993
   16736       0.7230
   16737       0.8062
   16738       0.6947
   16739       0.7170
   16740       0.7895
   16741       0.6922
   16742       0.7618
   16743       0.7425
   16744       0.8286
   16745       0.8165
   16746       0.8679
   16747       0.8172
   16748       0.6960
   16749       0.6470
   16750       0.7606
   16751       0.6321
   16752       0.7078
   16753       0.7793
   16754       0.6653
   16755       0.6161
   16756       0.6618
   16757       0.6904
   16758       0.7142
   16759       0.5757
   16760       0.6453
   16761       0.6772
   16762       0.7295
   16763       0.7552
   16764       0.7821
   16765       0.6460
   16766       0.6029
   16767       0.6057
   16768       0.7347
   16769       0.7356
   16770       0.7226
   16771       0.7644
   16772       0.7093
   16773       0.7496
   16774       0.7230
   16775       0.7262
   16776       0.6632
   16777       0.6393
   16778       0.7508
   16779       0.8207
   16780       0.6676
   16781       0.7124
   16782       0.7038
   16783       0.6536
   16784       0.6263
   16785       0.6781
   16786       0.7718
   16787       0.7571
   16788       0.7209
   16789       0.7679
   16790       0.7244
   16791       0.6056
   16792       0.6986
   16793       0.7599
   16794       0.6040
   16795       0.7231
   16796       0.6455
   16797       0.7448
   16798       0.7112
   16799       0.7361
   16800       0.7045
   16801       0.5867
   16802       0.6792
   16803       0.6676
   16804       0.6428
   16805       0.6828
   16806       0.6132
   16807       0.7230
   16808       0.7204
   16809       0.7781
   16810       0.8344
   16811       0.7138
   16812       0.6936
   16813       0.6944
   16814       0.7488
   16815       0.7142
   16816       0.6870
   16817       0.7239
   16818       0.6670
   16819       0.5428
   16820       0.6542
   16821       0.6605
   16822       0.6225
   16823       0.5947
   16824       0.7098
   16825       0.6274
   16826       0.6121
   16827       0.6280
   16828       0.5916
   16829       0.6656
   16830       0.6686
   16831       0.7181
   16832       0.6754
   16833       0.6173
   16834       0.6656
   16835       0.6600
   16836       0.6516
   16837       0.6167
   16838       0.5858
   16839       0.6299
   16840       0.5587
   16841       0.6452
   16842       0.6428
   16843       0.7577
   16844       0.6699
   16845       0.6428
   16846       0.6397
   16847       0.6460
   16848       0.7186
   16849       0.5787
   16850       0.6587
   16851       0.6611
   16852       0.7706
   16853       0.6595
   16854       0.6792
   16855       0.7091
   16856       0.6622
   16857       0.7159
   16858       0.7520
   16859       0.8036
   16860       0.7651
   16861       0.7873
   16862       0.8886
   16863       0.8253
   16864       0.7189
   16865       0.7736
   16866       0.8696
   16867       0.7960
   16868       0.8302
   16869       0.8446
   16870       0.9222
   16871       0.7922
   16872       0.8327
   16873       0.8575
   16874       0.8536
   16875       0.8558
   16876       0.9137
   16877       0.8549
   16878       0.9135
   16879       0.7655
   16880       0.8045
   16881       0.7836
   16882       0.7648
   16883       0.7392
   16884       0.9668
   16885       0.8370
   16886       0.8734
   16887       0.7069
   16888       0.8553
   16889       0.8069
   16890       0.7232
   16891       0.9561
   16892       0.7972
   16893       0.8933
   16894       0.8130
   16895       0.7994
   16896       0.7561
   16897       0.8805
   16898       0.8944
   16899       0.9113
   16900       0.9443
   16901       0.8452
   16902       0.7784
   16903       0.7517
   16904       0.9220
   16905       0.8370
   16906       0.8679
   16907       0.8267
   16908       0.6505
   16909       0.8461
   16910       0.9206
   16911       0.7510
   16912       0.6164
   16913       0.7017
   16914       0.6113
   16915       0.6983
   16916       0.7221
   16917       0.7605
   16918       0.7273
   16919       0.8133
   16920       0.9714
   16921       0.7668
   16922       0.7938
   16923       0.9504
   16924       0.9060
   16925       0.9308
   16926       0.8246
   16927       0.8327
   16928       0.9556
   16929       0.8872
   16930       0.8104
   16931       0.8334
   16932       0.9010
   16933       0.8013
   16934       0.8367
   16935       0.7764
   16936       0.7634
   16937       0.9117
   16938       0.8338
   16939       0.7847
   16940       0.7625
   16941       0.7656
   16942       0.7628
   16943       0.8175
   16944       0.7761
   16945       0.7911
   16946       0.7364
   16947       0.7395
   16948       0.8285
   16949       0.6871
   16950       0.6933
   16951       0.6309
   16952       0.6773
   16953       0.7444
   16954       0.6829
   16955       0.7803
   16956       0.7957
   16957       0.7466
   16958       0.7561
   16959       0.7160
   16960       0.6353
   16961       0.6658
   16962       0.7039
   16963       0.6768
   16964       0.6879
   16965       0.6418
   16966       0.7284
   16967       0.7342
   16968       0.7850
   16969       0.8170
   16970       0.7943
   16971       0.8533
   16972       0.8674
   16973       0.7928
   16974       0.8805
   16975       0.8508
   16976       0.7558
   16977       0.8610
   16978       0.8091
   16979       0.7690
   16980       0.8376
   16981       0.8138
   16982       0.7962
   16983       0.8121
   16984       0.8012
   16985       0.9589
   16986       0.8597
   16987       0.9258
   16988       0.9399
   16989       0.8376
   16990       0.8636
   16991       0.7345
   16992       0.8481
   16993       0.8272
   16994       0.7693
   16995       0.7243
   16996       0.8058
   16997       0.7099
   16998       0.8396
   16999       0.8048
   17000       0.7638
   17001       0.7893
   17002       0.7322
   17003       0.8124
   17004       0.7430
   17005       0.7647
   17006       0.8017
   17007       0.8290
   17008       0.7879
   17009       0.7552
   17010       0.8328
   17011       0.7777
   17012       0.7890
   17013       0.8007
   17014       0.8019
   17015       0.7996
   17016       0.8458
   17017       0.7896
   17018       0.7920
   17019       0.7832
   17020       0.7889
   17021       0.8462
   17022       0.8940
   17023       0.7473
   17024       0.8245
   17025       0.8538
   17026       0.8997
   17027       0.8459
   17028       0.9018
   17029       0.8059
   17030       0.8358
   17031       0.8916
   17032       0.8192
   17033       0.8033
   17034       0.7889
   17035       0.8061
   17036       0.7715
   17037       0.7919
   17038       0.9294
   17039       0.8697
   17040       0.6988
   17041       0.8475
   17042       0.8835
   17043       0.9903
   17044       0.8858
   17045       0.9756
   17046       0.9307
   17047       1.0650
   17048       1.0335
   17049       1.1075
   17050       1.0689
   17051       1.1387
   17052       1.1487
   17053       0.9241
   17054       0.8913
   17055       0.8765
   17056       1.0101
   17057       0.9059
   17058       0.8892
   17059       0.9473
   17060       0.9054
   17061       0.6725
   17062       0.7781
   17063       0.7169
   17064       0.7479
   17065       0.7056
   17066       0.7579
   17067       0.7259
   17068       0.7556
   17069       0.7322
   17070       0.7700
   17071       0.7097
   17072       0.7441
   17073       0.6567
   17074       0.6768
   17075       0.6947
   17076       0.7013
   17077       0.6864
   17078       0.7736
   17079       0.7672
   17080       0.6254
   17081       0.6510
   17082       0.6456
   17083       0.6465
   17084       0.6410
   17085       0.6620
   17086       0.6341
   17087       0.6939
   17088       0.6644
   17089       0.7192
   17090       0.6368
   17091       0.7494
   17092       0.6824
   17093       0.6885
   17094       0.6735
   17095       0.6499
   17096       0.6201
   17097       0.6859
   17098       0.7449
   17099       0.6728
   17100       0.7567
   17101       0.6179
   17102       0.6849
   17103       0.6856
   17104       0.6483
   17105       0.7186
   17106       0.7358
   17107       0.6419
   17108       0.7401
   17109       0.6548
   17110       0.6842
   17111       0.8241
   17112       0.7401
   17113       0.7235
   17114       0.6772
   17115       0.8167
   17116       0.8001
   17117       0.7299
   17118       0.6688
   17119       0.7502
   17120       0.7182
   17121       0.7303
   17122       0.6503
   17123       0.7755
   17124       0.8040
   17125       0.6685
   17126       0.7066
   17127       0.6315
   17128       0.7735
   17129       0.7447
   17130       0.6822
   17131       0.7513
   17132       0.6776
   17133       0.6404
   17134       0.8129
   17135       0.7126
   17136       0.7272
   17137       0.7589
   17138       0.6709
   17139       0.7067
   17140       0.8283
   17141       0.7434
   17142       0.7063
   17143       0.7733
   17144       0.7202
   17145       0.7352
   17146       0.7221
   17147       0.6796
   17148       0.8375
   17149       0.6402
   17150       0.6389
   17151       0.6973
   17152       0.7494
   17153       0.6971
   17154       0.7538
   17155       0.6694
   17156       0.6581
   17157       0.7353
   17158       0.7186
   17159       0.6505
   17160       0.6881
   17161       0.8583
   17162       0.8043
   17163       0.7911
   17164       0.6971
   17165       0.8030
   17166       0.8447
   17167       0.8262
   17168       0.7211
   17169       0.6466
   17170       0.8096
   17171       0.7326
   17172       0.7429
   17173       0.7332
   17174       0.7570
   17175       0.8151
   17176       0.7852
   17177       0.7324
   17178       0.7644
   17179       0.9525
   17180       0.8905
   17181       0.7887
   17182       0.7064
   17183       0.8678
   17184       0.6855
   17185       0.7440
   17186       0.6982
   17187       0.7564
   17188       0.6744
   17189       0.8914
   17190       0.6831
   17191       0.7443
   17192       0.6954
   17193       0.6973
   17194       0.6656
   17195       0.7916
   17196       0.7599
   17197       0.7900
   17198       0.7561
   17199       0.6571
   17200       0.6609
   17201       0.6569
   17202       0.5764
   17203       0.6734
   17204       0.6292
   17205       0.7692
   17206       0.7461
   17207       0.6934
   17208       0.6758
   17209       0.8801
   17210       0.7964
   17211       0.7398
   17212       0.7678
   17213       0.7404
   17214       0.8352
   17215       0.7401
   17216       0.6437
   17217       0.8145
   17218       0.8025
   17219       0.6949
   17220       0.6643
   17221       0.6947
   17222       0.6243
   17223       0.7365
   17224       0.6109
   17225       0.7355
   17226       0.7434
   17227       0.8214
   17228       0.8346
   17229       0.6997
   17230       0.7840
   17231       0.6454
   17232       0.7654
   17233       0.6827
   17234       0.7403
   17235       0.6837
   17236       0.6453
   17237       0.7491
   17238       0.6277
   17239       0.7250
   17240       0.7168
   17241       0.8520
   17242       0.9116
   17243       0.7035
   17244       0.6843
   17245       0.7809
   17246       0.6818
   17247       0.8292
   17248       0.7566
   17249       0.7565
   17250       0.7889
   17251       0.7881
   17252       0.8974
   17253       0.7348
   17254       0.9193
   17255       0.8127
   17256       0.8167
   17257       0.8673
   17258       0.8252
   17259       0.7391
   17260       0.6882
   17261       0.6939
   17262       0.6411
   17263       0.7402
   17264       0.6207
   17265       0.6941
   17266       0.7801
   17267       0.7441
   17268       0.6223
   17269       0.6484
   17270       0.8065
   17271       0.6869
   17272       0.7187
   17273       0.7348
   17274       0.7572
   17275       0.7677
   17276       0.7311
   17277       0.7462
   17278       0.7617
   17279       0.8706
   17280       0.7483
   17281       0.6736
   17282       0.6998
   17283       0.7936
   17284       0.8313
   17285       0.6662
   17286       0.6596
   17287       0.7451
   17288       0.6703
   17289       0.6293
   17290       0.6988
   17291       0.6776
   17292       0.7869
   17293       0.6915
   17294       0.7981
   17295       0.7947
   17296       0.8352
   17297       0.7894
   17298       0.8242
   17299       0.6056
   17300       0.7279
   17301       0.7031
   17302       0.6872
   17303       0.6747
   17304       0.6461
   17305       0.6219
   17306       0.6240
   17307       0.7157
   17308       0.6599
   17309       0.6430
   17310       0.6874
   17311       0.6597
   17312       0.7090
   17313       0.6220
   17314       0.7826
   17315       0.7767
   17316       0.8099
   17317       0.7313
   17318       0.6747
   17319       0.6758
   17320       0.6511
   17321       0.7000
   17322       0.8119
   17323       0.6398
   17324       0.6996
   17325       0.6845
   17326       0.6280
   17327       0.6148
   17328       0.8039
   17329       0.6312
   17330       0.8084
   17331       0.8639
   17332       0.8116
   17333       0.6750
   17334       0.6698
   17335       0.6598
   17336       0.6055
   17337       0.7133
   17338       0.5649
   17339       0.7106
   17340       0.6582
   17341       0.8377
   17342       0.6868
   17343       0.7533
   17344       0.7122
   17345       0.6306
   17346       0.7522
   17347       0.6649
   17348       0.7503
   17349       0.6114
   17350       0.6816
   17351       0.7402
   17352       0.7529
   17353       0.6380
   17354       0.7291
   17355       0.7085
   17356       0.6657
   17357       0.6625
   17358       0.7381
   17359       0.7081
   17360       0.6538
   17361       0.7699
   17362       0.7752
   17363       0.7200
   17364       0.7794
   17365       0.8382
   17366       0.7692
   17367       0.8314
   17368       0.6943
   17369       0.7787
   17370       0.7249
   17371       0.7447
   17372       0.8056
   17373       0.7327
   17374       0.9591
   17375       0.8005
   17376       0.8381
   17377       0.9045
   17378       0.8548
   17379       0.8770
   17380       0.7659
   17381       0.7823
   17382       0.8012
   17383       0.7992
   17384       0.7950
   17385       0.7329
   17386       0.7114
   17387       0.7717
   17388       0.7300
   17389       0.6879
   17390       0.7066
   17391       0.7294
   17392       0.7631
   17393       0.8077
   17394       0.6774
   17395       0.6812
   17396       0.7735
   17397       0.6486
   17398       0.7299
   17399       0.7271
   17400       0.8447
   17401       0.7798
   17402       0.7116
   17403       0.6466
   17404       0.8005
   17405       0.6985
   17406       0.7030
   17407       0.6646
   17408       0.6553
   17409       0.7794
   17410       0.8155
   17411       0.6828
   17412       0.7514
   17413       0.6354
   17414       0.7498
   17415       0.6722
   17416       0.7406
   17417       0.6109
   17418       0.7098
   17419       0.6142
   17420       0.6104
   17421       0.6527
   17422       0.6212
   17423       0.6462
   17424       0.6650
   17425       0.7380
   17426       0.6656
   17427       0.6564
   17428       0.6515
   17429       0.6339
   17430       0.8194
   17431       0.7616
   17432       0.7287
   17433       0.7276
   17434       0.7878
   17435       0.7701
   17436       0.6279
   17437       0.6967
   17438       0.7795
   17439       0.7961
   17440       0.6824
   17441       0.6700
   17442       0.7072
   17443       0.7645
   17444       0.6577
   17445       0.6662
   17446       0.6408
   17447       0.7572
   17448       0.6580
   17449       0.6580
   17450       0.6999
   17451       0.6752
   17452       0.6620
   17453       0.7189
   17454       0.7024
   17455       0.6545
   17456       0.7825
   17457       0.7557
   17458       0.8294
   17459       0.9219
   17460       0.8010
   17461       0.7124
   17462       0.6472
   17463       0.6105
   17464       0.6401
   17465       0.6087
   17466       0.6214
   17467       0.6090
   17468       0.5952
   17469       0.6910
   17470       0.7157
   17471       0.6271
   17472       0.6362
   17473       0.6180
   17474       0.6148
   17475       0.6209
   17476       0.7228
   17477       0.7048
   17478       0.7585
   17479       0.6573
   17480       0.6420
   17481       0.6243
   17482       0.7955
   17483       0.7843
   17484       0.7497
   17485       0.6924
   17486       0.7031
   17487       0.6469
   17488       0.6906
   17489       0.6374
   17490       0.6808
   17491       0.6268
   17492       0.6877
   17493       0.8733
   17494       0.7358
   17495       0.7411
   17496       0.6602
   17497       0.7272
   17498       0.7948
   17499       0.6631
   17500       0.7947
   17501       0.7785
   17502       0.7607
   17503       0.6969
   17504       0.7017
   17505       0.7635
   17506       0.6890
   17507       0.7474
   17508       0.8210
   17509       0.7470
   17510       0.6652
   17511       0.6643
   17512       0.7401
   17513       0.6993
   17514       0.6955
   17515       0.6657
   17516       0.5674
   17517       0.5735
   17518       0.5835
   17519       0.5490
   17520       0.6788
   17521       0.7571
   17522       0.6339
   17523       0.6956
   17524       0.6835
   17525       0.8154
   17526       0.7237
   17527       0.6868
   17528       0.6673
   17529       0.7467
   17530       0.7150
   17531       0.8752
   17532       0.7873
   17533       0.8567
   17534       0.7566
   17535       0.6226
   17536       0.9178
   17537       0.8253
   17538       0.8225
   17539       0.7613
   17540       0.6968
   17541       0.6647
   17542       0.6696
   17543       0.7078
   17544       0.8337
   17545       0.7951
   17546       0.6943
   17547       0.7626
   17548       0.8169
   17549       0.6921
   17550       0.7545
   17551       0.7412
   17552       0.8330
   17553       0.7517
   17554       0.9448
   17555       0.7186
   17556       0.6841
   17557       0.7244
   17558       0.7720
   17559       0.8458
   17560       0.7081
   17561       0.6380
   17562       0.6941
   17563       0.6418
   17564       0.6834
   17565       0.7781
   17566       0.7266
   17567       0.5985
   17568       0.5480
   17569       0.6309
   17570       0.7361
   17571       0.7066
   17572       0.6263
   17573       0.6957
   17574       0.6550
   17575       0.6017
   17576       0.5942
   17577       0.6993
   17578       0.5484
   17579       0.6178
   17580       0.6329
   17581       0.4711
   17582       0.6091
   17583       0.6129
   17584       0.7563
   17585       0.7300
   17586       0.6750
   17587       0.6979
   17588       0.6704
   17589       0.6981
   17590       0.6367
   17591       0.7486
   17592       0.6060
   17593       0.7120
   17594       0.7984
   17595       0.6057
   17596       0.7390
   17597       0.6360
   17598       0.6524
   17599       0.5657
   17600       0.6227
   17601       0.6569
   17602       0.6879
   17603       0.7171
   17604       0.7456
   17605       0.7348
   17606       0.6615
   17607       0.7100
   17608       0.6641
   17609       0.6562
   17610       0.6569
   17611       0.7285
   17612       0.7364
   17613       0.8150
   17614       0.6957
   17615       0.6936
   17616       0.6268
   17617       0.7487
   17618       0.5790
   17619       0.5691
   17620       0.5861
   17621       0.6083
   17622       0.6289
   17623       0.5742
   17624       0.7019
   17625       0.6487
   17626       0.6078
   17627       0.5134
   17628       0.5443
   17629       0.5974
   17630       0.5746
   17631       0.6633
   17632       0.5929
   17633       0.5687
   17634       0.5985
   17635       0.6054
   17636       0.6488
   17637       0.5930
   17638       0.5842
   17639       0.6814
   17640       0.6313
   17641       0.6295
   17642       0.7378
   17643       0.5500
   17644       0.6561
   17645       0.6187
   17646       0.5601
   17647       0.7187
   17648       0.5763
   17649       0.6258
   17650       0.6601
   17651       0.7072
   17652       0.7630
   17653       0.6424
   17654       0.7154
   17655       0.6481
   17656       0.5734
   17657       0.6117
   17658       0.5272
   17659       0.5350
   17660       0.5325
   17661       0.5980
   17662       0.8262
   17663       0.7248
   17664       0.7627
   17665       0.5669
   17666       0.5867
   17667       0.4903
   17668       0.6487
   17669       0.6771
   17670       0.5898
   17671       0.7563
   17672       0.6654
   17673       0.5842
   17674       0.7517
   17675       0.6295
   17676       0.7519
   17677       0.6231
   17678       0.5502
   17679       0.6554
   17680       0.7145
   17681       0.8145
   17682       0.6040
   17683       0.7034
   17684       0.7038
   17685       0.6866
   17686       0.7725
   17687       0.5928
   17688       0.6179
   17689       0.6107
   17690       0.6221
   17691       0.5537
   17692       0.5346
   17693       0.6532
   17694       0.6783
   17695       0.6407
   17696       0.6575
   17697       0.6467
   17698       0.5508
   17699       0.5896
   17700       0.6019
   17701       0.6128
   17702       0.6675
   17703       0.5734
   17704       0.5157
   17705       0.6149
   17706       0.5605
   17707       0.5987
   17708       0.6042
   17709       0.6235
   17710       0.6064
   17711       0.6407
   17712       0.6395
   17713       0.6497
   17714       0.7012
   17715       0.6361
   17716       0.6298
   17717       0.7141
   17718       0.6183
   17719       0.5981
   17720       0.5883
   17721       0.6725
   17722       0.6053
   17723       0.5651
   17724       0.6863
   17725       0.6386
   17726       0.5894
   17727       0.6276
   17728       0.5624
   17729       0.6066
   17730       0.6753
   17731       0.7344
   17732       0.7339
   17733       0.7635
   17734       0.5956
   17735       0.6497
   17736       0.5908
   17737       0.5877
   17738       0.5629
   17739       0.6831
   17740       0.5889
   17741       0.6740
   17742       0.6688
   17743       0.6676
   17744       0.5913
   17745       0.6168
   17746       0.7583
   17747       0.6836
   17748       0.6775
   17749       0.6793
   17750       0.6510
   17751       0.7911
   17752       0.5446
   17753       0.6443
   17754       0.6590
   17755       0.6588
   17756       0.6327
   17757       0.6378
   17758       0.6633
   17759       0.6747
   17760       0.6292
   17761       0.5464
   17762       0.5567
   17763       0.5965
   17764       0.6023
   17765       0.5369
   17766       0.5537
   17767       0.6682
   17768       0.6172
   17769       0.5937
   17770       0.6414
   17771       0.5438
   17772       0.5773
   17773       0.5520
   17774       0.6694
   17775       0.5593
   17776       0.5683
   17777       0.6111
   17778       0.6680
   17779       0.6397
   17780       0.5950
   17781       0.6219
   17782       0.5659
   17783       0.4791
   17784       0.5499
   17785       0.5775
   17786       0.6244
   17787       0.5729
   17788       0.6300
   17789       0.5633
   17790       0.5362
   17791       0.6154
   17792       0.5966
   17793       0.6149
   17794       0.5540
   17795       0.5977
   17796       0.5132
   17797       0.6281
   17798       0.6019
   17799       0.5646
   17800       0.6228
   17801       0.5939
   17802       0.6301
   17803       0.5967
   17804       0.5203
   17805       0.5878
   17806       0.5931
   17807       0.7087
   17808       0.5580
   17809       0.5691
   17810       0.5116
   17811       0.5820
   17812       0.7112
   17813       0.6220
   17814       0.6415
   17815       0.5826
   17816       0.6346
   17817       0.6368
   17818       0.6543
   17819       0.6364
   17820       0.6252
   17821       0.6294
   17822       0.6946
   17823       0.6780
   17824       0.6369
   17825       0.5840
   17826       0.6297
   17827       0.5697
   17828       0.6246
   17829       0.7218
   17830       0.6390
   17831       0.7264
   17832       0.6441
   17833       0.6255
   17834       0.6890
   17835       0.7537
   17836       0.7164
   17837       0.6302
   17838       0.6925
   17839       0.6270
   17840       0.7960
   17841       0.7544
   17842       0.6351
   17843       0.6006
   17844       0.6193
   17845       0.6695
   17846       0.6430
   17847       0.8137
   17848       0.7510
   17849       0.7233
   17850       0.7147
   17851       0.7704
   17852       0.6541
   17853       0.7781
   17854       0.6460
   17855       0.6589
   17856       0.6673
   17857       0.6989
   17858       0.7285
   17859       0.6823
   17860       0.7040
   17861       0.6682
   17862       0.7176
   17863       0.7176
   17864       0.7658
   17865       0.6186
   17866       0.6022
   17867       0.6185
   17868       0.6168
   17869       0.6747
   17870       0.6227
   17871       0.5630
   17872       0.6389
   17873       0.7301
   17874       0.5156
   17875       0.5242
   17876       0.6251
   17877       0.5220
   17878       0.5844
   17879       0.6450
   17880       0.7644
   17881       0.5781
   17882       0.6147
   17883       0.6102
   17884       0.7270
   17885       0.7347
   17886       0.7084
   17887       0.6552
   17888       0.7052
   17889       0.5212
   17890       0.6970
   17891       0.7087
   17892       0.6454
   17893       0.6522
   17894       0.7140
   17895       0.6753
   17896       0.5465
   17897       0.6645
   17898       0.5789
   17899       0.6572
   17900       0.6256
   17901       0.6997
   17902       0.6050
   17903       0.7159
   17904       0.6623
   17905       0.6704
   17906       0.7599
   17907       0.6166
   17908       0.6735
   17909       0.7223
   17910       0.7004
   17911       0.6143
   17912       0.6418
   17913       0.6372
   17914       0.6159
   17915       0.7972
   17916       0.5942
   17917       0.5741
   17918       0.5928
   17919       0.5584
   17920       0.6348
   17921       0.5686
   17922       0.6306
   17923       0.6626
   17924       0.5703
   17925       0.5494
   17926       0.5991
   17927       0.6404
   17928       0.5085
   17929       0.5832
   17930       0.6777
   17931       0.6086
   17932       0.6025
   17933       0.5873
   17934       0.5657
   17935       0.5939
   17936       0.6429
   17937       0.5734
   17938       0.6526
   17939       0.6253
   17940       0.5889
   17941       0.5287
   17942       0.5712
   17943       0.5996
   17944       0.6364
   17945       0.6395
   17946       0.6474
   17947       0.5948
   17948       0.6147
   17949       0.6362
   17950       0.6825
   17951       0.6169
   17952       0.6846
   17953       0.6668
   17954       0.6446
   17955       0.6009
   17956       0.6053
   17957       0.6297
   17958       0.6188
   17959       0.5889
   17960       0.6088
   17961       0.6045
   17962       0.5841
   17963       0.6780
   17964       0.6345
   17965       0.5664
   17966       0.6478
   17967       0.5499
   17968       0.6213
   17969       0.6183
   17970       0.5790
   17971       0.5954
   17972       0.6474
   17973       0.6567
   17974       0.6154
   17975       0.5854
   17976       0.5780
   17977       0.6444
   17978       0.5961
   17979       0.5878
   17980       0.6664
   17981       0.5985
   17982       0.5862
   17983       0.6040
   17984       0.6106
   17985       0.5843
   17986       0.5634
   17987       0.5454
   17988       0.5528
   17989       0.5938
   17990       0.5915
   17991       0.5759
   17992       0.6877
   17993       0.6318
   17994       0.5810
   17995       0.6222
   17996       0.6050
   17997       0.5890
   17998       0.6670
   17999       0.6318
   18000       0.6679
   18001       0.6541
   18002       0.7055
   18003       0.6708
   18004       0.6364
   18005       0.6283
   18006       0.6036
   18007       0.6056
   18008       0.5895
   18009       0.6778
   18010       0.5337
   18011       0.6147
   18012       0.7176
   18013       0.5770
   18014       0.6126
   18015       0.5975
   18016       0.5533
   18017       0.5851
   18018       0.5735
   18019       0.7049
   18020       0.6168
   18021       0.6151
   18022       0.6190
   18023       0.5905
   18024       0.6990
   18025       0.6980
   18026       0.6843
   18027       0.6845
   18028       0.6381
   18029       0.5524
   18030       0.5882
   18031       0.5643
   18032       0.6818
   18033       0.5818
   18034       0.6045
   18035       0.5890
   18036       0.6287
   18037       0.5702
   18038       0.6105
   18039       0.6486
   18040       0.6411
   18041       0.6003
   18042       0.6201
   18043       0.6719
   18044       0.5712
   18045       0.5670
   18046       0.5381
   18047       0.5915
   18048       0.5570
   18049       0.6492
   18050       0.5790
   18051       0.5855
   18052       0.6059
   18053       0.6483
   18054       0.6413
   18055       0.5971
   18056       0.5329
   18057       0.5467
   18058       0.6352
   18059       0.6308
   18060       0.7202
   18061       0.6360
   18062       0.5851
   18063       0.6597
   18064       0.7298
   18065       0.5027
   18066       0.6584
   18067       0.7428
   18068       0.7006
   18069       0.7072
   18070       0.7207
   18071       0.6846
   18072       0.7279
   18073       0.6991
   18074       0.8483
   18075       0.7852
   18076       0.8436
   18077       0.6390
   18078       0.6634
   18079       0.5657
   18080       0.5219
   18081       0.6420
   18082       0.6002
   18083       0.5239
   18084       0.5971
   18085       0.5511
   18086       0.5989
   18087       0.5807
   18088       0.6447
   18089       0.6219
   18090       0.7417
   18091       0.6350
   18092       0.6714
   18093       0.6301
   18094       0.5711
   18095       0.6510
   18096       0.6786
   18097       0.6040
   18098       0.6128
   18099       0.6351
   18100       0.5990
   18101       0.6451
   18102       0.6041
   18103       0.5575
   18104       0.5979
   18105       0.5302
   18106       0.5597
   18107       0.5709
   18108       0.6658
   18109       0.6616
   18110       0.6830
   18111       0.5877
   18112       0.6320
   18113       0.6690
   18114       0.6171
   18115       0.6791
   18116       0.6566
   18117       0.6957
   18118       0.8221
   18119       0.8421
   18120       0.6447
   18121       0.6500
   18122       0.6525
   18123       0.6627
   18124       0.6825
   18125       0.6912
   18126       0.7484
   18127       0.6876
   18128       0.7155
   18129       0.6353
   18130       0.6347
   18131       0.6710
   18132       0.6490
   18133       0.6233
   18134       0.8039
   18135       0.6289
   18136       0.6775
   18137       0.7399
   18138       0.6661
   18139       0.6019
   18140       0.6017
   18141       0.6665
   18142       0.7497
   18143       0.7878
   18144       0.7160
   18145       0.7790
   18146       0.7268
   18147       0.7590
   18148       0.7629
   18149       0.6923
   18150       0.8126
   18151       0.9879
   18152       1.0307
   18153       1.0156
   18154       0.9830
   18155       1.0421
   18156       1.0279
   18157       1.0422
   18158       1.1105
   18159       0.9962
   18160       1.0033
   18161       0.9691
   18162       0.9861
   18163       1.0906
   18164       1.1174
   18165       1.2403
   18166       1.2795
   18167       1.3284
   18168       1.1963
   18169       1.1197
   18170       1.1124
   18171       1.1630
   18172       1.0703
   18173       0.9945
   18174       0.9799
   18175       1.0185
   18176       0.9841
   18177       0.9466
   18178       0.9292
   18179       0.8889
   18180       0.6961
   18181       0.8350
   18182       0.9387
   18183       0.8011
   18184       0.8232
   18185       0.8457
   18186       0.8376
   18187       0.9178
   18188       1.0057
   18189       1.0010
   18190       0.8201
   18191       0.9454
   18192       0.8382
   18193       0.9857
   18194       0.9053
   18195       0.9973
   18196       1.0584
   18197       1.0178
   18198       1.0197
   18199       0.9105
   18200       0.9880
   18201       0.9713
   18202       0.9422
   18203       0.9881
   18204       0.9611
   18205       0.8847
   18206       0.9141
   18207       0.7427
   18208       0.9077
   18209       0.7066
   18210       0.6921
   18211       0.6070
   18212       0.6095
   18213       0.5328
   18214       0.5866
   18215       0.5477
   18216       0.6148
   18217       0.7019
   18218       0.6432
   18219       0.6056
   18220       0.5908
   18221       0.6168
   18222       0.6666
   18223       0.5954
   18224       0.5728
   18225       0.5898
   18226       0.6816
   18227       0.7698
   18228       0.5903
   18229       0.6918
   18230       0.5536
   18231       0.6244
   18232       0.5840
   18233       0.6282
   18234       0.6335
   18235       0.6311
   18236       0.6925
   18237       0.6981
   18238       0.7369
   18239       0.7323
   18240       0.7703
   18241       0.8465
   18242       0.8029
   18243       0.8017
   18244       0.8351
   18245       0.6557
   18246       0.7727
   18247       0.7657
   18248       0.6570
   18249       0.6406
   18250       0.6357
   18251       0.8325
   18252       0.6641
   18253       0.6770
   18254       0.6157
   18255       0.5843
   18256       0.6278
   18257       0.6089
   18258       0.6845
   18259       0.6210
   18260       0.6112
   18261       0.6388
   18262       0.6731
   18263       0.7053
   18264       0.6752
   18265       0.7078
   18266       0.7122
   18267       0.6538
   18268       0.5206
   18269       0.6782
   18270       0.7326
   18271       0.5726
   18272       0.6802
   18273       0.5983
   18274       0.6034
   18275       0.5300
   18276       0.5423
   18277       0.6049
   18278       0.5414
   18279       0.6297
   18280       0.6336
   18281       0.6575
   18282       0.5559
   18283       0.6206
   18284       0.5957
   18285       0.6132
   18286       0.6530
   18287       0.6338
   18288       0.6368
   18289       0.5850
   18290       0.5368
   18291       0.5641
   18292       0.4945
   18293       0.5484
   18294       0.6066
   18295       0.5297
   18296       0.5843
   18297       0.6566
   18298       0.6963
   18299       0.6095
   18300       0.6946
   18301       0.5757
   18302       0.5461
   18303       0.7147
   18304       0.5764
   18305       0.6367
   18306       0.5344
   18307       0.5919
   18308       0.6177
   18309       0.5912
   18310       0.6538
   18311       0.5112
   18312       0.5899
   18313       0.5955
   18314       0.5419
   18315       0.6854
   18316       0.7010
   18317       0.5702
   18318       0.7132
   18319       0.6553
   18320       0.7115
   18321       0.5833
   18322       0.7430
   18323       0.7299
   18324       0.6641
   18325       0.6136
   18326       0.6785
   18327       0.6230
   18328       0.5993
   18329       0.6690
   18330       0.5893
   18331       0.7164
   18332       0.6923
   18333       0.6128
   18334       0.6579
   18335       0.6793
   18336       0.6476
   18337       0.7409
   18338       0.8280
   18339       0.7149
   18340       0.6188
   18341       0.6601
   18342       0.6562
   18343       0.5863
   18344       0.6020
   18345       0.5855
   18346       0.6348
   18347       0.6536
   18348       0.7534
   18349       0.6620
   18350       0.5968
   18351       0.5978
   18352       0.6651
   18353       0.6295
   18354       0.6254
   18355       0.5576
   18356       0.6740
   18357       0.5590
   18358       0.5476
   18359       0.6295
   18360       0.6047
   18361       0.5842
   18362       0.5446
   18363       0.6159
   18364       0.5005
   18365       0.4912
   18366       0.6307
   18367       0.6556
   18368       0.5299
   18369       0.5874
   18370       0.5950
   18371       0.6734
   18372       0.6288
   18373       0.6506
   18374       0.6828
   18375       0.8236
   18376       0.7139
   18377       0.6154
   18378       0.6180
   18379       0.6263
   18380       0.7077
   18381       0.7761
   18382       0.7103
   18383       0.6654
   18384       0.6714
   18385       0.7343
   18386       0.7306
   18387       0.5815
   18388       0.6111
   18389       0.5757
   18390       0.6228
   18391       0.6555
   18392       0.6057
   18393       0.7381
   18394       0.6890
   18395       0.7018
   18396       0.7678
   18397       0.6338
   18398       0.6800
   18399       0.6787
   18400       0.6473
   18401       0.6845
   18402       0.7171
   18403       0.6767
   18404       0.6087
   18405       0.6686
   18406       0.6044
   18407       0.7460
   18408       0.7227
   18409       0.6789
   18410       0.6788
   18411       0.6273
   18412       0.6374
   18413       0.6813
   18414       0.7020
   18415       0.7881
   18416       0.6837
   18417       0.5923
   18418       0.7251
   18419       0.7377
   18420       0.7492
   18421       0.7914
   18422       0.6870
   18423       0.6737
   18424       0.6987
   18425       0.7839
   18426       0.8119
   18427       0.7966
   18428       0.7217
   18429       0.6488
   18430       0.7951
   18431       0.7248
   18432       0.6801
   18433       0.6532
   18434       0.6294
   18435       0.7011
   18436       0.6775
   18437       0.6822
   18438       0.7436
   18439       0.6975
   18440       0.6776
   18441       0.6353
   18442       0.7750
   18443       0.6880
   18444       0.8914
   18445       0.7381
   18446       0.7677
   18447       0.7139
   18448       0.7393
   18449       0.7555
   18450       0.6586
   18451       0.7882
   18452       0.8054
   18453       0.6705
   18454       0.7198
   18455       0.6207
   18456       0.6971
   18457       0.8015
   18458       0.7031
   18459       0.7314
   18460       0.7074
   18461       0.7363
   18462       0.8537
   18463       0.8276
   18464       0.7282
   18465       0.7072
   18466       0.6913
   18467       0.7394
   18468       0.7881
   18469       0.5973
   18470       0.6667
   18471       0.7585
   18472       0.5912
   18473       0.7085
   18474       0.6434
   18475       0.7274
   18476       0.6687
   18477       0.7905
   18478       0.7931
   18479       0.7751
   18480       0.5812
   18481       0.6504
   18482       0.5733
   18483       0.6706
   18484       0.7028
   18485       0.7585
   18486       0.6910
   18487       0.6933
   18488       0.6612
   18489       0.7416
   18490       0.6721
   18491       0.6463
   18492       0.8201
   18493       0.6243
   18494       0.7658
   18495       0.7171
   18496       0.6378
   18497       0.6629
   18498       0.7504
   18499       0.6277
   18500       0.7254
   18501       0.6863
   18502       0.7309
   18503       0.8009
   18504       0.6499
   18505       0.7269
   18506       0.6495
   18507       0.7524
   18508       0.6362
   18509       0.6555
   18510       0.6176
   18511       0.6648
   18512       0.7387
   18513       0.6715
   18514       0.7004
   18515       0.6695
   18516       0.5938
   18517       0.7840
   18518       0.6145
   18519       0.6162
   18520       0.6645
   18521       0.6626
   18522       0.6373
   18523       0.6568
   18524       0.6404
   18525       0.6756
   18526       0.6707
   18527       0.6630
   18528       0.7366
   18529       0.5828
   18530       0.6114
   18531       0.5847
   18532       0.6985
   18533       0.6243
   18534       0.6113
   18535       0.6356
   18536       0.7128
   18537       0.5970
   18538       0.6466
   18539       0.6401
   18540       0.6147
   18541       0.6254
   18542       0.6763
   18543       0.5719
   18544       0.6211
   18545       0.7241
   18546       0.6007
   18547       0.6454
   18548       0.5897
   18549       0.5398
   18550       0.6944
   18551       0.6393
   18552       0.6429
   18553       0.6348
   18554       0.6848
   18555       0.6360
   18556       0.6587
   18557       0.6619
   18558       0.6660
   18559       0.7434
   18560       0.6779
   18561       0.7354
   18562       0.6997
   18563       0.6487
   18564       0.6895
   18565       0.6212
   18566       0.5827
   18567       0.6696
   18568       0.5460
   18569       0.5965
   18570       0.5124
   18571       0.5916
   18572       0.6646
   18573       0.6906
   18574       0.5629
   18575       0.5610
   18576       0.6354
   18577       0.5743
   18578       0.5114
   18579       0.5148
   18580       0.6488
   18581       0.6054
   18582       0.6177
   18583       0.7135
   18584       0.5738
   18585       0.6487
   18586       0.6409
   18587       0.6020
   18588       0.6017
   18589       0.6432
   18590       0.6507
   18591       0.7207
   18592       0.6078
   18593       0.6949
   18594       0.7164
   18595       0.7786
   18596       0.7085
   18597       0.6967
   18598       0.7979
   18599       0.6837
   18600       0.6451
   18601       0.6490
   18602       0.6688
   18603       0.6973
   18604       0.6774
   18605       0.7464
   18606       0.7167
   18607       0.6896
   18608       0.6771
   18609       0.6448
   18610       0.6218
   18611       0.6250
   18612       0.6807
   18613       0.6922
   18614       0.7028
   18615       0.6991
   18616       0.7277
   18617       0.7466
   18618       0.6715
   18619       0.7270
   18620       0.7053
   18621       0.7703
   18622       0.6420
   18623       0.5526
   18624       0.6132
   18625       0.5501
   18626       0.7033
   18627       0.6534
   18628       0.6295
   18629       0.7158
   18630       0.6530
   18631       0.7432
   18632       0.6270
   18633       0.6596
   18634       0.7298
   18635       0.7253
   18636       0.7711
   18637       0.7121
   18638       0.7463
   18639       0.7200
   18640       0.7065
   18641       0.7149
   18642       0.6709
   18643       0.6866
   18644       0.7534
   18645       0.6916
   18646       0.6916
   18647       0.6457
   18648       0.7006
   18649       0.6891
   18650       0.7145
   18651       0.7287
   18652       0.7119
   18653       0.6476
   18654       0.6724
   18655       0.6441
   18656       0.6497
   18657       0.6896
   18658       0.8047
   18659       0.7402
   18660       0.6385
   18661       0.7093
   18662       0.7663
   18663       0.6979
   18664       0.6149
   18665       0.7300
   18666       0.6260
   18667       0.7060
   18668       0.7259
   18669       0.8138
   18670       0.8524
   18671       0.7768
   18672       0.7706
   18673       0.7254
   18674       0.6603
   18675       0.7811
   18676       0.8015
   18677       0.6982
   18678       0.6306
   18679       0.7051
   18680       0.7444
   18681       0.9425
   18682       0.7294
   18683       0.8154
   18684       0.9086
   18685       0.7268
   18686       0.8112
   18687       0.7848
   18688       0.7975
   18689       0.8200
   18690       0.7927
   18691       0.8013
   18692       0.7875
   18693       0.6523
   18694       0.8086
   18695       0.7929
   18696       0.7360
   18697       0.8567
   18698       0.7147
   18699       0.6947
   18700       0.6922
   18701       0.5839
   18702       0.7482
   18703       0.8163
   18704       0.6956
   18705       0.6660
   18706       0.6451
   18707       0.5925
   18708       0.6658
   18709       0.6843
   18710       0.6786
   18711       0.5950
   18712       0.6880
   18713       0.6329
   18714       0.6283
   18715       0.6280
   18716       0.7394
   18717       0.6254
   18718       0.6142
   18719       0.6433
   18720       0.6718
   18721       0.6061
   18722       0.6558
   18723       0.6397
   18724       0.5957
   18725       0.6857
   18726       0.7444
   18727       0.6191
   18728       0.5975
   18729       0.6960
   18730       0.6508
   18731       0.5439
   18732       0.6385
   18733       0.6320
   18734       0.6259
   18735       0.6675
   18736       0.6534
   18737       0.6237
   18738       0.6594
   18739       0.7109
   18740       0.6895
   18741       0.6578
   18742       0.6994
   18743       0.6645
   18744       0.7118
   18745       0.5812
   18746       0.6719
   18747       0.7137
   18748       0.5933
   18749       0.6292
   18750       0.6381
   18751       0.7210
   18752       0.6253
   18753       0.6121
   18754       0.6500
   18755       0.6389
   18756       0.7654
   18757       0.7290
   18758       0.7651
   18759       0.7496
   18760       0.5936
   18761       0.6968
   18762       0.6252
   18763       0.7048
   18764       0.7104
   18765       0.6288
   18766       0.6161
   18767       0.6792
   18768       0.6267
   18769       0.6639
   18770       0.6394
   18771       0.6803
   18772       0.6546
   18773       0.7457
   18774       0.7366
   18775       0.6583
   18776       0.6687
   18777       0.6637
   18778       0.6260
   18779       0.6545
   18780       0.6141
   18781       0.7041
   18782       0.6690
   18783       0.6590
   18784       0.5832
   18785       0.6878
   18786       0.6925
   18787       0.6789
   18788       0.6565
   18789       0.6379
   18790       0.7449
   18791       0.7007
   18792       0.8040
   18793       0.7142
   18794       0.6741
   18795       0.7026
   18796       0.7307
   18797       0.6744
   18798       0.6580
   18799       0.8556
   18800       0.6982
   18801       0.6647
   18802       0.6128
   18803       0.7450
   18804       0.7289
   18805       0.6382
   18806       0.6736
   18807       0.6368
   18808       0.6222
   18809       0.6486
   18810       0.7037
   18811       0.6224
   18812       0.8622
   18813       0.6965
   18814       0.6295
   18815       0.6794
   18816       0.6099
   18817       0.6602
   18818       0.6293
   18819       0.6407
   18820       0.5928
   18821       0.7309
   18822       0.5960
   18823       0.5720
   18824       0.6578
   18825       0.7098
   18826       0.6568
   18827       0.6114
   18828       0.6773
   18829       0.6201
   18830       0.5536
   18831       0.5651
   18832       0.7696
   18833       0.6801
   18834       0.6688
   18835       0.6844
   18836       0.7300
   18837       0.6576
   18838       0.7151
   18839       0.8193
   18840       0.8980
   18841       0.8266
   18842       0.7794
   18843       0.7648
   18844       0.7369
   18845       0.8037
   18846       0.8356
   18847       0.7150
   18848       0.7233
   18849       0.5961
   18850       0.7707
   18851       0.6342
   18852       0.6532
   18853       0.6474
   18854       0.6214
   18855       0.8028
   18856       0.7315
   18857       0.6396
   18858       0.7017
   18859       0.6082
   18860       0.7601
   18861       0.6875
   18862       0.7344
   18863       0.7259
   18864       0.7062
   18865       0.7227
   18866       0.7965
   18867       0.8055
   18868       0.8414
   18869       0.8180
   18870       0.7610
   18871       0.7350
   18872       0.7621
   18873       0.7478
   18874       0.8046
   18875       0.8079
   18876       0.8343
   18877       0.8028
   18878       0.7935
   18879       0.7444
   18880       0.7116
   18881       0.7465
   18882       0.6775
   18883       0.7842
   18884       0.7447
   18885       0.6224
   18886       0.8074
   18887       0.7002
   18888       0.7548
   18889       0.7434
   18890       0.8027
   18891       0.6536
   18892       0.6507
   18893       0.6755
   18894       0.6195
   18895       0.7143
   18896       0.6233
   18897       0.6598
   18898       0.7694
   18899       0.7038
   18900       0.7055
   18901       0.6711
   18902       0.7019
   18903       0.6460
   18904       0.6798
   18905       0.5898
   18906       0.6229
   18907       0.5853
   18908       0.6332
   18909       0.6165
   18910       0.7171
   18911       0.7103
   18912       0.7394
   18913       0.6496
   18914       0.6247
   18915       0.6199
   18916       0.6145
   18917       0.5885
   18918       0.7751
   18919       0.5664
   18920       0.6672
   18921       0.6450
   18922       0.5829
   18923       0.5649
   18924       0.6172
   18925       0.7035
   18926       0.6175
   18927       0.5964
   18928       0.6072
   18929       0.6166
   18930       0.5662
   18931       0.6596
   18932       0.6131
   18933       0.6296
   18934       0.6167
   18935       0.5986
   18936       0.6421
   18937       0.5987
   18938       0.5677
   18939       0.5309
   18940       0.5638
   18941       0.5717
   18942       0.6078
   18943       0.5719
   18944       0.5819
   18945       0.5786
   18946       0.6152
   18947       0.6397
   18948       0.6387
   18949       0.5437
   18950       0.5615
   18951       0.6071
   18952       0.5273
   18953       0.5282
   18954       0.6547
   18955       0.6727
   18956       0.6474
   18957       0.7286
   18958       0.6010
   18959       0.5927
   18960       0.6124
   18961       0.5796
   18962       0.5794
   18963       0.6197
   18964       0.6388
   18965       0.6131
   18966       0.5744
   18967       0.6009
   18968       0.5590
   18969       0.6964
   18970       0.6887
   18971       0.6103
   18972       0.5487
   18973       0.5436
   18974       0.5944
   18975       0.7178
   18976       0.6705
   18977       0.5423
   18978       0.6042
   18979       0.5905
   18980       0.5889
   18981       0.5919
   18982       0.6811
   18983       0.6095
   18984       0.6230
   18985       0.6640
   18986       0.7370
   18987       0.6087
   18988       0.5940
   18989       0.5390
   18990       0.7289
   18991       0.7077
   18992       0.7638
   18993       0.7939
   18994       0.7114
   18995       0.7850
   18996       0.6650
   18997       0.6670
   18998       0.7093
   18999       0.6813
   19000       0.7319
   19001       0.6447
   19002       0.6745
   19003       0.5778
   19004       0.7454
   19005       0.5570
   19006       0.7344
   19007       0.5710
   19008       0.5983
   19009       0.6851
   19010       0.5573
   19011       0.6597
   19012       0.6713
   19013       0.5600
   19014       0.6426
   19015       0.6093
   19016       0.5787
   19017       0.6005
   19018       0.7218
   19019       0.5795
   19020       0.5403
   19021       0.6768
   19022       0.7656
   19023       0.7911
   19024       0.9753
   19025       0.8291
   19026       0.7698
   19027       0.7951
   19028       0.8300
   19029       0.7551
   19030       0.7156
   19031       0.6271
   19032       0.6676
   19033       0.7082
   19034       0.7065
   19035       0.6498
   19036       0.6254
   19037       0.6229
   19038       0.7611
   19039       0.7019
   19040       0.7991
   19041       0.8610
   19042       0.8105
   19043       0.7374
   19044       0.7540
   19045       0.8290
   19046       0.5999
   19047       0.5972
   19048       0.7487
   19049       0.7191
   19050       0.6520
   19051       0.7549
   19052       0.7686
   19053       0.8161
   19054       0.8414
   19055       0.7877
   19056       0.7570
   19057       0.6383
   19058       0.7758
   19059       0.8629
   19060       0.8214
   19061       0.8438
   19062       0.7906
   19063       0.8386
   19064       0.8754
   19065       0.8216
   19066       0.8729
   19067       0.8666
   19068       0.8365
   19069       0.7692
   19070       0.7440
   19071       0.8191
   19072       0.7117
   19073       0.7641
   19074       0.7605
   19075       0.9233
   19076       0.7216
   19077       0.6542
   19078       0.7368
   19079       0.7666
   19080       0.5620
   19081       0.5609
   19082       0.7045
   19083       0.6971
   19084       0.7032
   19085       0.7123
   19086       0.5981
   19087       0.6712
   19088       0.8097
   19089       0.6203
   19090       0.7834
   19091       0.6556
   19092       0.7772
   19093       0.7741
   19094       0.6956
   19095       0.6642
   19096       0.6660
   19097       0.6528
   19098       0.7059
   19099       0.6382
   19100       0.7138
   19101       0.5995
   19102       0.5964
   19103       0.7426
   19104       0.6453
   19105       0.6758
   19106       0.7547
   19107       0.6820
   19108       0.6944
   19109       0.8352
   19110       0.6500
   19111       0.6949
   19112       0.6573
   19113       0.6446
   19114       0.6925
   19115       0.7393
   19116       0.6957
   19117       0.6552
   19118       0.6882
   19119       0.6475
   19120       0.6747
   19121       0.7461
   19122       0.6208
   19123       0.6576
   19124       0.6836
   19125       0.7583
   19126       0.7339
   19127       0.7621
   19128       0.8602
   19129       0.7125
   19130       0.7183
   19131       0.7918
   19132       0.7104
   19133       0.6875
   19134       0.5957
   19135       0.6441
   19136       0.6147
   19137       0.6871
   19138       0.6107
   19139       0.8150
   19140       0.7865
   19141       0.6597
   19142       0.6969
   19143       0.6787
   19144       0.7786
   19145       0.6836
   19146       0.6246
   19147       0.7640
   19148       0.6642
   19149       0.7569
   19150       0.7531
   19151       0.8672
   19152       0.7063
   19153       0.7124
   19154       0.6361
   19155       0.7243
   19156       0.7438
   19157       0.6165
   19158       0.5404
   19159       0.6254
   19160       0.5657
   19161       0.6289
   19162       0.7032
   19163       0.6752
   19164       0.7209
   19165       0.6163
   19166       0.7368
   19167       0.6045
   19168       0.7802
   19169       0.6603
   19170       0.6938
   19171       0.6448
   19172       0.7743
   19173       0.6640
   19174       0.5508
   19175       0.5725
   19176       0.5510
   19177       0.5497
   19178       0.5799
   19179       0.5197
   19180       0.6251
   19181       0.6418
   19182       0.5563
   19183       0.6509
   19184       0.5878
   19185       0.6658
   19186       0.6175
   19187       0.6226
   19188       0.7168
   19189       0.8280
   19190       0.7079
   19191       0.7205
   19192       0.6625
   19193       0.6937
   19194       0.7386
   19195       0.7045
   19196       0.7165
   19197       0.6055
   19198       0.7028
   19199       0.6623
   19200       0.6963
   19201       0.5993
   19202       0.5671
   19203       0.5852
   19204       0.5273
   19205       0.5285
   19206       0.5794
   19207       0.5520
   19208       0.4983
   19209       0.6096
   19210       0.5668
   19211       0.5731
   19212       0.5588
   19213       0.5543
   19214       0.5667
   19215       0.5297
   19216       0.5140
   19217       0.5788
   19218       0.5556
   19219       0.6806
   19220       0.6189
   19221       0.6740
   19222       0.7103
   19223       0.7353
   19224       0.5764
   19225       0.5766
   19226       0.5403
   19227       0.5158
   19228       0.6831
   19229       0.6117
   19230       0.6190
   19231       0.5606
   19232       0.5889
   19233       0.5780
   19234       0.6688
   19235       0.6323
   19236       0.5260
   19237       0.6953
   19238       0.7023
   19239       0.6719
   19240       0.6585
   19241       0.6492
   19242       0.6276
   19243       0.6069
   19244       0.6324
   19245       0.5434
   19246       0.7044
   19247       0.7379
   19248       0.6138
   19249       0.5770
   19250       0.5795
   19251       0.6289
   19252       0.6094
   19253       0.6646
   19254       0.7301
   19255       0.7194
   19256       0.7232
   19257       0.6771
   19258       0.6761
   19259       0.7325
   19260       0.6403
   19261       0.6420
   19262       0.7278
   19263       0.5669
   19264       0.6062
   19265       0.6433
   19266       0.5983
   19267       0.6686
   19268       0.6740
   19269       0.6620
   19270       0.6791
   19271       0.6974
   19272       0.7420
   19273       0.6907
   19274       0.6886
   19275       0.6046
   19276       0.8132
   19277       0.6612
   19278       0.7113
   19279       0.7285
   19280       0.6670
   19281       0.6447
   19282       0.7293
   19283       0.7483
   19284       0.7496
   19285       0.7433
   19286       0.6626
   19287       0.7870
   19288       0.8517
   19289       0.7324
   19290       0.6661
   19291       0.6267
   19292       0.7488
   19293       0.7276
   19294       0.6807
   19295       0.6393
   19296       0.6514
   19297       0.6715
   19298       0.7067
   19299       0.6823
   19300       0.6249
   19301       0.6271
   19302       0.6604
   19303       0.6294
   19304       0.6894
   19305       0.6465
   19306       0.6049
   19307       0.6660
   19308       0.5620
   19309       0.6251
   19310       0.6291
   19311       0.6015
   19312       0.6476
   19313       0.6616
   19314       0.7533
   19315       0.6879
   19316       0.6906
   19317       0.6736
   19318       0.5535
   19319       0.6186
   19320       0.5978
   19321       0.5688
   19322       0.6767
   19323       0.6953
   19324       0.6630
   19325       0.6890
   19326       0.7511
   19327       0.6416
   19328       0.6508
   19329       0.6675
   19330       0.6770
   19331       0.6886
   19332       0.6861
   19333       0.6486
   19334       0.6137
   19335       0.6504
   19336       0.6841
   19337       0.6134
   19338       0.6807
   19339       0.5482
   19340       0.7203
   19341       0.6046
   19342       0.5801
   19343       0.6076
   19344       0.6495
   19345       0.6455
   19346       0.6252
   19347       0.6089
   19348       0.5682
   19349       0.6256
   19350       0.7810
   19351       0.7160
   19352       0.6573
   19353       0.6037
   19354       0.6731
   19355       0.6641
   19356       0.7027
   19357       0.7053
   19358       0.7921
   19359       0.6903
   19360       0.6283
   19361       0.6200
   19362       0.6932
   19363       0.6723
   19364       0.7256
   19365       0.7490
   19366       0.6845
   19367       0.6841
   19368       0.7678
   19369       0.7750
   19370       0.6982
   19371       0.7353
   19372       0.7177
   19373       0.5916
   19374       0.7066
   19375       0.7058
   19376       0.7380
   19377       0.6189
   19378       0.6487
   19379       0.6857
   19380       0.6331
   19381       0.6562
   19382       0.6894
   19383       0.6149
   19384       0.6933
   19385       0.6597
   19386       0.6187
   19387       0.5641
   19388       0.6205
   19389       0.6615
   19390       0.6781
   19391       0.6285
   19392       0.6157
   19393       0.5555
   19394       0.6424
   19395       0.5580
   19396       0.6807
   19397       0.6685
   19398       0.6032
   19399       0.5365
   19400       0.6865
   19401       0.6198
   19402       0.6475
   19403       0.6258
   19404       0.5935
   19405       0.6033
   19406       0.5667
   19407       0.5707
   19408       0.5921
   19409       0.6780
   19410       0.6291
   19411       0.6301
   19412       0.6154
   19413       0.6957
   19414       0.6800
   19415       0.7043
   19416       0.6702
   19417       0.6557
   19418       0.5630
   19419       0.6806
   19420       0.5935
   19421       0.6064
   19422       0.6494
   19423       0.6606
   19424       0.6303
   19425       0.7208
   19426       0.6924
   19427       0.6375
   19428       0.7068
   19429       0.6826
   19430       0.6475
   19431       0.6324
   19432       0.6157
   19433       0.6830
   19434       0.6606
   19435       0.6710
   19436       0.6606
   19437       0.6641
   19438       0.6435
   19439       0.7031
   19440       0.6839
   19441       0.5657
   19442       0.7114
   19443       0.5626
   19444       0.6590
   19445       0.6997
   19446       0.7637
   19447       0.6956
   19448       0.7638
   19449       0.6602
   19450       0.6384
   19451       0.7084
   19452       0.6838
   19453       0.5958
   19454       0.6487
   19455       0.7011
   19456       0.7556
   19457       0.7837
   19458       0.7875
   19459       0.7485
   19460       0.7140
   19461       0.6542
   19462       0.6244
   19463       0.7128
   19464       0.7360
   19465       0.6681
   19466       0.7436
   19467       0.7760
   19468       0.7443
   19469       0.7659
   19470       0.7977
   19471       0.6891
   19472       0.6584
   19473       0.6908
   19474       0.6858
   19475       0.7203
   19476       0.8082
   19477       0.6150
   19478       0.6202
   19479       0.7026
   19480       0.8077
   19481       0.7194
   19482       0.7188
   19483       0.6821
   19484       0.5617
   19485       0.6377
   19486       0.7055
   19487       0.7451
   19488       0.7795
   19489       0.7318
   19490       0.7614
   19491       0.7050
   19492       0.7470
   19493       0.6792
   19494       0.6726
   19495       0.7641
   19496       0.7579
   19497       0.7122
   19498       0.6372
   19499       0.7766
   19500       0.7685
   19501       0.7113
   19502       0.6668
   19503       0.5840
   19504       0.8526
   19505       0.7635
   19506       0.7166
   19507       0.6982
   19508       0.6233
   19509       0.5873
   19510       0.5942
   19511       0.6196
   19512       0.5279
   19513       0.5221
   19514       0.5146
   19515       0.6099
   19516       0.5469
   19517       0.4682
   19518       0.6296
   19519       0.5035
   19520       0.6304
   19521       0.5570
   19522       0.5125
   19523       0.6651
   19524       0.6460
   19525       0.7219
   19526       0.5941
   19527       0.6499
   19528       0.7143
   19529       0.6288
   19530       0.5481
   19531       0.6493
   19532       0.5746
   19533       0.6122
   19534       0.6160
   19535       0.6937
   19536       0.6291
   19537       0.6337
   19538       0.5629
   19539       0.5806
   19540       0.6174
   19541       0.6425
   19542       0.6336
   19543       0.5453
   19544       0.6128
   19545       0.6133
   19546       0.6920
   19547       0.6572
   19548       0.5976
   19549       0.6163
   19550       0.6342
   19551       0.6576
   19552       0.6131
   19553       0.7467
   19554       0.7485
   19555       0.6277
   19556       0.5441
   19557       0.6185
   19558       0.6306
   19559       0.5892
   19560       0.6374
   19561       0.5787
   19562       0.6946
   19563       0.6648
   19564       0.5773
   19565       0.5942
   19566       0.5732
   19567       0.6523
   19568       0.6639
   19569       0.6166
   19570       0.6383
   19571       0.7313
   19572       0.5928
   19573       0.5992
   19574       0.7625
   19575       0.7378
   19576       0.6856
   19577       0.6256
   19578       0.6267
   19579       0.5144
   19580       0.6903
   19581       0.6141
   19582       0.5484
   19583       0.6796
   19584       0.7032
   19585       0.6108
   19586       0.6392
   19587       0.5649
   19588       0.6706
   19589       0.6179
   19590       0.6417
   19591       0.6077
   19592       0.7080
   19593       0.6960
   19594       0.6304
   19595       0.6092
   19596       0.6490
   19597       0.6583
   19598       0.8150
   19599       0.7371
   19600       0.7301
   19601       0.7294
   19602       0.8025
   19603       0.8124
   19604       0.7126
   19605       0.6907
   19606       0.6504
   19607       0.6274
   19608       0.6421
   19609       0.6300
   19610       0.7557
   19611       0.7683
   19612       0.8180
   19613       0.7085
   19614       0.6711
   19615       0.6415
   19616       0.7038
   19617       0.6742
   19618       0.7382
   19619       0.7124
   19620       0.6891
   19621       0.6835
   19622       0.6576
   19623       0.7028
   19624       0.6787
   19625       0.7328
   19626       0.6486
   19627       0.6713
   19628       0.6698
   19629       0.6972
   19630       0.6943
   19631       0.6554
   19632       0.6729
   19633       0.6489
   19634       0.5703
   19635       0.6209
   19636       0.7388
   19637       0.6548
   19638       0.5956
   19639       0.6152
   19640       0.6511
   19641       0.6892
   19642       0.5996
   19643       0.6161
   19644       0.5052
   19645       0.5446
   19646       0.6817
   19647       0.6790
   19648       0.5268
   19649       0.6474
   19650       0.6168
   19651       0.5628
   19652       0.5429
   19653       0.5715
   19654       0.6023
   19655       0.6088
   19656       0.6098
   19657       0.5633
   19658       0.6346
   19659       0.5821
   19660       0.6370
   19661       0.6231
   19662       0.5955
   19663       0.5965
   19664       0.5672
   19665       0.6282
   19666       0.6356
   19667       0.6037
   19668       0.6127
   19669       0.5867
   19670       0.5744
   19671       0.5886
   19672       0.6805
   19673       0.6250
   19674       0.6030
   19675       0.6416
   19676       0.6377
   19677       0.6149
   19678       0.6596
   19679       0.6379
   19680       0.6953
   19681       0.5958
   19682       0.6535
   19683       0.6128
   19684       0.6354
   19685       0.6510
   19686       0.6413
   19687       0.5327
   19688       0.6265
   19689       0.6975
   19690       0.5955
   19691       0.6145
   19692       0.5730
   19693       0.6548
   19694       0.6243
   19695       0.7524
   19696       0.7767
   19697       0.7022
   19698       0.7625
   19699       0.7779
   19700       0.7587
   19701       0.7267
   19702       0.6104
   19703       0.6153
   19704       0.5720
   19705       0.6333
   19706       0.5607
   19707       0.6817
   19708       0.5817
   19709       0.5626
   19710       0.6460
   19711       0.5227
   19712       0.5279
   19713       0.7432
   19714       0.6679
   19715       0.6699
   19716       0.6972
   19717       0.7261
   19718       0.6051
   19719       0.6516
   19720       0.6290
   19721       0.6050
   19722       0.6234
   19723       0.5970
   19724       0.6135
   19725       0.6379
   19726       0.6511
   19727       0.6411
   19728       0.6094
   19729       0.7567
   19730       0.6918
   19731       0.6676
   19732       0.6897
   19733       0.7242
   19734       0.6281
   19735       0.6505
   19736       0.6520
   19737       0.6124
   19738       0.6292
   19739       0.6595
   19740       0.5956
   19741       0.6012
   19742       0.6891
   19743       0.6757
   19744       0.6458
   19745       0.6485
   19746       0.7341
   19747       0.7362
   19748       0.6646
   19749       0.7589
   19750       0.6089
   19751       0.6211
   19752       0.5861
   19753       0.7302
   19754       0.7177
   19755       0.7261
   19756       0.6529
   19757       0.6140
   19758       0.6338
   19759       0.6788
   19760       0.6243
   19761       0.6002
   19762       0.5979
   19763       0.6126
   19764       0.6083
   19765       0.6072
   19766       0.7050
   19767       0.6543
   19768       0.7064
   19769       0.6037
   19770       0.5845
   19771       0.6189
   19772       0.7005
   19773       0.5752
   19774       0.6440
   19775       0.5067
   19776       0.6296
   19777       0.5766
   19778       0.6928
   19779       0.6425
   19780       0.7034
   19781       0.7557
   19782       0.6923
   19783       0.7739
   19784       0.8587
   19785       0.6731
   19786       0.7049
   19787       0.6604
   19788       0.7698
   19789       0.6818
   19790       0.7854
   19791       0.8455
   19792       0.8289
   19793       0.8464
   19794       0.8315
   19795       0.8436
   19796       0.7660
   19797       0.7941
   19798       0.7550
   19799       0.8905
   19800       0.7593
   19801       0.7684
   19802       0.6792
   19803       0.8677
   19804       0.7022
   19805       0.7659
   19806       0.8014
   19807       0.6803
   19808       0.8509
   19809       0.7616
   19810       0.8352
   19811       0.7449
   19812       0.6819
   19813       0.7249
   19814       0.6772
   19815       0.7371
   19816       0.6540
   19817       0.7300
   19818       0.7534
   19819       0.8129
   19820       0.8277
   19821       0.8382
   19822       0.9742
   19823       0.6766
   19824       0.7242
   19825       0.7130
   19826       0.7258
   19827       0.8110
   19828       0.6972
   19829       0.6456
   19830       0.7297
   19831       0.6570
   19832       0.7134
   19833       0.5745
   19834       0.6844
   19835       0.6065
   19836       0.6287
   19837       0.5944
   19838       0.5782
   19839       0.5794
   19840       0.7027
   19841       0.7092
   19842       0.7107
   19843       0.5116
   19844       0.7086
   19845       0.7102
   19846       0.6808
   19847       0.5966
   19848       0.6755
   19849       0.6445
   19850       0.7401
   19851       0.7070
   19852       0.6815
   19853       0.6418
   19854       0.6877
   19855       0.6047
   19856       0.6457
   19857       0.7911
   19858       0.5782
   19859       0.7627
   19860       0.6899
   19861       0.6580
   19862       0.8121
   19863       0.5924
   19864       0.7283
   19865       0.5781
   19866       0.6232
   19867       0.7099
   19868       0.7257
   19869       0.7996
   19870       0.7309
   19871       0.6715
   19872       0.7272
   19873       0.7717
   19874       0.6658
   19875       0.6410
   19876       0.7651
   19877       0.6311
   19878       0.7330
   19879       0.6150
   19880       0.6505
   19881       0.6934
   19882       0.6616
   19883       0.6480
   19884       0.6012
   19885       0.6442
   19886       0.5482
   19887       0.7356
   19888       0.6253
   19889       0.7033
   19890       0.6147
   19891       0.6195
   19892       0.6300
   19893       0.5396
   19894       0.7157
   19895       0.6964
   19896       0.6586
   19897       0.6095
   19898       0.7734
   19899       0.7325
   19900       0.6858
   19901       0.6614
   19902       0.6948
   19903       0.7946
   19904       0.6272
   19905       0.6491
   19906       0.7186
   19907       0.6481
   19908       0.6127
   19909       0.6751
   19910       0.6534
   19911       0.7962
   19912       0.6945
   19913       0.7301
   19914       0.7040
   19915       0.6589
   19916       0.6929
   19917       0.6999
   19918       0.7435
   19919       0.6161
   19920       0.6543
   19921       0.5659
   19922       0.6189
   19923       0.6791
   19924       0.6244
   19925       0.5920
   19926       0.5981
   19927       0.6299
   19928       0.5910
   19929       0.5864
   19930       0.6093
   19931       0.6051
   19932       0.6019
   19933       0.6660
   19934       0.6125
   19935       0.6032
   19936       0.5696
   19937       0.7472
   19938       0.5465
   19939       0.6317
   19940       0.6544
   19941       0.5629
   19942       0.6457
   19943       0.6577
   19944       0.6239
   19945       0.5545
   19946       0.6550
   19947       0.7054
   19948       0.6889
   19949       0.7040
   19950       0.6176
   19951       0.5628
   19952       0.6953
   19953       0.6956
   19954       0.5339
   19955       0.5979
   19956       0.6750
   19957       0.5499
   19958       0.5986
   19959       0.5306
   19960       0.5664
   19961       0.5342
   19962       0.6785
   19963       0.5682
   19964       0.6170
   19965       0.6296
   19966       0.6067
   19967       0.6499
   19968       0.6283
   19969       0.6506
   19970       0.6567
   19971       0.8091
   19972       0.6983
   19973       0.6583
   19974       0.8144
   19975       0.6773
   19976       0.6019
   19977       0.6460
   19978       0.6299
   19979       0.5955
   19980       0.5943
   19981       0.5602
   19982       0.5738
   19983       0.6654
   19984       0.6660
   19985       0.6099
   19986       0.6108
   19987       0.7702
   19988       0.6556
   19989       0.6654
   19990       0.5057
   19991       0.6307
   19992       0.5142
   19993       0.6880
   19994       0.7137
   19995       0.6612
   19996       0.7254
   19997       0.8663
   19998       0.7004
   19999       0.6398
   20000       0.7518
   20001       0.6920
   20002       0.7205
   20003       0.7401
   20004       0.6627
   20005       0.6126
   20006       0.6722
   20007       0.6298
   20008       0.6881
   20009       0.6036
   20010       0.7212
   20011       0.6829
   20012       0.6749
   20013       0.7011
   20014       0.6743
   20015       0.6358
   20016       0.6045
   20017       0.6723
   20018       0.6028
   20019       0.7021
   20020       0.6059
   20021       0.6769
   20022       0.6375
   20023       0.6799
   20024       0.6896
   20025       0.6680
   20026       0.6531
   20027       0.6998
   20028       0.7579
   20029       0.6518
   20030       0.5895
   20031       0.6041
   20032       0.6208
   20033       0.7267
   20034       0.7939
   20035       0.5937
   20036       0.7095
   20037       0.6907
   20038       0.7668
   20039       0.7248
   20040       0.6601
   20041       0.7409
   20042       0.6744
   20043       0.6258
   20044       0.6433
   20045       0.7364
   20046       0.6942
   20047       0.6379
   20048       0.5832
   20049       0.6377
   20050       0.5865
   20051       0.6218
   20052       0.6866
   20053       0.6668
   20054       0.5542
   20055       0.6109
   20056       0.6052
   20057       0.5520
   20058       0.6485
   20059       0.6604
   20060       0.6142
   20061       0.5836
   20062       0.5954
   20063       0.6609
   20064       0.6055
   20065       0.6544
   20066       0.6135
   20067       0.5504
   20068       0.6052
   20069       0.6593
   20070       0.7694
   20071       0.6892
   20072       0.7507
   20073       0.7983
   20074       0.6068
   20075       0.5990
   20076       0.6342
   20077       0.6602
   20078       0.7897
   20079       0.6325
   20080       0.6496
   20081       0.6531
   20082       0.5884
   20083       0.7023
   20084       0.6656
   20085       0.6589
   20086       0.5996
   20087       0.5979
   20088       0.5940
   20089       0.7065
   20090       0.5820
   20091       0.7480
   20092       0.6548
   20093       0.5955
   20094       0.7415
   20095       0.7477
   20096       0.6422
   20097       0.7192
   20098       0.7396
   20099       0.7095
   20100       0.7939
   20101       0.8028
   20102       0.7802
   20103       0.7198
   20104       0.7757
   20105       0.6702
   20106       0.6428
   20107       0.6858
   20108       0.8477
   20109       0.6193
   20110       0.6886
   20111       0.6339
   20112       0.5845
   20113       0.5153
   20114       0.5604
   20115       0.5318
   20116       0.5654
   20117       0.4963
   20118       0.5371
   20119       0.6116
   20120       0.5403
   20121       0.5595
   20122       0.5735
   20123       0.5574
   20124       0.5722
   20125       0.6097
   20126       0.5069
   20127       0.4623
   20128       0.5119
   20129       0.5842
   20130       0.5577
   20131       0.5410
   20132       0.5005
   20133       0.6770
   20134       0.6368
   20135       0.5809
   20136       0.5603
   20137       0.6925
   20138       0.5301
   20139       0.6117
   20140       0.6177
   20141       0.5540
   20142       0.5392
   20143       0.6496
   20144       0.5549
   20145       0.6615
   20146       0.5367
   20147       0.6393
   20148       0.5947
   20149       0.6639
   20150       0.6986
   20151       0.7230
   20152       0.6417
   20153       0.4910
   20154       0.5355
   20155       0.5703
   20156       0.5314
   20157       0.4946
   20158       0.6151
   20159       0.6800
   20160       0.6697
   20161       0.6657
   20162       0.5530
   20163       0.5670
   20164       0.5604
   20165       0.5468
   20166       0.5928
   20167       0.5350
   20168       0.5227
   20169       0.5963
   20170       0.5914
   20171       0.5909
   20172       0.5804
   20173       0.6485
   20174       0.6343
   20175       0.5940
   20176       0.5911
   20177       0.5554
   20178       0.4968
   20179       0.4925
   20180       0.6073
   20181       0.5780
   20182       0.6332
   20183       0.6075
   20184       0.6240
   20185       0.6020
   20186       0.4984
   20187       0.5622
   20188       0.6269
   20189       0.5414
   20190       0.5455
   20191       0.5406
   20192       0.6333
   20193       0.5693
   20194       0.5919
   20195       0.5918
   20196       0.6416
   20197       0.5350
   20198       0.6004
   20199       0.5726
   20200       0.5277
   20201       0.6180
   20202       0.5595
   20203       0.6037
   20204       0.6355
   20205       0.5878
   20206       0.6337
   20207       0.6454
   20208       0.5274
   20209       0.5596
   20210       0.5360
   20211       0.5574
   20212       0.5451
   20213       0.5741
   20214       0.5534
   20215       0.4909
   20216       0.5294
   20217       0.4822
   20218       0.5439
   20219       0.5156
   20220       0.6471
   20221       0.5857
   20222       0.4996
   20223       0.4897
   20224       0.5429
   20225       0.5922
   20226       0.5625
   20227       0.5058
   20228       0.6019
   20229       0.6046
   20230       0.5924
   20231       0.5959
   20232       0.5473
   20233       0.5918
   20234       0.5147
   20235       0.6387
   20236       0.5281
   20237       0.5448
   20238       0.5789
   20239       0.5446
   20240       0.5708
   20241       0.5891
   20242       0.5697
   20243       0.5974
   20244       0.5533
   20245       0.6100
   20246       0.6877
   20247       0.5857
   20248       0.6090
   20249       0.5240
   20250       0.5687
   20251       0.6600
   20252       0.5407
   20253       0.5141
   20254       0.5150
   20255       0.5615
   20256       0.6134
   20257       0.6434
   20258       0.4990
   20259       0.5670
   20260       0.5762
   20261       0.5714
   20262       0.6056
   20263       0.5441
   20264       0.5071
   20265       0.5213
   20266       0.5671
   20267       0.5213
   20268       0.5063
   20269       0.5356
   20270       0.5974
   20271       0.5881
   20272       0.6389
   20273       0.5749
   20274       0.5986
   20275       0.5935
   20276       0.6385
   20277       0.5765
   20278       0.6315
   20279       0.6088
   20280       0.6929
   20281       0.5980
   20282       0.5519
   20283       0.8343
   20284       0.6326
   20285       0.6786
   20286       0.6887
   20287       0.7745
   20288       0.7867
   20289       0.7045
   20290       0.5535
   20291       0.6818
   20292       0.5414
   20293       0.6577
   20294       0.5958
   20295       0.6135
   20296       0.6358
   20297       0.6683
   20298       0.5869
   20299       0.6382
   20300       0.6217
   20301       0.5481
   20302       0.6365
   20303       0.6237
   20304       0.5847
   20305       0.7629
   20306       0.8073
   20307       0.6675
   20308       0.5270
   20309       0.5400
   20310       0.6073
   20311       0.6220
   20312       0.5463
   20313       0.7077
   20314       0.7015
   20315       0.6400
   20316       0.5963
   20317       0.5616
   20318       0.6436
   20319       0.7126
   20320       0.7503
   20321       0.6667
   20322       0.5778
   20323       0.7022
   20324       0.6030
   20325       0.6511
   20326       0.6120
   20327       0.5586
   20328       0.6270
   20329       0.6536
   20330       0.6126
   20331       0.6692
   20332       0.6487
   20333       0.5412
   20334       0.6269
   20335       0.5881
   20336       0.6714
   20337       0.6839
   20338       0.6223
   20339       0.5725
   20340       0.5813
   20341       0.6375
   20342       0.5812
   20343       0.6618
   20344       0.6080
   20345       0.6137
   20346       0.5596
   20347       0.5420
   20348       0.5325
   20349       0.6789
   20350       0.6606
   20351       0.6331
   20352       0.6060
   20353       0.7069
   20354       0.6059
   20355       0.6458
   20356       0.6515
   20357       0.6123
   20358       0.6240
   20359       0.7443
   20360       0.7713
   20361       0.5829
   20362       0.5495
   20363       0.5827
   20364       0.5525
   20365       0.6165
   20366       0.5788
   20367       0.6575
   20368       0.6340
   20369       0.5807
   20370       0.6399
   20371       0.6515
   20372       0.5660
   20373       0.5656
   20374       0.7424
   20375       0.5685
   20376       0.6771
   20377       0.7571
   20378       0.5956
   20379       0.6776
   20380       0.5298
   20381       0.5626
   20382       0.6555
   20383       0.7414
   20384       0.7751
   20385       0.8176
   20386       0.8244
   20387       0.7538
   20388       0.6906
   20389       0.6087
   20390       0.6846
   20391       0.6391
   20392       0.6158
   20393       0.5946
   20394       0.6053
   20395       0.5345
   20396       0.6111
   20397       0.6115
   20398       0.7836
   20399       0.6541
   20400       0.6883
   20401       0.6805
   20402       0.6568
   20403       0.6984
   20404       0.7103
   20405       0.7068
   20406       0.7738
   20407       0.5998
   20408       0.6679
   20409       0.7153
   20410       0.7027
   20411       0.6921
   20412       0.7030
   20413       0.6686
   20414       0.6948
   20415       0.6827
   20416       0.6708
   20417       0.8263
   20418       0.7054
   20419       0.7050
   20420       0.6550
   20421       0.6147
   20422       0.6650
   20423       0.6298
   20424       0.6882
   20425       0.7398
   20426       0.7007
   20427       0.6489
   20428       0.6086
   20429       0.6873
   20430       0.5245
   20431       0.5708
   20432       0.5997
   20433       0.5321
   20434       0.6153
   20435       0.6037
   20436       0.6087
   20437       0.6395
   20438       0.6123
   20439       0.6302
   20440       0.6062
   20441       0.6690
   20442       0.6427
   20443       0.6458
   20444       0.7024
   20445       0.6237
   20446       0.5988
   20447       0.5852
   20448       0.5070
   20449       0.5373
   20450       0.5975
   20451       0.6963
   20452       0.5614
   20453       0.6055
   20454       0.6364
   20455       0.6278
   20456       0.6002
   20457       0.5548
   20458       0.6082
   20459       0.6913
   20460       0.6245
   20461       0.6150
   20462       0.6119
   20463       0.6595
   20464       0.7520
   20465       0.6087
   20466       0.7058
   20467       0.6107
   20468       0.5727
   20469       0.5417
   20470       0.6315
   20471       0.6116
   20472       0.5494
   20473       0.5789
   20474       0.5876
   20475       0.5469
   20476       0.6372
   20477       0.6575
   20478       0.6397
   20479       0.8201
   20480       0.5968
   20481       0.6238
   20482       0.6487
   20483       0.6524
   20484       0.6945
   20485       0.6403
   20486       0.6497
   20487       0.6812
   20488       0.6648
   20489       0.6972
   20490       0.7033
   20491       0.6655
   20492       0.6777
   20493       0.6226
   20494       0.5933
   20495       0.6113
   20496       0.6107
   20497       0.6038
   20498       0.5596
   20499       0.7117
   20500       0.7010
   20501       0.6488
   20502       0.6155
   20503       0.6201
   20504       0.5768
   20505       0.7339
   20506       0.5977
   20507       0.6099
   20508       0.7350
   20509       0.6549
   20510       0.6544
   20511       0.6166
   20512       0.7527
   20513       0.6600
   20514       0.5937
   20515       0.5069
   20516       0.6383
   20517       0.5183
   20518       0.5441
   20519       0.6940
   20520       0.6462
   20521       0.6585
   20522       0.6591
   20523       0.6559
   20524       0.6879
   20525       0.6393
   20526       0.6692
   20527       0.7062
   20528       0.6704
   20529       0.6664
   20530       0.6280
   20531       0.6758
   20532       0.6862
   20533       0.8334
   20534       0.6893
   20535       0.7091
   20536       0.7043
   20537       0.7292
   20538       0.7232
   20539       0.6036
   20540       0.6386
   20541       0.6324
   20542       0.6130
   20543       0.5660
   20544       0.6770
   20545       0.6725
   20546       0.6191
   20547       0.5675
   20548       0.5914
   20549       0.5251
   20550       0.7039
   20551       0.5925
   20552       0.5942
   20553       0.5411
   20554       0.6428
   20555       0.7602
   20556       0.6768
   20557       0.6164
   20558       0.6527
   20559       0.6215
   20560       0.6164
   20561       0.4813
   20562       0.6107
   20563       0.5812
   20564       0.7011
   20565       0.7397
   20566       0.6342
   20567       0.5809
   20568       0.5750
   20569       0.6802
   20570       0.5473
   20571       0.5413
   20572       0.5429
   20573       0.6338
   20574       0.5664
   20575       0.7081
   20576       0.4515
   20577       0.5283
   20578       0.5673
   20579       0.5642
   20580       0.6025
   20581       0.5035
   20582       0.5638
   20583       0.5540
   20584       0.5283
   20585       0.5427
   20586       0.5304
   20587       0.5708
   20588       0.5007
   20589       0.6086
   20590       0.5722
   20591       0.5875
   20592       0.4984
   20593       0.5877
   20594       0.5264
   20595       0.6133
   20596       0.4993
   20597       0.5727
   20598       0.5319
   20599       0.5973
   20600       0.6007
   20601       0.5820
   20602       0.5805
   20603       0.5132
   20604       0.5599
   20605       0.6642
   20606       0.5981
   20607       0.6507
   20608       0.5661
   20609       0.6338
   20610       0.6389
   20611       0.5376
   20612       0.6017
   20613       0.6132
   20614       0.5479
   20615       0.6173
   20616       0.5726
   20617       0.6289
   20618       0.6126
   20619       0.6157
   20620       0.5188
   20621       0.5001
   20622       0.6302
   20623       0.6046
   20624       0.5020
   20625       0.6527
   20626       0.5788
   20627       0.6492
   20628       0.5518
   20629       0.6616
   20630       0.6132
   20631       0.5186
   20632       0.5470
   20633       0.6485
   20634       0.5784
   20635       0.5668
   20636       0.5469
   20637       0.5951
   20638       0.6520
   20639       0.6518
   20640       0.5196
   20641       0.5188
   20642       0.5560
   20643       0.5396
   20644       0.5008
   20645       0.5237
   20646       0.5437
   20647       0.5093
   20648       0.5620
   20649       0.6100
   20650       0.5873
   20651       0.6537
   20652       0.6462
   20653       0.5375
   20654       0.5041
   20655       0.5837
   20656       0.6265
   20657       0.6102
   20658       0.5628
   20659       0.7017
   20660       0.5712
   20661       0.5319
   20662       0.5545
   20663       0.6344
   20664       0.6752
   20665       0.5910
   20666       0.6299
   20667       0.5906
   20668       0.5414
   20669       0.6431
   20670       0.5458
   20671       0.6182
   20672       0.5766
   20673       0.4588
   20674       0.6393
   20675       0.6490
   20676       0.5417
   20677       0.5906
   20678       0.5812
   20679       0.6741
   20680       0.5697
   20681       0.5216
   20682       0.6507
   20683       0.6536
   20684       0.7325
   20685       0.6052
   20686       0.6794
   20687       0.5859
   20688       0.7163
   20689       0.5903
   20690       0.6218
   20691       0.6524
   20692       0.5948
   20693       0.5343
   20694       0.6057
   20695       0.6251
   20696       0.6745
   20697       0.5030
   20698       0.5752
   20699       0.6421
   20700       0.6043
   20701       0.5480
   20702       0.6038
   20703       0.6510
   20704       0.6153
   20705       0.6863
   20706       0.6657
   20707       0.5470
   20708       0.6429
   20709       0.5644
   20710       0.5747
   20711       0.5969
   20712       0.5935
   20713       0.6332
   20714       0.5739
   20715       0.5571
   20716       0.6810
   20717       0.6163
   20718       0.5224
   20719       0.5449
   20720       0.6524
   20721       0.5478
   20722       0.7116
   20723       0.5261
   20724       0.5484
   20725       0.5392
   20726       0.5391
   20727       0.5509
   20728       0.5598
   20729       0.5649
   20730       0.5257
   20731       0.6044
   20732       0.5444
   20733       0.6207
   20734       0.6048
   20735       0.5649
   20736       0.5832
   20737       0.5810
   20738       0.6142
   20739       0.6597
   20740       0.5200
   20741       0.6500
   20742       0.5574
   20743       0.6250
   20744       0.6071
   20745       0.7057
   20746       0.5548
   20747       0.6732
   20748       0.7767
   20749       0.6358
   20750       0.5518
   20751       0.6866
   20752       0.7061
   20753       0.6279
   20754       0.5897
   20755       0.5720
   20756       0.5028
   20757       0.5545
   20758       0.5436
   20759       0.5222
   20760       0.6503
   20761       0.7542
   20762       0.7261
   20763       0.7036
   20764       0.7957
   20765       0.7846
   20766       0.7987
   20767       0.6916
   20768       0.8340
   20769       0.6324
   20770       0.6948
   20771       0.6336
   20772       0.5750
   20773       0.6469
   20774       0.5704
   20775       0.6710
   20776       0.5218
   20777       0.5630
   20778       0.5828
   20779       0.7372
   20780       0.7132
   20781       0.6992
   20782       0.6445
   20783       0.5428
   20784       0.5327
   20785       0.5979
   20786       0.6133
   20787       0.5475
   20788       0.6164
   20789       0.6157
   20790       0.5999
   20791       0.6505
   20792       0.6152
   20793       0.5961
   20794       0.6639
   20795       0.5174
   20796       0.4902
   20797       0.6211
   20798       0.5110
   20799       0.5639
   20800       0.5637
   20801       0.6343
   20802       0.5371
   20803       0.5119
   20804       0.5850
   20805       0.5374
   20806       0.5596
   20807       0.5485
   20808       0.5704
   20809       0.5590
   20810       0.5758
   20811       0.5607
   20812       0.5713
   20813       0.5504
   20814       0.5396
   20815       0.5035
   20816       0.6487
   20817       0.6796
   20818       0.6271
   20819       0.5427
   20820       0.5841
   20821       0.6967
   20822       0.7646
   20823       0.6417
   20824       0.6247
   20825       0.6137
   20826       0.6758
   20827       0.6360
   20828       0.5814
   20829       0.7946
   20830       0.7568
   20831       0.6600
   20832       0.6170
   20833       0.6937
   20834       0.6841
   20835       0.5634
   20836       0.6851
   20837       0.6961
   20838       0.6164
   20839       0.5655
   20840       0.7706
   20841       0.6747
   20842       0.6598
   20843       0.6807
   20844       0.7078
   20845       0.7198
   20846       0.4910
   20847       0.5868
   20848       0.6381
   20849       0.5658
   20850       0.6487
   20851       0.6361
   20852       0.5795
   20853       0.5960
   20854       0.5662
   20855       0.5989
   20856       0.5836
   20857       0.5558
   20858       0.6428
   20859       0.5507
   20860       0.5245
   20861       0.5707
   20862       0.5971
   20863       0.6387
   20864       0.5733
   20865       0.5615
   20866       0.5809
   20867       0.5163
   20868       0.5423
   20869       0.5908
   20870       0.7380
   20871       0.5780
   20872       0.6346
   20873       0.6466
   20874       0.5805
   20875       0.6011
   20876       0.4854
   20877       0.4961
   20878       0.5221
   20879       0.5672
   20880       0.5377
   20881       0.5199
   20882       0.5754
   20883       0.5889
   20884       0.5906
   20885       0.6169
   20886       0.6294
   20887       0.7458
   20888       0.6596
   20889       0.5887
   20890       0.6449
   20891       0.6020
   20892       0.5320
   20893       0.6563
   20894       0.6782
   20895       0.7838
   20896       0.5808
   20897       0.5663
   20898       0.6520
   20899       0.7283
   20900       0.6041
   20901       0.5785
   20902       0.5482
   20903       0.5279
   20904       0.5903
   20905       0.6544
   20906       0.5875
   20907       0.5319
   20908       0.5817
   20909       0.6890
   20910       0.6310
   20911       0.5221
   20912       0.5046
   20913       0.5262
   20914       0.5413
   20915       0.5118
   20916       0.5656
   20917       0.5940
   20918       0.6078
   20919       0.6257
   20920       0.6309
   20921       0.6609
   20922       0.5533
   20923       0.6457
   20924       0.6233
   20925       0.7088
   20926       0.6697
   20927       0.5167
   20928       0.5978
   20929       0.6300
   20930       0.7159
   20931       0.7185
   20932       0.5350
   20933       0.5644
   20934       0.5660
   20935       0.6641
   20936       0.5988
   20937       0.6573
   20938       0.6179
   20939       0.5471
   20940       0.5648
   20941       0.5487
   20942       0.6223
   20943       0.5900
   20944       0.5825
   20945       0.5556
   20946       0.6322
   20947       0.6128
   20948       0.6260
   20949       0.5830
   20950       0.5559
   20951       0.6014
   20952       0.5643
   20953       0.6819
   20954       0.6128
   20955       0.6585
   20956       0.6174
   20957       0.6426
   20958       0.5380
   20959       0.5170
   20960       0.5854
   20961       0.5177
   20962       0.5740
   20963       0.5424
   20964       0.7012
   20965       0.6322
   20966       0.5519
   20967       0.6246
   20968       0.6344
   20969       0.5214
   20970       0.5314
   20971       0.5496
   20972       0.6036
   20973       0.6002
   20974       0.5600
   20975       0.7046
   20976       0.5494
   20977       0.6096
   20978       0.6132
   20979       0.6849
   20980       0.5684
   20981       0.5708
   20982       0.5473
   20983       0.5650
   20984       0.6323
   20985       0.6363
   20986       0.6172
   20987       0.6242
   20988       0.5797
   20989       0.6196
   20990       0.5599
   20991       0.5621
   20992       0.5646
   20993       0.5827
   20994       0.6250
   20995       0.5923
   20996       0.5947
   20997       0.5949
   20998       0.5730
   20999       0.5074
   21000       0.6227
   21001       0.6910
   21002       0.8692
   21003       0.7132
   21004       0.6528
   21005       0.7095
   21006       0.7456
   21007       0.6536
   21008       0.6971
   21009       0.6269
   21010       0.6194
   21011       0.6509
   21012       0.6818
   21013       0.6224
   21014       0.5927
   21015       0.5298
   21016       0.5450
   21017       0.6287
   21018       0.5395
   21019       0.4726
   21020       0.6012
   21021       0.5726
   21022       0.6958
   21023       0.6383
   21024       0.6339
   21025       0.5895
   21026       0.6195
   21027       0.5821
   21028       0.6505
   21029       0.6224
   21030       0.5907
   21031       0.5738
   21032       0.5990
   21033       0.5249
   21034       0.5874
   21035       0.6404
   21036       0.6066
   21037       0.5658
   21038       0.6714
   21039       0.6084
   21040       0.6495
   21041       0.6584
   21042       0.5821
   21043       0.5821
   21044       0.5777
   21045       0.6162
   21046       0.6280
   21047       0.6251
   21048       0.6339
   21049       0.5751
   21050       0.6020
   21051       0.6261
   21052       0.6156
   21053       0.6083
   21054       0.5605
   21055       0.6927
   21056       0.6137
   21057       0.6819
   21058       0.7609
   21059       0.6017
   21060       0.6621
   21061       0.5340
   21062       0.6483
   21063       0.5697
   21064       0.5887
   21065       0.6497
   21066       0.6283
   21067       0.6041
   21068       0.5976
   21069       0.5583
   21070       0.5967
   21071       0.6789
   21072       0.6270
   21073       0.5850
   21074       0.5073
   21075       0.4971
   21076       0.5901
   21077       0.5457
   21078       0.5818
   21079       0.6856
   21080       0.5710
   21081       0.6605
   21082       0.7305
   21083       0.7776
   21084       0.6676
   21085       0.6406
   21086       0.5341
   21087       0.5867
   21088       0.5823
   21089       0.5809
   21090       0.5576
   21091       0.5575
   21092       0.6394
   21093       0.5562
   21094       0.5895
   21095       0.5558
   21096       0.6329
   21097       0.6161
   21098       0.5802
   21099       0.4899
   21100       0.5561
   21101       0.5304
   21102       0.6873
   21103       0.6298
   21104       0.5747
   21105       0.6199
   21106       0.5369
   21107       0.5242
   21108       0.6547
   21109       0.6621
   21110       0.5325
   21111       0.7023
   21112       0.5364
   21113       0.6305
   21114       0.6488
   21115       0.6243
   21116       0.6934
   21117       0.5496
   21118       0.6661
   21119       0.6700
   21120       0.5872
   21121       0.5889
   21122       0.7018
   21123       0.6406
   21124       0.5536
   21125       0.5704
   21126       0.5465
   21127       0.5948
   21128       0.6308
   21129       0.5833
   21130       0.5064
   21131       0.6056
   21132       0.5812
   21133       0.5607
   21134       0.5811
   21135       0.5592
   21136       0.6161
   21137       0.6029
   21138       0.6308
   21139       0.5761
   21140       0.6196
   21141       0.6082
   21142       0.6519
   21143       0.6637
   21144       0.5865
   21145       0.5940
   21146       0.6788
   21147       0.6109
   21148       0.5584
   21149       0.6542
   21150       0.7307
   21151       0.6553
   21152       0.5853
   21153       0.6441
   21154       0.6498
   21155       0.7194
   21156       0.6894
   21157       0.6097
   21158       0.5650
   21159       0.6328
   21160       0.5560
   21161       0.6256
   21162       0.7602
   21163       0.6561
   21164       0.5888
   21165       0.6443
   21166       0.5896
   21167       0.7854
   21168       0.7171
   21169       0.6591
   21170       0.7561
   21171       0.6781
   21172       0.5980
   21173       0.7192
   21174       0.6583
   21175       0.7660
   21176       0.6612
   21177       0.5777
   21178       0.6115
   21179       0.5825
   21180       0.5809
   21181       0.6030
   21182       0.6275
   21183       0.5723
   21184       0.7315
   21185       0.7874
   21186       0.6999
   21187       0.5804
   21188       0.5668
   21189       0.5787
   21190       0.6702
   21191       0.5603
   21192       0.6552
   21193       0.6406
   21194       0.5972
   21195       0.6303
   21196       0.6742
   21197       0.6536
   21198       0.6186
   21199       0.5636
   21200       0.6345
   21201       0.6921
   21202       0.7456
   21203       0.6914
   21204       0.6049
   21205       0.6210
   21206       0.6099
   21207       0.6687
   21208       0.6647
   21209       0.6502
   21210       0.6388
   21211       0.7900
   21212       0.6462
   21213       0.6614
   21214       0.6455
   21215       0.6490
   21216       0.6324
   21217       0.6426
   21218       0.7934
   21219       0.7046
   21220       0.7212
   21221       0.6401
   21222       0.7347
   21223       0.7088
   21224       0.5901
   21225       0.6741
   21226       0.5802
   21227       0.6014
   21228       0.6981
   21229       0.7333
   21230       0.7435
   21231       0.6802
   21232       0.7303
   21233       0.6362
   21234       0.6221
   21235       0.7042
   21236       0.6187
   21237       0.7596
   21238       0.7211
   21239       0.6082
   21240       0.6461
   21241       0.6007
   21242       0.5983
   21243       0.6450
   21244       0.6964
   21245       0.6266
   21246       0.7024
   21247       0.5744
   21248       0.6090
   21249       0.7935
   21250       0.6123
   21251       0.6448
   21252       0.7565
   21253       0.7402
   21254       0.7215
   21255       0.7175
   21256       0.7435
   21257       0.6826
   21258       0.6729
   21259       0.7179
   21260       0.6159
   21261       0.7291
   21262       0.7118
   21263       0.7231
   21264       0.7142
   21265       0.7749
   21266       0.6706
   21267       0.6931
   21268       0.6881
   21269       0.7270
   21270       0.6203
   21271       0.5894
   21272       0.6537
   21273       0.6034
   21274       0.5902
   21275       0.6306
   21276       0.6142
   21277       0.6484
   21278       0.5882
   21279       0.6358
   21280       0.5866
   21281       0.7597
   21282       0.6535
   21283       0.6674
   21284       0.7095
   21285       0.7638
   21286       0.6588
   21287       0.5568
   21288       0.7311
   21289       0.7420
   21290       0.6323
   21291       0.6554
   21292       0.6987
   21293       0.7035
   21294       0.6046
   21295       0.6004
   21296       0.6701
   21297       0.7578
   21298       0.7278
   21299       0.7525
   21300       0.6814
   21301       0.6480
   21302       0.6487
   21303       0.7162
   21304       0.7007
   21305       0.6856
   21306       0.7106
   21307       0.6022
   21308       0.5658
   21309       0.5514
   21310       0.5578
   21311       0.6181
   21312       0.6617
   21313       0.6682
   21314       0.7054
   21315       0.5863
   21316       0.5467
   21317       0.5798
   21318       0.5814
   21319       0.5946
   21320       0.6493
   21321       0.5907
   21322       0.6477
   21323       0.5821
   21324       0.6076
   21325       0.6585
   21326       0.6237
   21327       0.5601
   21328       0.5937
   21329       0.6870
   21330       0.5942
   21331       0.6129
   21332       0.5856
   21333       0.5884
   21334       0.5615
   21335       0.6669
   21336       0.5785
   21337       0.5928
   21338       0.6396
   21339       0.6916
   21340       0.7026
   21341       0.6233
   21342       0.6117
   21343       0.6107
   21344       0.5226
   21345       0.6219
   21346       0.5172
   21347       0.5520
   21348       0.5962
   21349       0.7157
   21350       0.5370
   21351       0.5878
   21352       0.5363
   21353       0.5480
   21354       0.6056
   21355       0.5639
   21356       0.7427
   21357       0.6459
   21358       0.6156
   21359       0.6046
   21360       0.5741
   21361       0.6564
   21362       0.5547
   21363       0.7296
   21364       0.6811
   21365       0.4844
   21366       0.6907
   21367       0.6434
   21368       0.5651
   21369       0.6310
   21370       0.6174
   21371       0.6777
   21372       0.6146
   21373       0.6430
   21374       0.6175
   21375       0.6263
   21376       0.5697
   21377       0.5557
   21378       0.5016
   21379       0.5327
   21380       0.5456
   21381       0.6182
   21382       0.6317
   21383       0.5537
   21384       0.5764
   21385       0.6633
   21386       0.6385
   21387       0.5444
   21388       0.5816
   21389       0.6307
   21390       0.5570
   21391       0.5676
   21392       0.6166
   21393       0.6131
   21394       0.6260
   21395       0.5741
   21396       0.5999
   21397       0.5780
   21398       0.5549
   21399       0.6195
   21400       0.5443
   21401       0.6725
   21402       0.5345
   21403       0.5582
   21404       0.5710
   21405       0.6515
   21406       0.5426
   21407       0.6310
   21408       0.6507
   21409       0.5574
   21410       0.6009
   21411       0.6559
   21412       0.6931
   21413       0.6246
   21414       0.6546
   21415       0.6465
   21416       0.6606
   21417       0.6476
   21418       0.6771
   21419       0.6527
   21420       0.7299
   21421       0.7533
   21422       0.6490
   21423       0.7443
   21424       0.6998
   21425       0.6496
   21426       0.6585
   21427       0.6359
   21428       0.6972
   21429       0.6325
   21430       0.7321
   21431       0.6899
   21432       0.7113
   21433       0.6033
   21434       0.7145
   21435       0.5984
   21436       0.6518
   21437       0.6830
   21438       0.7853
   21439       0.6288
   21440       0.5582
   21441       0.6439
   21442       0.6586
   21443       0.6099
   21444       0.7268
   21445       0.6673
   21446       0.7224
   21447       0.6949
   21448       0.5810
   21449       0.6318
   21450       0.6391
   21451       0.7214
   21452       0.5565
   21453       0.6601
   21454       0.6254
   21455       0.5970
   21456       0.6121
   21457       0.6254
   21458       0.5976
   21459       0.7062
   21460       0.6440
   21461       0.6474
   21462       0.7057
   21463       0.7122
   21464       0.5902
   21465       0.6691
   21466       0.6620
   21467       0.6553
   21468       0.6965
   21469       0.5688
   21470       0.6358
   21471       0.6877
   21472       0.6999
   21473       0.5828
   21474       0.6528
   21475       0.7443
   21476       0.6776
   21477       0.6257
   21478       0.6985
   21479       0.7379
   21480       0.7921
   21481       0.7843
   21482       0.7711
   21483       0.6320
   21484       0.5702
   21485       0.6592
   21486       0.6387
   21487       0.5566
   21488       0.6015
   21489       0.5772
   21490       0.6172
   21491       0.6133
   21492       0.6385
   21493       0.5886
   21494       0.6196
   21495       0.5626
   21496       0.5519
   21497       0.6697
   21498       0.6449
   21499       0.6174
   21500       0.5879
   21501       0.5983
   21502       0.6515
   21503       0.5724
   21504       0.5827
   21505       0.5450
   21506       0.5846
   21507       0.5983
   21508       0.6268
   21509       0.5881
   21510       0.6442
   21511       0.5667
   21512       0.5579
   21513       0.7033
   21514       0.6552
   21515       0.5158
   21516       0.6048
   21517       0.6193
   21518       0.5974
   21519       0.6570
   21520       0.6633
   21521       0.6215
   21522       0.6940
   21523       0.6427
   21524       0.5417
   21525       0.5057
   21526       0.5632
   21527       0.5937
   21528       0.6076
   21529       0.5794
   21530       0.5383
   21531       0.5566
   21532       0.6001
   21533       0.5791
   21534       0.6125
   21535       0.5411
   21536       0.6161
   21537       0.5565
   21538       0.5362
   21539       0.5837
   21540       0.5750
   21541       0.5251
   21542       0.6745
   21543       0.5405
   21544       0.6435
   21545       0.5831
   21546       0.5192
   21547       0.5517
   21548       0.5526
   21549       0.5717
   21550       0.5609
   21551       0.6088
   21552       0.5478
   21553       0.5675
   21554       0.7062
   21555       0.7319
   21556       0.5479
   21557       0.5455
   21558       0.5788
   21559       0.5036
   21560       0.5382
   21561       0.6367
   21562       0.6078
   21563       0.6542
   21564       0.6751
   21565       0.6000
   21566       0.6121
   21567       0.6107
   21568       0.6325
   21569       0.5851
   21570       0.7209
   21571       0.6274
   21572       0.5908
   21573       0.5942
   21574       0.5967
   21575       0.5366
   21576       0.5914
   21577       0.5386
   21578       0.5223
   21579       0.5846
   21580       0.6297
   21581       0.5607
   21582       0.5816
   21583       0.6258
   21584       0.6756
   21585       0.6952
   21586       0.5738
   21587       0.5117
   21588       0.5410
   21589       0.5928
   21590       0.5181
   21591       0.6618
   21592       0.4764
   21593       0.5662
   21594       0.5818
   21595       0.5810
   21596       0.6605
   21597       0.5988
   21598       0.6033
   21599       0.5640
   21600       0.5999
   21601       0.6273
   21602       0.5390
   21603       0.5303
   21604       0.6255
   21605       0.5950
   21606       0.5762
   21607       0.7162
   21608       0.5323
   21609       0.5552
   21610       0.6318
   21611       0.5797
   21612       0.7322
   21613       0.7351
   21614       0.6738
   21615       0.6474
   21616       0.6228
   21617       0.7298
   21618       0.6392
   21619       0.6816
   21620       0.5799
   21621       0.5410
   21622       0.5706
   21623       0.6001
   21624       0.6304
   21625       0.6375
   21626       0.6275
   21627       0.5533
   21628       0.6310
   21629       0.6103
   21630       0.5650
   21631       0.5360
   21632       0.5134
   21633       0.5626
   21634       0.6015
   21635       0.6902
   21636       0.6966
   21637       0.7130
   21638       0.7709
   21639       0.7049
   21640       0.6285
   21641       0.6315
   21642       0.5222
   21643       0.5835
   21644       0.6458
   21645       0.6015
   21646       0.6235
   21647       0.6479
   21648       0.7151
   21649       0.6281
   21650       0.6315
   21651       0.5926
   21652       0.6696
   21653       0.6655
   21654       0.6334
   21655       0.5556
   21656       0.6126
   21657       0.5511
   21658       0.6193
   21659       0.7155
   21660       0.6209
   21661       0.5069
   21662       0.5849
   21663       0.5390
   21664       0.6977
   21665       0.6424
   21666       0.5427
   21667       0.5512
   21668       0.5760
   21669       0.5698
   21670       0.5436
   21671       0.6131
   21672       0.5409
   21673       0.6397
   21674       0.5751
   21675       0.6200
   21676       0.5780
   21677       0.5964
   21678       0.5759
   21679       0.5773
   21680       0.4863
   21681       0.5727
   21682       0.6378
   21683       0.6371
   21684       0.6451
   21685       0.5973
   21686       0.5733
   21687       0.5951
   21688       0.5718
   21689       0.5590
   21690       0.5807
   21691       0.6438
   21692       0.5888
   21693       0.6571
   21694       0.6083
   21695       0.5785
   21696       0.5492
   21697       0.6856
   21698       0.5244
   21699       0.6213
   21700       0.5956
   21701       0.5794
   21702       0.5191
   21703       0.5388
   21704       0.5594
   21705       0.5697
   21706       0.6135
   21707       0.5381
   21708       0.6202
   21709       0.5430
   21710       0.5590
   21711       0.5351
   21712       0.4976
   21713       0.5809
   21714       0.5991
   21715       0.6672
   21716       0.5994
   21717       0.6499
   21718       0.6655
   21719       0.7977
   21720       0.6573
   21721       0.5973
   21722       0.5741
   21723       0.5888
   21724       0.7465
   21725       0.6273
   21726       0.6748
   21727       0.6838
   21728       0.6981
   21729       0.6569
   21730       0.6407
   21731       0.6319
   21732       0.6122
   21733       0.7594
   21734       0.7602
   21735       0.6608
   21736       0.6687
   21737       0.6398
   21738       0.5942
   21739       0.6351
   21740       0.6328
   21741       0.6630
   21742       0.6980
   21743       0.6644
   21744       0.5293
   21745       0.7590
   21746       0.5859
   21747       0.5366
   21748       0.5558
   21749       0.5829
   21750       0.6622
   21751       0.7127
   21752       0.5388
   21753       0.5454
   21754       0.5410
   21755       0.7241
   21756       0.5454
   21757       0.6801
   21758       0.5608
   21759       0.6568
   21760       0.5888
   21761       0.5993
   21762       0.5400
   21763       0.6045
   21764       0.5856
   21765       0.6153
   21766       0.5463
   21767       0.6520
   21768       0.5798
   21769       0.6022
   21770       0.5798
   21771       0.5362
   21772       0.5755
   21773       0.5093
   21774       0.7527
   21775       0.5922
   21776       0.5157
   21777       0.6115
   21778       0.6446
   21779       0.5323
   21780       0.5637
   21781       0.5141
   21782       0.5821
   21783       0.5467
   21784       0.5118
   21785       0.5511
   21786       0.5560
   21787       0.6215
   21788       0.5770
   21789       0.5129
   21790       0.5051
   21791       0.5238
   21792       0.6002
   21793       0.6290
   21794       0.7252
   21795       0.5648
   21796       0.7496
   21797       0.7639
   21798       0.6339
   21799       0.6901
   21800       0.6226
   21801       0.6375
   21802       0.6188
   21803       0.6234
   21804       0.6205
   21805       0.5932
   21806       0.5977
   21807       0.6649
   21808       0.6182
   21809       0.5763
   21810       0.7008
   21811       0.6762
   21812       0.6035
   21813       0.6678
   21814       0.6229
   21815       0.5882
   21816       0.5422
   21817       0.5704
   21818       0.5287
   21819       0.5264
   21820       0.6180
   21821       0.5772
   21822       0.5828
   21823       0.6444
   21824       0.5505
   21825       0.5164
   21826       0.7065
   21827       0.5316
   21828       0.6539
   21829       0.5315
   21830       0.6352
   21831       0.6198
   21832       0.5033
   21833       0.6048
   21834       0.5873
   21835       0.5353
   21836       0.5075
   21837       0.6592
   21838       0.5523
   21839       0.6833
   21840       0.6041
   21841       0.5120
   21842       0.5702
   21843       0.5643
   21844       0.6542
   21845       0.6069
   21846       0.7670
   21847       0.5653
   21848       0.5680
   21849       0.5913
   21850       0.5361
   21851       0.5753
   21852       0.6514
   21853       0.5096
   21854       0.5435
   21855       0.6159
   21856       0.5659
   21857       0.6235
   21858       0.5780
   21859       0.6952
   21860       0.7506
   21861       0.6558
   21862       0.5288
   21863       0.6017
   21864       0.6108
   21865       0.5912
   21866       0.5976
   21867       0.6328
   21868       0.6249
   21869       0.7019
   21870       0.5906
   21871       0.6493
   21872       0.5990
   21873       0.5880
   21874       0.6665
   21875       0.5636
   21876       0.5656
   21877       0.6547
   21878       0.6331
   21879       0.5960
   21880       0.6007
   21881       0.6500
   21882       0.6144
   21883       0.5912
   21884       0.6522
   21885       0.5765
   21886       0.5894
   21887       0.5048
   21888       0.7062
   21889       0.5179
   21890       0.6788
   21891       0.4995
   21892       0.5702
   21893       0.6038
   21894       0.6372
   21895       0.5498
   21896       0.6057
   21897       0.5652
   21898       0.6066
   21899       0.4613
   21900       0.5591
   21901       0.5909
   21902       0.6400
   21903       0.6036
   21904       0.5940
   21905       0.5413
   21906       0.6332
   21907       0.4970
   21908       0.5849
   21909       0.5512
   21910       0.5260
   21911       0.6019
   21912       0.6316
   21913       0.5343
   21914       0.5687
   21915       0.5827
   21916       0.5347
   21917       0.6407
   21918       0.5262
   21919       0.5818
   21920       0.5319
   21921       0.5675
   21922       0.5757
   21923       0.5316
   21924       0.4988
   21925       0.5490
   21926       0.6043
   21927       0.5698
   21928       0.5183
   21929       0.4730
   21930       0.5784
   21931       0.5465
   21932       0.5764
   21933       0.6553
   21934       0.5334
   21935       0.5619
   21936       0.6092
   21937       0.5877
   21938       0.8305
   21939       0.5005
   21940       0.7254
   21941       0.6242
   21942       0.7132
   21943       0.6492
   21944       0.5983
   21945       0.5650
   21946       0.6640
   21947       0.6285
   21948       0.6187
   21949       0.6814
   21950       0.6415
   21951       0.6243
   21952       0.6725
   21953       0.6400
   21954       0.6688
   21955       0.6716
   21956       0.6734
   21957       0.6829
   21958       0.6213
   21959       0.7336
   21960       0.5602
   21961       0.6022
   21962       0.6513
   21963       0.5408
   21964       0.5481
   21965       0.5809
   21966       0.5783
   21967       0.6327
   21968       0.6703
   21969       0.5550
   21970       0.5968
   21971       0.6717
   21972       0.6194
   21973       0.5358
   21974       0.6590
   21975       0.6372
   21976       0.6042
   21977       0.5432
   21978       0.5392
   21979       0.4878
   21980       0.6062
   21981       0.7363
   21982       0.5697
   21983       0.5254
   21984       0.6722
   21985       0.4978
   21986       0.6318
   21987       0.5756
   21988       0.6341
   21989       0.5712
   21990       0.5414
   21991       0.5906
   21992       0.5757
   21993       0.6338
   21994       0.5997
   21995       0.7710
   21996       0.6461
   21997       0.4949
   21998       0.5034
   21999       0.5982
   22000       0.5590
   22001       0.5483
   22002       0.5581
   22003       0.6956
   22004       0.5383
   22005       0.5574
   22006       0.5973
   22007       0.5999
   22008       0.5189
   22009       0.5480
   22010       0.5513
   22011       0.6273
   22012       0.5953
   22013       0.6586
   22014       0.6426
   22015       0.6527
   22016       0.5909
   22017       0.5798
   22018       0.6941
   22019       0.6458
   22020       0.6174
   22021       0.5260
   22022       0.5507
   22023       0.5973
   22024       0.6203
   22025       0.6084
   22026       0.5478
   22027       0.6132
   22028       0.5692
   22029       0.6367
   22030       0.6897
   22031       0.5486
   22032       0.4899
   22033       0.6293
   22034       0.4916
   22035       0.5522
   22036       0.7853
   22037       0.6058
   22038       0.5473
   22039       0.6215
   22040       0.5684
   22041       0.6172
   22042       0.6191
   22043       0.5430
   22044       0.5218
   22045       0.5598
   22046       0.5895
   22047       0.6061
   22048       0.5922
   22049       0.6112
   22050       0.5594
   22051       0.5681
   22052       0.5773
   22053       0.6021
   22054       0.5879
   22055       0.7087
   22056       0.5793
   22057       0.6195
   22058       0.5557
   22059       0.5703
   22060       0.5711
   22061       0.5976
   22062       0.6009
   22063       0.6076
   22064       0.5772
   22065       0.5825
   22066       0.6117
   22067       0.5522
   22068       0.5975
   22069       0.5628
   22070       0.6486
   22071       0.5875
   22072       0.6338
   22073       0.5436
   22074       0.5855
   22075       0.5406
   22076       0.5872
   22077       0.6274
   22078       0.5031
   22079       0.5801
   22080       0.6485
   22081       0.5535
   22082       0.6148
   22083       0.5244
   22084       0.5789
   22085       0.6790
   22086       0.5805
   22087       0.5773
   22088       0.5319
   22089       0.5146
   22090       0.6816
   22091       0.6531
   22092       0.6072
   22093       0.6055
   22094       0.6350
   22095       0.5545
   22096       0.5349
   22097       0.6876
   22098       0.5990
   22099       0.5783
   22100       0.5996
   22101       0.6007
   22102       0.5797
   22103       0.5994
   22104       0.5630
   22105       0.6724
   22106       0.5984
   22107       0.5714
   22108       0.6552
   22109       0.6813
   22110       0.5863
   22111       0.5854
   22112       0.6577
   22113       0.6566
   22114       0.6863
   22115       0.5359
   22116       0.6612
   22117       0.6253
   22118       0.6450
   22119       0.5232
   22120       0.6565
   22121       0.6218
   22122       0.5911
   22123       0.5674
   22124       0.6120
   22125       0.6107
   22126       0.6194
   22127       0.5120
   22128       0.5927
   22129       0.5841
   22130       0.6418
   22131       0.6215
   22132       0.5976
   22133       0.5765
   22134       0.6378
   22135       0.6134
   22136       0.6500
   22137       0.7021
   22138       0.5967
   22139       0.5917
   22140       0.6391
   22141       0.5728
   22142       0.6013
   22143       0.6660
   22144       0.5741
   22145       0.5933
   22146       0.5735
   22147       0.5884
   22148       0.5784
   22149       0.6020
   22150       0.5846
   22151       0.6598
   22152       0.6377
   22153       0.6566
   22154       0.6457
   22155       0.6216
   22156       0.6227
   22157       0.5850
   22158       0.5860
   22159       0.5937
   22160       0.6125
   22161       0.5585
   22162       0.5887
   22163       0.5932
   22164       0.5830
   22165       0.5289
   22166       0.5693
   22167       0.5810
   22168       0.6335
   22169       0.6218
   22170       0.6300
   22171       0.6499
   22172       0.6399
   22173       0.6183
   22174       0.5610
   22175       0.5864
   22176       0.5683
   22177       0.6954
   22178       0.6845
   22179       0.6341
   22180       0.6312
   22181       0.6038
   22182       0.6263
   22183       0.5478
   22184       0.5128
   22185       0.5135
   22186       0.5495
   22187       0.5467
   22188       0.5812
   22189       0.5977
   22190       0.5085
   22191       0.5759
   22192       0.5811
   22193       0.5146
   22194       0.6074
   22195       0.5947
   22196       0.5569
   22197       0.5279
   22198       0.5551
   22199       0.5240
   22200       0.5160
   22201       0.5843
   22202       0.6056
   22203       0.5463
   22204       0.6040
   22205       0.4901
   22206       0.5258
   22207       0.5651
   22208       0.6346
   22209       0.6438
   22210       0.5584
   22211       0.5495
   22212       0.6490
   22213       0.5701
   22214       0.5465
   22215       0.5001
   22216       0.5993
   22217       0.6669
   22218       0.5709
   22219       0.6107
   22220       0.6508
   22221       0.5399
   22222       0.5310
   22223       0.6899
   22224       0.6420
   22225       0.6519
   22226       0.5786
   22227       0.5989
   22228       0.7874
   22229       0.6556
   22230       0.5941
   22231       0.7182
   22232       0.7202
   22233       0.6561
   22234       0.5987
   22235       0.5872
   22236       0.6184
   22237       0.5889
   22238       0.5415
   22239       0.5492
   22240       0.5426
   22241       0.5399
   22242       0.5953
   22243       0.5697
   22244       0.6613
   22245       0.6755
   22246       0.6118
   22247       0.5649
   22248       0.5531
   22249       0.7083
   22250       0.6654
   22251       0.5822
   22252       0.6417
   22253       0.6953
   22254       0.5679
   22255       0.6031
   22256       0.5521
   22257       0.6108
   22258       0.6338
   22259       0.7356
   22260       0.6121
   22261       0.7985
   22262       0.6881
   22263       0.7312
   22264       0.5918
   22265       0.5735
   22266       0.6641
   22267       0.6643
   22268       0.5834
   22269       0.7818
   22270       0.5811
   22271       0.6912
   22272       0.8972
   22273       0.6428
   22274       0.6583
   22275       0.5438
   22276       0.6210
   22277       0.6387
   22278       0.5673
   22279       0.6180
   22280       0.6093
   22281       0.6379
   22282       0.5515
   22283       0.6447
   22284       0.7086
   22285       0.6749
   22286       0.6861
   22287       0.6280
   22288       0.5873
   22289       0.7378
   22290       0.5821
   22291       0.5685
   22292       0.5061
   22293       0.6692
   22294       0.5550
   22295       0.5849
   22296       0.6174
   22297       0.7148
   22298       0.5712
   22299       0.6277
   22300       0.6752
   22301       0.5725
   22302       0.6430
   22303       0.6645
   22304       0.7407
   22305       0.7365
   22306       0.6439
   22307       0.7136
   22308       0.6211
   22309       0.5778
   22310       0.7123
   22311       0.5785
   22312       0.5959
   22313       0.6610
   22314       0.6409
   22315       0.5653
   22316       0.6369
   22317       0.6576
   22318       0.7033
   22319       0.6992
   22320       0.6317
   22321       0.6375
   22322       0.6695
   22323       0.6617
   22324       0.6181
   22325       0.7217
   22326       0.7128
   22327       0.6760
   22328       0.6137
   22329       0.6832
   22330       0.6370
   22331       0.8266
   22332       0.7200
   22333       0.7757
   22334       0.8559
   22335       0.9730
   22336       0.7367
   22337       0.6896
   22338       0.5392
   22339       0.6149
   22340       0.5052
   22341       0.6060
   22342       0.6370
   22343       0.6681
   22344       0.6258
   22345       0.5582
   22346       0.6646
   22347       0.5965
   22348       0.5957
   22349       0.6130
   22350       0.7418
   22351       0.7061
   22352       0.5443
   22353       0.6753
   22354       0.5774
   22355       0.6564
   22356       0.5566
   22357       0.5903
   22358       0.5852
   22359       0.5135
   22360       0.5764
   22361       0.6155
   22362       0.5957
   22363       0.5626
   22364       0.6289
   22365       0.5689
   22366       0.6113
   22367       0.5227
   22368       0.6477
   22369       0.5924
   22370       0.6414
   22371       0.5560
   22372       0.6126
   22373       0.5707
   22374       0.6373
   22375       0.6002
   22376       0.6223
   22377       0.5827
   22378       0.6108
   22379       0.6402
   22380       0.6282
   22381       0.5387
   22382       0.5367
   22383       0.7184
   22384       0.5862
   22385       0.5724
   22386       0.5889
   22387       0.6233
   22388       0.5635
   22389       0.5556
   22390       0.6075
   22391       0.6511
   22392       0.6206
   22393       0.5647
   22394       0.5769
   22395       0.6059
   22396       0.5358
   22397       0.5648
   22398       0.6170
   22399       0.5819
   22400       0.6941
   22401       0.7024
   22402       0.5997
   22403       0.5538
   22404       0.5930
   22405       0.5333
   22406       0.6204
   22407       0.5721
   22408       0.5959
   22409       0.5199
   22410       0.6137
   22411       0.5889
   22412       0.5259
   22413       0.5836
   22414       0.6650
   22415       0.7637
   22416       0.6427
   22417       0.5894
   22418       0.5371
   22419       0.5456
   22420       0.6012
   22421       0.5972
   22422       0.6070
   22423       0.5768
   22424       0.5308
   22425       0.5783
   22426       0.5892
   22427       0.6190
   22428       0.6469
   22429       0.6073
   22430       0.6453
   22431       0.6757
   22432       0.6674
   22433       0.6185
   22434       0.6689
   22435       0.7369
   22436       0.6206
   22437       0.5947
   22438       0.5182
   22439       0.6665
   22440       0.6267
   22441       0.6209
   22442       0.6704
   22443       0.6554
   22444       0.6020
   22445       0.6284
   22446       0.6388
   22447       0.6274
   22448       0.5312
   22449       0.4729
   22450       0.5552
   22451       0.5572
   22452       0.5814
   22453       0.6383
   22454       0.5743
   22455       0.5843
   22456       0.5133
   22457       0.5283
   22458       0.6367
   22459       0.5394
   22460       0.4925
   22461       0.5252
   22462       0.6538
   22463       0.5207
   22464       0.7754
   22465       0.5780
   22466       0.5877
   22467       0.5920
   22468       0.5275
   22469       0.5981
   22470       0.6763
   22471       0.6064
   22472       0.5871
   22473       0.5958
   22474       0.6240
   22475       0.6007
   22476       0.5500
   22477       0.6481
   22478       0.7185
   22479       0.6633
   22480       0.6190
   22481       0.6631
   22482       0.6817
   22483       0.5644
   22484       0.5922
   22485       0.5814
   22486       0.6985
   22487       0.6366
   22488       0.5967
   22489       0.7039
   22490       0.6113
   22491       0.5993
   22492       0.7119
   22493       0.6080
   22494       0.6499
   22495       0.6517
   22496       0.9530
   22497       0.8044
   22498       0.7316
   22499       0.7423
   22500       0.6121
   22501       0.7146
   22502       0.6541
   22503       0.5958
   22504       0.6307
   22505       0.5597
   22506       0.6534
   22507       0.5637
   22508       0.6270
   22509       0.6134
   22510       0.6334
   22511       0.5429
   22512       0.6461
   22513       0.7046
   22514       0.5978
   22515       0.6291
   22516       0.6347
   22517       0.6772
   22518       0.6191
   22519       0.7909
   22520       0.6169
   22521       0.7703
   22522       0.7104
   22523       0.6742
   22524       0.7390
   22525       0.7402
   22526       0.8292
   22527       0.7867
   22528       0.7987
   22529       0.7340
   22530       0.6407
   22531       0.6898
   22532       0.6861
   22533       0.6706
   22534       0.6883
   22535       0.6624
   22536       0.6087
   22537       0.6428
   22538       0.6506
   22539       0.6081
   22540       0.5621
   22541       0.6465
   22542       0.4990
   22543       0.6908
   22544       0.7022
   22545       0.6393
   22546       0.5583
   22547       0.5996
   22548       0.6927
   22549       0.5485
   22550       0.6677
   22551       0.6420
   22552       0.6516
   22553       0.6311
   22554       0.6290
   22555       0.6141
   22556       0.5993
   22557       0.5096
   22558       0.6021
   22559       0.6062
   22560       0.6750
   22561       0.6651
   22562       0.7376
   22563       0.6870
   22564       0.7284
   22565       0.8888
   22566       0.7544
   22567       0.6696
   22568       0.5803
   22569       0.5487
   22570       0.5339
   22571       0.4936
   22572       0.6171
   22573       0.5727
   22574       0.5927
   22575       0.5303
   22576       0.5143
   22577       0.6552
   22578       0.6780
   22579       0.6044
   22580       0.7095
   22581       0.5959
   22582       0.6279
   22583       0.5924
   22584       0.7116
   22585       0.5919
   22586       0.5809
   22587       0.5797
   22588       0.5196
   22589       0.5742
   22590       0.6232
   22591       0.7400
   22592       0.7740
   22593       0.5259
   22594       0.5869
   22595       0.6198
   22596       0.5875
   22597       0.7065
   22598       0.6038
   22599       0.6405
   22600       0.6092
   22601       0.5379
   22602       0.5884
   22603       0.5531
   22604       0.5615
   22605       0.6079
   22606       0.5344
   22607       0.6217
   22608       0.6112
   22609       0.4806
   22610       0.4950
   22611       0.5348
   22612       0.5693
   22613       0.6698
   22614       0.5898
   22615       0.5642
   22616       0.6506
   22617       0.6204
   22618       0.5195
   22619       0.6084
   22620       0.5586
   22621       0.5171
   22622       0.6397
   22623       0.5676
   22624       0.5496
   22625       0.6442
   22626       0.5943
   22627       0.5940
   22628       0.6269
   22629       0.5563
   22630       0.5841
   22631       0.5782
   22632       0.5146
   22633       0.6286
   22634       0.6280
   22635       0.6268
   22636       0.5782
   22637       0.5344
   22638       0.6841
   22639       0.6350
   22640       0.6260
   22641       0.6259
   22642       0.5859
   22643       0.6520
   22644       0.6546
   22645       0.6688
   22646       0.7246
   22647       0.7296
   22648       0.8289
   22649       0.6579
   22650       0.7233
   22651       0.6976
   22652       0.6038
   22653       0.5701
   22654       0.5835
   22655       0.5884
   22656       0.5064
   22657       0.5646
   22658       0.6976
   22659       0.5642
   22660       0.6909
   22661       0.6205
   22662       0.6500
   22663       0.6681
   22664       0.5758
   22665       0.6168
   22666       0.5810
   22667       0.6211
   22668       0.6768
   22669       0.7094
   22670       0.6180
   22671       0.6129
   22672       0.6481
   22673       0.5262
   22674       0.5084
   22675       0.6265
   22676       0.5608
   22677       0.5739
   22678       0.5271
   22679       0.6516
   22680       0.5504
   22681       0.6919
   22682       0.6549
   22683       0.6395
   22684       0.6345
   22685       0.6121
   22686       0.5877
   22687       0.7175
   22688       0.5587
   22689       0.6280
   22690       0.5106
   22691       0.5949
   22692       0.6504
   22693       0.6081
   22694       0.5516
   22695       0.6277
   22696       0.6525
   22697       0.6481
   22698       0.6027
   22699       0.5986
   22700       0.6168
   22701       0.5451
   22702       0.5892
   22703       0.7022
   22704       0.7654
   22705       0.5992
   22706       0.5919
   22707       0.5418
   22708       0.4924
   22709       0.5049
   22710       0.5930
   22711       0.6957
   22712       0.6066
   22713       0.6456
   22714       0.6305
   22715       0.7204
   22716       0.6184
   22717       0.5812
   22718       0.5952
   22719       0.5987
   22720       0.7071
   22721       0.6616
   22722       0.5859
   22723       0.5713
   22724       0.5049
   22725       0.5741
   22726       0.5869
   22727       0.4820
   22728       0.5762
   22729       0.6668
   22730       0.5706
   22731       0.5848
   22732       0.6243
   22733       0.5887
   22734       0.5205
   22735       0.5590
   22736       0.5464
   22737       0.5555
   22738       0.6726
   22739       0.6081
   22740       0.5201
   22741       0.5607
   22742       0.5128
   22743       0.5684
   22744       0.5627
   22745       0.6113
   22746       0.5682
   22747       0.6272
   22748       0.6489
   22749       0.5772
   22750       0.6770
   22751       0.5301
   22752       0.5334
   22753       0.5593
   22754       0.5825
   22755       0.5866
   22756       0.5634
   22757       0.5522
   22758       0.6543
   22759       0.4825
   22760       0.6072
   22761       0.5117
   22762       0.5066
   22763       0.5409
   22764       0.6505
   22765       0.5482
   22766       0.6436
   22767       0.5599
   22768       0.5826
   22769       0.6094
   22770       0.6627
   22771       0.6477
   22772       0.5642
   22773       0.5093
   22774       0.6001
   22775       0.5158
   22776       0.5666
   22777       0.5819
   22778       0.6301
   22779       0.5749
   22780       0.5576
   22781       0.5398
   22782       0.5401
   22783       0.6086
   22784       0.5394
   22785       0.6180
   22786       0.5225
   22787       0.6400
   22788       0.5177
   22789       0.5831
   22790       0.6348
   22791       0.6461
   22792       0.6532
   22793       0.7868
   22794       0.7109
   22795       0.6388
   22796       0.7044
   22797       0.7143
   22798       0.5860
   22799       0.5808
   22800       0.5168
   22801       0.6779
   22802       0.6469
   22803       0.7142
   22804       0.5856
   22805       0.6237
   22806       0.6182
   22807       0.6131
   22808       0.5834
   22809       0.6393
   22810       0.5747
   22811       0.5326
   22812       0.6195
   22813       0.6750
   22814       0.6979
   22815       0.5507
   22816       0.5814
   22817       0.7723
   22818       0.7141
   22819       0.7054
   22820       0.7158
   22821       0.7064
   22822       0.5711
   22823       0.6034
   22824       0.6197
   22825       0.5507
   22826       0.5742
   22827       0.6069
   22828       0.5448
   22829       0.5710
   22830       0.6585
   22831       0.5616
   22832       0.5871
   22833       0.5757
   22834       0.5491
   22835       0.6669
   22836       0.6077
   22837       0.7912
   22838       0.7356
   22839       0.5609
   22840       0.6150
   22841       0.6343
   22842       0.5824
   22843       0.5728
   22844       0.5522
   22845       0.6087
   22846       0.6471
   22847       0.7105
   22848       0.7200
   22849       0.6121
   22850       0.5868
   22851       0.6764
   22852       0.5723
   22853       0.6417
   22854       0.5617
   22855       0.6635
   22856       0.6334
   22857       0.6743
   22858       0.6929
   22859       0.6975
   22860       0.5912
   22861       0.7719
   22862       0.7957
   22863       0.6093
   22864       0.6088
   22865       0.5704
   22866       0.6997
   22867       0.7238
   22868       0.5543
   22869       0.5819
   22870       0.8119
   22871       0.6589
   22872       0.6288
   22873       0.5944
   22874       0.5386
   22875       0.6191
   22876       0.6126
   22877       0.8095
   22878       0.6302
   22879       0.7038
   22880       0.6400
   22881       0.5869
   22882       0.5007
   22883       0.5776
   22884       0.6328
   22885       0.5683
   22886       0.6558
   22887       0.6193
   22888       0.5644
   22889       0.6460
   22890       0.5892
   22891       0.6534
   22892       0.6289
   22893       0.6865
   22894       0.6451
   22895       0.5502
   22896       0.7073
   22897       0.6955
   22898       0.6120
   22899       0.6641
   22900       0.6188
   22901       0.6444
   22902       0.5684
   22903       0.6325
   22904       0.6281
   22905       0.6560
   22906       0.6623
   22907       0.5728
   22908       0.6047
   22909       0.5403
   22910       0.5917
   22911       0.6249
   22912       0.6673
   22913       0.7810
   22914       0.5766
   22915       0.6141
   22916       0.5917
   22917       0.5756
   22918       0.7122
   22919       0.6349
   22920       0.6588
   22921       0.6128
   22922       0.5504
   22923       0.6631
   22924       0.6510
   22925       0.6987
   22926       0.6066
   22927       0.5722
   22928       0.5943
   22929       0.4944
   22930       0.5530
   22931       0.5289
   22932       0.5799
   22933       0.5735
   22934       0.6914
   22935       0.5399
   22936       0.4930
   22937       0.5915
   22938       0.6484
   22939       0.7332
   22940       0.7406
   22941       0.6792
   22942       0.7009
   22943       0.5765
   22944       0.6830
   22945       0.5264
   22946       0.6308
   22947       0.5801
   22948       0.5562
   22949       0.5498
   22950       0.5487
   22951       0.5463
   22952       0.6168
   22953       0.5781
   22954       0.6008
   22955       0.6569
   22956       0.6557
   22957       0.6713
   22958       0.6991
   22959       0.7314
   22960       0.6955
   22961       0.7138
   22962       0.6107
   22963       0.7343
   22964       0.6169
   22965       0.6489
   22966       0.5600
   22967       0.6634
   22968       0.5752
   22969       0.6187
   22970       0.5626
   22971       0.6538
   22972       0.6661
   22973       0.5721
   22974       0.6035
   22975       0.5639
   22976       0.5470
   22977       0.6133
   22978       0.5721
   22979       0.5487
   22980       0.5792
   22981       0.5984
   22982       0.5724
   22983       0.5228
   22984       0.5057
   22985       0.5492
   22986       0.5973
   22987       0.5922
   22988       0.6340
   22989       0.5567
   22990       0.5434
   22991       0.5516
   22992       0.6043
   22993       0.6219
   22994       0.6302
   22995       0.6432
   22996       0.6302
   22997       0.6611
   22998       0.6809
   22999       0.5520
   23000       0.6119
   23001       0.6004
   23002       0.5534
   23003       0.5416
   23004       0.6298
   23005       0.5339
   23006       0.5002
   23007       0.5551
   23008       0.5709
   23009       0.6620
   23010       0.5210
   23011       0.5672
   23012       0.6257
   23013       0.5857
   23014       0.5330
   23015       0.7196
   23016       0.6140
   23017       0.5178
   23018       0.4906
   23019       0.5709
   23020       0.5934
   23021       0.6492
   23022       0.5889
   23023       0.5380
   23024       0.6743
   23025       0.4928
   23026       0.5878
   23027       0.5472
   23028       0.5524
   23029       0.5617
   23030       0.6442
   23031       0.5806
   23032       0.5262
   23033       0.5131
   23034       0.6213
   23035       0.4808
   23036       0.6243
   23037       0.6479
   23038       0.6507
   23039       0.6078
   23040       0.6339
   23041       0.5262
   23042       0.5744
   23043       0.5885
   23044       0.6374
   23045       0.6000
   23046       0.6210
   23047       0.6560
   23048       0.5716
   23049       0.5914
   23050       0.6801
   23051       0.5850
   23052       0.6892
   23053       0.7749
   23054       0.8907
   23055       0.6078
   23056       0.6688
   23057       0.7043
   23058       0.6135
   23059       0.6322
   23060       0.5941
   23061       0.6633
   23062       0.6065
   23063       0.6010
   23064       0.5863
   23065       0.6095
   23066       0.6087
   23067       0.5772
   23068       0.6794
   23069       0.6181
   23070       0.6231
   23071       0.6993
   23072       0.5371
   23073       0.6325
   23074       0.6065
   23075       0.5974
   23076       0.6007
   23077       0.7330
   23078       0.5705
   23079       0.6161
   23080       0.8322
   23081       0.6221
   23082       0.5975
   23083       0.7085
   23084       0.5561
   23085       0.5686
   23086       0.5249
   23087       0.6110
   23088       0.6229
   23089       0.5680
   23090       0.5359
   23091       0.6521
   23092       0.6012
   23093       0.5029
   23094       0.7116
   23095       0.5851
   23096       0.5620
   23097       0.5780
   23098       0.5814
   23099       0.7019
   23100       0.5903
   23101       0.6045
   23102       0.6422
   23103       0.5698
   23104       0.5832
   23105       0.5444
   23106       0.5936
   23107       0.6451
   23108       0.5290
   23109       0.5487
   23110       0.5738
   23111       0.5899
   23112       0.5465
   23113       0.5468
   23114       0.5172
   23115       0.4841
   23116       0.5893
   23117       0.5995
   23118       0.6107
   23119       0.6922
   23120       0.6348
   23121       0.5471
   23122       0.6771
   23123       0.6215
   23124       0.6499
   23125       0.5871
   23126       0.5727
   23127       0.5284
   23128       0.6224
   23129       0.5901
   23130       0.6691
   23131       0.6033
   23132       0.5886
   23133       0.5321
   23134       0.6240
   23135       0.5698
   23136       0.4899
   23137       0.5545
   23138       0.5351
   23139       0.6404
   23140       0.6268
   23141       0.6358
   23142       0.5500
   23143       0.5300
   23144       0.6886
   23145       0.5902
   23146       0.5785
   23147       0.6059
   23148       0.5427
   23149       0.4940
   23150       0.5601
   23151       0.5584
   23152       0.5452
   23153       0.6298
   23154       0.6877
   23155       0.5965
   23156       0.6676
   23157       0.5701
   23158       0.5240
   23159       0.5619
   23160       0.5426
   23161       0.6316
   23162       0.6048
   23163       0.5309
   23164       0.5898
   23165       0.4939
   23166       0.5473
   23167       0.5387
   23168       0.5546
   23169       0.6211
   23170       0.5685
   23171       0.7131
   23172       0.5988
   23173       0.5344
   23174       0.5498
   23175       0.5728
   23176       0.5943
   23177       0.5916
   23178       0.6769
   23179       0.6139
   23180       0.5218
   23181       0.5889
   23182       0.6074
   23183       0.4934
   23184       0.6021
   23185       0.5834
   23186       0.6067
   23187       0.5591
   23188       0.4960
   23189       0.5928
   23190       0.6296
   23191       0.5264
   23192       0.5403
   23193       0.6059
   23194       0.5835
   23195       0.6820
   23196       0.7270
   23197       0.7263
   23198       0.6516
   23199       0.6108
   23200       0.5997
   23201       0.5678
   23202       0.5342
   23203       0.6217
   23204       0.5555
   23205       0.6509
   23206       0.5162
   23207       0.6213
   23208       0.6568
   23209       0.7174
   23210       0.6296
   23211       0.5436
   23212       0.5809
   23213       0.5925
   23214       0.6899
   23215       0.6759
   23216       0.5770
   23217       0.5941
   23218       0.6282
   23219       0.6522
   23220       0.6344
   23221       0.6020
   23222       0.5707
   23223       0.6018
   23224       0.6111
   23225       0.5527
   23226       0.5761
   23227       0.6024
   23228       0.6184
   23229       0.6964
   23230       0.5554
   23231       0.6533
   23232       0.5385
   23233       0.5648
   23234       0.5178
   23235       0.5838
   23236       0.5715
   23237       0.5885
   23238       0.5306
   23239       0.6766
   23240       0.6899
   23241       0.5978
   23242       0.6536
   23243       0.6080
   23244       0.5849
   23245       0.6041
   23246       0.5485
   23247       0.5581
   23248       0.6193
   23249       0.6179
   23250       0.6360
   23251       0.5537
   23252       0.5444
   23253       0.5719
   23254       0.5202
   23255       0.5189
   23256       0.5698
   23257       0.5230
   23258       0.5023
   23259       0.6176
   23260       0.6103
   23261       0.5310
   23262       0.6548
   23263       0.6542
   23264       0.5981
   23265       0.5965
   23266       0.6699
   23267       0.6091
   23268       0.5389
   23269       0.5463
   23270       0.6345
   23271       0.5759
   23272       0.5360
   23273       0.5396
   23274       0.6123
   23275       0.6064
   23276       0.5047
   23277       0.5399
   23278       0.5600
   23279       0.6714
   23280       0.5345
   23281       0.5199
   23282       0.5335
   23283       0.4656
   23284       0.6266
   23285       0.7099
   23286       0.6729
   23287       0.6069
   23288       0.5529
   23289       0.5965
   23290       0.6885
   23291       0.6032
   23292       0.5785
   23293       0.6073
   23294       0.5530
   23295       0.5788
   23296       0.6621
   23297       0.5959
   23298       0.5883
   23299       0.5999
   23300       0.5592
   23301       0.5789
   23302       0.6561
   23303       0.6343
   23304       0.6514
   23305       0.6037
   23306       0.5587
   23307       0.5869
   23308       0.5996
   23309       0.6853
   23310       0.6100
   23311       0.6634
   23312       0.5865
   23313       0.6100
   23314       0.5962
   23315       0.6077
   23316       0.7541
   23317       0.7171
   23318       0.5649
   23319       0.5500
   23320       0.6534
   23321       0.6464
   23322       0.5884
   23323       0.5542
   23324       0.6729
   23325       0.6688
   23326       0.5675
   23327       0.5792
   23328       0.7027
   23329       0.7034
   23330       0.7227
   23331       0.7313
   23332       0.7979
   23333       0.6940
   23334       0.6987
   23335       0.5576
   23336       0.5945
   23337       0.5631
   23338       0.6144
   23339       0.6034
   23340       0.4863
   23341       0.5317
   23342       0.5576
   23343       0.6516
   23344       0.7296
   23345       0.6139
   23346       0.6065
   23347       0.5529
   23348       0.5824
   23349       0.6087
   23350       0.6494
   23351       0.6032
   23352       0.6489
   23353       0.6763
   23354       0.5616
   23355       0.7437
   23356       0.6176
   23357       0.6173
   23358       0.6132
   23359       0.6406
   23360       0.5873
   23361       0.6438
   23362       0.5748
   23363       0.6871
   23364       0.5751
   23365       0.6015
   23366       0.6245
   23367       0.6084
   23368       0.6264
   23369       0.5378
   23370       0.5834
   23371       0.6255
   23372       0.5706
   23373       0.5869
   23374       0.6232
   23375       0.7272
   23376       0.6373
   23377       0.7264
   23378       0.6366
   23379       0.5592
   23380       0.5733
   23381       0.6464
   23382       0.5944
   23383       0.5117
   23384       0.6555
   23385       0.6387
   23386       0.6477
   23387       0.5139
   23388       0.5566
   23389       0.7653
   23390       0.5729
   23391       0.5779
   23392       0.5581
   23393       0.6174
   23394       0.5023
   23395       0.6888
   23396       0.5983
   23397       0.5649
   23398       0.7148
   23399       0.7310
   23400       0.8068
   23401       0.6975
   23402       0.6212
   23403       0.6584
   23404       0.6855
   23405       0.6355
   23406       0.6572
   23407       0.5772
   23408       0.6261
   23409       0.6683
   23410       0.6545
   23411       0.6330
   23412       0.6158
   23413       0.6502
   23414       0.6153
   23415       0.6241
   23416       0.6447
   23417       0.6393
   23418       0.5154
   23419       0.6350
   23420       0.5518
   23421       0.5549
   23422       0.4997
   23423       0.5209
   23424       0.5776
   23425       0.5962
   23426       0.5236
   23427       0.6495
   23428       0.5640
   23429       0.6046
   23430       0.6797
   23431       0.6208
   23432       0.5718
   23433       0.5731
   23434       0.5164
   23435       0.6569
   23436       0.5470
   23437       0.5526
   23438       0.5459
   23439       0.6499
   23440       0.6011
   23441       0.7281
   23442       0.5856
   23443       0.6743
   23444       0.5697
   23445       0.5533
   23446       0.6289
   23447       0.6754
   23448       0.5868
   23449       0.7793
   23450       0.7840
   23451       0.6168
   23452       0.6807
   23453       0.5848
   23454       0.6173
   23455       0.5521
   23456       0.5623
   23457       0.5940
   23458       0.6140
   23459       0.6540
   23460       0.5821
   23461       0.7060
   23462       0.6745
   23463       0.5841
   23464       0.5494
   23465       0.5508
   23466       0.6055
   23467       0.5480
   23468       0.5978
   23469       0.6273
   23470       0.5785
   23471       0.5656
   23472       0.6052
   23473       0.6121
   23474       0.6178
   23475       0.7033
   23476       0.5400
   23477       0.6662
   23478       0.7362
   23479       0.6128
   23480       0.5984
   23481       0.5562
   23482       0.6890
   23483       0.5515
   23484       0.6024
   23485       0.6218
   23486       0.6464
   23487       0.5738
   23488       0.6249
   23489       0.5710
   23490       0.6028
   23491       0.5865
   23492       0.5571
   23493       0.5319
   23494       0.5832
   23495       0.5517
   23496       0.5767
   23497       0.5447
   23498       0.5131
   23499       0.5315
   23500       0.6441
   23501       0.5725
   23502       0.6404
   23503       0.6115
   23504       0.6352
   23505       0.6953
   23506       0.5966
   23507       0.6641
   23508       0.7428
   23509       0.6598
   23510       0.6002
   23511       0.5809
   23512       0.6417
   23513       0.6166
   23514       0.5364
   23515       0.5401
   23516       0.5034
   23517       0.5837
   23518       0.6235
   23519       0.5613
   23520       0.5886
   23521       0.5055
   23522       0.5851
   23523       0.5168
   23524       0.5659
   23525       0.5887
   23526       0.6480
   23527       0.5308
   23528       0.5193
   23529       0.5466
   23530       0.5226
   23531       0.6469
   23532       0.6014
   23533       0.6726
   23534       0.5570
   23535       0.6162
   23536       0.5896
   23537       0.5860
   23538       0.5522
   23539       0.7513
   23540       0.6712
   23541       0.5670
   23542       0.5254
   23543       0.6273
   23544       0.7130
   23545       0.6596
   23546       0.7241
   23547       0.6835
   23548       0.6210
   23549       0.5641
   23550       0.5239
   23551       0.6136
   23552       0.5373
   23553       0.6669
   23554       0.5833
   23555       0.5183
   23556       0.5206
   23557       0.6288
   23558       0.5094
   23559       0.5785
   23560       0.5819
   23561       0.5099
   23562       0.6392
   23563       0.6528
   23564       0.5442
   23565       0.5556
   23566       0.5630
   23567       0.5569
   23568       0.5568
   23569       0.5538
   23570       0.5437
   23571       0.6442
   23572       0.6758
   23573       0.4980
   23574       0.6242
   23575       0.7112
   23576       0.6071
   23577       0.5097
   23578       0.6526
   23579       0.5968
   23580       0.5882
   23581       0.5783
   23582       0.5517
   23583       0.6502
   23584       0.6775
   23585       0.6645
   23586       0.5420
   23587       0.5607
   23588       0.6563
   23589       0.6498
   23590       0.6233
   23591       0.7010
   23592       0.9148
   23593       0.6377
   23594       0.6336
   23595       0.7478
   23596       0.6019
   23597       0.5995
   23598       0.6133
   23599       0.7343
   23600       0.6628
   23601       0.5360
   23602       0.5993
   23603       0.5951
   23604       0.6169
   23605       0.5375
   23606       0.5619
   23607       0.5300
   23608       0.6034
   23609       0.5828
   23610       0.6302
   23611       0.6689
   23612       0.6249
   23613       0.6602
   23614       0.6773
   23615       0.5586
   23616       0.6523
   23617       0.7119
   23618       0.5740
   23619       0.6925
   23620       0.6655
   23621       0.5743
   23622       0.6223
   23623       0.5602
   23624       0.5967
   23625       0.5900
   23626       0.6206
   23627       0.5889
   23628       0.5803
   23629       0.6037
   23630       0.5094
   23631       0.5644
   23632       0.5783
   23633       0.5848
   23634       0.4899
   23635       0.5658
   23636       0.6122
   23637       0.6332
   23638       0.5717
   23639       0.5990
   23640       0.5042
   23641       0.6282
   23642       0.5050
   23643       0.6120
   23644       0.6223
   23645       0.6137
   23646       0.5567
   23647       0.5563
   23648       0.6065
   23649       0.5666
   23650       0.6007
   23651       0.5673
   23652       0.6082
   23653       0.6063
   23654       0.6242
   23655       0.6353
   23656       0.5889
   23657       0.6394
   23658       0.4885
   23659       0.6321
   23660       0.5829
   23661       0.6036
   23662       0.6036
   23663       0.6658
   23664       0.6110
   23665       0.6624
   23666       0.5563
   23667       0.6920
   23668       0.6386
   23669       0.5632
   23670       0.6736
   23671       0.7172
   23672       0.7104
   23673       0.6902
   23674       0.7690
   23675       0.6116
   23676       0.6744
   23677       0.7456
   23678       0.6952
   23679       0.6550
   23680       0.5455
   23681       0.4976
   23682       0.5780
   23683       0.5331
   23684       0.6282
   23685       0.6848
   23686       0.5537
   23687       0.5779
   23688       0.6207
   23689       0.6016
   23690       0.6203
   23691       0.6452
   23692       0.5195
   23693       0.6407
   23694       0.6447
   23695       0.5625
   23696       0.6129
   23697       0.7025
   23698       0.6268
   23699       0.5952
   23700       0.5976
   23701       0.6119
   23702       0.7465
   23703       0.7078
   23704       0.7108
   23705       0.8157
   23706       0.7421
   23707       0.6956
   23708       0.6994
   23709       0.5473
   23710       0.6067
   23711       0.5655
   23712       0.6575
   23713       0.7027
   23714       0.6066
   23715       0.6747
   23716       0.6221
   23717       0.5394
   23718       0.7840
   23719       0.7188
   23720       0.7855
   23721       0.6980
   23722       0.7015
   23723       0.8157
   23724       0.6233
   23725       0.6200
   23726       0.5985
   23727       0.6343
   23728       0.6954
   23729       0.6564
   23730       0.6885
   23731       0.6942
   23732       0.5712
   23733       0.6038
   23734       0.6427
   23735       0.7341
   23736       0.6244
   23737       0.5779
   23738       0.6296
   23739       0.6143
   23740       0.6884
   23741       0.5220
   23742       0.5681
   23743       0.5716
   23744       0.5930
   23745       0.7484
   23746       0.6345
   23747       0.5483
   23748       0.5783
   23749       0.5549
   23750       0.6219
   23751       0.5850
   23752       0.6013
   23753       0.5652
   23754       0.6079
   23755       0.5598
   23756       0.5578
   23757       0.5865
   23758       0.6300
   23759       0.5197
   23760       0.5731
   23761       0.5256
   23762       0.6624
   23763       0.6354
   23764       0.5958
   23765       0.5227
   23766       0.5690
   23767       0.6715
   23768       0.6168
   23769       0.5448
   23770       0.5494
   23771       0.5809
   23772       0.5860
   23773       0.5768
   23774       0.5948
   23775       0.6540
   23776       0.6451
   23777       0.6085
   23778       0.5910
   23779       0.4874
   23780       0.5783
   23781       0.5712
   23782       0.5659
   23783       0.6520
   23784       0.6275
   23785       0.7218
   23786       0.6653
   23787       0.5309
   23788       0.6134
   23789       0.5607
   23790       0.6516
   23791       0.7216
   23792       0.6256
   23793       0.5650
   23794       0.5286
   23795       0.6168
   23796       0.6123
   23797       0.5911
   23798       0.5833
   23799       0.5798
   23800       0.6236
   23801       0.7162
   23802       0.6140
   23803       0.5373
   23804       0.6681
   23805       0.6742
   23806       0.7354
   23807       0.6784
   23808       0.6137
   23809       0.5652
   23810       0.5872
   23811       0.5594
   23812       0.5753
   23813       0.6630
   23814       0.5357
   23815       0.5698
   23816       0.6562
   23817       0.5810
   23818       0.6229
   23819       0.6912
   23820       0.7299
   23821       0.5578
   23822       0.5977
   23823       0.5877
   23824       0.5693
   23825       0.5448
   23826       0.5969
   23827       0.5812
   23828       0.5184
   23829       0.5776
   23830       0.5096
   23831       0.5259
   23832       0.5474
   23833       0.5752
   23834       0.5368
   23835       0.6263
   23836       0.5559
   23837       0.5962
   23838       0.5392
   23839       0.7139
   23840       0.6744
   23841       0.5858
   23842       0.6245
   23843       0.5840
   23844       0.5821
   23845       0.6586
   23846       0.6760
   23847       0.4915
   23848       0.5790
   23849       0.6245
   23850       0.6125
   23851       0.6460
   23852       0.5699
   23853       0.5256
   23854       0.5465
   23855       0.6427
   23856       0.5798
   23857       0.5863
   23858       0.5318
   23859       0.6152
   23860       0.6042
   23861       0.5722
   23862       0.4768
   23863       0.5595
   23864       0.6022
   23865       0.5555
   23866       0.5811
   23867       0.6027
   23868       0.5844
   23869       0.6044
   23870       0.5890
   23871       0.6500
   23872       0.6823
   23873       0.6769
   23874       0.5904
   23875       0.5465
   23876       0.6087
   23877       0.6000
   23878       0.6530
   23879       0.5641
   23880       0.6325
   23881       0.5563
   23882       0.5393
   23883       0.6508
   23884       0.7358
   23885       0.5455
   23886       0.6813
   23887       0.5870
   23888       0.5017
   23889       0.6071
   23890       0.5144
   23891       0.6001
   23892       0.5716
   23893       0.6105
   23894       0.6077
   23895       0.6429
   23896       0.5078
   23897       0.5364
   23898       0.4684
   23899       0.5543
   23900       0.5524
   23901       0.5884
   23902       0.5703
   23903       0.4837
   23904       0.6248
   23905       0.5824
   23906       0.5928
   23907       0.4949
   23908       0.6153
   23909       0.5911
   23910       0.5740
   23911       0.5466
   23912       0.4919
   23913       0.5200
   23914       0.5382
   23915       0.5394
   23916       0.5698
   23917       0.5500
   23918       0.5454
   23919       0.5555
   23920       0.5945
   23921       0.5971
   23922       0.5039
   23923       0.5379
   23924       0.5610
   23925       0.5356
   23926       0.4990
   23927       0.4991
   23928       0.5700
   23929       0.5677
   23930       0.4595
   23931       0.5208
   23932       0.6143
   23933       0.4938
   23934       0.5368
   23935       0.6203
   23936       0.5924
   23937       0.5101
   23938       0.5148
   23939       0.6406
   23940       0.5839
   23941       0.5693
   23942       0.5270
   23943       0.6076
   23944       0.6644
   23945       0.5774
   23946       0.5600
   23947       0.6599
   23948       0.5840
   23949       0.5386
   23950       0.6066
   23951       0.6557
   23952       0.6920
   23953       0.6630
   23954       0.7362
   23955       0.6893
   23956       0.5565
   23957       0.7008
   23958       0.7278
   23959       0.7220
   23960       0.6235
   23961       0.6015
   23962       0.5970
   23963       0.6957
   23964       0.5832
   23965       0.5274
   23966       0.5871
   23967       0.6882
   23968       0.6000
   23969       0.7972
   23970       0.5309
   23971       0.6334
   23972       0.5897
   23973       0.4870
   23974       0.6096
   23975       0.6336
   23976       0.5486
   23977       0.5446
   23978       0.5675
   23979       0.6358
   23980       0.5450
   23981       0.5936
   23982       0.5923
   23983       0.5664
   23984       0.5132
   23985       0.5815
   23986       0.4832
   23987       0.6078
   23988       0.6537
   23989       0.6919
   23990       0.5430
   23991       0.5187
   23992       0.6635
   23993       0.6114
   23994       0.5037
   23995       0.5221
   23996       0.5278
   23997       0.5331
   23998       0.5943
   23999       0.5757
   24000       0.5688
   24001       0.5818
   24002       0.5684
   24003       0.5265
   24004       0.5747
   24005       0.5487
   24006       0.5334
   24007       0.6425
   24008       0.5823
   24009       0.5170
   24010       0.5608
   24011       0.6482
   24012       0.5664
   24013       0.5609
   24014       0.4922
   24015       0.6681
   24016       0.6583
   24017       0.6368
   24018       0.6008
   24019       0.6997
   24020       0.6686
   24021       0.7272
   24022       0.5211
   24023       0.5850
   24024       0.5045
   24025       0.5486
   24026       0.5199
   24027       0.5315
   24028       0.5494
   24029       0.5374
   24030       0.5930
   24031       0.5883
   24032       0.5783
   24033       0.5612
   24034       0.5517
   24035       0.4940
   24036       0.5040
   24037       0.5598
   24038       0.5876
   24039       0.6289
   24040       0.4699
   24041       0.5534
   24042       0.5537
   24043       0.5892
   24044       0.5818
   24045       0.5265
   24046       0.5619
   24047       0.5676
   24048       0.5103
   24049       0.5070
   24050       0.6015
   24051       0.6696
   24052       0.6552
   24053       0.6631
   24054       0.5753
   24055       0.5748
   24056       0.5463
   24057       0.5480
   24058       0.5699
   24059       0.5273
   24060       0.5240
   24061       0.5590
   24062       0.5900
   24063       0.6669
   24064       0.5423
   24065       0.6003
   24066       0.5219
   24067       0.5274
   24068       0.5996
   24069       0.5471
   24070       0.5575
   24071       0.5384
   24072       0.5753
   24073       0.5201
   24074       0.5652
   24075       0.6544
   24076       0.5520
   24077       0.5168
   24078       0.4752
   24079       0.6020
   24080       0.5893
   24081       0.5064
   24082       0.6293
   24083       0.5819
   24084       0.6641
   24085       0.5446
   24086       0.6665
   24087       0.6577
   24088       0.5914
   24089       0.5831
   24090       0.5306
   24091       0.5387
   24092       0.5450
   24093       0.6305
   24094       0.5569
   24095       0.6059
   24096       0.6214
   24097       0.5913
   24098       0.6309
   24099       0.6635
   24100       0.6800
   24101       0.6298
   24102       0.5953
   24103       0.6562
   24104       0.5480
   24105       0.6544
   24106       0.5523
   24107       0.6743
   24108       0.5910
   24109       0.5731
   24110       0.5098
   24111       0.5514
   24112       0.6028
   24113       0.6257
   24114       0.7394
   24115       0.6400
   24116       0.5858
   24117       0.5913
   24118       0.6586
   24119       0.6649
   24120       0.7140
   24121       0.6013
   24122       0.5790
   24123       0.5407
   24124       0.5573
   24125       0.6918
   24126       0.6266
   24127       0.6845
   24128       0.5779
   24129       0.6272
   24130       0.7402
   24131       0.6168
   24132       0.5919
   24133       0.6403
   24134       0.6267
   24135       0.6206
   24136       0.5840
   24137       0.5523
   24138       0.6210
   24139       0.7180
   24140       0.5905
   24141       0.6844
   24142       0.6581
   24143       0.6716
   24144       0.5933
   24145       0.5844
   24146       0.6394
   24147       0.6584
   24148       0.5395
   24149       0.6258
   24150       0.6315
   24151       0.6290
   24152       0.6177
   24153       0.6072
   24154       0.6624
   24155       0.6678
   24156       0.6945
   24157       0.6200
   24158       0.8942
   24159       0.7045
   24160       0.6323
   24161       0.6496
   24162       0.6155
   24163       0.5887
   24164       0.6453
   24165       0.6491
   24166       0.6425
   24167       0.7344
   24168       0.6754
   24169       0.7191
   24170       0.7640
   24171       0.6139
   24172       0.5944
   24173       0.6747
   24174       0.5745
   24175       0.5706
   24176       0.6454
   24177       0.5779
   24178       0.5530
   24179       0.6998
   24180       0.5785
   24181       0.5553
   24182       0.6302
   24183       0.5598
   24184       0.5653
   24185       0.5026
   24186       0.4828
   24187       0.5413
   24188       0.5916
   24189       0.6382
   24190       0.5631
   24191       0.5871
   24192       0.5220
   24193       0.5805
   24194       0.6120
   24195       0.5460
   24196       0.5005
   24197       0.6406
   24198       0.5787
   24199       0.5103
   24200       0.6478
   24201       0.6722
   24202       0.5620
   24203       0.5843
   24204       0.5199
   24205       0.5544
   24206       0.5808
   24207       0.5908
   24208       0.4845
   24209       0.5082
   24210       0.5809
   24211       0.5367
   24212       0.6088
   24213       0.6613
   24214       0.6968
   24215       0.5524
   24216       0.6304
   24217       0.6508
   24218       0.5694
   24219       0.5806
   24220       0.5005
   24221       0.5974
   24222       0.6388
   24223       0.6077
   24224       0.5293
   24225       0.5951
   24226       0.5399
   24227       0.5660
   24228       0.5180
   24229       0.5697
   24230       0.4928
   24231       0.5804
   24232       0.5641
   24233       0.5665
   24234       0.5850
   24235       0.6771
   24236       0.6356
   24237       0.6315
   24238       0.5338
   24239       0.5486
   24240       0.5241
   24241       0.6529
   24242       0.5693
   24243       0.5411
   24244       0.6494
   24245       0.5464
   24246       0.5365
   24247       0.5135
   24248       0.5889
   24249       0.5492
   24250       0.5110
   24251       0.5818
   24252       0.5553
   24253       0.5646
   24254       0.5203
   24255       0.5599
   24256       0.5529
   24257       0.5862
   24258       0.5744
   24259       0.5192
   24260       0.5705
   24261       0.5186
   24262       0.6144
   24263       0.5556
   24264       0.6119
   24265       0.5928
   24266       0.6195
   24267       0.6346
   24268       0.5232
   24269       0.5431
   24270       0.5984
   24271       0.5797
   24272       0.5361
   24273       0.5999
   24274       0.5417
   24275       0.4793
   24276       0.5120
   24277       0.5471
   24278       0.5696
   24279       0.6059
   24280       0.5870
   24281       0.7195
   24282       0.6029
   24283       0.5830
   24284       0.5518
   24285       0.6381
   24286       0.6291
   24287       0.5056
   24288       0.5600
   24289       0.6080
   24290       0.5481
   24291       0.4885
   24292       0.5698
   24293       0.5247
   24294       0.5827
   24295       0.5020
   24296       0.5599
   24297       0.6079
   24298       0.6158
   24299       0.6660
   24300       0.5958
   24301       0.7040
   24302       0.5580
   24303       0.5397
   24304       0.5684
   24305       0.6464
   24306       0.5159
   24307       0.5832
   24308       0.5561
   24309       0.5735
   24310       0.4846
   24311       0.5265
   24312       0.5084
   24313       0.5622
   24314       0.6389
   24315       0.5551
   24316       0.5086
   24317       0.5351
   24318       0.5460
   24319       0.5719
   24320       0.6656
   24321       0.5697
   24322       0.6192
   24323       0.5582
   24324       0.6897
   24325       0.6265
   24326       0.5497
   24327       0.5806
   24328       0.6205
   24329       0.5742
   24330       0.5632
   24331       0.5859
   24332       0.5682
   24333       0.5538
   24334       0.6082
   24335       0.6263
   24336       0.7010
   24337       0.5067
   24338       0.4949
   24339       0.6318
   24340       0.6044
   24341       0.6334
   24342       0.6489
   24343       0.7633
   24344       0.6497
   24345       0.6598
   24346       0.5880
   24347       0.6817
   24348       0.6636
   24349       0.6833
   24350       0.6303
   24351       0.5279
   24352       0.5624
   24353       0.5044
   24354       0.5547
   24355       0.5483
   24356       0.6107
   24357       0.6233
   24358       0.5751
   24359       0.6364
   24360       0.5089
   24361       0.5626
   24362       0.5353
   24363       0.5368
   24364       0.5804
   24365       0.5700
   24366       0.5790
   24367       0.5694
   24368       0.5834
   24369       0.6838
   24370       0.6201
   24371       0.5845
   24372       0.5924
   24373       0.6805
   24374       0.6799
   24375       0.6264
   24376       0.6163
   24377       0.6634
   24378       0.5340
   24379       0.5583
   24380       0.5039
   24381       0.4884
   24382       0.6110
   24383       0.5330
   24384       0.5960
   24385       0.6154
   24386       0.7530
   24387       0.5621
   24388       0.5746
   24389       0.5692
   24390       0.5881
   24391       0.5715
   24392       0.5462
   24393       0.5826
   24394       0.5730
   24395       0.5791
   24396       0.5522
   24397       0.6674
   24398       0.6113
   24399       0.5114
   24400       0.5230
   24401       0.6325
   24402       0.5590
   24403       0.5874
   24404       0.6297
   24405       0.6021
   24406       0.5749
   24407       0.6482
   24408       0.5551
   24409       0.5619
   24410       0.6319
   24411       0.7107
   24412       0.5730
   24413       0.5890
   24414       0.6060
   24415       0.5847
   24416       0.6711
   24417       0.5477
   24418       0.5596
   24419       0.5328
   24420       0.5113
   24421       0.6353
   24422       0.5558
   24423       0.6168
   24424       0.6293
   24425       0.6651
   24426       0.5357
   24427       0.7409
   24428       0.5930
   24429       0.6913
   24430       0.6962
   24431       0.7100
   24432       0.5393
   24433       0.5642
   24434       0.5718
   24435       0.5400
   24436       0.5514
   24437       0.5070
   24438       0.5221
   24439       0.6205
   24440       0.5571
   24441       0.6048
   24442       0.5782
   24443       0.5808
   24444       0.5561
   24445       0.5356
   24446       0.4956
   24447       0.5437
   24448       0.5755
   24449       0.6254
   24450       0.5720
   24451       0.5716
   24452       0.5459
   24453       0.6384
   24454       0.5782
   24455       0.6481
   24456       0.6212
   24457       0.5889
   24458       0.6426
   24459       0.5747
   24460       0.5717
   24461       0.5302
   24462       0.5789
   24463       0.5818
   24464       0.5983
   24465       0.5347
   24466       0.6070
   24467       0.5177
   24468       0.5610
   24469       0.6367
   24470       0.5541
   24471       0.6077
   24472       0.5670
   24473       0.6438
   24474       0.6336
   24475       0.6185
   24476       0.5160
   24477       0.6263
   24478       0.5496
   24479       0.6653
   24480       0.6634
   24481       0.5598
   24482       0.5440
   24483       0.5793
   24484       0.5858
   24485       0.5396
   24486       0.6798
   24487       0.6107
   24488       0.5122
   24489       0.6439
   24490       0.4936
   24491       0.5540
   24492       0.6222
   24493       0.5506
   24494       0.5245
   24495       0.5293
   24496       0.5900
   24497       0.5942
   24498       0.6399
   24499       0.6023
   24500       0.6121
   24501       0.6670
   24502       0.6125
   24503       0.6499
   24504       0.6824
   24505       0.6170
   24506       0.6332
   24507       0.5890
   24508       0.6409
   24509       0.7035
   24510       0.6260
   24511       0.6701
   24512       0.7798
   24513       0.5303
   24514       0.6292
   24515       0.5110
   24516       0.6237
   24517       0.6055
   24518       0.5786
   24519       0.5334
   24520       0.5196
   24521       0.5681
   24522       0.5690
   24523       0.5198
   24524       0.5689
   24525       0.6012
   24526       0.6002
   24527       0.7540
   24528       0.6127
   24529       0.6209
   24530       0.5322
   24531       0.5288
   24532       0.6759
   24533       0.6194
   24534       0.7341
   24535       0.6749
   24536       0.7206
   24537       0.6451
   24538       0.5258
   24539       0.6181
   24540       0.6883
   24541       0.7080
   24542       0.5474
   24543       0.7105
   24544       0.5961
   24545       0.6470
   24546       0.6957
   24547       0.7357
   24548       0.7239
   24549       0.7220
   24550       0.6416
   24551       0.7182
   24552       0.6770
   24553       0.5550
   24554       0.4891
   24555       0.5488
   24556       0.5842
   24557       0.5288
   24558       0.5439
   24559       0.5820
   24560       0.5918
   24561       0.5952
   24562       0.6303
   24563       0.5124
   24564       0.5041
   24565       0.5799
   24566       0.5520
   24567       0.6904
   24568       0.5897
   24569       0.6177
   24570       0.5107
   24571       0.6104
   24572       0.7028
   24573       0.6480
   24574       0.6020
   24575       0.6572
   24576       0.5342
   24577       0.7473
   24578       0.6892
   24579       0.5476
   24580       0.5407
   24581       0.6909
   24582       0.6003
   24583       0.5459
   24584       0.5425
   24585       0.4926
   24586       0.5863
   24587       0.5646
   24588       0.6576
   24589       0.6509
   24590       0.6868
   24591       0.6473
   24592       0.6181
   24593       0.6313
   24594       0.6312
   24595       0.6546
   24596       0.5709
   24597       0.5239
   24598       0.5917
   24599       0.6228
   24600       0.5225
   24601       0.6397
   24602       0.6164
   24603       0.6981
   24604       0.6091
   24605       0.5805
   24606       0.5597
   24607       0.6008
   24608       0.6150
   24609       0.5990
   24610       0.5786
   24611       0.5954
   24612       0.6376
   24613       0.6239
   24614       0.5893
   24615       0.6702
   24616       0.6425
   24617       0.6345
   24618       0.7201
   24619       0.7294
   24620       0.5243
   24621       0.6318
   24622       0.6434
   24623       0.7356
   24624       0.6968
   24625       0.6299
   24626       0.5856
   24627       0.6695
   24628       0.6237
   24629       0.5054
   24630       0.6510
   24631       0.5679
   24632       0.6263
   24633       0.7098
   24634       0.5961
   24635       0.5832
   24636       0.5005
   24637       0.6061
   24638       0.5716
   24639       0.6580
   24640       0.6680
   24641       0.5162
   24642       0.5708
   24643       0.5264
   24644       0.6255
   24645       0.4880
   24646       0.5712
   24647       0.5933
   24648       0.6259
   24649       0.6150
   24650       0.5854
   24651       0.6381
   24652       0.6093
   24653       0.6255
   24654       0.6450
   24655       0.5957
   24656       0.5896
   24657       0.5649
   24658       0.5277
   24659       0.5453
   24660       0.6307
   24661       0.5781
   24662       0.5593
   24663       0.5278
   24664       0.5405
   24665       0.5931
   24666       0.5970
   24667       0.6176
   24668       0.6300
   24669       0.6230
   24670       0.6558
   24671       0.6586
   24672       0.6019
   24673       0.5853
   24674       0.6181
   24675       0.6660
   24676       0.7415
   24677       0.5352
   24678       0.5150
   24679       0.7560
   24680       0.6385
   24681       0.6846
   24682       0.6589
   24683       0.6100
   24684       0.6300
   24685       0.6396
   24686       0.5938
   24687       0.5836
   24688       0.6515
   24689       0.4788
   24690       0.6774
   24691       0.6665
   24692       0.5530
   24693       0.8057
   24694       0.6620
   24695       0.6559
   24696       0.6576
   24697       0.6038
   24698       0.6281
   24699       0.5585
   24700       0.6599
   24701       0.6023
   24702       0.7072
   24703       0.5946
   24704       0.5824
   24705       0.7154
   24706       0.7581
   24707       0.5263
   24708       0.6310
   24709       0.6583
   24710       0.5850
   24711       0.6866
   24712       0.6941
   24713       0.6151
   24714       0.7075
   24715       0.7947
   24716       0.6007
   24717       0.6824
   24718       0.5714
   24719       0.5805
   24720       0.5826
   24721       0.5502
   24722       0.5666
   24723       0.5236
   24724       0.6647
   24725       0.5933
   24726       0.5725
   24727       0.6160
   24728       0.5305
   24729       0.5983
   24730       0.4706
   24731       0.6130
   24732       0.5264
   24733       0.5929
   24734       0.6212
   24735       0.5706
   24736       0.4990
   24737       0.5220
   24738       0.5956
   24739       0.6112
   24740       0.5995
   24741       0.4997
   24742       0.7094
   24743       0.6143
   24744       0.6451
   24745       0.6338
   24746       0.6007
   24747       0.5962
   24748       0.5764
   24749       0.6535
   24750       0.6593
   24751       0.5201
   24752       0.5733
   24753       0.4629
   24754       0.6595
   24755       0.5864
   24756       0.6221
   24757       0.6452
   24758       0.5015
   24759       0.5712
   24760       0.6519
   24761       0.6409
   24762       0.5422
   24763       0.6589
   24764       0.5958
   24765       0.5299
   24766       0.6967
   24767       0.6749
   24768       0.5259
   24769       0.6123
   24770       0.5910
   24771       0.7192
   24772       0.6355
   24773       0.6345
   24774       0.5828
   24775       0.6087
   24776       0.6332
   24777       0.5630
   24778       0.6400
   24779       0.6251
   24780       0.6755
   24781       0.6424
   24782       0.6496
   24783       0.5927
   24784       0.6140
   24785       0.6460
   24786       0.5845
   24787       0.5929
   24788       0.6298
   24789       0.5810
   24790       0.5641
   24791       0.7378
   24792       0.5999
   24793       0.6386
   24794       0.6087
   24795       0.5503
   24796       0.5787
   24797       0.6012
   24798       0.6201
   24799       0.5702
   24800       0.5993
   24801       0.6047
   24802       0.6333
   24803       0.5678
   24804       0.6706
   24805       0.6425
   24806       0.5212
   24807       0.6218
   24808       0.6041
   24809       0.5626
   24810       0.4761
   24811       0.6465
   24812       0.5436
   24813       0.6312
   24814       0.6396
   24815       0.6160
   24816       0.7121
   24817       0.6055
   24818       0.6104
   24819       0.5991
   24820       0.5398
   24821       0.6206
   24822       0.5842
   24823       0.6915
   24824       0.6290
   24825       0.6726
   24826       0.6227
   24827       0.5372
   24828       0.5108
   24829       0.5327
   24830       0.5845
   24831       0.6125
   24832       0.7540
   24833       0.5190
   24834       0.5227
   24835       0.5300
   24836       0.6106
   24837       0.5534
   24838       0.5608
   24839       0.6663
   24840       0.5981
   24841       0.5479
   24842       0.5923
   24843       0.6263
   24844       0.6707
   24845       0.5334
   24846       0.5457
   24847       0.5336
   24848       0.6163
   24849       0.6369
   24850       0.5325
   24851       0.6580
   24852       0.6345
   24853       0.7139
   24854       0.5894
   24855       0.5195
   24856       0.6750
   24857       0.5727
   24858       0.5763
   24859       0.6379
   24860       0.6020
   24861       0.5991
   24862       0.5535
   24863       0.6156
   24864       0.6144
   24865       0.7084
   24866       0.6410
   24867       0.7656
   24868       0.5488
   24869       0.5812
   24870       0.5865
   24871       0.5668
   24872       0.6732
   24873       0.6453
   24874       0.6179
   24875       0.6381
   24876       0.6069
   24877       0.5769
   24878       0.7179
   24879       0.6985
   24880       0.5941
   24881       0.6125
   24882       0.6233
   24883       0.5993
   24884       0.6510
   24885       0.5796
   24886       0.6989
   24887       0.6184
   24888       0.6175
   24889       0.5452
   24890       0.5747
   24891       0.6116
   24892       0.5679
   24893       0.5849
   24894       0.6835
   24895       0.6470
   24896       0.7713
   24897       0.7754
   24898       0.7690
   24899       0.7376
   24900       0.8030
   24901       0.7450
   24902       0.6542
   24903       0.7204
   24904       0.6428
   24905       0.6665
   24906       0.5889
   24907       0.6787
   24908       0.6031
   24909       0.6254
   24910       0.6238
   24911       0.7115
   24912       0.7773
   24913       0.7026
   24914       0.6058
   24915       0.7423
   24916       0.6696
   24917       0.6620
   24918       0.7058
   24919       0.5957
   24920       0.6343
   24921       0.6594
   24922       0.7317
   24923       0.5909
   24924       0.6646
   24925       0.6384
   24926       0.5884
   24927       0.6478
   24928       0.6636
   24929       0.6830
   24930       0.6381
   24931       0.5971
   24932       0.5457
   24933       0.7186
   24934       0.5958
   24935       0.6174
   24936       0.6008
   24937       0.5692
   24938       0.5849
   24939       0.5770
   24940       0.5535
   24941       0.6263
   24942       0.6217
   24943       0.5699
   24944       0.4945
   24945       0.5797
   24946       0.5909
   24947       0.5074
   24948       0.6082
   24949       0.5890
   24950       0.5776
   24951       0.5247
   24952       0.5487
   24953       0.6319
   24954       0.5244
   24955       0.5284
   24956       0.4844
   24957       0.6185
   24958       0.6008
   24959       0.6098
   24960       0.6109
   24961       0.5709
   24962       0.5400
   24963       0.6520
   24964       0.6335
   24965       0.6013
   24966       0.6081
   24967       0.7332
   24968       0.6042
   24969       0.5782
   24970       0.5949
   24971       0.6339
   24972       0.6477
   24973       0.5460
   24974       0.5205
   24975       0.5925
   24976       0.5456
   24977       0.6156
   24978       0.5477
   24979       0.5742
   24980       0.5239
   24981       0.6821
   24982       0.5539
   24983       0.7394
   24984       0.6175
   24985       0.5556
   24986       0.6495
   24987       0.5814
   24988       0.6738
   24989       0.6388
   24990       0.5909
   24991       0.5608
   24992       0.5246
   24993       0.5560
   24994       0.5712
   24995       0.5707
   24996       0.5379
   24997       0.5106
   24998       0.5812
   24999       0.7796
   25000       0.6095
