#Frame      RoG_00005 RoG_00005[Max]
       1      16.1732        21.3138
       2      16.2109        21.4774
       3      16.3041        20.6836
       4      16.2138        21.0193
       5      16.3138        21.1536
       6      16.3065        21.7217
       7      16.3291        22.1927
       8      16.2633        21.4925
       9      16.1999        21.5769
      10      16.2237        22.5504
      11      16.1972        21.0463
      12      16.2138        21.3751
      13      16.2263        20.7438
      14      16.1525        20.8736
      15      16.1977        21.0787
      16      16.2785        21.1496
      17      16.2208        21.2400
      18      16.1989        21.8362
      19      16.1872        21.1934
      20      16.2309        21.1128
      21      16.2383        21.6820
      22      16.2402        21.3448
      23      16.2491        21.2492
      24      16.2516        21.2627
      25      16.1679        21.7893
      26      16.1510        20.6496
      27      16.2409        21.1809
      28      16.2633        22.0318
      29      16.2205        21.2440
      30      16.2317        22.4598
      31      16.2603        21.4235
      32      16.2336        21.4741
      33      16.2422        21.0612
      34      16.2900        21.5628
      35      16.3453        22.2157
      36      16.2376        21.2385
      37      16.3036        21.5591
      38      16.2364        21.3282
      39      16.2737        21.8405
      40      16.2549        21.5705
      41      16.2690        21.2544
      42      16.2573        21.3923
      43      16.2542        21.0725
      44      16.3008        21.1340
      45      16.2725        21.2351
      46      16.3025        21.5044
      47      16.2934        21.1722
      48      16.2109        20.9482
      49      16.2111        21.0348
      50      16.3153        21.2024
      51      16.2702        21.4000
      52      16.3511        28.7995
      53      16.2921        20.9957
      54      16.3584        21.8629
      55      16.2771        21.0410
      56      16.2794        20.9695
      57      16.3158        21.3676
      58      16.2689        20.5002
      59      16.3080        21.5016
      60      16.3515        21.4831
      61      16.3300        20.7903
      62      16.2752        21.3805
      63      16.2655        21.1266
      64      16.3048        21.2951
      65      16.2569        21.3758
      66      16.2556        20.6346
      67      16.2502        21.1658
      68      16.2212        21.7589
      69      16.2758        20.8765
      70      16.2305        20.4585
      71      16.2016        21.1095
      72      16.2376        21.7151
      73      16.2719        21.4703
      74      16.3499        21.5325
      75      16.2495        21.1573
      76      16.2935        21.3762
      77      16.3082        20.7414
      78      16.2863        21.1184
      79      16.2511        21.2879
      80      16.2606        20.9238
      81      16.2741        21.0747
      82      16.2742        20.8110
      83      16.3278        21.5317
      84      16.2119        21.1637
      85      16.2935        21.0440
      86      16.2856        20.7478
      87      16.3035        20.7955
      88      16.2383        21.0782
      89      16.3002        21.1421
      90      16.2073        21.0435
      91      16.2598        20.7589
      92      16.2082        20.9364
      93      16.2401        20.6608
      94      16.3237        20.6145
      95      16.2416        20.4842
      96      16.3152        20.4636
      97      16.2866        21.5349
      98      16.2853        20.7195
      99      16.1834        20.8522
     100      16.2702        20.6037
     101      16.2397        20.6955
     102      16.3105        21.0754
     103      16.3372        20.8543
     104      16.2469        21.3313
     105      16.2653        21.2461
     106      16.2984        21.2287
     107      16.3296        20.9895
     108      16.3279        21.2909
     109      16.2562        20.6626
     110      16.2508        21.5182
     111      16.2691        20.8860
     112      16.2061        21.1560
     113      16.2528        20.9571
     114      16.2640        20.8897
     115      16.2820        21.1273
     116      16.1960        20.5837
     117      16.3109        21.3449
     118      16.2746        21.0553
     119      16.2887        21.4195
     120      16.2949        21.7263
     121      16.3122        21.4852
     122      16.2339        21.1974
     123      16.2637        21.2421
     124      16.2272        21.3244
     125      16.2836        20.9777
     126      16.3201        21.2023
     127      16.3431        21.6385
     128      16.2831        20.9794
     129      16.2860        21.6812
     130      16.3671        21.3068
     131      16.2657        20.7842
     132      16.3372        21.3866
     133      16.3796        20.5439
     134      16.2925        20.4412
     135      16.3087        21.2775
     136      16.3562        21.3022
     137      16.2266        21.2187
     138      16.2508        20.8112
     139      16.2863        21.1492
     140      16.3308        21.7502
     141      16.2396        20.8264
     142      16.3031        21.2895
     143      16.2811        21.3585
     144      16.3261        20.8024
     145      16.2602        20.7003
     146      16.2492        20.7712
     147      16.2405        20.3510
     148      16.3686        20.9137
     149      16.2471        20.9457
     150      16.2402        20.4920
     151      16.3259        20.8668
     152      16.3151        21.1515
     153      16.3265        21.3395
     154      16.3443        20.8513
     155      16.3803        20.7791
     156      16.3286        21.5055
     157      16.3943        21.6400
     158      16.3447        21.0657
     159      16.2855        20.8226
     160      16.3371        21.6941
     161      16.3213        20.6928
     162      16.3927        21.7074
     163      16.3290        20.9117
     164      16.3349        20.6754
     165      16.3589        20.9858
     166      16.3530        21.4240
     167      16.3607        21.4299
     168      16.3584        21.2055
     169      16.2728        21.0716
     170      16.2797        21.2063
     171      16.3658        21.3872
     172      16.2773        21.2675
     173      16.3564        20.0394
     174      16.2947        20.4922
     175      16.2672        20.5833
     176      16.3247        21.1612
     177      16.2790        20.9215
     178      16.2533        21.0030
     179      16.2764        21.1556
     180      16.3169        21.2136
     181      16.2602        21.4178
     182      16.2791        21.0355
     183      16.3177        21.3445
     184      16.2202        21.0116
     185      16.2631        20.9292
     186      16.3101        21.6216
     187      16.1893        21.3708
     188      16.2832        21.3854
     189      16.2779        21.0484
     190      16.2320        21.6305
     191      16.2642        20.8919
     192      16.2026        20.8950
     193      16.2383        20.7153
     194      16.3241        21.3317
     195      16.2711        21.4180
     196      16.3233        21.3211
     197      16.2278        21.2387
     198      16.2632        20.9729
     199      16.3410        20.4802
     200      16.3001        21.4241
     201      16.2285        20.9316
     202      16.2408        20.5932
     203      16.2522        20.9941
     204      16.2486        21.2918
     205      16.2515        20.6125
     206      16.2830        20.7850
     207      16.2636        20.7946
     208      16.2135        21.4240
     209      16.2475        20.9381
     210      16.2792        20.8003
     211      16.1881        20.6613
     212      16.2898        21.0377
     213      16.2771        20.9222
     214      16.3365        21.0816
     215      16.2073        20.7026
     216      16.2284        21.1992
     217      16.2355        21.3373
     218      16.2514        21.2135
     219      16.2024        21.1331
     220      16.1937        20.9452
     221      16.2410        21.4709
     222      16.2629        21.3966
     223      16.2544        21.4301
     224      16.1794        21.0844
     225      16.2898        21.2497
     226      16.2461        21.2302
     227      16.2667        20.9599
     228      16.2392        21.0041
     229      16.3028        21.2541
     230      16.2969        21.3501
     231      16.2545        21.7435
     232      16.2032        21.0481
     233      16.2496        21.1963
     234      16.2352        21.4515
     235      16.2150        21.2173
     236      16.2085        21.0918
     237      16.2373        21.3731
     238      16.2402        20.9432
     239      16.2536        21.3893
     240      16.2652        21.8546
     241      16.2240        21.1691
     242      16.2195        21.0676
     243      16.2052        21.0450
     244      16.2712        21.0716
     245      16.2805        23.4867
     246      16.2205        21.2016
     247      16.2824        21.1654
     248      16.2312        20.7974
     249      16.2548        21.3329
     250      16.2701        21.1241
     251      16.1808        21.5125
     252      16.2397        21.1552
     253      16.2760        21.8401
     254      16.2598        21.1424
     255      16.2836        21.0339
     256      16.2019        20.8907
     257      16.2792        21.3260
     258      16.2398        21.2344
     259      16.2209        21.1841
     260      16.2194        21.1552
     261      16.2981        22.7538
     262      16.2460        23.2695
     263      16.2761        21.7309
     264      16.2714        21.2273
     265      16.1858        21.1320
     266      16.2812        21.6386
     267      16.2592        21.7242
     268      16.2644        21.6005
     269      16.2416        21.7706
     270      16.1968        21.2986
     271      16.2721        21.0800
     272      16.3150        22.8351
     273      16.2224        23.1667
     274      16.3110        23.0816
     275      16.3126        22.4362
     276      16.2122        22.6177
     277      16.2365        22.1923
     278      16.2996        22.5248
     279      16.2988        23.2513
     280      16.2921        21.5611
     281      16.2110        21.4455
     282      16.2579        21.2317
     283      16.2996        21.2846
     284      16.2586        20.8626
     285      16.2447        20.8535
     286      16.2276        20.9872
     287      16.2405        21.2119
     288      16.2672        21.6973
     289      16.3198        21.0765
     290      16.2145        21.4161
     291      16.3211        21.2870
     292      16.2318        20.8918
     293      16.2996        21.2466
     294      16.2841        21.8289
     295      16.2344        21.8303
     296      16.2611        21.8695
     297      16.3416        22.7733
     298      16.2612        22.0818
     299      16.2813        22.6152
     300      16.2631        23.0831
     301      16.2668        22.2226
     302      16.3008        22.9241
     303      16.2592        22.3886
     304      16.2619        22.3774
     305      16.2224        23.0961
     306      16.3489        23.2916
     307      16.2642        22.0071
     308      16.2758        22.2558
     309      16.2718        21.8666
     310      16.2418        23.0159
     311      16.3024        22.8685
     312      16.2714        22.8242
     313      16.2010        21.7028
     314      16.2757        21.6518
     315      16.2251        20.8487
     316      16.2202        20.9296
     317      16.2761        21.0871
     318      16.2798        22.9483
     319      16.2668        21.8871
     320      16.2603        21.4746
     321      16.2297        21.3146
     322      16.1898        20.8343
     323      16.2821        21.6131
     324      16.3077        21.7734
     325      16.2239        20.8496
     326      16.1918        21.3196
     327      16.2480        20.7036
     328      16.3069        22.2150
     329      16.2701        22.0588
     330      16.2993        21.8485
     331      16.2894        21.8057
     332      16.3248        21.1520
     333      16.3613        21.3251
     334      16.3171        21.3938
     335      16.3034        21.8539
     336      16.3014        22.0001
     337      16.2905        21.1352
     338      16.3291        21.9755
     339      16.3389        21.7734
     340      16.3487        21.5633
     341      16.2632        21.4983
     342      16.3638        21.6097
     343      16.3260        21.9216
     344      16.2435        22.5558
     345      16.4160        22.6067
     346      16.2675        22.0496
     347      16.2513        22.2533
     348      16.3091        22.9024
     349      16.3127        22.2293
     350      16.3304        22.7445
     351      16.2485        22.9366
     352      16.3015        22.1890
     353      16.2650        21.1408
     354      16.2674        21.0859
     355      16.3397        20.8615
     356      16.3534        22.5356
     357      16.2744        21.3930
     358      16.3164        20.9316
     359      16.3279        21.6278
     360      16.2857        21.1821
     361      16.3197        21.7299
     362      16.2604        21.4193
     363      16.2443        21.5134
     364      16.2598        21.3047
     365      16.2433        21.1682
     366      16.1932        21.2750
     367      16.2495        21.9225
     368      16.3251        21.3487
     369      16.2272        21.0840
     370      16.1881        20.8837
     371      16.2688        21.2043
     372      16.2399        21.5799
     373      16.3122        22.3133
     374      16.3228        21.3326
     375      16.2852        20.9009
     376      16.2018        20.9298
     377      16.2197        20.9262
     378      16.2362        22.0816
     379      16.2794        21.2606
     380      16.2990        21.4123
     381      16.2736        21.5234
     382      16.2234        21.6920
     383      16.2183        20.8245
     384      16.1648        20.8301
     385      16.2600        21.3977
     386      16.2524        21.2141
     387      16.3060        21.7232
     388      16.1694        20.9768
     389      16.2164        21.6827
     390      16.2758        21.5047
     391      16.2919        21.3203
     392      16.2302        20.8883
     393      16.2293        21.7648
     394      16.2336        21.7158
     395      16.3165        21.1525
     396      16.1986        21.2971
     397      16.2760        21.7251
     398      16.2753        21.6448
     399      16.2537        21.1190
     400      16.2319        21.9228
     401      16.2767        21.2494
     402      16.1896        21.1196
     403      16.2436        21.1565
     404      16.2746        20.9396
     405      16.2335        20.8911
     406      16.2766        21.3303
     407      16.2815        21.1703
     408      16.2671        21.3652
     409      16.2789        21.3352
     410      16.3060        21.6197
     411      16.2660        21.1601
     412      16.2362        20.8696
     413      16.2708        21.3754
     414      16.3085        21.1158
     415      16.2858        22.1631
     416      16.2363        20.9365
     417      16.2463        21.2473
     418      16.2512        21.2226
     419      16.2128        21.5212
     420      16.2181        21.6198
     421      16.2341        21.0695
     422      16.1868        21.0915
     423      16.3250        21.1868
     424      16.2976        21.6199
     425      16.1779        21.2590
     426      16.3167        21.3295
     427      16.2677        21.3069
     428      16.2784        21.0531
     429      16.2849        21.2619
     430      16.2726        21.0110
     431      16.2576        21.2050
     432      16.2814        21.4946
     433      16.2743        21.6314
     434      16.3442        21.4593
     435      16.3378        21.2909
     436      16.2904        20.8466
     437      16.2712        21.3725
     438      16.1648        21.0833
     439      16.2508        21.3163
     440      16.2267        21.5316
     441      16.3009        21.2846
     442      16.3367        21.9355
     443      16.2300        21.3466
     444      16.2474        21.3013
     445      16.2749        21.4366
     446      16.3064        21.6636
     447      16.3438        21.0773
     448      16.3587        22.2214
     449      16.3227        21.8798
     450      16.2683        21.7366
     451      16.2093        21.1784
     452      16.3410        21.4186
     453      16.2361        21.1818
     454      16.3389        21.5800
     455      16.3331        21.4340
     456      16.4259        21.6479
     457      16.4343        22.9605
     458      16.3752        22.2845
     459      16.3159        21.7913
     460      16.3301        21.4418
     461      16.3707        21.4737
     462      16.3406        22.2686
     463      16.3478        20.9535
     464      16.3503        20.7829
     465      16.3973        21.2418
     466      16.3237        21.0850
     467      16.3192        21.2503
     468      16.2788        21.3262
     469      16.3149        20.4156
     470      16.2704        20.5601
     471      16.2734        21.9068
     472      16.3176        20.5609
     473      16.3619        21.3406
     474      16.3999        21.1191
     475      16.3590        21.8717
     476      16.3859        22.5849
     477      16.2890        21.6131
     478      16.3104        21.5694
     479      16.2422        20.9477
     480      16.2074        21.1354
     481      16.3332        21.7445
     482      16.3238        21.3998
     483      16.2462        21.3941
     484      16.2961        21.4993
     485      16.2959        21.2231
     486      16.2926        21.1715
     487      16.2084        20.6821
     488      16.2891        21.4860
     489      16.2284        21.7673
     490      16.2546        21.5779
     491      16.2282        21.0280
     492      16.2587        20.4197
     493      16.2575        21.4091
     494      16.2833        21.2886
     495      16.2525        20.8493
     496      16.2353        21.1010
     497      16.2626        21.4905
     498      16.2873        22.0131
     499      16.1917        20.5997
     500      16.1775        21.1741
     501      16.1953        21.1352
     502      16.2198        21.0096
     503      16.2606        21.1550
     504      16.2022        21.6033
     505      16.2785        22.3621
     506      16.2572        22.2007
     507      16.1936        22.3547
     508      16.2290        22.4763
     509      16.2494        22.4660
     510      16.3099        22.6654
     511      16.2358        21.5914
     512      16.2387        22.1720
     513      16.2520        21.7136
     514      16.2558        20.8559
     515      16.2415        21.2613
     516      16.2964        21.7690
     517      16.3292        21.0855
     518      16.3137        21.0504
     519      16.3878        21.6117
     520      16.2788        21.1652
     521      16.3233        20.8800
     522      16.3149        20.4437
     523      16.2508        21.4773
     524      16.2524        20.9349
     525      16.2092        20.9681
     526      16.2239        21.7380
     527      16.2484        21.3331
     528      16.2508        21.6303
     529      16.2986        22.1846
     530      16.3033        21.2772
     531      16.2710        21.0093
     532      16.3297        22.0228
     533      16.3333        22.2395
     534      16.3487        23.2867
     535      16.3478        22.7440
     536      16.3112        21.5109
     537      16.3563        22.1207
     538      16.3117        22.2633
     539      16.3407        21.5399
     540      16.2628        21.6647
     541      16.3021        21.1979
     542      16.2589        21.5664
     543      16.3324        21.3043
     544      16.3068        22.4181
     545      16.2582        22.0007
     546      16.2783        22.2279
     547      16.3115        21.9681
     548      16.3156        22.0485
     549      16.3237        21.1011
     550      16.2600        22.5931
     551      16.2658        22.4451
     552      16.2457        22.4131
     553      16.3298        21.3291
     554      16.2391        20.7193
     555      16.2207        21.0293
     556      16.2755        21.2017
     557      16.2245        21.2116
     558      16.2447        20.9587
     559      16.2197        20.8232
     560      16.2637        21.2086
     561      16.3480        20.9013
     562      16.3167        21.1322
     563      16.4041        21.8618
     564      16.4330        21.3507
     565      16.3118        23.0278
     566      16.2976        22.9733
     567      16.2918        22.0816
     568      16.2995        22.0796
     569      16.2369        20.6868
     570      16.2697        22.1807
     571      16.2478        22.3255
     572      16.3098        22.5332
     573      16.3018        21.7143
     574      16.2857        20.8856
     575      16.2936        22.8398
     576      16.2795        23.1577
     577      16.2520        23.1990
     578      16.2406        21.9017
     579      16.1882        21.3405
     580      16.2609        21.3892
     581      16.2403        21.6866
     582      16.2041        21.2583
     583      16.2267        21.6064
     584      16.2944        21.6866
     585      16.2767        22.3527
     586      16.2694        22.8657
     587      16.3066        22.8991
     588      16.3574        23.7558
     589      16.3186        22.8618
     590      16.2656        23.0615
     591      16.2494        21.3869
     592      16.3221        21.4716
     593      16.3258        21.3499
     594      16.2922        21.3961
     595      16.2742        20.8043
     596      16.2585        21.0727
     597      16.3047        21.2545
     598      16.3977        21.4954
     599      16.2596        21.1626
     600      16.2807        20.9253
     601      16.2425        20.9799
     602      16.3578        20.7037
     603      16.3220        21.5997
     604      16.2388        21.3201
     605      16.2406        21.2892
     606      16.2549        21.5948
     607      16.2611        20.8396
     608      16.2801        21.2878
     609      16.1964        21.9661
     610      16.2575        21.6174
     611      16.2696        21.2066
     612      16.2805        21.1215
     613      16.2728        21.1131
     614      16.3078        21.5000
     615      16.2878        21.0315
     616      16.2610        21.1235
     617      16.3145        21.0867
     618      16.3096        21.6196
     619      16.1845        20.8270
     620      16.2735        21.0383
     621      16.2202        21.1339
     622      16.2454        20.6859
     623      16.2905        21.3951
     624      16.3053        21.0310
     625      16.2837        20.7215
     626      16.3082        20.6724
     627      16.2853        21.1098
     628      16.3048        21.2348
     629      16.3011        21.1003
     630      16.2681        21.9523
     631      16.2672        21.3366
     632      16.2419        20.9968
     633      16.2260        21.7282
     634      16.3206        21.0928
     635      16.2687        21.2963
     636      16.2991        21.0019
     637      16.2122        20.8295
     638      16.2803        21.8745
     639      16.2782        21.0886
     640      16.2224        20.9179
     641      16.2409        21.1488
     642      16.1867        21.4687
     643      16.3184        20.8691
     644      16.2401        20.8967
     645      16.3638        21.4517
     646      16.2838        21.2217
     647      16.2506        21.7681
     648      16.3385        21.0740
     649      16.3185        21.0489
     650      16.2763        21.5572
     651      16.3186        21.4105
     652      16.2398        21.5018
     653      16.3229        21.4795
     654      16.3317        21.3738
     655      16.2446        21.0431
     656      16.3154        20.9660
     657      16.2670        22.0685
     658      16.3098        21.3481
     659      16.2386        21.1176
     660      16.2044        21.2109
     661      16.2179        21.9877
     662      16.2010        22.0327
     663      16.2552        22.0347
     664      16.3198        22.1706
     665      16.2846        21.3473
     666      16.2691        21.2591
     667      16.3468        21.2037
     668      16.2326        21.2509
     669      16.3038        21.2694
     670      16.2509        20.3691
     671      16.2394        20.8834
     672      16.2425        20.5719
     673      16.2835        20.9321
     674      16.3554        21.2315
     675      16.3054        21.6021
     676      16.3128        21.4434
     677      16.3087        22.2609
     678      16.2475        20.8731
     679      16.2765        21.0736
     680      16.2870        20.6367
     681      16.3114        21.5532
     682      16.3519        21.3658
     683      16.3179        21.2833
     684      16.2562        20.6562
     685      16.2340        21.3280
     686      16.2425        21.3293
     687      16.2913        21.1916
     688      16.2972        21.5319
     689      16.2531        21.1606
     690      16.2406        21.6700
     691      16.3011        21.1739
     692      16.2744        21.4818
     693      16.3206        21.7636
     694      16.2704        21.0695
     695      16.3030        20.5903
     696      16.2609        21.2545
     697      16.1857        20.8118
     698      16.2062        21.5006
     699      16.2566        21.2757
     700      16.2509        20.9685
     701      16.1826        20.8272
     702      16.2329        21.2066
     703      16.1908        20.8609
     704      16.2324        20.5377
     705      16.2848        20.3804
     706      16.2877        20.9665
     707      16.2894        20.9624
     708      16.2158        20.9771
     709      16.2484        21.2520
     710      16.2713        21.3240
     711      16.3439        20.8281
     712      16.2490        21.1443
     713      16.2860        21.4573
     714      16.2435        21.4974
     715      16.2078        20.8855
     716      16.2433        20.8424
     717      16.2091        21.6434
     718      16.2585        21.0946
     719      16.2958        21.3272
     720      16.2849        21.1241
     721      16.2706        21.5667
     722      16.1938        21.2209
     723      16.2803        21.2852
     724      16.2371        21.8949
     725      16.3039        21.0719
     726      16.2792        21.1978
     727      16.2842        20.9711
     728      16.2962        21.3556
     729      16.2655        21.5687
     730      16.2787        20.9001
     731      16.3100        21.1966
     732      16.2711        21.5743
     733      16.2659        21.8071
     734      16.3395        21.5651
     735      16.2461        21.1235
     736      16.2713        21.1149
     737      16.2798        20.8355
     738      16.2188        21.0389
     739      16.2123        21.0077
     740      16.2879        21.0299
     741      16.3344        21.7113
     742      16.3121        21.7366
     743      16.3830        21.4040
     744      16.3841        21.6041
     745      16.3265        20.9636
     746      16.3369        21.5892
     747      16.3080        21.4146
     748      16.3474        21.8411
     749      16.2985        21.5778
     750      16.2691        20.8651
     751      16.2866        21.4041
     752      16.2223        20.9502
     753      16.2340        21.2631
     754      16.2002        21.5294
     755      16.2981        21.2793
     756      16.2924        21.3717
     757      16.2907        21.8272
     758      16.2237        21.0700
     759      16.3667        21.6908
     760      16.3174        21.4293
     761      16.2988        21.2480
     762      16.3304        21.6101
     763      16.3173        22.1426
     764      16.2668        21.2471
     765      16.2650        21.3123
     766      16.2556        21.5675
     767      16.2090        21.1599
     768      16.3007        20.8255
     769      16.1785        20.7067
     770      16.2319        21.0658
     771      16.2491        21.2907
     772      16.2286        21.2457
     773      16.2798        21.8289
     774      16.2932        22.2335
     775      16.3238        21.7957
     776      16.3156        21.6717
     777      16.2437        21.4180
     778      16.2779        21.0715
     779      16.2939        20.9012
     780      16.3213        21.0367
     781      16.2873        20.8662
     782      16.3514        21.3801
     783      16.2858        21.5554
     784      16.2177        21.9777
     785      16.2724        21.3486
     786      16.2731        21.5615
     787      16.3403        21.1981
     788      16.2832        21.0511
     789      16.3224        20.9834
     790      16.2542        21.0806
     791      16.3201        20.9503
     792      16.3497        21.3387
     793      16.2835        20.7669
     794      16.3359        21.3756
     795      16.2800        21.3201
     796      16.3454        23.3838
     797      16.3373        21.7338
     798      16.2780        23.0226
     799      16.3687        21.4500
     800      16.3204        21.3772
     801      16.3718        21.2460
     802      16.2723        21.2318
     803      16.3074        21.3703
     804      16.3073        21.7541
     805      16.3074        21.6665
     806      16.3383        21.8753
     807      16.2673        21.3320
     808      16.2953        21.3185
     809      16.2154        21.8648
     810      16.2291        21.4533
     811      16.3125        21.8920
     812      16.2585        22.0225
     813      16.1759        20.6765
     814      16.2013        21.0256
     815      16.2350        21.1094
     816      16.2026        21.0295
     817      16.2588        21.8386
     818      16.2279        21.6220
     819      16.2523        23.0874
     820      16.2396        21.4731
     821      16.2153        21.5085
     822      16.2051        21.8377
     823      16.2332        21.3523
     824      16.2448        21.1412
     825      16.2629        21.3227
     826      16.2013        20.5103
     827      16.2219        20.6731
     828      16.2894        20.8068
     829      16.2070        21.6603
     830      16.2615        21.8451
     831      16.2550        21.3646
     832      16.2179        21.3260
     833      16.2220        20.6299
     834      16.1866        20.8592
     835      16.1900        20.7549
     836      16.1693        20.2807
     837      16.2545        20.9680
     838      16.2285        20.7308
     839      16.2109        20.3783
     840      16.1709        20.8149
     841      16.2652        21.1289
     842      16.2644        20.9406
     843      16.1472        21.3772
     844      16.2223        21.5128
     845      16.1955        21.6178
     846      16.1904        21.5248
     847      16.1827        20.9580
     848      16.2099        22.2293
     849      16.2307        21.8036
     850      16.1246        20.7203
     851      16.1826        20.6212
     852      16.1479        20.5487
     853      16.2496        20.9909
     854      16.2010        21.1211
     855      16.2072        20.5481
     856      16.2844        21.1717
     857      16.2638        20.9005
     858      16.2472        21.0845
     859      16.3266        20.6519
     860      16.2512        20.5813
     861      16.2475        21.0882
     862      16.2541        20.6873
     863      16.2914        20.9939
     864      16.2216        21.2798
     865      16.2243        20.7351
     866      16.2119        20.7303
     867      16.1749        21.4506
     868      16.2403        20.9692
     869      16.2200        21.1903
     870      16.2342        21.3121
     871      16.2102        20.8202
     872      16.2636        21.1451
     873      16.2285        20.7355
     874      16.3159        20.7184
     875      16.2936        29.2746
     876      16.3145        22.0538
     877      16.3265        21.8699
     878      16.3260        22.3471
     879      16.3040        22.8501
     880      16.2798        21.2597
     881      16.2918        22.2137
     882      16.4073        22.4089
     883      16.3397        21.1387
     884      16.3201        20.9099
     885      16.2716        21.2995
     886      16.2334        22.6028
     887      16.3158        21.9785
     888      16.3561        22.0035
     889      16.3028        22.2429
     890      16.3380        21.0348
     891      16.2722        20.9179
     892      16.2744        20.8686
     893      16.2377        20.8894
     894      16.3054        21.0800
     895      16.2249        21.0664
     896      16.1922        20.9249
     897      16.2832        20.3675
     898      16.2195        20.3888
     899      16.2565        20.6643
     900      16.2489        21.1399
     901      16.2653        21.0406
     902      16.1871        20.5019
     903      16.1332        20.3766
     904      16.1491        20.6233
     905      16.2207        20.5913
     906      16.2122        20.5164
     907      16.1993        20.8914
     908      16.1897        20.3510
     909      16.1825        20.7540
     910      16.2370        20.7058
     911      16.1535        20.7488
     912      16.1855        20.3819
     913      16.1796        20.9044
     914      16.2287        20.5886
     915      16.2309        21.2603
     916      16.1916        20.2811
     917      16.1507        20.5825
     918      16.2571        20.7961
     919      16.2001        20.2548
     920      16.2263        20.6420
     921      16.2071        28.7068
     922      16.2152        20.9731
     923      16.2510        20.8569
     924      16.2293        20.6285
     925      16.2892        20.5466
     926      16.1515        20.1778
     927      16.2368        20.4042
     928      16.2258        21.3103
     929      16.2598        21.4337
     930      16.2286        21.5542
     931      16.1978        20.7689
     932      16.1821        21.7798
     933      16.2103        22.3673
     934      16.2060        22.0155
     935      16.2133        22.1348
     936      16.2152        22.4723
     937      16.2456        21.7921
     938      16.2975        21.7904
     939      16.2193        21.4655
     940      16.2658        21.3035
     941      16.2933        20.9115
     942      16.2305        21.4056
     943      16.3448        21.0781
     944      16.3605        21.0679
     945      16.2494        21.2685
     946      16.3136        22.0290
     947      16.2886        20.8540
     948      16.2526        20.8280
     949      16.2360        21.2643
     950      16.3138        21.6430
     951      16.2920        21.2255
     952      16.2348        22.0688
     953      16.2680        21.8699
     954      16.2498        21.9940
     955      16.2101        21.5514
     956      16.2239        21.0616
     957      16.2152        21.1004
     958      16.2170        21.7094
     959      16.3170        22.5658
     960      16.2489        23.8065
     961      16.2166        23.5576
     962      16.2310        22.0088
     963      16.2257        22.4229
     964      16.2859        22.6026
     965      16.2598        23.1962
     966      16.2677        22.5414
     967      16.2080        22.7087
     968      16.3232        22.8312
     969      16.2610        23.1611
     970      16.3458        22.8585
     971      16.2763        23.0292
     972      16.2479        23.0911
     973      16.3389        22.6307
     974      16.2110        21.4632
     975      16.2353        21.0086
     976      16.2399        20.5203
     977      16.2670        20.8380
     978      16.2727        21.0720
     979      16.2466        21.3206
     980      16.2463        20.8209
     981      16.2667        21.4037
     982      16.2608        22.1949
     983      16.2961        21.8645
     984      16.3485        22.1115
     985      16.2561        23.1802
     986      16.2325        21.9616
     987      16.2783        22.6451
     988      16.2350        22.1493
     989      16.2297        20.9410
     990      16.2155        22.2499
     991      16.2896        20.8661
     992      16.2669        21.7088
     993      16.2279        21.6152
     994      16.2092        21.4065
     995      16.2954        21.5094
     996      16.3030        21.5057
     997      16.2377        21.2983
     998      16.2469        20.8564
     999      16.3259        21.1639
    1000      16.3129        23.2836
    1001      16.3385        23.4088
    1002      16.3660        22.6930
    1003      16.2422        21.0138
    1004      16.2515        21.5067
    1005      16.2666        21.0054
    1006      16.2382        21.2120
    1007      16.2382        21.2482
    1008      16.2293        21.3279
    1009      16.2147        21.0034
    1010      16.2904        21.1919
    1011      16.2557        21.0021
    1012      16.2316        20.6613
    1013      16.2936        21.2794
    1014      16.2545        21.2183
    1015      16.2295        20.8765
    1016      16.3330        21.6600
    1017      16.2370        20.8429
    1018      16.3086        21.2051
    1019      16.3031        21.4281
    1020      16.2992        21.4253
    1021      16.3057        21.0419
    1022      16.2315        21.0309
    1023      16.2759        21.2335
    1024      16.2931        21.0621
    1025      16.3158        21.4127
    1026      16.2903        22.0291
    1027      16.2676        21.0076
    1028      16.2882        21.3784
    1029      16.3076        21.0906
    1030      16.2962        21.3359
    1031      16.2655        21.5168
    1032      16.2163        21.2548
    1033      16.2581        21.4113
    1034      16.2511        21.0276
    1035      16.2891        22.0428
    1036      16.2405        21.7643
    1037      16.2168        21.3415
    1038      16.2328        21.0519
    1039      16.2694        21.2332
    1040      16.2070        21.5257
    1041      16.2305        21.5486
    1042      16.2015        21.2591
    1043      16.2263        21.9520
    1044      16.2970        21.7710
    1045      16.1939        21.4526
    1046      16.2464        21.0622
    1047      16.2489        22.0318
    1048      16.2604        21.0693
    1049      16.1887        21.6725
    1050      16.2379        21.2759
    1051      16.2380        21.0455
    1052      16.2357        21.2430
    1053      16.2054        21.3877
    1054      16.2517        22.0223
    1055      16.2240        21.3445
    1056      16.2704        21.5749
    1057      16.2030        21.6813
    1058      16.1554        21.6622
    1059      16.1658        21.3609
    1060      16.2520        21.3354
    1061      16.2006        21.4176
    1062      16.1884        21.9193
    1063      16.2204        21.6992
    1064      16.2302        21.4372
    1065      16.2240        20.8246
    1066      16.2290        20.6061
    1067      16.3043        21.8925
    1068      16.3419        21.4980
    1069      16.2923        21.3650
    1070      16.2437        20.9712
    1071      16.2719        21.0096
    1072      16.2357        21.0564
    1073      16.2371        21.1594
    1074      16.2429        20.7301
    1075      16.2680        21.4713
    1076      16.3441        21.2812
    1077      16.2521        21.9435
    1078      16.2458        21.1409
    1079      16.2764        21.3369
    1080      16.3030        20.6979
    1081      16.2853        21.7240
    1082      16.2518        21.0559
    1083      16.2655        21.0677
    1084      16.2383        21.1271
    1085      16.2922        21.1304
    1086      16.2378        20.7517
    1087      16.2496        20.9636
    1088      16.2815        21.1901
    1089      16.2452        20.9021
    1090      16.2612        21.3927
    1091      16.2707        21.0071
    1092      16.2781        20.8697
    1093      16.2302        21.6219
    1094      16.2783        21.5508
    1095      16.2606        21.9884
    1096      16.2806        20.8906
    1097      16.3622        21.2374
    1098      16.2238        20.8179
    1099      16.3011        20.8652
    1100      16.3017        21.6971
    1101      16.3178        20.9565
    1102      16.3572        20.8749
    1103      16.3689        20.9767
    1104      16.2804        20.5535
    1105      16.3891        20.9981
    1106      16.3401        21.7085
    1107      16.3118        21.5829
    1108      16.3455        21.2063
    1109      16.2440        21.0826
    1110      16.1773        20.9834
    1111      16.2617        21.0063
    1112      16.2308        20.5952
    1113      16.2757        21.2214
    1114      16.2800        20.8065
    1115      16.2618        21.3752
    1116      16.2449        21.8367
    1117      16.2089        21.8755
    1118      16.2801        23.1645
    1119      16.3197        23.7706
    1120      16.2830        22.3867
    1121      16.1957        23.2733
    1122      16.2371        21.9448
    1123      16.2774        21.5820
    1124      16.3444        21.4699
    1125      16.2682        22.2589
    1126      16.3742        21.2371
    1127      16.3459        22.0025
    1128      16.3451        22.5616
    1129      16.2965        21.2756
    1130      16.2653        21.0952
    1131      16.2475        21.1822
    1132      16.2565        21.0942
    1133      16.2708        21.0261
    1134      16.2885        20.8866
    1135      16.3335        20.6216
    1136      16.2619        21.2112
    1137      16.2681        20.8631
    1138      16.2548        21.0533
    1139      16.3250        20.7888
    1140      16.2502        20.9263
    1141      16.2213        20.7186
    1142      16.2274        20.7206
    1143      16.2875        21.0180
    1144      16.2717        21.0728
    1145      16.3675        20.7549
    1146      16.2493        20.9074
    1147      16.3194        21.2530
    1148      16.2226        20.6543
    1149      16.2255        20.8644
    1150      16.3078        21.0171
    1151      16.2495        20.9544
    1152      16.2784        20.8617
    1153      16.2305        21.2171
    1154      16.2069        21.1168
    1155      16.2891        21.2163
    1156      16.3361        20.8401
    1157      16.3264        22.8105
    1158      16.2005        20.6586
    1159      16.2377        20.3081
    1160      16.2680        20.1364
    1161      16.3214        20.9630
    1162      16.2793        21.1818
    1163      16.3046        21.0295
    1164      16.2638        20.4286
    1165      16.3768        20.8993
    1166      16.2982        20.6845
    1167      16.2212        20.3695
    1168      16.2446        21.3308
    1169      16.2524        21.0769
    1170      16.2853        21.0931
    1171      16.4325        21.2983
    1172      16.3578        20.9991
    1173      16.2792        20.9119
    1174      16.2602        20.7465
    1175      16.2924        21.4609
    1176      16.2824        21.6182
    1177      16.3513        21.4471
    1178      16.3958        21.4962
    1179      16.3191        22.1345
    1180      16.1956        20.7885
    1181      16.2399        21.0848
    1182      16.2852        21.4259
    1183      16.3000        21.3748
    1184      16.3069        21.8831
    1185      16.3176        20.9428
    1186      16.3528        21.2192
    1187      16.3525        21.1799
    1188      16.3057        22.1314
    1189      16.2927        21.1191
    1190      16.2773        21.1677
    1191      16.2459        20.8055
    1192      16.3267        21.6836
    1193      16.3886        22.1378
    1194      16.3270        21.2627
    1195      16.3391        21.5761
    1196      16.3065        21.1158
    1197      16.3086        20.9913
    1198      16.3327        21.7982
    1199      16.3398        21.0166
    1200      16.4651        21.2279
    1201      16.3146        21.7729
    1202      16.4019        21.3739
    1203      16.3341        20.9592
    1204      16.2852        21.0335
    1205      16.3494        20.9152
    1206      16.2875        20.9327
    1207      16.3828        21.0385
    1208      16.3429        21.0503
    1209      16.3001        21.4291
    1210      16.2535        20.7189
    1211      16.3198        20.8044
    1212      16.2389        21.1874
    1213      16.3231        21.0100
    1214      16.3084        21.4018
    1215      16.2849        20.9863
    1216      16.2922        20.7823
    1217      16.2589        21.2578
    1218      16.2683        20.5891
    1219      16.3264        21.6684
    1220      16.2401        21.4109
    1221      16.2459        21.1470
    1222      16.2331        21.5194
    1223      16.3166        21.2710
    1224      16.1826        21.1560
    1225      16.3263        22.1394
    1226      16.3633        22.5536
    1227      16.4112        22.7156
    1228      16.4127        21.4857
    1229      16.3670        23.0445
    1230      16.2968        21.9580
    1231      16.2971        22.3958
    1232      16.3075        22.0969
    1233      16.2688        21.6993
    1234      16.3259        21.1738
    1235      16.2026        21.1134
    1236      16.3257        21.5855
    1237      16.2837        21.0962
    1238      16.2487        20.7648
    1239      16.2369        21.1815
    1240      16.2458        21.3357
    1241      16.2853        20.6543
    1242      16.2582        20.7863
    1243      16.2388        20.6939
    1244      16.2200        20.6903
    1245      16.2509        20.8153
    1246      16.1975        20.6081
    1247      16.1712        20.8613
    1248      16.3199        21.0921
    1249      16.2857        20.7587
    1250      16.2650        20.8109
    1251      16.2836        20.6756
    1252      16.2777        21.0640
    1253      16.2650        20.8918
    1254      16.2847        20.9478
    1255      16.2678        21.0476
    1256      16.3609        21.6100
    1257      16.2430        20.4936
    1258      16.2388        21.4592
    1259      16.2686        20.8166
    1260      16.2053        20.6670
    1261      16.2715        20.8852
    1262      16.2837        21.2717
    1263      16.2027        20.8994
    1264      16.3004        20.8487
    1265      16.2367        21.0480
    1266      16.2988        20.8523
    1267      16.2842        20.8313
    1268      16.2798        20.7162
    1269      16.2053        20.7501
    1270      16.2774        20.1221
    1271      16.2833        21.2016
    1272      16.2829        20.5167
    1273      16.2623        21.5575
    1274      16.2347        21.1827
    1275      16.3219        20.7280
    1276      16.2973        21.4325
    1277      16.2453        21.2056
    1278      16.2977        21.7433
    1279      16.2855        21.3154
    1280      16.2913        21.2623
    1281      16.2092        21.0836
    1282      16.2674        20.9364
    1283      16.2364        20.9816
    1284      16.2614        21.2089
    1285      16.1997        21.1547
    1286      16.2544        21.1044
    1287      16.2328        21.1172
    1288      16.2227        20.3478
    1289      16.2675        21.1813
    1290      16.2618        20.9011
    1291      16.2520        21.1069
    1292      16.1965        21.4672
    1293      16.2474        20.7169
    1294      16.2270        21.0245
    1295      16.2913        20.9693
    1296      16.2299        20.7721
    1297      16.2992        20.5976
    1298      16.3539        21.4302
    1299      16.3472        21.3416
    1300      16.3036        20.8121
    1301      16.3339        21.1218
    1302      16.2205        20.7640
    1303      16.2040        20.4964
    1304      16.3030        21.0002
    1305      16.2831        20.6025
    1306      16.3732        21.0954
    1307      16.3849        21.7580
    1308      16.3628        20.9333
    1309      16.2780        21.4154
    1310      16.2460        21.7017
    1311      16.2774        22.3101
    1312      16.2686        21.7771
    1313      16.2325        21.7383
    1314      16.2627        21.4439
    1315      16.3016        21.1999
    1316      16.2514        20.9181
    1317      16.3803        22.6487
    1318      16.2832        20.5491
    1319      16.2251        20.6623
    1320      16.3045        21.3782
    1321      16.2837        21.2200
    1322      16.2687        20.8775
    1323      16.3001        21.1675
    1324      16.2569        20.9565
    1325      16.2568        20.6404
    1326      16.2875        21.5756
    1327      16.2652        20.6260
    1328      16.2944        21.2544
    1329      16.2778        21.2380
    1330      16.2817        21.1630
    1331      16.2527        20.6296
    1332      16.3250        21.1500
    1333      16.2929        21.3146
    1334      16.3054        21.5050
    1335      16.2165        20.2917
    1336      16.2049        20.4715
    1337      16.2534        21.0743
    1338      16.2249        21.3774
    1339      16.2182        21.2491
    1340      16.2401        20.9970
    1341      16.2048        21.4139
    1342      16.2559        21.2972
    1343      16.1799        20.8404
    1344      16.2838        21.0741
    1345      16.2632        21.1845
    1346      16.2076        21.5458
    1347      16.2692        21.8387
    1348      16.1927        21.0222
    1349      16.2553        21.5746
    1350      16.2708        20.9881
    1351      16.2345        21.0680
    1352      16.3184        21.6289
    1353      16.2631        21.1804
    1354      16.2627        20.6984
    1355      16.2674        20.8969
    1356      16.2540        20.8586
    1357      16.2373        20.9894
    1358      16.2630        21.5665
    1359      16.1927        21.6016
    1360      16.2819        21.1574
    1361      16.2833        21.2690
    1362      16.2183        21.8208
    1363      16.2682        22.0983
    1364      16.2770        21.0462
    1365      16.2104        20.9247
    1366      16.2129        20.6739
    1367      16.2402        20.8691
    1368      16.2618        20.6701
    1369      16.3035        21.0342
    1370      16.2822        21.2157
    1371      16.2851        21.6660
    1372      16.3025        20.9362
    1373      16.3075        21.1174
    1374      16.2328        20.5538
    1375      16.3357        21.0159
    1376      16.3398        21.7717
    1377      16.2805        20.7533
    1378      16.3269        21.0251
    1379      16.3129        20.8019
    1380      16.2716        20.7580
    1381      16.2296        20.9953
    1382      16.3591        21.0778
    1383      16.2985        21.2569
    1384      16.3080        20.6889
    1385      16.2829        20.9218
    1386      16.2625        21.0403
    1387      16.3439        21.1158
    1388      16.3541        21.1480
    1389      16.3077        20.7247
    1390      16.2601        20.7488
    1391      16.2947        20.8514
    1392      16.2708        21.0217
    1393      16.3441        21.4289
    1394      16.3476        21.3637
    1395      16.3567        21.3252
    1396      16.2859        20.6403
    1397      16.3497        20.9291
    1398      16.2938        20.6731
    1399      16.3482        21.1446
    1400      16.3057        20.6402
    1401      16.3048        21.0474
    1402      16.3943        21.8993
    1403      16.2680        20.9085
    1404      16.3021        21.7739
    1405      16.2131        21.3051
    1406      16.2658        21.0262
    1407      16.2066        21.1692
    1408      16.3167        21.2820
    1409      16.1954        20.7108
    1410      16.3092        21.7441
    1411      16.2237        20.7312
    1412      16.2952        20.8666
    1413      16.2937        20.4879
    1414      16.2706        21.2345
    1415      16.2993        20.6713
    1416      16.2309        20.7019
    1417      16.2292        20.7789
    1418      16.2530        21.0125
    1419      16.2655        21.3897
    1420      16.2532        20.8762
    1421      16.2727        20.8723
    1422      16.2363        20.8738
    1423      16.2218        21.1801
    1424      16.3026        21.1857
    1425      16.3487        21.2035
    1426      16.2503        20.9565
    1427      16.2148        21.8164
    1428      16.3202        23.2424
    1429      16.2856        22.2605
    1430      16.2677        21.4492
    1431      16.3271        21.0006
    1432      16.2140        20.9740
    1433      16.2401        20.7999
    1434      16.2680        21.4473
    1435      16.1917        21.0865
    1436      16.2774        21.1501
    1437      16.2389        21.2158
    1438      16.1951        20.9826
    1439      16.2537        20.7944
    1440      16.2237        21.2185
    1441      16.2668        21.8824
    1442      16.2822        21.3348
    1443      16.3185        21.6433
    1444      16.2748        20.9842
    1445      16.2451        21.1655
    1446      16.2677        20.9308
    1447      16.2896        21.1118
    1448      16.3208        21.3756
    1449      16.2522        21.1727
    1450      16.2996        20.8115
    1451      16.2831        21.5076
    1452      16.2369        21.1894
    1453      16.2478        20.4824
    1454      16.1993        20.9447
    1455      16.2840        21.0523
    1456      16.2150        20.8585
    1457      16.2517        21.1849
    1458      16.2258        20.4697
    1459      16.2728        21.7368
    1460      16.2165        20.7087
    1461      16.2807        21.1793
    1462      16.2606        21.0221
    1463      16.1861        21.8169
    1464      16.2890        20.9636
    1465      16.2079        21.2927
    1466      16.2698        21.4636
    1467      16.2068        21.3546
    1468      16.2546        20.7636
    1469      16.1954        20.8045
    1470      16.2184        21.1606
    1471      16.2456        20.9086
    1472      16.1843        20.8998
    1473      16.2132        20.7369
    1474      16.2497        21.4913
    1475      16.3269        21.1695
    1476      16.2122        20.6357
    1477      16.3082        21.1298
    1478      16.2124        21.1672
    1479      16.2679        21.0422
    1480      16.2422        21.0314
    1481      16.2111        21.4672
    1482      16.1747        21.3441
    1483      16.2072        21.0992
    1484      16.2592        20.8905
    1485      16.2379        20.9783
    1486      16.2098        21.0204
    1487      16.2326        21.3907
    1488      16.2230        22.4571
    1489      16.2534        21.0664
    1490      16.3031        21.1664
    1491      16.1894        20.7869
    1492      16.2322        21.0581
    1493      16.1862        20.7562
    1494      16.2419        21.3461
    1495      16.2016        20.7982
    1496      16.1245        21.3674
    1497      16.2062        21.3607
    1498      16.1852        21.2648
    1499      16.2125        21.0060
    1500      16.2398        21.3006
    1501      16.1659        20.6551
    1502      16.2451        21.5629
    1503      16.1997        20.6294
    1504      16.2244        21.7328
    1505      16.2344        21.0673
    1506      16.2535        20.1410
    1507      16.2168        21.0742
    1508      16.1979        21.3246
    1509      16.1975        21.1719
    1510      16.1678        21.1989
    1511      16.2087        21.1896
    1512      16.2478        21.0617
    1513      16.2379        21.1347
    1514      16.2743        21.4861
    1515      16.1873        21.5989
    1516      16.2838        21.2651
    1517      16.1944        21.2205
    1518      16.2242        21.3397
    1519      16.2650        21.3071
    1520      16.2479        21.0842
    1521      16.2199        21.5492
    1522      16.2454        21.3556
    1523      16.2342        21.2986
    1524      16.2329        21.0665
    1525      16.2256        20.7933
    1526      16.2830        21.4272
    1527      16.2047        20.8614
    1528      16.3244        21.3883
    1529      16.2036        22.1565
    1530      16.2170        21.7745
    1531      16.2173        21.1682
    1532      16.2433        21.7710
    1533      16.2351        22.2148
    1534      16.3262        21.6667
    1535      16.2508        21.7195
    1536      16.1946        21.6752
    1537      16.2745        21.4702
    1538      16.2436        21.9541
    1539      16.2153        21.4189
    1540      16.2626        22.2964
    1541      16.2661        22.8327
    1542      16.2050        22.1859
    1543      16.2429        22.0593
    1544      16.2744        21.2230
    1545      16.3053        21.2086
    1546      16.2150        21.0979
    1547      16.3270        21.5616
    1548      16.2759        22.1140
    1549      16.2742        22.0398
    1550      16.2514        21.2368
    1551      16.2595        21.1342
    1552      16.2651        21.6104
    1553      16.2418        21.6970
    1554      16.2289        21.8725
    1555      16.2409        21.8569
    1556      16.2978        21.6623
    1557      16.2552        21.3437
    1558      16.2412        22.2186
    1559      16.2235        21.7735
    1560      16.2354        21.3887
    1561      16.2776        21.6988
    1562      16.2644        21.6290
    1563      16.2522        22.1223
    1564      16.3098        22.0168
    1565      16.2903        22.0659
    1566      16.3021        21.0858
    1567      16.2355        21.8000
    1568      16.2818        21.8678
    1569      16.2885        21.6415
    1570      16.2674        21.7845
    1571      16.2290        21.2216
    1572      16.2496        21.3009
    1573      16.2722        21.3191
    1574      16.2136        20.9298
    1575      16.3025        21.9557
    1576      16.2927        21.6627
    1577      16.2439        21.5377
    1578      16.2756        21.4313
    1579      16.2715        21.5441
    1580      16.2918        21.4316
    1581      16.2864        21.6659
    1582      16.2170        21.4035
    1583      16.2523        21.3334
    1584      16.2253        21.5281
    1585      16.2430        21.4257
    1586      16.2862        21.5344
    1587      16.3142        21.6666
    1588      16.2794        21.6896
    1589      16.2960        21.7077
    1590      16.1945        21.4225
    1591      16.2948        21.1647
    1592      16.2196        21.5491
    1593      16.2338        21.0926
    1594      16.2871        21.6396
    1595      16.2628        21.5356
    1596      16.1904        21.4008
    1597      16.2797        22.0523
    1598      16.2707        21.5535
    1599      16.2714        21.7220
    1600      16.2983        21.8052
    1601      16.2743        21.8804
    1602      16.1886        21.6945
    1603      16.2285        23.0734
    1604      16.2424        22.1685
    1605      16.2207        22.5585
    1606      16.2639        22.4907
    1607      16.2078        22.5435
    1608      16.2385        21.9979
    1609      16.2675        21.5577
    1610      16.2336        22.2543
    1611      16.2612        21.3721
    1612      16.2437        22.1737
    1613      16.2697        21.3850
    1614      16.2604        22.4805
    1615      16.2451        21.9029
    1616      16.2527        21.5517
    1617      16.2453        21.1334
    1618      16.3260        22.0158
    1619      16.2728        20.8861
    1620      16.2393        21.1643
    1621      16.2674        21.2960
    1622      16.3013        20.8709
    1623      16.2303        20.8968
    1624      16.3382        21.7489
    1625      16.2814        20.8159
    1626      16.3059        21.4746
    1627      16.2704        21.3381
    1628      16.3115        21.4281
    1629      16.3206        21.6595
    1630      16.3411        21.6673
    1631      16.3041        21.7216
    1632      16.3556        21.7432
    1633      16.2689        22.0096
    1634      16.3652        21.8958
    1635      16.3046        21.1988
    1636      16.2241        21.6945
    1637      16.3069        22.0385
    1638      16.3136        22.3790
    1639      16.3476        22.1368
    1640      16.3347        21.5327
    1641      16.2687        22.0628
    1642      16.3934        22.3321
    1643      16.3308        21.6787
    1644      16.3331        21.3078
    1645      16.2723        22.7699
    1646      16.3070        21.8961
    1647      16.2644        21.6711
    1648      16.2789        21.3747
    1649      16.2568        21.3927
    1650      16.2686        21.9840
    1651      16.2623        21.7570
    1652      16.2840        22.3516
    1653      16.3617        21.7940
    1654      16.2743        22.6987
    1655      16.2483        21.8234
    1656      16.2654        21.5836
    1657      16.2646        21.7729
    1658      16.3626        21.2550
    1659      16.2289        22.2749
    1660      16.3027        21.5250
    1661      16.2629        21.7989
    1662      16.2195        21.1999
    1663      16.2866        21.1310
    1664      16.3051        21.4357
    1665      16.2734        22.6506
    1666      16.2863        21.8739
    1667      16.2010        21.8412
    1668      16.1800        21.5507
    1669      16.2313        21.1665
    1670      16.1828        21.1926
    1671      16.2195        21.2954
    1672      16.2553        21.5852
    1673      16.2348        21.6047
    1674      16.2783        21.5344
    1675      16.2588        22.7209
    1676      16.2318        21.5827
    1677      16.1959        21.7407
    1678      16.2419        21.3116
    1679      16.2161        21.0527
    1680      16.2979        21.3305
    1681      16.3295        21.4035
    1682      16.3138        21.7785
    1683      16.2109        21.0802
    1684      16.2547        21.1795
    1685      16.2863        21.5887
    1686      16.2228        21.3213
    1687      16.2671        21.5017
    1688      16.2821        20.8520
    1689      16.2281        21.4861
    1690      16.1780        21.4031
    1691      16.2575        20.7923
    1692      16.3123        21.2774
    1693      16.2388        21.2502
    1694      16.4304        21.4269
    1695      16.2880        21.0365
    1696      16.1756        21.2318
    1697      16.2326        21.1740
    1698      16.2321        21.0981
    1699      16.2221        21.0603
    1700      16.2760        21.5711
    1701      16.2677        21.1822
    1702      16.3115        21.0054
    1703      16.2997        21.5921
    1704      16.2559        21.1909
    1705      16.1477        20.8414
    1706      16.2001        21.4464
    1707      16.2388        20.7564
    1708      16.2395        20.8689
    1709      16.2592        21.7038
    1710      16.2538        21.1433
    1711      16.2056        20.9809
    1712      16.1608        20.8964
    1713      16.1950        21.6877
    1714      16.1984        20.9554
    1715      16.1759        21.1486
    1716      16.1512        20.9026
    1717      16.2288        21.1891
    1718      16.2161        21.5539
    1719      16.2401        21.2520
    1720      16.2499        21.2570
    1721      16.2440        20.7768
    1722      16.2852        21.1753
    1723      16.2493        20.9164
    1724      16.2234        20.9380
    1725      16.2781        21.2555
    1726      16.2983        21.3417
    1727      16.2101        21.1796
    1728      16.2201        21.1719
    1729      16.2434        21.5160
    1730      16.1722        21.1433
    1731      16.1269        21.1703
    1732      16.1490        21.1751
    1733      16.1980        20.9621
    1734      16.1616        21.2868
    1735      16.1885        21.2354
    1736      16.2617        21.6582
    1737      16.2328        21.0953
    1738      16.2922        21.3464
    1739      16.2849        21.2452
    1740      16.2553        21.4142
    1741      16.1744        21.2016
    1742      16.2777        21.0365
    1743      16.2092        21.0430
    1744      16.2201        21.1762
    1745      16.2173        21.3680
    1746      16.1721        20.8121
    1747      16.2182        20.3548
    1748      16.2725        21.8246
    1749      16.2612        21.2076
    1750      16.2213        20.5643
    1751      16.2103        20.3615
    1752      16.1730        21.1971
    1753      16.1827        20.9446
    1754      16.1711        20.5114
    1755      16.1613        20.9965
    1756      16.2441        20.8057
    1757      16.2268        20.6436
    1758      16.1763        20.7813
    1759      16.2584        21.1268
    1760      16.2018        21.3881
    1761      16.2529        20.9938
    1762      16.2670        21.8442
    1763      16.2681        21.1479
    1764      16.1922        21.3619
    1765      16.2493        20.6303
    1766      16.2891        22.2222
    1767      16.2448        21.3502
    1768      16.2053        20.8861
    1769      16.2171        20.9349
    1770      16.2626        21.4814
    1771      16.2618        21.4029
    1772      16.2352        20.7147
    1773      16.2305        21.2350
    1774      16.2800        21.2462
    1775      16.2453        20.7544
    1776      16.2367        20.9940
    1777      16.3008        21.3257
    1778      16.2631        21.4827
    1779      16.1961        21.6650
    1780      16.2073        21.0612
    1781      16.1550        20.6374
    1782      16.2892        21.0674
    1783      16.2493        20.9872
    1784      16.2583        20.9365
    1785      16.2498        21.3086
    1786      16.2206        21.2775
    1787      16.3118        20.6746
    1788      16.2497        20.8684
    1789      16.2196        20.9993
    1790      16.2277        21.1529
    1791      16.2217        21.2091
    1792      16.2086        21.6233
    1793      16.2885        21.6809
    1794      16.2925        21.1567
    1795      16.3349        21.4679
    1796      16.2960        21.5418
    1797      16.2523        21.0743
    1798      16.3441        21.1271
    1799      16.3049        21.0912
    1800      16.2564        20.9274
    1801      16.2250        20.8234
    1802      16.2785        21.1832
    1803      16.2656        21.0166
    1804      16.3048        21.2046
    1805      16.2511        21.7582
    1806      16.2852        21.7710
    1807      16.2328        21.2829
    1808      16.2740        21.4411
    1809      16.2523        21.7221
    1810      16.1803        21.2513
    1811      16.1645        21.2285
    1812      16.2739        21.3233
    1813      16.3001        22.0963
    1814      16.2575        21.3768
    1815      16.2218        21.3861
    1816      16.1990        21.2053
    1817      16.2495        21.2542
    1818      16.2801        21.2360
    1819      16.2492        21.1353
    1820      16.2160        20.9236
    1821      16.2615        21.6134
    1822      16.1830        21.2785
    1823      16.2292        21.4443
    1824      16.2356        21.5330
    1825      16.3106        21.7839
    1826      16.2861        21.0068
    1827      16.2199        21.6925
    1828      16.2261        21.1130
    1829      16.2357        21.1440
    1830      16.2060        20.6018
    1831      16.2221        20.6113
    1832      16.2557        21.7826
    1833      16.3206        21.1735
    1834      16.3064        21.4923
    1835      16.3014        21.1285
    1836      16.2724        21.2419
    1837      16.2971        20.9176
    1838      16.2321        20.7078
    1839      16.2814        21.3954
    1840      16.3058        21.5204
    1841      16.3213        21.6504
    1842      16.2883        21.0417
    1843      16.3096        21.2455
    1844      16.2986        21.7561
    1845      16.2760        21.7029
    1846      16.2707        21.1036
    1847      16.2835        20.7148
    1848      16.2809        21.2430
    1849      16.2828        22.2724
    1850      16.2713        22.3075
    1851      16.2952        20.9243
    1852      16.2884        21.1660
    1853      16.2699        21.7888
    1854      16.2790        21.8948
    1855      16.2364        21.2210
    1856      16.2648        21.3980
    1857      16.2483        20.9639
    1858      16.2581        20.7760
    1859      16.2338        20.8296
    1860      16.2429        21.3400
    1861      16.2369        21.2246
    1862      16.2837        21.3576
    1863      16.2603        21.4100
    1864      16.2937        21.8749
    1865      16.2400        21.8862
    1866      16.2847        21.3934
    1867      16.2154        21.6504
    1868      16.2494        21.0933
    1869      16.2071        21.4250
    1870      16.2362        21.2893
    1871      16.2498        21.2189
    1872      16.3148        21.5634
    1873      16.3472        21.6985
    1874      16.2584        21.9261
    1875      16.3822        21.6066
    1876      16.2655        21.7092
    1877      16.2443        21.7598
    1878      16.2542        20.8620
    1879      16.2201        20.9939
    1880      16.2960        21.5220
    1881      16.2532        22.0452
    1882      16.1860        22.5179
    1883      16.1573        21.2381
    1884      16.2359        21.3549
    1885      16.2510        21.1911
    1886      16.2691        21.4542
    1887      16.2700        21.3110
    1888      16.2219        21.3058
    1889      16.2447        21.4737
    1890      16.2492        21.1161
    1891      16.2918        21.4337
    1892      16.2380        20.9749
    1893      16.2625        21.6509
    1894      16.2992        21.8847
    1895      16.3070        21.6165
    1896      16.2453        21.7577
    1897      16.1981        20.7593
    1898      16.2683        21.2805
    1899      16.2012        21.2894
    1900      16.2735        21.5705
    1901      16.3064        21.6454
    1902      16.3119        21.6132
    1903      16.2395        20.8140
    1904      16.2406        21.1921
    1905      16.2561        21.4639
    1906      16.2109        21.1688
    1907      16.1853        21.1365
    1908      16.2457        21.0228
    1909      16.2350        21.1002
    1910      16.3091        21.5085
    1911      16.1616        21.1824
    1912      16.2359        21.7883
    1913      16.2289        20.7043
    1914      16.2363        21.4420
    1915      16.1800        21.0550
    1916      16.2510        20.8683
    1917      16.2738        21.2378
    1918      16.1901        21.3957
    1919      16.2887        22.0065
    1920      16.2863        21.2553
    1921      16.2288        21.3180
    1922      16.2772        21.6585
    1923      16.2309        21.4540
    1924      16.2614        21.6280
    1925      16.2206        21.5711
    1926      16.3100        21.4807
    1927      16.2240        21.4731
    1928      16.2102        21.4284
    1929      16.2402        21.8322
    1930      16.2328        21.5126
    1931      16.2139        21.2130
    1932      16.1422        21.3757
    1933      16.2120        21.2457
    1934      16.1809        21.1250
    1935      16.2558        21.9456
    1936      16.1862        21.6342
    1937      16.2277        21.7295
    1938      16.2566        22.2444
    1939      16.2434        21.9544
    1940      16.2769        21.9943
    1941      16.2772        22.0714
    1942      16.2455        22.0597
    1943      16.2715        21.6904
    1944      16.2450        22.4562
    1945      16.3254        22.1624
    1946      16.2882        22.6722
    1947      16.2869        22.1222
    1948      16.2754        21.2763
    1949      16.2374        21.2971
    1950      16.2429        21.9395
    1951      16.2611        21.5644
    1952      16.2257        21.3401
    1953      16.2804        21.0997
    1954      16.2222        22.4670
    1955      16.2250        21.5756
    1956      16.2404        22.0207
    1957      16.2573        22.6761
    1958      16.2668        21.8133
    1959      16.2352        21.5445
    1960      16.2228        21.8029
    1961      16.2430        22.5079
    1962      16.2031        21.4353
    1963      16.1817        21.9311
    1964      16.2692        21.5301
    1965      16.1981        20.8376
    1966      16.1986        22.7734
    1967      16.1899        22.5332
    1968      16.2063        22.0086
    1969      16.2654        21.5812
    1970      16.2133        21.0401
    1971      16.1797        21.3870
    1972      16.2436        21.2959
    1973      16.1989        21.1640
    1974      16.2198        21.3851
    1975      16.2062        21.1917
    1976      16.1917        21.4067
    1977      16.2122        21.1680
    1978      16.1421        20.9385
    1979      16.2049        21.1517
    1980      16.1936        21.1993
    1981      16.2835        21.5497
    1982      16.2607        22.1017
    1983      16.2806        22.0481
    1984      16.2264        21.3205
    1985      16.2637        21.8414
    1986      16.2756        21.6216
    1987      16.2260        21.4151
    1988      16.2068        21.3404
    1989      16.1727        21.1361
    1990      16.1207        21.1830
    1991      16.2335        21.5402
    1992      16.2349        21.6941
    1993      16.2003        22.7572
    1994      16.2881        22.3363
    1995      16.2757        21.8766
    1996      16.2440        21.8916
    1997      16.2724        21.3311
    1998      16.2699        21.5411
    1999      16.1942        21.4449
    2000      16.2576        21.3267
    2001      16.2252        21.2675
    2002      16.3097        21.8462
    2003      16.3743        21.3719
    2004      16.2933        21.3820
    2005      16.3641        21.4516
    2006      16.3459        21.5238
    2007      16.3119        21.5020
    2008      16.3371        21.2253
    2009      16.2497        21.5329
    2010      16.3198        21.5926
    2011      16.2709        21.3720
    2012      16.2451        21.8237
    2013      16.3163        21.7092
    2014      16.2490        21.5713
    2015      16.2401        21.2957
    2016      16.2303        21.2618
    2017      16.2422        21.2361
    2018      16.2686        21.0114
    2019      16.3142        21.4541
    2020      16.3039        21.1234
    2021      16.2648        21.5899
    2022      16.2152        21.6857
    2023      16.2399        21.0159
    2024      16.3956        21.3530
    2025      16.3257        22.1069
    2026      16.3395        21.1246
    2027      16.3093        21.7078
    2028      16.2656        21.2800
    2029      16.3310        21.4303
    2030      16.2917        21.5055
    2031      16.2379        21.3502
    2032      16.1839        21.4854
    2033      16.2287        21.3342
    2034      16.2557        21.2834
    2035      16.3070        21.5439
    2036      16.2806        21.8320
    2037      16.2160        21.0936
    2038      16.2939        21.2659
    2039      16.2669        21.4891
    2040      16.2878        21.8044
    2041      16.2577        20.9751
    2042      16.3354        21.6094
    2043      16.2307        21.3331
    2044      16.2035        21.1556
    2045      16.2920        21.9738
    2046      16.2618        22.2099
    2047      16.2373        21.3208
    2048      16.2674        21.8985
    2049      16.2214        21.5116
    2050      16.2924        21.3177
    2051      16.2270        21.0963
    2052      16.2903        21.3350
    2053      16.3545        21.6211
    2054      16.1719        21.0072
    2055      16.2083        21.1584
    2056      16.2513        21.4391
    2057      16.2884        21.4371
    2058      16.2344        21.8068
    2059      16.2991        21.2773
    2060      16.3230        21.9264
    2061      16.2919        21.4901
    2062      16.2564        21.1490
    2063      16.3266        21.7770
    2064      16.3036        21.6456
    2065      16.2382        21.4178
    2066      16.2462        21.2077
    2067      16.2655        20.7258
    2068      16.2210        21.1863
    2069      16.2625        21.2976
    2070      16.2456        21.6442
    2071      16.3126        21.5631
    2072      16.2882        21.3293
    2073      16.3557        21.2078
    2074      16.3069        21.8099
    2075      16.2313        21.0613
    2076      16.1665        21.0715
    2077      16.2700        21.6610
    2078      16.2834        22.1651
    2079      16.2768        22.4273
    2080      16.3532        21.7154
    2081      16.2925        21.5453
    2082      16.2472        21.6011
    2083      16.2639        21.1109
    2084      16.2803        21.2719
    2085      16.3093        21.4815
    2086      16.2697        21.3569
    2087      16.3278        21.7422
    2088      16.2399        21.3400
    2089      16.2817        21.7692
    2090      16.2816        21.4459
    2091      16.3281        21.2879
    2092      16.3161        21.6182
    2093      16.2445        21.6569
    2094      16.2849        22.0026
    2095      16.3535        21.8952
    2096      16.3199        21.8723
    2097      16.2366        21.6021
    2098      16.3200        21.1585
    2099      16.3189        21.5915
    2100      16.3102        21.7247
    2101      16.3231        21.9300
    2102      16.2719        21.5817
    2103      16.2744        21.8993
    2104      16.2868        21.6673
    2105      16.2380        21.1849
    2106      16.3033        21.7513
    2107      16.2844        21.4370
    2108      16.2558        20.7726
    2109      16.2133        21.3259
    2110      16.3058        21.2440
    2111      16.3078        21.3343
    2112      16.2593        21.8883
    2113      16.3102        22.0104
    2114      16.2111        20.9183
    2115      16.2722        21.5613
    2116      16.2908        21.7301
    2117      16.3155        21.6731
    2118      16.2278        21.7835
    2119      16.3457        21.7765
    2120      16.2582        21.5196
    2121      16.3098        21.2716
    2122      16.2949        21.8611
    2123      16.2866        21.7893
    2124      16.2789        21.3175
    2125      16.2917        21.4928
    2126      16.3630        22.0280
    2127      16.3325        22.2238
    2128      16.2791        21.1950
    2129      16.3060        22.1389
    2130      16.2880        22.7546
    2131      16.2446        21.1540
    2132      16.2316        21.1529
    2133      16.2568        21.1949
    2134      16.3294        21.3127
    2135      16.2917        21.3719
    2136      16.2601        21.2080
    2137      16.2887        21.3170
    2138      16.2933        21.8734
    2139      16.2719        21.0597
    2140      16.2657        22.0775
    2141      16.2444        21.3169
    2142      16.2497        21.5449
    2143      16.2711        21.5758
    2144      16.2313        21.2277
    2145      16.2382        21.3699
    2146      16.2042        21.3807
    2147      16.2171        21.4740
    2148      16.2511        21.4414
    2149      16.2620        21.2581
    2150      16.2157        21.5451
    2151      16.2542        21.2658
    2152      16.3355        21.8824
    2153      16.2381        21.8919
    2154      16.1781        20.9904
    2155      16.2686        21.5192
    2156      16.2456        21.3931
    2157      16.2227        21.1203
    2158      16.2413        21.7840
    2159      16.3190        22.1604
    2160      16.2358        22.7902
    2161      16.1838        21.6305
    2162      16.2019        21.7432
    2163      16.1916        21.3672
    2164      16.2153        21.9735
    2165      16.3306        21.3411
    2166      16.2681        21.2765
    2167      16.2392        21.3596
    2168      16.1921        21.2250
    2169      16.2481        22.1796
    2170      16.2906        21.2455
    2171      16.1922        20.6842
    2172      16.2989        21.2722
    2173      16.2355        21.2554
    2174      16.2335        21.1713
    2175      16.3019        21.6113
    2176      16.3601        21.7736
    2177      16.3305        21.8048
    2178      16.3274        21.3236
    2179      16.1948        21.0063
    2180      16.2524        21.3817
    2181      16.2632        21.2673
    2182      16.2562        21.0021
    2183      16.2591        21.9516
    2184      16.2403        21.2449
    2185      16.2550        21.1278
    2186      16.2050        20.8594
    2187      16.2597        21.1529
    2188      16.1834        21.1463
    2189      16.1779        21.1995
    2190      16.2677        22.4897
    2191      16.2984        23.1131
    2192      16.2428        22.3650
    2193      16.2979        21.3110
    2194      16.2825        21.6694
    2195      16.2491        21.5748
    2196      16.3058        22.0558
    2197      16.2400        22.4522
    2198      16.1711        22.3732
    2199      16.2443        21.6569
    2200      16.2661        21.3325
    2201      16.2076        22.3252
    2202      16.2081        21.7665
    2203      16.2323        21.8313
    2204      16.2565        21.3116
    2205      16.2844        21.9022
    2206      16.2577        22.1058
    2207      16.2339        21.9721
    2208      16.2051        21.4297
    2209      16.2276        21.6625
    2210      16.2429        21.8938
    2211      16.2580        21.8916
    2212      16.1962        21.1612
    2213      16.2982        21.8142
    2214      16.2592        21.8715
    2215      16.2538        21.4242
    2216      16.2572        21.6613
    2217      16.2569        21.5248
    2218      16.2331        21.3266
    2219      16.2152        21.3074
    2220      16.2172        21.3011
    2221      16.2438        21.4401
    2222      16.2838        21.7287
    2223      16.2611        21.5735
    2224      16.2572        21.4341
    2225      16.2295        21.4964
    2226      16.2375        21.2897
    2227      16.2383        21.6146
    2228      16.2934        21.5251
    2229      16.2250        21.1115
    2230      16.2706        21.6866
    2231      16.2412        20.9030
    2232      16.2919        21.3840
    2233      16.3424        21.7068
    2234      16.2764        22.0975
    2235      16.2808        21.5519
    2236      16.2775        21.4525
    2237      16.2741        21.5838
    2238      16.3036        21.9875
    2239      16.2229        21.5818
    2240      16.3334        21.6095
    2241      16.3004        21.0959
    2242      16.2406        21.4890
    2243      16.2060        21.0684
    2244      16.2623        21.3724
    2245      16.2344        21.5235
    2246      16.2208        21.2218
    2247      16.2434        20.7955
    2248      16.2356        21.1220
    2249      16.2452        20.9532
    2250      16.2924        21.3410
    2251      16.2482        21.4510
    2252      16.3303        21.1211
    2253      16.2576        21.6200
    2254      16.2945        21.7968
    2255      16.2517        21.1157
    2256      16.2798        21.5696
    2257      16.2719        21.8423
    2258      16.2642        22.1308
    2259      16.2830        21.2002
    2260      16.2074        21.5133
    2261      16.2182        21.1680
    2262      16.2271        21.1993
    2263      16.2511        21.4356
    2264      16.2498        21.8083
    2265      16.1808        21.2513
    2266      16.2703        21.8002
    2267      16.2258        21.3572
    2268      16.2414        21.8264
    2269      16.3076        22.0055
    2270      16.2324        21.8758
    2271      16.2564        21.8191
    2272      16.2457        21.8184
    2273      16.3201        21.6280
    2274      16.2768        21.6615
    2275      16.2182        21.2046
    2276      16.2855        20.9897
    2277      16.3025        21.8524
    2278      16.2119        21.4091
    2279      16.2275        21.9650
    2280      16.2313        21.6884
    2281      16.2451        21.4013
    2282      16.2124        21.3511
    2283      16.2156        21.7076
    2284      16.2068        21.6082
    2285      16.2466        21.5152
    2286      16.2425        21.5826
    2287      16.3225        21.4099
    2288      16.3315        21.8485
    2289      16.3155        21.9309
    2290      16.2289        21.5966
    2291      16.2766        21.6678
    2292      16.2416        21.7544
    2293      16.2675        21.9611
    2294      16.3007        21.8257
    2295      16.2746        21.3126
    2296      16.2393        21.0273
    2297      16.2384        20.8121
    2298      16.3282        21.4630
    2299      16.2790        21.6047
    2300      16.2835        21.6568
    2301      16.3269        21.8198
    2302      16.2773        21.1959
    2303      16.2431        21.0458
    2304      16.2644        21.9602
    2305      16.1957        21.4305
    2306      16.2874        21.9183
    2307      16.2540        21.5569
    2308      16.1356        21.0335
    2309      16.2255        21.8753
    2310      16.2350        21.6720
    2311      16.1817        21.7953
    2312      16.2700        21.9595
    2313      16.2146        21.8829
    2314      16.2455        21.1025
    2315      16.2501        21.5566
    2316      16.2724        21.8714
    2317      16.1928        21.7682
    2318      16.2278        21.9464
    2319      16.2820        21.9520
    2320      16.2756        21.4352
    2321      16.2916        22.1528
    2322      16.2289        21.6679
    2323      16.2594        21.9252
    2324      16.2900        21.7255
    2325      16.2645        22.1869
    2326      16.2832        21.5215
    2327      16.2342        21.7174
    2328      16.2250        21.6788
    2329      16.2689        21.4368
    2330      16.2188        21.4364
    2331      16.1821        20.9062
    2332      16.1931        21.1356
    2333      16.1853        21.7351
    2334      16.2008        21.5761
    2335      16.1973        21.6211
    2336      16.2750        22.2506
    2337      16.2540        21.7027
    2338      16.2269        21.7338
    2339      16.1322        21.2982
    2340      16.2168        21.5626
    2341      16.2482        22.3683
    2342      16.2268        21.3665
    2343      16.1927        21.0473
    2344      16.2737        21.4530
    2345      16.2306        21.0298
    2346      16.1931        21.3456
    2347      16.2474        21.5450
    2348      16.1428        21.1062
    2349      16.2221        20.8921
    2350      16.2378        21.4334
    2351      16.2138        21.3476
    2352      16.2025        21.2770
    2353      16.2326        21.8982
    2354      16.1837        21.0493
    2355      16.1470        21.1865
    2356      16.2344        21.6404
    2357      16.3130        21.3825
    2358      16.3317        21.5934
    2359      16.2518        21.5997
    2360      16.2773        21.5265
    2361      16.2630        21.7979
    2362      16.2353        21.7537
    2363      16.2844        21.6211
    2364      16.2728        22.0708
    2365      16.3116        21.7452
    2366      16.3204        21.8254
    2367      16.3299        21.5678
    2368      16.2851        21.8813
    2369      16.3235        22.4111
    2370      16.2435        22.1419
    2371      16.1975        21.4558
    2372      16.1891        22.1693
    2373      16.2025        22.8328
    2374      16.2920        21.2313
    2375      16.2787        21.6493
    2376      16.2264        21.6320
    2377      16.2137        21.7940
    2378      16.2622        22.0310
    2379      16.1877        21.6776
    2380      16.1838        21.6688
    2381      16.1746        21.5937
    2382      16.2201        21.8586
    2383      16.1894        21.7729
    2384      16.2036        21.1918
    2385      16.2229        22.5249
    2386      16.2252        21.5610
    2387      16.2046        21.4060
    2388      16.2785        21.7913
    2389      16.2256        21.4014
    2390      16.1874        21.3904
    2391      16.1813        21.5588
    2392      16.1658        20.9841
    2393      16.2387        21.9954
    2394      16.2460        21.0051
    2395      16.2551        21.2226
    2396      16.2467        20.7977
    2397      16.2409        21.5064
    2398      16.2758        21.9750
    2399      16.2052        21.8063
    2400      16.1791        22.1366
    2401      16.2201        21.7961
    2402      16.1365        21.4480
    2403      16.2536        22.4505
    2404      16.2816        22.5321
    2405      16.3275        22.7787
    2406      16.2627        23.0792
    2407      16.2950        23.6375
    2408      16.3240        23.1464
    2409      16.1856        22.7124
    2410      16.2211        22.5793
    2411      16.2350        21.7148
    2412      16.2263        21.3727
    2413      16.1636        21.5420
    2414      16.1806        22.1920
    2415      16.1867        21.3317
    2416      16.2480        21.3677
    2417      16.2559        21.3760
    2418      16.2088        21.3584
    2419      16.2465        21.2842
    2420      16.2404        21.4031
    2421      16.2471        21.3747
    2422      16.3293        21.2574
    2423      16.2086        21.3361
    2424      16.2607        20.8364
    2425      16.2761        22.6397
    2426      16.2548        22.8800
    2427      16.1951        22.0766
    2428      16.2128        21.8504
    2429      16.2778        21.9876
    2430      16.2646        21.6085
    2431      16.2220        21.2510
    2432      16.2425        21.2060
    2433      16.2087        21.0277
    2434      16.2419        20.8329
    2435      16.2319        21.1815
    2436      16.3095        21.9506
    2437      16.3182        21.5364
    2438      16.2298        21.7551
    2439      16.2482        21.5265
    2440      16.2758        21.8062
    2441      16.2386        21.5730
    2442      16.2045        21.3477
    2443      16.1576        21.2918
    2444      16.2714        21.9590
    2445      16.2758        21.5767
    2446      16.2489        21.5858
    2447      16.2805        21.4542
    2448      16.3271        21.6090
    2449      16.2702        21.5602
    2450      16.2412        21.2671
    2451      16.2881        21.3077
    2452      16.2053        20.9328
    2453      16.2252        21.8832
    2454      16.2057        21.8923
    2455      16.2509        21.6356
    2456      16.2433        20.9440
    2457      16.1964        21.5095
    2458      16.2588        20.9641
    2459      16.2291        21.0889
    2460      16.1723        20.9627
    2461      16.2532        21.4343
    2462      16.2033        21.4829
    2463      16.2192        20.7600
    2464      16.1750        20.6092
    2465      16.3062        21.6850
    2466      16.2653        21.0078
    2467      16.3041        21.0897
    2468      16.2928        21.3051
    2469      16.2777        21.9256
    2470      16.2570        21.5363
    2471      16.2674        21.1317
    2472      16.2753        21.5632
    2473      16.2848        21.9598
    2474      16.2619        21.2252
    2475      16.2863        21.6774
    2476      16.2435        21.7640
    2477      16.2123        21.6160
    2478      16.2108        21.6451
    2479      16.3086        22.2449
    2480      16.3306        21.0443
    2481      16.2696        21.0997
    2482      16.2807        21.1583
    2483      16.2924        21.5819
    2484      16.2488        21.3256
    2485      16.2548        21.9414
    2486      16.2369        21.0759
    2487      16.2824        21.5699
    2488      16.2208        21.2633
    2489      16.3586        21.4169
    2490      16.2590        21.5474
    2491      16.2574        21.6942
    2492      16.2888        21.5044
    2493      16.2639        21.2261
    2494      16.2541        21.4769
    2495      16.2757        21.5195
    2496      16.2467        21.9189
    2497      16.2077        21.3209
    2498      16.2861        21.5163
    2499      16.2019        21.0402
    2500      16.2156        21.1241
    2501      16.2947        21.2385
    2502      16.2850        21.2750
    2503      16.3293        21.4274
    2504      16.2625        22.0274
    2505      16.2614        21.4242
    2506      16.2669        21.5805
    2507      16.2781        21.4103
    2508      16.2381        21.3550
    2509      16.2418        21.4690
    2510      16.2462        20.9068
    2511      16.2197        21.2760
    2512      16.3556        21.3339
    2513      16.3097        21.0301
    2514      16.2003        21.1063
    2515      16.3160        21.5626
    2516      16.2342        21.5711
    2517      16.3289        21.1888
    2518      16.3374        21.2470
    2519      16.3326        21.8350
    2520      16.3425        21.9781
    2521      16.3379        21.9760
    2522      16.2746        21.1458
    2523      16.3027        21.8787
    2524      16.3053        21.1070
    2525      16.2267        21.4312
    2526      16.1819        21.2341
    2527      16.2144        21.6326
    2528      16.2335        21.5936
    2529      16.1716        21.3493
    2530      16.2401        21.1601
    2531      16.2053        21.2384
    2532      16.2704        22.0613
    2533      16.2518        22.1764
    2534      16.2612        22.5024
    2535      16.2426        20.9600
    2536      16.2263        21.4932
    2537      16.2803        20.7885
    2538      16.2725        21.2247
    2539      16.2836        21.0579
    2540      16.2964        21.4225
    2541      16.3142        21.1464
    2542      16.2445        20.7085
    2543      16.2669        21.8183
    2544      16.2609        21.1472
    2545      16.2467        21.6426
    2546      16.2207        21.7026
    2547      16.2769        21.8250
    2548      16.3020        21.8287
    2549      16.1819        20.7056
    2550      16.2605        21.8366
    2551      16.2638        21.6316
    2552      16.2595        21.3100
    2553      16.2389        21.0503
    2554      16.2814        21.3559
    2555      16.2862        21.2409
    2556      16.2511        21.0076
    2557      16.3203        21.1773
    2558      16.3236        21.1364
    2559      16.2919        21.9161
    2560      16.2323        21.9308
    2561      16.2837        20.9897
    2562      16.2738        20.9120
    2563      16.2714        20.9568
    2564      16.1946        21.1500
    2565      16.3005        20.5933
    2566      16.2430        21.0421
    2567      16.2741        21.0371
    2568      16.2559        22.0018
    2569      16.2469        23.2449
    2570      16.2445        22.7982
    2571      16.2950        22.6005
    2572      16.2955        21.6711
    2573      16.2733        22.0257
    2574      16.3163        21.4349
    2575      16.2212        21.1177
    2576      16.3000        22.0195
    2577      16.3538        21.3679
    2578      16.2541        21.5076
    2579      16.2481        21.2728
    2580      16.2272        21.0410
    2581      16.2701        21.1255
    2582      16.2702        21.3001
    2583      16.2457        21.5036
    2584      16.2386        21.1228
    2585      16.2604        21.2689
    2586      16.2267        21.5656
    2587      16.2097        20.9365
    2588      16.2173        21.0228
    2589      16.3325        21.0950
    2590      16.2137        21.4001
    2591      16.2054        20.7863
    2592      16.2529        21.3587
    2593      16.2640        21.1799
    2594      16.3304        22.4866
    2595      16.2609        21.7875
    2596      16.2990        21.2583
    2597      16.2855        22.8547
    2598      16.2525        21.8138
    2599      16.1920        21.5562
    2600      16.2768        21.2328
    2601      16.2878        20.8215
    2602      16.2207        20.5189
    2603      16.3023        21.0745
    2604      16.2841        22.3315
    2605      16.3367        22.4383
    2606      16.2923        22.2111
    2607      16.2897        22.5358
    2608      16.3522        23.4618
    2609      16.3018        21.8690
    2610      16.3158        22.0333
    2611      16.3428        22.5834
    2612      16.3253        22.4858
    2613      16.3224        22.0040
    2614      16.2890        22.2998
    2615      16.3383        21.5530
    2616      16.2500        22.0487
    2617      16.3146        22.3962
    2618      16.2949        21.7445
    2619      16.3283        21.8415
    2620      16.3219        22.6810
    2621      16.3266        21.8000
    2622      16.3102        21.9842
    2623      16.2990        21.9674
    2624      16.2936        23.0473
    2625      16.3177        22.4893
    2626      16.3430        22.8498
    2627      16.2857        22.7655
    2628      16.2103        21.6447
    2629      16.2622        21.7186
    2630      16.2321        21.5923
    2631      16.3048        22.1384
    2632      16.2585        21.0875
    2633      16.2057        21.2600
    2634      16.2957        21.4005
    2635      16.2863        21.3667
    2636      16.2971        21.2495
    2637      16.3009        21.2706
    2638      16.2139        21.2478
    2639      16.2851        21.2290
    2640      16.3224        21.7002
    2641      16.2458        21.2042
    2642      16.2752        21.2136
    2643      16.2899        21.0141
    2644      16.3028        21.3671
    2645      16.2683        21.6305
    2646      16.2858        22.3234
    2647      16.3025        21.3276
    2648      16.3059        20.7578
    2649      16.3336        21.0952
    2650      16.2860        21.4770
    2651      16.3038        21.6247
    2652      16.3255        21.2880
    2653      16.3183        21.5408
    2654      16.3222        22.3643
    2655      16.3341        22.0376
    2656      16.2715        21.9843
    2657      16.2944        22.3555
    2658      16.2945        22.1191
    2659      16.2785        22.9088
    2660      16.2488        23.1940
    2661      16.2789        22.5407
    2662      16.2538        21.1819
    2663      16.3454        21.2793
    2664      16.3233        21.3729
    2665      16.3001        21.5186
    2666      16.2843        21.1664
    2667      16.2890        21.3492
    2668      16.2814        21.3179
    2669      16.2973        21.0892
    2670      16.3206        21.3418
    2671      16.2428        21.2220
    2672      16.3303        21.5314
    2673      16.2675        21.2891
    2674      16.2562        21.7469
    2675      16.2782        20.9930
    2676      16.3212        21.0786
    2677      16.3097        21.0157
    2678      16.2522        20.8925
    2679      16.2754        21.2303
    2680      16.2768        21.3673
    2681      16.2611        21.9700
    2682      16.2919        21.3261
    2683      16.2632        21.6209
    2684      16.2354        21.7465
    2685      16.2159        21.1717
    2686      16.2357        21.0625
    2687      16.2068        21.3909
    2688      16.2988        22.2976
    2689      16.2806        20.8778
    2690      16.2792        21.1503
    2691      16.1930        21.1306
    2692      16.3243        21.3393
    2693      16.2719        21.5851
    2694      16.2214        21.2236
    2695      16.2417        21.3227
    2696      16.2541        21.4495
    2697      16.3306        21.1779
    2698      16.2051        21.3414
    2699      16.2725        21.5135
    2700      16.3419        21.6929
    2701      16.2426        21.1456
    2702      16.2594        20.8335
    2703      16.3005        21.1929
    2704      16.2974        21.4875
    2705      16.3041        21.1178
    2706      16.3422        21.1660
    2707      16.3014        20.9012
    2708      16.2384        21.3664
    2709      16.2512        20.8407
    2710      16.2837        21.3302
    2711      16.2893        20.9644
    2712      16.3348        21.1734
    2713      16.2739        21.2454
    2714      16.3666        21.8925
    2715      16.3668        21.3911
    2716      16.2701        20.8790
    2717      16.2652        20.7156
    2718      16.2580        21.0606
    2719      16.2766        22.5265
    2720      16.3608        21.5920
    2721      16.2642        21.8382
    2722      16.2986        21.3489
    2723      16.2719        21.3662
    2724      16.3108        21.3269
    2725      16.2958        21.0996
    2726      16.3038        21.3454
    2727      16.3356        21.2007
    2728      16.3179        21.5157
    2729      16.2687        21.5970
    2730      16.3141        21.2181
    2731      16.3357        21.6547
    2732      16.3505        21.5034
    2733      16.3425        21.4109
    2734      16.3329        21.3430
    2735      16.3096        21.1826
    2736      16.3357        21.1416
    2737      16.3165        21.5327
    2738      16.2337        21.2872
    2739      16.3075        21.5383
    2740      16.3246        21.5828
    2741      16.2937        20.9563
    2742      16.3058        21.4528
    2743      16.3001        21.4583
    2744      16.2636        21.6257
    2745      16.3339        21.0031
    2746      16.2242        21.7077
    2747      16.2981        21.8940
    2748      16.3173        21.6104
    2749      16.3063        21.1935
    2750      16.2871        21.4483
    2751      16.3180        22.1466
    2752      16.2695        21.0102
    2753      16.2238        21.6125
    2754      16.3042        21.2151
    2755      16.2700        21.3421
    2756      16.2113        21.2351
    2757      16.2496        20.9381
    2758      16.2303        20.9122
    2759      16.2850        21.2852
    2760      16.2976        21.3505
    2761      16.2442        21.3374
    2762      16.3109        21.2514
    2763      16.2782        21.3372
    2764      16.2563        21.5705
    2765      16.2542        22.8095
    2766      16.2665        22.3889
    2767      16.2935        21.6521
    2768      16.2616        21.1186
    2769      16.2910        21.2822
    2770      16.2698        22.7667
    2771      16.3312        22.3115
    2772      16.3441        22.6988
    2773      16.3124        23.0957
    2774      16.3135        22.9798
    2775      16.3190        21.6834
    2776      16.3447        21.3491
    2777      16.2895        21.1167
    2778      16.2683        21.4221
    2779      16.2976        21.1882
    2780      16.2810        21.0380
    2781      16.3222        21.1871
    2782      16.3565        21.4359
    2783      16.3014        21.5022
    2784      16.3030        22.2291
    2785      16.2902        22.5838
    2786      16.2454        22.1208
    2787      16.2262        22.6293
    2788      16.3186        22.6544
    2789      16.3442        22.6720
    2790      16.2902        22.1982
    2791      16.2837        21.9244
    2792      16.2658        22.2503
    2793      16.2905        22.1773
    2794      16.2548        21.3991
    2795      16.2771        21.9202
    2796      16.3380        21.0352
    2797      16.1799        21.9989
    2798      16.2798        22.8271
    2799      16.3065        22.6113
    2800      16.2848        21.7138
    2801      16.3066        22.7693
    2802      16.2834        22.5832
    2803      16.3053        22.6011
    2804      16.3701        22.6742
    2805      16.3622        21.4528
    2806      16.3693        21.6616
    2807      16.2745        22.7374
    2808      16.3085        22.6756
    2809      16.2875        22.6379
    2810      16.2974        21.9523
    2811      16.2578        21.0485
    2812      16.2587        20.7317
    2813      16.2914        21.0426
    2814      16.3224        20.8288
    2815      16.3754        21.8921
    2816      16.1708        21.0371
    2817      16.2707        21.3646
    2818      16.2804        21.3820
    2819      16.3466        21.4907
    2820      16.3298        21.7506
    2821      16.2970        22.2210
    2822      16.3035        21.5559
    2823      16.3276        20.9037
    2824      16.3320        22.0639
    2825      16.3539        21.6445
    2826      16.3548        21.5581
    2827      16.2813        21.3457
    2828      16.2627        21.5460
    2829      16.2375        21.3529
    2830      16.2391        21.8057
    2831      16.2033        20.6573
    2832      16.2131        21.0385
    2833      16.2335        21.6421
    2834      16.2964        21.0353
    2835      16.3010        21.2514
    2836      16.2792        20.9383
    2837      16.2815        21.2535
    2838      16.2744        21.2800
    2839      16.2631        21.0657
    2840      16.2677        21.6958
    2841      16.2575        20.6317
    2842      16.2753        21.5879
    2843      16.2288        21.0937
    2844      16.3087        21.2037
    2845      16.2415        21.2785
    2846      16.2007        21.5098
    2847      16.2733        21.3133
    2848      16.2674        21.1474
    2849      16.2325        21.7249
    2850      16.2056        20.5734
    2851      16.2238        21.3522
    2852      16.2637        22.8468
    2853      16.2367        22.1543
    2854      16.2493        21.3338
    2855      16.2890        20.9228
    2856      16.2696        21.7382
    2857      16.3593        22.7231
    2858      16.3331        22.4158
    2859      16.3955        21.8043
    2860      16.3251        21.8711
    2861      16.3612        22.2728
    2862      16.2836        22.0702
    2863      16.3185        22.5163
    2864      16.3067        22.1494
    2865      16.2849        23.0260
    2866      16.1931        22.1827
    2867      16.2599        20.9681
    2868      16.2658        22.6071
    2869      16.2974        22.5964
    2870      16.2814        22.8839
    2871      16.2865        22.7169
    2872      16.3003        21.5727
    2873      16.2789        22.5876
    2874      16.3003        23.2776
    2875      16.3111        21.6150
    2876      16.2656        21.1773
    2877      16.2743        20.8514
    2878      16.2586        21.2871
    2879      16.2577        21.4211
    2880      16.2438        21.6962
    2881      16.3239        21.1227
    2882      16.3025        21.4428
    2883      16.2997        21.3672
    2884      16.2594        21.2236
    2885      16.2720        21.5297
    2886      16.3274        21.1801
    2887      16.3129        21.4873
    2888      16.3097        21.2768
    2889      16.2928        20.8605
    2890      16.3009        21.2385
    2891      16.2708        21.0455
    2892      16.3185        21.2050
    2893      16.2180        20.5866
    2894      16.2403        21.7853
    2895      16.2244        21.2333
    2896      16.3280        20.9600
    2897      16.2317        21.3796
    2898      16.2303        22.1276
    2899      16.2646        22.0929
    2900      16.2188        21.0458
    2901      16.2294        21.8728
    2902      16.2315        21.6364
    2903      16.2637        21.3529
    2904      16.2413        20.9916
    2905      16.2503        21.5076
    2906      16.3249        21.4304
    2907      16.3172        21.2053
    2908      16.2709        20.9050
    2909      16.2653        20.5946
    2910      16.3327        20.9858
    2911      16.2254        21.0446
    2912      16.2334        21.0996
    2913      16.2667        21.2717
    2914      16.2838        21.6363
    2915      16.3470        21.1386
    2916      16.2681        20.7910
    2917      16.2202        21.2825
    2918      16.2932        21.6728
    2919      16.3032        21.1380
    2920      16.3090        21.4441
    2921      16.2865        21.5153
    2922      16.2981        21.6166
    2923      16.2761        21.4408
    2924      16.2372        21.3250
    2925      16.2733        21.4008
    2926      16.2393        20.8656
    2927      16.2812        21.4361
    2928      16.2475        21.7779
    2929      16.2058        21.2733
    2930      16.1857        21.6565
    2931      16.1865        21.1543
    2932      16.1994        21.2123
    2933      16.2357        21.0036
    2934      16.3328        21.4406
    2935      16.3537        21.4083
    2936      16.2427        21.3895
    2937      16.1907        21.1821
    2938      16.2583        20.9084
    2939      16.2647        21.4757
    2940      16.2405        21.4273
    2941      16.2567        21.3352
    2942      16.3013        21.2326
    2943      16.2588        20.8075
    2944      16.3169        21.4873
    2945      16.2158        21.2757
    2946      16.2598        21.2753
    2947      16.2878        20.9839
    2948      16.3004        21.3584
    2949      16.2848        21.3353
    2950      16.2559        20.9320
    2951      16.3187        21.0732
    2952      16.2466        20.8961
    2953      16.2867        21.2514
    2954      16.2871        21.8735
    2955      16.2666        21.4452
    2956      16.2883        21.2220
    2957      16.2308        21.4024
    2958      16.2870        21.5827
    2959      16.2983        21.9708
    2960      16.2511        21.7486
    2961      16.3546        21.8003
    2962      16.3093        21.4641
    2963      16.2796        21.5027
    2964      16.3174        21.8211
    2965      16.2963        21.3070
    2966      16.2587        21.1300
    2967      16.2259        21.8076
    2968      16.2597        21.2941
    2969      16.2817        21.3691
    2970      16.3290        21.1532
    2971      16.2833        21.3739
    2972      16.2919        21.0953
    2973      16.3522        21.6881
    2974      16.2491        21.1925
    2975      16.3513        21.5232
    2976      16.3409        21.2292
    2977      16.3507        21.1659
    2978      16.3079        21.4460
    2979      16.3302        21.2014
    2980      16.3352        21.4899
    2981      16.2652        21.5071
    2982      16.2852        21.3805
    2983      16.2455        21.1220
    2984      16.2573        20.9604
    2985      16.2613        21.0088
    2986      16.2035        21.5326
    2987      16.2051        20.9479
    2988      16.2823        21.9149
    2989      16.2459        21.4740
    2990      16.2765        21.0741
    2991      16.3060        21.3779
    2992      16.3082        21.3110
    2993      16.3243        21.4977
    2994      16.2466        21.0911
    2995      16.1694        20.9378
    2996      16.3143        21.2134
    2997      16.2029        21.0741
    2998      16.2222        20.8852
    2999      16.2514        20.6691
    3000      16.2944        21.6164
    3001      16.2649        21.9129
    3002      16.2899        21.6116
    3003      16.3255        21.4604
    3004      16.3141        21.8268
    3005      16.3300        21.4162
    3006      16.3036        21.5786
    3007      16.3392        21.3717
    3008      16.2817        21.7838
    3009      16.2425        20.9625
    3010      16.2600        21.1227
    3011      16.2401        21.3650
    3012      16.2888        21.5515
    3013      16.2624        20.9571
    3014      16.2724        21.4732
    3015      16.2873        21.2491
    3016      16.3248        21.4432
    3017      16.3235        21.1200
    3018      16.3403        21.2722
    3019      16.3082        21.7779
    3020      16.2687        21.9643
    3021      16.3253        21.3794
    3022      16.2769        21.6721
    3023      16.2484        21.0847
    3024      16.2735        21.3101
    3025      16.1997        20.8757
    3026      16.2928        21.3001
    3027      16.2164        21.1101
    3028      16.2820        21.4114
    3029      16.2048        21.1840
    3030      16.1763        21.1481
    3031      16.2169        20.8594
    3032      16.2806        21.8666
    3033      16.2540        21.2972
    3034      16.3100        21.2588
    3035      16.2603        21.2758
    3036      16.2242        21.1173
    3037      16.2491        20.9459
    3038      16.2654        21.6626
    3039      16.2982        22.0573
    3040      16.3361        21.0674
    3041      16.2704        21.9353
    3042      16.2391        21.5107
    3043      16.2720        22.2515
    3044      16.1933        22.2514
    3045      16.2707        22.5665
    3046      16.2416        21.8444
    3047      16.3302        21.8806
    3048      16.1763        22.7748
    3049      16.2820        22.1101
    3050      16.2276        23.0663
    3051      16.2410        22.5996
    3052      16.2069        21.9158
    3053      16.2056        21.8922
    3054      16.2353        21.4563
    3055      16.2592        22.2626
    3056      16.2767        22.3916
    3057      16.2625        22.3646
    3058      16.2607        22.5177
    3059      16.2237        22.1772
    3060      16.2712        21.6271
    3061      16.2906        21.5498
    3062      16.2618        20.9057
    3063      16.2522        21.4239
    3064      16.1984        21.0637
    3065      16.2591        21.2219
    3066      16.2100        21.9283
    3067      16.3051        21.5843
    3068      16.2641        21.2081
    3069      16.2441        21.0254
    3070      16.2280        21.7552
    3071      16.2464        21.2216
    3072      16.2039        21.4601
    3073      16.2280        21.4729
    3074      16.2419        21.0024
    3075      16.2384        21.9092
    3076      16.2159        20.9539
    3077      16.2059        21.8147
    3078      16.2590        20.9836
    3079      16.1971        21.9444
    3080      16.1505        21.5393
    3081      16.1858        21.4142
    3082      16.2008        21.8539
    3083      16.1518        20.8549
    3084      16.1612        21.1531
    3085      16.1726        20.9921
    3086      16.1771        22.1971
    3087      16.1589        21.7678
    3088      16.2384        21.6060
    3089      16.2070        21.4649
    3090      16.2410        21.1144
    3091      16.2166        21.5339
    3092      16.3004        21.1905
    3093      16.2446        20.9621
    3094      16.2704        21.7341
    3095      16.2918        21.5331
    3096      16.2353        21.3895
    3097      16.2959        22.0959
    3098      16.2571        22.2348
    3099      16.1733        21.1605
    3100      16.1914        21.0302
    3101      16.2776        21.5994
    3102      16.2092        22.7420
    3103      16.1833        21.9791
    3104      16.1947        21.6458
    3105      16.1815        21.2749
    3106      16.1901        21.3287
    3107      16.2482        21.0903
    3108      16.2058        21.0490
    3109      16.2045        21.3143
    3110      16.2452        21.3149
    3111      16.1650        21.4930
    3112      16.2526        21.9750
    3113      16.2713        21.0445
    3114      16.2326        21.7572
    3115      16.2288        21.5004
    3116      16.1535        20.8877
    3117      16.2736        21.3520
    3118      16.2503        20.9390
    3119      16.2527        21.0946
    3120      16.2332        22.0107
    3121      16.2233        20.8377
    3122      16.2451        21.4004
    3123      16.3253        21.5252
    3124      16.3134        21.1755
    3125      16.2617        22.2537
    3126      16.2251        21.5276
    3127      16.2691        21.9898
    3128      16.2918        21.9203
    3129      16.2765        21.6152
    3130      16.2351        20.5999
    3131      16.2045        21.3309
    3132      16.2549        21.9952
    3133      16.2172        21.5499
    3134      16.1981        21.5167
    3135      16.2799        22.2181
    3136      16.2518        20.9791
    3137      16.1937        21.8034
    3138      16.2678        21.2748
    3139      16.2140        21.4717
    3140      16.2388        21.2682
    3141      16.2083        21.5331
    3142      16.1931        21.0575
    3143      16.1813        20.7374
    3144      16.2266        21.6799
    3145      16.2078        21.6640
    3146      16.1910        21.2765
    3147      16.1599        20.9296
    3148      16.2075        21.2749
    3149      16.1597        20.6464
    3150      16.1973        21.5432
    3151      16.2157        21.4037
    3152      16.2662        21.1122
    3153      16.2439        20.9806
    3154      16.1726        20.8004
    3155      16.2533        21.1367
    3156      16.1872        21.1332
    3157      16.1861        20.8791
    3158      16.2141        21.2272
    3159      16.1891        21.4775
    3160      16.1805        21.1570
    3161      16.1685        21.0515
    3162      16.2289        20.8557
    3163      16.1861        21.4031
    3164      16.2257        20.6355
    3165      16.1997        21.2536
    3166      16.1573        21.5270
    3167      16.2035        21.3192
    3168      16.2040        20.8945
    3169      16.1887        21.2666
    3170      16.1586        21.0386
    3171      16.2482        21.2061
    3172      16.2268        22.7329
    3173      16.2117        21.8178
    3174      16.1831        20.7256
    3175      16.2321        21.8484
    3176      16.2369        21.5421
    3177      16.2603        21.0771
    3178      16.2459        21.3993
    3179      16.2617        21.7631
    3180      16.2151        21.0424
    3181      16.1384        21.7987
    3182      16.2087        21.3433
    3183      16.1873        20.6918
    3184      16.1347        21.5232
    3185      16.2111        20.5870
    3186      16.2061        21.1176
    3187      16.3015        22.1965
    3188      16.2553        22.0086
    3189      16.2195        20.9033
    3190      16.2164        20.4466
    3191      16.2915        21.4043
    3192      16.2216        20.7505
    3193      16.2552        20.8318
    3194      16.2276        21.4230
    3195      16.2744        20.3072
    3196      16.2336        21.0716
    3197      16.2383        20.8010
    3198      16.2043        20.6477
    3199      16.2307        21.3492
    3200      16.2247        21.3325
    3201      16.1334        20.9792
    3202      16.1304        21.0331
    3203      16.2071        22.1636
    3204      16.2939        21.2804
    3205      16.1485        21.6767
    3206      16.2707        21.7995
    3207      16.2153        21.2115
    3208      16.2319        21.0359
    3209      16.1410        21.3286
    3210      16.1743        21.3811
    3211      16.1919        20.7025
    3212      16.2128        20.7588
    3213      16.2361        20.9480
    3214      16.1921        20.5846
    3215      16.2089        21.5527
    3216      16.2556        21.7636
    3217      16.2811        22.2169
    3218      16.1595        20.9938
    3219      16.2322        21.2457
    3220      16.2332        21.2020
    3221      16.1890        20.9695
    3222      16.2289        21.2827
    3223      16.2249        21.1156
    3224      16.2752        21.5354
    3225      16.2065        21.2781
    3226      16.2203        20.8777
    3227      16.2298        21.0282
    3228      16.1860        21.0810
    3229      16.1899        20.8189
    3230      16.2039        21.1915
    3231      16.2329        21.4232
    3232      16.2218        21.7106
    3233      16.1842        21.0692
    3234      16.2149        21.1904
    3235      16.2797        21.4598
    3236      16.2572        21.1414
    3237      16.2038        21.2510
    3238      16.2416        21.3211
    3239      16.1844        21.1378
    3240      16.2369        21.3795
    3241      16.3087        21.0881
    3242      16.2174        20.5233
    3243      16.2741        21.4431
    3244      16.1932        21.2762
    3245      16.2325        21.4834
    3246      16.2086        20.9267
    3247      16.2122        21.4623
    3248      16.2062        21.1004
    3249      16.1738        20.9987
    3250      16.1783        21.9452
    3251      16.2278        20.7925
    3252      16.2960        21.2444
    3253      16.2626        20.6198
    3254      16.3018        21.5262
    3255      16.2547        21.2937
    3256      16.2478        20.4784
    3257      16.2129        20.9138
    3258      16.2252        20.9466
    3259      16.1868        21.9191
    3260      16.2212        22.2733
    3261      16.2190        20.9443
    3262      16.2337        21.6030
    3263      16.1972        20.9195
    3264      16.2548        21.8164
    3265      16.2123        21.3353
    3266      16.2269        21.7076
    3267      16.2530        22.9102
    3268      16.2987        20.7016
    3269      16.2270        22.1180
    3270      16.2456        22.6196
    3271      16.2399        21.3914
    3272      16.2392        22.6256
    3273      16.2557        21.6304
    3274      16.2297        22.0459
    3275      16.2941        21.1143
    3276      16.2004        21.6073
    3277      16.2109        20.8979
    3278      16.2041        21.6122
    3279      16.2794        21.4922
    3280      16.3223        21.4879
    3281      16.2867        21.1900
    3282      16.2569        21.1825
    3283      16.2230        20.9034
    3284      16.2608        20.9434
    3285      16.2585        20.7564
    3286      16.3090        20.7421
    3287      16.2819        21.2603
    3288      16.1927        21.7509
    3289      16.2441        20.9142
    3290      16.2232        21.0954
    3291      16.2914        21.9050
    3292      16.2589        22.2847
    3293      16.2725        22.0070
    3294      16.2860        22.6898
    3295      16.2712        21.2230
    3296      16.3285        22.3167
    3297      16.2222        22.0819
    3298      16.2929        22.1293
    3299      16.2754        20.7427
    3300      16.2284        21.0059
    3301      16.2228        21.2065
    3302      16.3156        20.9377
    3303      16.2977        20.8753
    3304      16.2802        22.0369
    3305      16.2178        21.3493
    3306      16.2555        21.0192
    3307      16.2421        21.2087
    3308      16.2398        21.7158
    3309      16.2796        20.7505
    3310      16.2252        20.0060
    3311      16.2661        20.5243
    3312      16.2389        20.6471
    3313      16.3025        21.2243
    3314      16.2990        21.2333
    3315      16.2699        20.6108
    3316      16.3181        21.0891
    3317      16.3375        20.7251
    3318      16.2948        20.6695
    3319      16.2960        21.1767
    3320      16.3252        21.0615
    3321      16.3111        23.4533
    3322      16.2844        21.7509
    3323      16.3296        21.0027
    3324      16.3097        21.4338
    3325      16.4120        22.1332
    3326      16.3981        21.9232
    3327      16.2474        21.6915
    3328      16.2325        21.2896
    3329      16.2761        22.4400
    3330      16.3111        22.7870
    3331      16.2175        21.7321
    3332      16.2996        20.9605
    3333      16.3511        21.8698
    3334      16.3835        22.2783
    3335      16.3286        21.4994
    3336      16.3051        21.1140
    3337      16.2715        21.0804
    3338      16.2434        20.9825
    3339      16.2688        21.0532
    3340      16.2655        20.8510
    3341      16.3263        21.1313
    3342      16.2958        20.8848
    3343      16.2307        20.8316
    3344      16.2849        20.6574
    3345      16.3032        21.4562
    3346      16.2963        21.4519
    3347      16.3249        20.4875
    3348      16.3055        21.3842
    3349      16.2963        21.3063
    3350      16.3042        21.6934
    3351      16.2863        21.0364
    3352      16.2863        20.9966
    3353      16.3367        21.4746
    3354      16.3277        21.5390
    3355      16.2508        21.0506
    3356      16.2889        21.2588
    3357      16.3063        20.9285
    3358      16.2906        21.5835
    3359      16.2228        20.9391
    3360      16.2835        20.8084
    3361      16.2881        21.4790
    3362      16.2462        20.9787
    3363      16.3187        21.9330
    3364      16.2740        20.9648
    3365      16.3978        21.1144
    3366      16.3277        21.0076
    3367      16.3124        21.1500
    3368      16.3473        21.3671
    3369      16.3358        21.1640
    3370      16.3106        20.5209
    3371      16.2814        21.2375
    3372      16.2512        21.6187
    3373      16.2383        21.1605
    3374      16.3518        21.4539
    3375      16.2679        21.3107
    3376      16.3134        20.9557
    3377      16.3364        21.4189
    3378      16.3340        20.7708
    3379      16.3064        21.3028
    3380      16.2515        21.3663
    3381      16.2949        21.5370
    3382      16.3327        21.4031
    3383      16.3133        21.3065
    3384      16.2864        20.8717
    3385      16.2864        21.0059
    3386      16.3176        21.3843
    3387      16.3366        20.8650
    3388      16.3092        20.7042
    3389      16.3158        21.2668
    3390      16.2296        21.2793
    3391      16.2671        21.3210
    3392      16.2256        20.8122
    3393      16.2430        21.0418
    3394      16.2053        21.3978
    3395      16.2786        21.2563
    3396      16.2925        21.1871
    3397      16.3000        21.2164
    3398      16.3076        21.3496
    3399      16.2822        21.2297
    3400      16.3546        20.9688
    3401      16.3035        20.7820
    3402      16.2913        22.0665
    3403      16.3208        21.3061
    3404      16.2627        21.4078
    3405      16.2595        21.0208
    3406      16.2725        21.6054
    3407      16.2475        21.2846
    3408      16.3411        21.0593
    3409      16.3802        22.1726
    3410      16.2525        21.5609
    3411      16.3463        21.5981
    3412      16.2854        21.2215
    3413      16.3493        21.5171
    3414      16.2353        21.4744
    3415      16.2406        22.0572
    3416      16.2715        21.0130
    3417      16.2430        20.9603
    3418      16.3043        21.0499
    3419      16.2904        21.0489
    3420      16.2939        21.6334
    3421      16.2616        21.5949
    3422      16.3448        21.5189
    3423      16.3052        21.0242
    3424      16.3032        21.1716
    3425      16.2058        21.1038
    3426      16.3034        21.1876
    3427      16.2688        21.5552
    3428      16.3050        21.5457
    3429      16.2408        21.0994
    3430      16.2847        21.0549
    3431      16.2696        21.9939
    3432      16.2889        21.8498
    3433      16.3016        21.3530
    3434      16.2025        20.7460
    3435      16.2166        21.0203
    3436      16.2454        21.1416
    3437      16.3113        21.8706
    3438      16.2524        21.0747
    3439      16.2802        20.9938
    3440      16.2056        21.4557
    3441      16.2195        20.6732
    3442      16.2392        21.2347
    3443      16.2489        21.4725
    3444      16.2819        21.7517
    3445      16.2543        20.8099
    3446      16.1662        21.9006
    3447      16.1657        20.7451
    3448      16.2631        21.1785
    3449      16.2129        21.0164
    3450      16.1960        21.4561
    3451      16.2292        21.6359
    3452      16.2952        21.6860
    3453      16.2408        21.2796
    3454      16.2609        21.2464
    3455      16.2008        20.6958
    3456      16.2756        21.1526
    3457      16.2321        21.2730
    3458      16.1991        20.7384
    3459      16.2386        21.2686
    3460      16.2668        21.5520
    3461      16.2715        21.3949
    3462      16.2388        21.1201
    3463      16.2775        21.4442
    3464      16.2092        20.9977
    3465      16.2343        20.7427
    3466      16.1931        21.2714
    3467      16.3107        21.5152
    3468      16.3007        21.7252
    3469      16.2108        20.9029
    3470      16.2229        21.2918
    3471      16.2805        21.1303
    3472      16.2735        20.9643
    3473      16.3251        21.2994
    3474      16.3245        20.9669
    3475      16.3125        20.4304
    3476      16.2356        21.2539
    3477      16.2907        21.6518
    3478      16.2010        21.2724
    3479      16.1773        21.0954
    3480      16.2626        21.4063
    3481      16.2450        21.3243
    3482      16.2167        21.0920
    3483      16.2043        21.2188
    3484      16.1967        20.8673
    3485      16.1675        21.0709
    3486      16.2196        21.8323
    3487      16.2098        21.3552
    3488      16.2289        21.3861
    3489      16.2039        21.1580
    3490      16.2069        21.3801
    3491      16.2599        21.6152
    3492      16.2371        21.4247
    3493      16.2849        22.1042
    3494      16.2136        20.9370
    3495      16.2217        21.0989
    3496      16.2405        20.9844
    3497      16.3385        21.2900
    3498      16.2815        21.4027
    3499      16.2799        21.4289
    3500      16.2674        20.9613
    3501      16.2259        21.3846
    3502      16.2270        21.0588
    3503      16.2236        21.3612
    3504      16.2536        21.5728
    3505      16.2959        21.0024
    3506      16.2781        21.2187
    3507      16.2658        22.3940
    3508      16.2403        22.5606
    3509      16.2898        21.9411
    3510      16.2508        20.9466
    3511      16.2720        21.4760
    3512      16.2846        21.5142
    3513      16.3588        21.8535
    3514      16.2627        21.1215
    3515      16.2988        20.9701
    3516      16.3474        21.4664
    3517      16.2891        21.0816
    3518      16.2192        21.4257
    3519      16.2573        21.0350
    3520      16.2952        20.9583
    3521      16.2158        21.1749
    3522      16.2326        20.8913
    3523      16.3256        20.9036
    3524      16.2523        21.3580
    3525      16.2581        21.3698
    3526      16.2207        20.8169
    3527      16.2584        20.9565
    3528      16.2535        21.0135
    3529      16.2607        20.9618
    3530      16.2412        21.3092
    3531      16.2660        21.4303
    3532      16.3024        21.4064
    3533      16.3208        20.9912
    3534      16.2710        21.6592
    3535      16.2770        21.6500
    3536      16.2766        21.1600
    3537      16.2578        21.7276
    3538      16.2713        22.9985
    3539      16.3215        22.8657
    3540      16.3550        21.3568
    3541      16.2844        21.0767
    3542      16.2430        21.2776
    3543      16.2579        21.6823
    3544      16.2558        21.6281
    3545      16.2643        21.6339
    3546      16.3366        21.6641
    3547      16.2497        21.3464
    3548      16.2636        21.0372
    3549      16.3707        21.5151
    3550      16.3372        21.3942
    3551      16.2895        21.1743
    3552      16.2351        21.0765
    3553      16.2619        21.2078
    3554      16.3255        20.8824
    3555      16.2780        22.5764
    3556      16.2875        20.9133
    3557      16.2652        21.1793
    3558      16.2489        21.2845
    3559      16.2124        21.1637
    3560      16.1812        20.8834
    3561      16.2124        20.9107
    3562      16.2080        20.9897
    3563      16.1906        21.3368
    3564      16.2216        21.3719
    3565      16.2280        21.2709
    3566      16.2758        21.4947
    3567      16.2312        21.7226
    3568      16.2036        21.2653
    3569      16.2460        20.9881
    3570      16.2335        21.4069
    3571      16.2458        21.3682
    3572      16.3343        21.9093
    3573      16.2604        21.8633
    3574      16.2114        21.5988
    3575      16.2197        21.1222
    3576      16.2300        21.4697
    3577      16.1736        21.3932
    3578      16.2068        20.8663
    3579      16.2120        21.4641
    3580      16.2410        20.6209
    3581      16.1874        21.2962
    3582      16.2914        21.7739
    3583      16.3085        21.8317
    3584      16.2253        21.4600
    3585      16.1800        21.3218
    3586      16.2474        21.1695
    3587      16.2260        21.2038
    3588      16.3512        21.2176
    3589      16.2275        21.7412
    3590      16.2087        20.9309
    3591      16.1517        21.6773
    3592      16.2062        21.9160
    3593      16.2308        21.1887
    3594      16.2446        21.2311
    3595      16.2244        21.1528
    3596      16.1992        21.1255
    3597      16.2356        21.1098
    3598      16.2567        20.9873
    3599      16.3113        21.1835
    3600      16.2396        21.4487
    3601      16.2318        21.1363
    3602      16.1882        20.8040
    3603      16.3063        21.5499
    3604      16.3409        21.3623
    3605      16.2501        22.6569
    3606      16.2063        21.1032
    3607      16.1835        22.0893
    3608      16.2458        21.2596
    3609      16.2344        20.9480
    3610      16.2049        21.2711
    3611      16.3011        21.0148
    3612      16.2305        20.9055
    3613      16.2304        21.2422
    3614      16.2390        21.0012
    3615      16.2353        21.1411
    3616      16.2072        21.0759
    3617      16.2612        21.1156
    3618      16.2296        21.3536
    3619      16.2147        21.2899
    3620      16.2633        21.4704
    3621      16.2020        21.2252
    3622      16.2091        21.1448
    3623      16.2059        20.6616
    3624      16.1383        21.1482
    3625      16.2345        22.4616
    3626      16.2432        22.7538
    3627      16.3052        21.1663
    3628      16.2299        21.2491
    3629      16.1893        21.2627
    3630      16.2622        21.4082
    3631      16.2321        21.3931
    3632      16.2119        20.7742
    3633      16.2125        21.5572
    3634      16.2644        21.0369
    3635      16.2053        21.0654
    3636      16.1997        21.0298
    3637      16.1728        20.8598
    3638      16.1611        20.6486
    3639      16.2214        20.4065
    3640      16.1930        20.8880
    3641      16.2595        20.8326
    3642      16.1894        20.5748
    3643      16.1725        20.8370
    3644      16.2187        21.0729
    3645      16.1577        21.3703
    3646      16.2402        22.4872
    3647      16.2405        21.2732
    3648      16.1846        21.0604
    3649      16.2112        21.2500
    3650      16.2176        22.2060
    3651      16.1858        22.8485
    3652      16.2071        22.8056
    3653      16.1290        22.0803
    3654      16.2093        20.8962
    3655      16.2229        21.5132
    3656      16.2076        21.6535
    3657      16.1851        20.9563
    3658      16.1587        21.7541
    3659      16.2098        21.0584
    3660      16.1655        21.3054
    3661      16.1850        20.8629
    3662      16.2123        20.3526
    3663      16.1896        20.7826
    3664      16.1839        20.5937
    3665      16.1814        21.4069
    3666      16.1432        20.9574
    3667      16.2252        22.6981
    3668      16.2274        20.8782
    3669      16.2367        21.3754
    3670      16.2493        21.2968
    3671      16.1763        20.8936
    3672      16.2228        20.3878
    3673      16.2216        21.0527
    3674      16.2617        21.2775
    3675      16.2188        21.0262
    3676      16.2023        20.8837
    3677      16.3054        21.3310
    3678      16.2228        22.1870
    3679      16.2748        21.2967
    3680      16.3150        21.5095
    3681      16.3036        20.9062
    3682      16.2404        21.4002
    3683      16.2425        20.7597
    3684      16.2472        21.0091
    3685      16.1870        21.0230
    3686      16.2617        21.0548
    3687      16.2058        20.9424
    3688      16.1540        21.1265
    3689      16.2338        21.0521
    3690      16.1930        21.2296
    3691      16.2336        21.3871
    3692      16.2186        21.1371
    3693      16.2105        21.0922
    3694      16.2863        21.1972
    3695      16.3018        21.0639
    3696      16.2053        20.7347
    3697      16.1882        20.9860
    3698      16.2166        21.2421
    3699      16.2540        20.8964
    3700      16.2306        21.6813
    3701      16.2271        21.1162
    3702      16.2067        20.9513
    3703      16.2452        20.6660
    3704      16.2500        21.1952
    3705      16.2240        21.1957
    3706      16.1968        21.3673
    3707      16.1482        21.2148
    3708      16.1787        20.7395
    3709      16.2198        20.6088
    3710      16.3011        20.8616
    3711      16.1995        21.1812
    3712      16.1737        20.5259
    3713      16.1795        20.8784
    3714      16.1908        20.7418
    3715      16.2308        21.3229
    3716      16.2531        20.7604
    3717      16.1374        20.6593
    3718      16.2468        21.0075
    3719      16.2052        20.9788
    3720      16.3002        21.0894
    3721      16.2781        20.7652
    3722      16.2277        20.9384
    3723      16.1899        20.8589
    3724      16.2867        20.8359
    3725      16.2177        20.3265
    3726      16.1987        20.8365
    3727      16.1452        20.5616
    3728      16.2729        20.7518
    3729      16.2387        20.7710
    3730      16.2332        21.4995
    3731      16.2372        21.1788
    3732      16.2693        21.2723
    3733      16.3129        21.0046
    3734      16.2385        22.6591
    3735      16.3294        23.1935
    3736      16.2592        21.2217
    3737      16.2277        21.4185
    3738      16.2819        21.2818
    3739      16.2464        21.2492
    3740      16.2643        21.5288
    3741      16.2485        20.8124
    3742      16.1770        21.7080
    3743      16.2869        20.9877
    3744      16.2087        21.0375
    3745      16.2361        22.0516
    3746      16.2506        21.4773
    3747      16.2860        21.4470
    3748      16.2399        21.6036
    3749      16.1805        20.9232
    3750      16.1644        21.0446
    3751      16.2136        21.4617
    3752      16.1712        21.0557
    3753      16.2156        20.8989
    3754      16.2036        20.9459
    3755      16.1761        20.8450
    3756      16.2924        21.4098
    3757      16.2627        20.7981
    3758      16.2498        21.2067
    3759      16.2304        21.9320
    3760      16.2101        22.8226
    3761      16.2640        22.3588
    3762      16.2640        22.9986
    3763      16.2217        22.1475
    3764      16.2327        21.4275
    3765      16.1984        21.0253
    3766      16.2644        21.0563
    3767      16.1497        20.8062
    3768      16.2484        21.3247
    3769      16.2871        21.5615
    3770      16.1823        20.4488
    3771      16.2188        21.0587
    3772      16.1408        20.7868
    3773      16.1983        20.9307
    3774      16.1380        20.3556
    3775      16.1652        20.8625
    3776      16.2154        21.2503
    3777      16.1732        21.2335
    3778      16.1394        20.6551
    3779      16.1941        21.4842
    3780      16.2230        21.0301
    3781      16.2144        20.9788
    3782      16.1690        20.6201
    3783      16.2963        20.5872
    3784      16.2319        20.7077
    3785      16.2109        20.8270
    3786      16.2567        22.0198
    3787      16.1477        22.4743
    3788      16.2760        22.2892
    3789      16.2188        21.9312
    3790      16.2897        22.9189
    3791      16.2154        21.6830
    3792      16.2046        23.2531
    3793      16.1943        22.0759
    3794      16.1999        23.2469
    3795      16.1790        23.1541
    3796      16.2404        22.4773
    3797      16.2578        22.8308
    3798      16.3561        22.1468
    3799      16.2674        20.8043
    3800      16.2129        20.8416
    3801      16.2338        20.6886
    3802      16.1878        20.3812
    3803      16.2142        21.0709
    3804      16.2014        20.7227
    3805      16.1647        20.5772
    3806      16.2207        20.2770
    3807      16.2710        20.5567
    3808      16.2247        21.4040
    3809      16.2785        20.8050
    3810      16.2382        21.2912
    3811      16.2261        20.8733
    3812      16.2622        21.2725
    3813      16.2546        20.5786
    3814      16.2353        21.1107
    3815      16.2748        20.9967
    3816      16.2464        20.8321
    3817      16.2781        21.2050
    3818      16.2813        21.1773
    3819      16.2841        20.7052
    3820      16.2139        21.5264
    3821      16.2571        21.1243
    3822      16.2061        21.4923
    3823      16.2370        20.4715
    3824      16.2182        20.4282
    3825      16.1971        20.5627
    3826      16.2181        20.4636
    3827      16.2573        20.9627
    3828      16.2216        20.6222
    3829      16.2373        20.9286
    3830      16.2651        20.8736
    3831      16.2252        21.0270
    3832      16.3065        21.3022
    3833      16.2525        21.0551
    3834      16.2975        21.4916
    3835      16.2143        20.5874
    3836      16.2254        21.3212
    3837      16.1982        21.1259
    3838      16.2577        21.2409
    3839      16.2116        21.3317
    3840      16.2261        21.2235
    3841      16.2672        22.3681
    3842      16.2541        22.5544
    3843      16.2768        22.6636
    3844      16.2623        22.4257
    3845      16.2736        22.3564
    3846      16.2126        21.9406
    3847      16.2736        22.2470
    3848      16.2515        21.1716
    3849      16.1352        22.1123
    3850      16.2194        22.3404
    3851      16.2328        23.0338
    3852      16.1780        22.9423
    3853      16.3068        22.2814
    3854      16.1960        22.4786
    3855      16.2052        23.1304
    3856      16.2731        21.3262
    3857      16.2348        22.6879
    3858      16.2156        23.5147
    3859      16.2468        22.4310
    3860      16.2657        23.0296
    3861      16.2844        22.7800
    3862      16.2462        23.0749
    3863      16.3164        23.5758
    3864      16.1861        22.3094
    3865      16.2545        22.1991
    3866      16.2460        21.1854
    3867      16.2127        21.4438
    3868      16.2444        21.4317
    3869      16.1667        21.0812
    3870      16.2016        22.7966
    3871      16.2558        22.8345
    3872      16.1970        22.3667
    3873      16.2784        22.7796
    3874      16.2720        22.2973
    3875      16.3049        21.7979
    3876      16.2452        20.9167
    3877      16.2536        21.2764
    3878      16.2280        20.9519
    3879      16.2302        21.0642
    3880      16.2385        21.3928
    3881      16.3034        21.2428
    3882      16.3099        20.2993
    3883      16.2815        21.0680
    3884      16.1656        20.9098
    3885      16.2175        21.5039
    3886      16.2491        20.6201
    3887      16.2675        20.8369
    3888      16.2441        22.9857
    3889      16.1739        22.1555
    3890      16.2241        21.4857
    3891      16.2436        22.5734
    3892      16.3069        21.3070
    3893      16.3240        23.1526
    3894      16.2489        22.4445
    3895      16.2433        22.7105
    3896      16.2578        22.0505
    3897      16.2921        22.5640
    3898      16.1913        22.8664
    3899      16.2741        23.6692
    3900      16.2638        22.4306
    3901      16.2926        23.0416
    3902      16.3510        23.6890
    3903      16.2328        22.4800
    3904      16.2467        23.2674
    3905      16.2673        22.4032
    3906      16.2716        21.3407
    3907      16.2124        20.7594
    3908      16.3008        20.9924
    3909      16.2680        20.6158
    3910      16.2244        21.6826
    3911      16.3115        22.3299
    3912      16.2589        21.2233
    3913      16.2080        21.7754
    3914      16.3024        21.5810
    3915      16.3228        21.4714
    3916      16.2327        20.7413
    3917      16.3036        21.7607
    3918      16.2442        20.8926
    3919      16.3023        20.7703
    3920      16.2351        20.5525
    3921      16.2525        22.1598
    3922      16.2674        21.8694
    3923      16.3635        22.2011
    3924      16.2930        22.4172
    3925      16.2186        21.4642
    3926      16.2118        21.6917
    3927      16.2156        21.9180
    3928      16.2217        21.1755
    3929      16.2364        23.7766
    3930      16.2703        22.6640
    3931      16.2088        20.9427
    3932      16.2028        20.3473
    3933      16.2919        21.5852
    3934      16.2463        21.2524
    3935      16.1896        21.1820
    3936      16.2535        20.8444
    3937      16.2402        21.2686
    3938      16.2818        21.4147
    3939      16.2994        20.7491
    3940      16.3069        21.7309
    3941      16.2570        21.4712
    3942      16.3172        21.4797
    3943      16.3003        21.3860
    3944      16.3000        21.0987
    3945      16.3339        22.7031
    3946      16.3259        21.5233
    3947      16.2764        21.1921
    3948      16.2967        20.6018
    3949      16.2807        21.0688
    3950      16.2730        21.0543
    3951      16.3377        21.5941
    3952      16.3168        23.1650
    3953      16.4010        22.8315
    3954      16.3395        21.5750
    3955      16.3233        21.6005
    3956      16.3270        22.2808
    3957      16.3329        21.9901
    3958      16.3112        22.6767
    3959      16.2831        21.7544
    3960      16.2556        21.2779
    3961      16.3089        21.2868
    3962      16.3147        21.6722
    3963      16.2814        21.6229
    3964      16.3242        22.6486
    3965      16.3173        22.4639
    3966      16.3243        22.9311
    3967      16.3048        22.0678
    3968      16.2892        22.3389
    3969      16.3347        22.7040
    3970      16.3303        23.5894
    3971      16.3342        22.9076
    3972      16.2509        23.6145
    3973      16.3410        22.4515
    3974      16.3402        22.1506
    3975      16.3069        22.3518
    3976      16.2616        22.6398
    3977      16.2786        22.9758
    3978      16.3038        21.8882
    3979      16.2437        22.0315
    3980      16.2737        21.3713
    3981      16.3774        21.6503
    3982      16.2902        21.1481
    3983      16.2800        21.1056
    3984      16.2975        20.7973
    3985      16.2371        21.3419
    3986      16.3163        20.8169
    3987      16.2742        20.7366
    3988      16.2844        21.4623
    3989      16.2585        21.1228
    3990      16.2846        21.1518
    3991      16.2716        21.1887
    3992      16.2753        21.2558
    3993      16.2446        21.5888
    3994      16.3244        21.0632
    3995      16.2452        20.5751
    3996      16.2998        21.2378
    3997      16.2853        20.8439
    3998      16.2541        21.3151
    3999      16.2249        21.3841
    4000      16.3159        21.6782
    4001      16.3044        21.4415
    4002      16.2974        21.4912
    4003      16.2219        21.0547
    4004      16.1982        20.4712
    4005      16.2266        21.2509
    4006      16.2668        20.8917
    4007      16.1722        20.8164
    4008      16.2750        20.7366
    4009      16.2866        21.0844
    4010      16.2797        21.2973
    4011      16.2244        20.5268
    4012      16.2503        20.3669
    4013      16.1935        20.4954
    4014      16.2842        20.3751
    4015      16.2302        21.0652
    4016      16.2389        20.6450
    4017      16.2837        20.6159
    4018      16.2835        21.2770
    4019      16.2713        20.8163
    4020      16.3011        20.8725
    4021      16.1846        20.5387
    4022      16.3031        21.0219
    4023      16.2877        20.5543
    4024      16.2624        21.4472
    4025      16.2268        20.8531
    4026      16.2678        21.1742
    4027      16.2721        21.2460
    4028      16.2695        21.2413
    4029      16.2787        20.4666
    4030      16.2330        21.1953
    4031      16.2894        20.7930
    4032      16.3183        21.2745
    4033      16.3997        21.5581
    4034      16.3207        21.1345
    4035      16.3438        21.3355
    4036      16.3099        20.5640
    4037      16.2381        20.6620
    4038      16.2745        20.2743
    4039      16.2997        20.7778
    4040      16.2260        20.7811
    4041      16.2804        21.8845
    4042      16.3171        21.8855
    4043      16.2720        21.1120
    4044      16.2111        20.8535
    4045      16.2806        20.9271
    4046      16.2045        21.5423
    4047      16.2768        21.2580
    4048      16.2363        21.1625
    4049      16.2355        21.7375
    4050      16.2330        21.1684
    4051      16.2030        21.2549
    4052      16.2308        20.9948
    4053      16.2388        20.3294
    4054      16.3049        20.4027
    4055      16.2421        21.1140
    4056      16.3351        21.2191
    4057      16.2848        20.6020
    4058      16.3688        20.9049
    4059      16.2542        20.6871
    4060      16.2803        20.8081
    4061      16.2175        21.1291
    4062      16.2708        20.9031
    4063      16.2722        22.0527
    4064      16.2597        21.2440
    4065      16.2951        21.2763
    4066      16.2648        21.9772
    4067      16.2253        21.1054
    4068      16.2916        20.6733
    4069      16.2652        20.9807
    4070      16.2955        21.1116
    4071      16.2730        21.3951
    4072      16.2592        20.3625
    4073      16.2070        22.0077
    4074      16.2575        22.8308
    4075      16.2689        22.3610
    4076      16.2351        22.2590
    4077      16.2945        20.9959
    4078      16.2059        22.4316
    4079      16.2353        21.9630
    4080      16.2452        22.9876
    4081      16.2893        22.8538
    4082      16.2915        23.6773
    4083      16.3073        22.7441
    4084      16.2705        22.6618
    4085      16.3026        22.9212
    4086      16.2498        23.6687
    4087      16.2882        22.8317
    4088      16.2563        22.5460
    4089      16.2233        22.0811
    4090      16.3464        23.0984
    4091      16.2485        21.2797
    4092      16.2566        21.3293
    4093      16.2494        21.0271
    4094      16.2765        20.8606
    4095      16.2504        21.3628
    4096      16.2521        20.9654
    4097      16.2086        21.3793
    4098      16.1767        20.7664
    4099      16.2459        22.3333
    4100      16.2175        21.1205
    4101      16.2345        22.2138
    4102      16.2099        22.9987
    4103      16.2855        22.5867
    4104      16.2805        22.6722
    4105      16.2569        22.5600
    4106      16.2500        22.0122
    4107      16.2029        22.3121
    4108      16.2455        22.0284
    4109      16.1806        22.9248
    4110      16.2292        20.8712
    4111      16.1889        21.2416
    4112      16.2611        22.7091
    4113      16.2021        22.4515
    4114      16.2859        22.4487
    4115      16.2807        21.0079
    4116      16.2712        21.1824
    4117      16.2786        21.6212
    4118      16.2907        21.2593
    4119      16.2191        21.8218
    4120      16.2466        21.4862
    4121      16.2777        21.5050
    4122      16.2301        21.7138
    4123      16.2080        21.2064
    4124      16.2372        21.5762
    4125      16.2599        21.0946
    4126      16.3206        21.6042
    4127      16.2090        20.8261
    4128      16.2029        20.6197
    4129      16.2055        20.7679
    4130      16.2228        20.2646
    4131      16.2285        21.0405
    4132      16.2173        21.7716
    4133      16.2082        21.0716
    4134      16.2615        20.9403
    4135      16.3357        22.0734
    4136      16.2697        21.1334
    4137      16.2894        20.9295
    4138      16.2273        21.1903
    4139      16.1952        21.1604
    4140      16.2270        21.4006
    4141      16.2200        21.5477
    4142      16.2221        21.4724
    4143      16.2450        21.0789
    4144      16.2654        21.5917
    4145      16.2703        21.2439
    4146      16.1737        20.9753
    4147      16.2003        20.5554
    4148      16.2786        21.6059
    4149      16.2810        21.6230
    4150      16.2277        21.2480
    4151      16.1762        20.8574
    4152      16.1989        20.9846
    4153      16.2829        21.5485
    4154      16.2117        22.9251
    4155      16.2079        22.0538
    4156      16.1642        21.5378
    4157      16.2061        21.6385
    4158      16.1810        22.8096
    4159      16.2099        23.2456
    4160      16.2499        23.4265
    4161      16.1525        22.7055
    4162      16.2288        22.6181
    4163      16.2018        22.1091
    4164      16.1946        21.0354
    4165      16.2462        22.0711
    4166      16.2396        22.0835
    4167      16.1802        21.6934
    4168      16.2095        20.9776
    4169      16.2267        21.3381
    4170      16.2860        21.5204
    4171      16.2467        21.4521
    4172      16.2835        21.1556
    4173      16.2407        20.9754
    4174      16.2906        21.4293
    4175      16.2447        21.1006
    4176      16.2375        21.1457
    4177      16.1786        21.2303
    4178      16.2213        20.7709
    4179      16.2436        20.8695
    4180      16.1807        21.5149
    4181      16.2832        21.7944
    4182      16.2227        21.6465
    4183      16.3011        21.4864
    4184      16.2051        20.7713
    4185      16.2059        21.0463
    4186      16.2910        20.7552
    4187      16.2252        21.3915
    4188      16.2095        21.4133
    4189      16.2903        21.3759
    4190      16.2377        21.3459
    4191      16.1989        21.0268
    4192      16.2269        21.3237
    4193      16.1904        21.1930
    4194      16.1840        21.8583
    4195      16.2310        21.1459
    4196      16.3006        22.2194
    4197      16.2450        21.3457
    4198      16.1946        20.5557
    4199      16.2760        22.5385
    4200      16.3000        22.0224
    4201      16.2615        22.8092
    4202      16.1844        22.4196
    4203      16.1360        23.0254
    4204      16.2547        23.1583
    4205      16.2514        20.7567
    4206      16.2721        21.6152
    4207      16.2421        21.4739
    4208      16.1887        21.7106
    4209      16.1637        20.8108
    4210      16.2631        21.2333
    4211      16.1928        21.4724
    4212      16.3045        20.7609
    4213      16.2458        21.0902
    4214      16.2214        21.1197
    4215      16.1980        20.6554
    4216      16.2752        21.3138
    4217      16.2368        21.1971
    4218      16.2003        21.2846
    4219      16.3129        21.7472
    4220      16.2545        21.2263
    4221      16.2527        20.8026
    4222      16.1750        21.0038
    4223      16.1458        21.6546
    4224      16.1931        21.7148
    4225      16.1665        22.3124
    4226      16.2170        21.8266
    4227      16.2235        21.1807
    4228      16.2328        20.8600
    4229      16.2534        21.8069
    4230      16.3004        21.6441
    4231      16.2002        20.9471
    4232      16.1945        21.1020
    4233      16.2216        21.1845
    4234      16.2096        20.8871
    4235      16.2216        21.2343
    4236      16.2673        21.9652
    4237      16.2137        20.5822
    4238      16.2535        21.0866
    4239      16.1947        21.3609
    4240      16.2171        21.2452
    4241      16.1518        20.9900
    4242      16.2045        21.0869
    4243      16.2468        21.2171
    4244      16.2349        21.3808
    4245      16.1984        20.8747
    4246      16.2317        21.3003
    4247      16.1830        21.2527
    4248      16.2154        21.4755
    4249      16.2816        21.5242
    4250      16.2792        20.8706
    4251      16.2795        20.8660
    4252      16.2647        21.4259
    4253      16.2668        21.2830
    4254      16.2768        22.2942
    4255      16.2179        23.0397
    4256      16.2455        23.1597
    4257      16.2226        20.8403
    4258      16.1686        21.3273
    4259      16.2210        22.4792
    4260      16.2320        22.5067
    4261      16.2147        21.8470
    4262      16.2944        23.3155
    4263      16.2578        22.9137
    4264      16.2389        21.5954
    4265      16.2619        21.5281
    4266      16.2060        21.1292
    4267      16.2272        20.8931
    4268      16.1791        21.1952
    4269      16.1970        21.3142
    4270      16.2111        21.7620
    4271      16.1939        21.4843
    4272      16.1980        22.3154
    4273      16.2340        21.7561
    4274      16.2043        21.4004
    4275      16.1987        20.9383
    4276      16.2708        20.8802
    4277      16.2148        21.1237
    4278      16.2498        21.4140
    4279      16.2084        21.0279
    4280      16.2843        21.4731
    4281      16.2384        21.3681
    4282      16.2430        21.1782
    4283      16.2336        21.2628
    4284      16.2809        21.5956
    4285      16.2704        21.1588
    4286      16.3198        21.2445
    4287      16.2677        21.2740
    4288      16.2427        20.6965
    4289      16.3117        21.2478
    4290      16.2668        21.0835
    4291      16.2367        20.8666
    4292      16.2646        20.9670
    4293      16.1795        20.9526
    4294      16.2026        21.0365
    4295      16.2871        21.0137
    4296      16.3164        20.9699
    4297      16.2726        20.7484
    4298      16.2787        20.7640
    4299      16.3153        21.7442
    4300      16.2316        21.2575
    4301      16.2903        21.0734
    4302      16.2980        21.2088
    4303      16.3082        20.9432
    4304      16.3208        21.3357
    4305      16.2410        21.9354
    4306      16.3236        21.3222
    4307      16.3494        20.9813
    4308      16.2882        21.5475
    4309      16.3446        21.0877
    4310      16.2362        20.7686
    4311      16.2534        20.9442
    4312      16.2384        20.8842
    4313      16.2614        21.3751
    4314      16.2447        20.9101
    4315      16.2866        21.0866
    4316      16.2471        20.6858
    4317      16.2261        21.3580
    4318      16.2963        20.8090
    4319      16.2831        21.3047
    4320      16.2861        21.2404
    4321      16.2455        21.6988
    4322      16.2999        21.5562
    4323      16.2137        21.2540
    4324      16.3576        21.8709
    4325      16.3042        21.0798
    4326      16.3669        21.5268
    4327      16.2978        20.6982
    4328      16.2146        21.1521
    4329      16.2648        21.4422
    4330      16.3536        21.4809
    4331      16.2420        21.3169
    4332      16.2757        21.3469
    4333      16.2550        20.9308
    4334      16.2598        21.0863
    4335      16.2248        21.5821
    4336      16.2194        21.2543
    4337      16.2653        21.4798
    4338      16.2335        21.3571
    4339      16.2423        21.3753
    4340      16.1885        21.2349
    4341      16.2695        21.5121
    4342      16.2558        22.2769
    4343      16.2662        21.7086
    4344      16.2588        21.3467
    4345      16.2648        21.9183
    4346      16.2713        23.6533
    4347      16.2813        21.9163
    4348      16.2485        21.0786
    4349      16.2808        21.4645
    4350      16.2618        21.1270
    4351      16.2363        20.8486
    4352      16.2355        21.0249
    4353      16.2403        21.0859
    4354      16.2356        21.0080
    4355      16.2503        21.1371
    4356      16.2832        20.8230
    4357      16.2821        21.3684
    4358      16.2451        21.1301
    4359      16.2292        21.3554
    4360      16.3127        21.5041
    4361      16.2229        20.9263
    4362      16.2328        20.7889
    4363      16.2228        20.9620
    4364      16.2014        21.1826
    4365      16.2657        21.1423
    4366      16.3048        21.6887
    4367      16.2378        20.9639
    4368      16.2386        21.2655
    4369      16.2840        21.4563
    4370      16.2579        21.2976
    4371      16.2080        22.1926
    4372      16.2827        21.0452
    4373      16.2206        20.5607
    4374      16.2251        21.0809
    4375      16.3233        20.7566
    4376      16.3020        21.1402
    4377      16.2881        21.4450
    4378      16.3116        21.3536
    4379      16.2619        20.9572
    4380      16.2897        22.1193
    4381      16.3029        21.3132
    4382      16.3230        21.3356
    4383      16.2879        21.2490
    4384      16.2612        21.1286
    4385      16.2521        21.3128
    4386      16.2921        20.8825
    4387      16.2709        21.1950
    4388      16.2073        20.8931
    4389      16.2932        20.9432
    4390      16.2827        22.3432
    4391      16.3009        21.8323
    4392      16.3732        21.9197
    4393      16.2597        21.1433
    4394      16.2752        21.1167
    4395      16.2763        20.9809
    4396      16.2359        21.5693
    4397      16.2375        21.8058
    4398      16.2815        21.7361
    4399      16.3364        22.1802
    4400      16.2332        22.4030
    4401      16.2766        22.1801
    4402      16.3055        21.3632
    4403      16.3746        21.9087
    4404      16.2301        20.8274
    4405      16.3210        21.0249
    4406      16.2805        20.9105
    4407      16.2698        20.8461
    4408      16.2958        21.4035
    4409      16.3181        21.0524
    4410      16.2111        21.5879
    4411      16.2471        21.2158
    4412      16.2789        21.1966
    4413      16.2666        21.3978
    4414      16.2631        21.1969
    4415      16.3335        21.0729
    4416      16.3048        21.1979
    4417      16.3040        21.2423
    4418      16.2680        20.9198
    4419      16.2797        21.2436
    4420      16.3583        21.2186
    4421      16.2550        21.4988
    4422      16.3066        21.1123
    4423      16.3241        21.1774
    4424      16.2251        21.4119
    4425      16.2703        21.0591
    4426      16.3000        21.4734
    4427      16.3216        21.3119
    4428      16.2828        20.5814
    4429      16.3161        21.4067
    4430      16.2830        20.5557
    4431      16.3694        21.3667
    4432      16.3625        21.3213
    4433      16.3265        21.4035
    4434      16.3230        21.4109
    4435      16.2631        21.2799
    4436      16.2481        20.6215
    4437      16.3089        21.5488
    4438      16.2731        21.0135
    4439      16.2425        20.9563
    4440      16.2357        20.9470
    4441      16.2907        20.9933
    4442      16.3681        21.8949
    4443      16.2820        21.6542
    4444      16.2695        21.3149
    4445      16.3505        21.1261
    4446      16.2689        21.4372
    4447      16.2782        21.1360
    4448      16.2730        21.2564
    4449      16.2990        21.3598
    4450      16.3335        21.4632
    4451      16.2255        21.1439
    4452      16.2767        21.1596
    4453      16.3257        21.3232
    4454      16.2874        21.3120
    4455      16.2976        21.0356
    4456      16.2995        21.0103
    4457      16.3008        21.0952
    4458      16.3392        21.0257
    4459      16.2826        21.5889
    4460      16.2522        20.7402
    4461      16.3202        20.7677
    4462      16.2635        21.2523
    4463      16.3268        21.7510
    4464      16.2714        21.9505
    4465      16.2480        21.5951
    4466      16.3270        21.1440
    4467      16.2606        20.7133
    4468      16.2905        20.8079
    4469      16.2150        21.6030
    4470      16.3033        21.0229
    4471      16.3960        21.6310
    4472      16.2699        20.7823
    4473      16.2422        21.5319
    4474      16.2576        21.2270
    4475      16.2976        21.8266
    4476      16.2850        21.2860
    4477      16.2684        21.3752
    4478      16.3330        21.5751
    4479      16.2839        20.9964
    4480      16.3577        21.0190
    4481      16.2663        21.3886
    4482      16.1949        22.4340
    4483      16.2960        21.7497
    4484      16.2237        20.8483
    4485      16.2079        20.8653
    4486      16.1974        21.0084
    4487      16.1883        21.1920
    4488      16.2459        20.8691
    4489      16.2426        21.0746
    4490      16.2361        21.2070
    4491      16.2243        21.5011
    4492      16.1863        21.0750
    4493      16.2148        21.2075
    4494      16.1973        21.0785
    4495      16.2321        21.8384
    4496      16.3230        21.1515
    4497      16.3075        21.1498
    4498      16.2727        21.4211
    4499      16.2677        21.4081
    4500      16.2887        21.1354
    4501      16.2836        20.7164
    4502      16.2926        21.0029
    4503      16.2491        21.0616
    4504      16.2930        21.3104
    4505      16.2671        21.5618
    4506      16.2639        21.1604
    4507      16.2399        22.0131
    4508      16.2785        20.8912
    4509      16.2663        23.7832
    4510      16.2349        22.0857
    4511      16.2759        22.4683
    4512      16.1933        21.2219
    4513      16.2742        22.3991
    4514      16.2431        22.3584
    4515      16.2448        22.1619
    4516      16.2586        21.1848
    4517      16.2943        21.1464
    4518      16.3199        21.2907
    4519      16.1923        21.4746
    4520      16.2289        21.4620
    4521      16.2944        20.8321
    4522      16.2693        21.0751
    4523      16.1881        21.3895
    4524      16.2302        20.9246
    4525      16.2306        20.5831
    4526      16.2425        20.9539
    4527      16.2605        21.3502
    4528      16.2880        23.1447
    4529      16.2080        22.5667
    4530      16.2923        23.2377
    4531      16.2249        21.2304
    4532      16.2179        20.7851
    4533      16.2636        21.4720
    4534      16.2899        21.5182
    4535      16.2790        21.4683
    4536      16.2070        20.8343
    4537      16.2587        20.9293
    4538      16.3192        21.4951
    4539      16.2519        21.4993
    4540      16.3186        21.0610
    4541      16.3292        21.1032
    4542      16.3780        21.1645
    4543      16.2138        20.8925
    4544      16.2817        21.6452
    4545      16.2296        21.1740
    4546      16.3122        21.2118
    4547      16.2746        21.7791
    4548      16.2292        21.7154
    4549      16.3352        21.9950
    4550      16.3025        21.6530
    4551      16.2594        20.6810
    4552      16.2501        21.0102
    4553      16.2980        21.4150
    4554      16.2821        20.9066
    4555      16.2718        20.6909
    4556      16.2573        21.4014
    4557      16.2546        21.0461
    4558      16.1980        21.3377
    4559      16.2456        20.5900
    4560      16.2613        21.2132
    4561      16.3124        21.2900
    4562      16.3502        21.3920
    4563      16.3215        21.3248
    4564      16.3639        22.1632
    4565      16.3256        21.9733
    4566      16.2987        22.6674
    4567      16.3593        22.0026
    4568      16.1990        21.4374
    4569      16.3028        21.6689
    4570      16.3203        21.2336
    4571      16.2650        22.1653
    4572      16.2871        20.8987
    4573      16.2807        21.2414
    4574      16.3112        21.2771
    4575      16.3368        20.7010
    4576      16.3867        21.0757
    4577      16.3792        20.6177
    4578      16.3193        20.7854
    4579      16.2951        21.4182
    4580      16.3062        21.4032
    4581      16.3344        20.9489
    4582      16.2647        20.7034
    4583      16.3291        20.6741
    4584      16.3005        20.4026
    4585      16.2784        20.4754
    4586      16.2886        20.2969
    4587      16.3462        20.8328
    4588      16.3782        22.6888
    4589      16.3615        22.9964
    4590      16.3370        22.0868
    4591      16.1931        21.2681
    4592      16.2606        21.5214
    4593      16.3035        21.4020
    4594      16.3339        21.6463
    4595      16.2995        20.9209
    4596      16.2643        21.3837
    4597      16.3088        21.0934
    4598      16.3049        21.2452
    4599      16.2439        21.1640
    4600      16.2550        21.3824
    4601      16.3096        22.0348
    4602      16.3432        21.7049
    4603      16.3150        22.3016
    4604      16.3468        21.8427
    4605      16.3025        21.0323
    4606      16.3411        21.7109
    4607      16.4026        21.4898
    4608      16.3437        21.1213
    4609      16.3881        21.0647
    4610      16.3264        21.1509
    4611      16.3486        21.1968
    4612      16.3627        21.1185
    4613      16.3188        20.7495
    4614      16.3473        21.6766
    4615      16.2760        20.7275
    4616      16.3126        21.5649
    4617      16.2755        22.0272
    4618      16.2569        20.9699
    4619      16.2341        20.9177
    4620      16.3166        20.7832
    4621      16.2831        22.6669
    4622      16.2758        22.0161
    4623      16.2745        21.4495
    4624      16.3292        21.7024
    4625      16.2648        21.0702
    4626      16.2558        21.2599
    4627      16.2819        20.8941
    4628      16.2566        21.4614
    4629      16.2945        21.0897
    4630      16.2527        21.0019
    4631      16.3642        21.6617
    4632      16.3399        21.8048
    4633      16.3814        21.8148
    4634      16.2526        21.0094
    4635      16.3626        21.0520
    4636      16.2868        21.3444
    4637      16.2878        21.7339
    4638      16.3538        22.4486
    4639      16.3028        21.2418
    4640      16.3101        20.8022
    4641      16.2770        20.8087
    4642      16.3271        22.8601
    4643      16.2679        22.8977
    4644      16.3485        22.1822
    4645      16.3433        22.5433
    4646      16.3370        21.8687
    4647      16.2597        21.7493
    4648      16.2646        23.2423
    4649      16.3516        22.8238
    4650      16.2932        22.9847
    4651      16.3037        22.4578
    4652      16.3181        22.3896
    4653      16.2996        22.6921
    4654      16.3301        22.9528
    4655      16.3307        22.4441
    4656      16.2774        22.2627
    4657      16.2973        21.6297
    4658      16.2708        22.9561
    4659      16.2583        22.5608
    4660      16.2684        22.9837
    4661      16.3811        22.1022
    4662      16.3547        21.0265
    4663      16.2547        21.0049
    4664      16.3525        20.7347
    4665      16.2794        21.5542
    4666      16.2790        20.5416
    4667      16.1684        20.9381
    4668      16.2166        20.6908
    4669      16.2855        20.7855
    4670      16.2536        20.1813
    4671      16.2106        20.0160
    4672      16.1700        21.0393
    4673      16.2896        21.3588
    4674      16.2324        20.5330
    4675      16.3165        20.9819
    4676      16.2491        20.9547
    4677      16.1894        20.9804
    4678      16.2268        21.4317
    4679      16.2359        21.0017
    4680      16.2235        20.7842
    4681      16.2801        22.3687
    4682      16.3093        23.0314
    4683      16.3291        22.1007
    4684      16.3006        22.2748
    4685      16.3039        21.7941
    4686      16.3253        21.0516
    4687      16.3157        21.7955
    4688      16.3333        20.8877
    4689      16.2713        21.0008
    4690      16.3106        21.2319
    4691      16.2710        20.6519
    4692      16.3253        21.1986
    4693      16.3144        20.6761
    4694      16.3193        20.5537
    4695      16.3757        21.0338
    4696      16.4491        21.6696
    4697      16.3991        21.7664
    4698      16.2395        20.4484
    4699      16.3163        21.1058
    4700      16.2517        22.2492
    4701      16.3161        22.9972
    4702      16.2585        21.8952
    4703      16.3422        22.6461
    4704      16.2966        21.7725
    4705      16.3521        21.7338
    4706      16.2584        22.9293
    4707      16.2431        21.8545
    4708      16.2623        21.0660
    4709      16.2774        21.3880
    4710      16.2362        20.8209
    4711      16.3082        21.9102
    4712      16.3289        22.8902
    4713      16.3062        22.1731
    4714      16.3632        21.4043
    4715      16.3038        21.1201
    4716      16.2496        21.1230
    4717      16.2125        20.6080
    4718      16.2022        20.8252
    4719      16.2702        20.6225
    4720      16.3376        21.0743
    4721      16.3118        21.9956
    4722      16.2840        23.7709
    4723      16.2976        21.7636
    4724      16.3751        22.3309
    4725      16.3595        21.5599
    4726      16.3644        22.5893
    4727      16.3545        23.3741
    4728      16.3212        21.7188
    4729      16.3166        23.1220
    4730      16.3853        21.8265
    4731      16.2492        22.0708
    4732      16.3375        22.4348
    4733      16.2343        22.4170
    4734      16.3257        22.9797
    4735      16.3176        22.2365
    4736      16.2995        22.6739
    4737      16.4153        22.3288
    4738      16.3556        21.9559
    4739      16.3103        21.9942
    4740      16.2941        21.8207
    4741      16.2333        22.3826
    4742      16.2667        22.3476
    4743      16.2676        22.7270
    4744      16.2555        21.8357
    4745      16.2872        20.8814
    4746      16.3905        21.1573
    4747      16.3307        20.9749
    4748      16.3026        20.6100
    4749      16.2917        20.7657
    4750      16.3183        20.6209
    4751      16.3257        20.8135
    4752      16.2633        20.3014
    4753      16.3575        21.2358
    4754      16.3889        21.4444
    4755      16.2863        21.2933
    4756      16.3551        21.4383
    4757      16.3422        21.5458
    4758      16.2977        21.2547
    4759      16.3088        20.8261
    4760      16.2659        20.8685
    4761      16.2471        21.0598
    4762      16.3220        20.7827
    4763      16.3318        20.5000
    4764      16.2488        21.2341
    4765      16.2699        20.7160
    4766      16.3056        21.3435
    4767      16.2922        20.9952
    4768      16.2659        20.5292
    4769      16.2637        21.1183
    4770      16.2743        21.3419
    4771      16.3087        21.1454
    4772      16.3412        21.3080
    4773      16.3320        20.4852
    4774      16.2504        20.6865
    4775      16.3176        21.0952
    4776      16.3068        20.9643
    4777      16.3788        21.6089
    4778      16.4066        20.8765
    4779      16.3358        20.9604
    4780      16.2387        21.0280
    4781      16.2798        21.4190
    4782      16.2616        20.9425
    4783      16.2870        20.9322
    4784      16.2866        20.4858
    4785      16.2929        20.8613
    4786      16.2507        20.6785
    4787      16.3133        21.0377
    4788      16.2945        20.8743
    4789      16.2488        20.9250
    4790      16.2487        21.0501
    4791      16.3159        20.5023
    4792      16.3633        21.4620
    4793      16.4180        21.0613
    4794      16.3978        21.3827
    4795      16.3562        22.7013
    4796      16.3552        21.5878
    4797      16.3070        21.0501
    4798      16.3265        22.0424
    4799      16.3707        22.0324
    4800      16.2598        21.7495
    4801      16.3230        21.2623
    4802      16.2972        21.7222
    4803      16.3176        21.3019
    4804      16.2933        21.1179
    4805      16.2515        21.0787
    4806      16.2532        22.1656
    4807      16.3162        21.3634
    4808      16.1953        20.6664
    4809      16.2310        20.8059
    4810      16.2093        20.8209
    4811      16.2706        21.1945
    4812      16.3052        20.7403
    4813      16.2908        20.5208
    4814      16.3228        21.4325
    4815      16.3203        21.4401
    4816      16.3116        21.5244
    4817      16.2890        21.7174
    4818      16.2548        21.1864
    4819      16.3150        21.2957
    4820      16.2656        21.0824
    4821      16.3131        20.9099
    4822      16.3178        21.5160
    4823      16.2906        20.7992
    4824      16.3113        21.4697
    4825      16.2567        20.8071
    4826      16.3520        21.3366
    4827      16.3516        21.5272
    4828      16.3255        21.3168
    4829      16.3212        21.6840
    4830      16.3206        20.9793
    4831      16.2750        20.6271
    4832      16.3042        21.3796
    4833      16.3280        21.5237
    4834      16.2417        21.4948
    4835      16.2904        20.7950
    4836      16.2683        21.0604
    4837      16.2847        21.0531
    4838      16.2934        20.6695
    4839      16.3183        20.6779
    4840      16.3973        21.5509
    4841      16.2885        21.3550
    4842      16.2430        21.5756
    4843      16.3245        20.9662
    4844      16.2291        21.4761
    4845      16.2666        20.5959
    4846      16.2413        21.6485
    4847      16.2313        21.4068
    4848      16.3022        21.4250
    4849      16.2943        21.2110
    4850      16.2643        21.2941
    4851      16.2180        20.6673
    4852      16.2230        20.9381
    4853      16.2483        21.1153
    4854      16.3466        21.3939
    4855      16.2897        21.0853
    4856      16.3402        21.6885
    4857      16.2952        21.0098
    4858      16.2960        21.4016
    4859      16.2196        21.3192
    4860      16.2928        20.7351
    4861      16.2715        21.1992
    4862      16.2556        21.4238
    4863      16.2971        21.1158
    4864      16.2869        21.5997
    4865      16.3725        21.8445
    4866      16.3845        21.1593
    4867      16.2708        21.3284
    4868      16.2904        21.2601
    4869      16.3131        21.7680
    4870      16.2875        21.1897
    4871      16.2611        21.2837
    4872      16.3196        20.8053
    4873      16.3322        21.0156
    4874      16.2850        21.5532
    4875      16.2621        20.7518
    4876      16.2554        21.2502
    4877      16.2843        21.3544
    4878      16.3014        21.2209
    4879      16.3035        20.8572
    4880      16.2533        20.8466
    4881      16.2386        20.9472
    4882      16.3087        21.4835
    4883      16.3670        21.2470
    4884      16.3185        20.6126
    4885      16.3411        21.1567
    4886      16.3235        21.1159
    4887      16.2973        21.6010
    4888      16.2738        21.8211
    4889      16.2323        20.9136
    4890      16.3038        21.3313
    4891      16.3630        21.7103
    4892      16.3285        21.7806
    4893      16.2990        21.2698
    4894      16.3195        21.1436
    4895      16.3297        21.8944
    4896      16.2900        21.8873
    4897      16.3622        21.6628
    4898      16.3528        21.4175
    4899      16.3100        21.1857
    4900      16.3207        21.3473
    4901      16.2687        21.3535
    4902      16.3292        21.3848
    4903      16.2579        21.2660
    4904      16.2502        21.5150
    4905      16.2821        21.6755
    4906      16.3649        21.4013
    4907      16.3470        21.6153
    4908      16.2924        21.4229
    4909      16.3065        21.5627
    4910      16.2612        21.4250
    4911      16.2360        21.1171
    4912      16.3373        21.7604
    4913      16.3575        21.6811
    4914      16.3407        21.6548
    4915      16.2843        21.2443
    4916      16.2751        20.7581
    4917      16.2392        21.1528
    4918      16.2891        21.0384
    4919      16.2574        21.4732
    4920      16.2228        21.4854
    4921      16.3227        21.3724
    4922      16.3123        21.8642
    4923      16.3057        21.2240
    4924      16.3026        21.3457
    4925      16.2780        21.1395
    4926      16.3073        21.0946
    4927      16.3264        21.5044
    4928      16.3076        22.0224
    4929      16.2941        21.6182
    4930      16.2952        22.2229
    4931      16.3306        21.3586
    4932      16.2867        21.3847
    4933      16.2637        21.8159
    4934      16.3013        21.3460
    4935      16.3092        21.7832
    4936      16.3257        21.5442
    4937      16.3369        21.2731
    4938      16.3591        21.2175
    4939      16.3230        21.4091
    4940      16.3336        21.8374
    4941      16.3643        21.3378
    4942      16.3698        21.5276
    4943      16.2350        21.0220
    4944      16.2874        21.4823
    4945      16.3188        21.5868
    4946      16.2365        21.4529
    4947      16.3699        21.2911
    4948      16.3077        21.3566
    4949      16.3562        21.2122
    4950      16.3000        21.1192
    4951      16.3478        21.5015
    4952      16.3448        22.0674
    4953      16.3844        22.0164
    4954      16.3243        21.0908
    4955      16.3236        20.7772
    4956      16.3551        21.1074
    4957      16.3388        21.6941
    4958      16.2397        21.8039
    4959      16.3081        20.9944
    4960      16.2894        21.6355
    4961      16.2787        21.5086
    4962      16.2780        21.5063
    4963      16.3168        21.5856
    4964      16.3288        21.4813
    4965      16.3101        21.7734
    4966      16.2890        21.7742
    4967      16.3128        21.4083
    4968      16.2972        21.7952
    4969      16.2902        21.5531
    4970      16.2657        21.2083
    4971      16.3388        21.3069
    4972      16.2314        21.1981
    4973      16.2428        21.6621
    4974      16.2499        21.4732
    4975      16.2922        21.6317
    4976      16.1917        21.3176
    4977      16.2321        21.1400
    4978      16.2731        21.7576
    4979      16.2901        21.3466
    4980      16.2646        21.8913
    4981      16.2820        21.7269
    4982      16.2800        20.7729
    4983      16.2601        21.2187
    4984      16.2394        21.2881
    4985      16.3030        21.9729
    4986      16.3105        21.8105
    4987      16.2428        21.3354
    4988      16.2485        20.9754
    4989      16.2438        22.2533
    4990      16.2834        21.3365
    4991      16.2998        21.8262
    4992      16.2889        21.5474
    4993      16.3500        21.7899
    4994      16.2751        21.1531
    4995      16.3081        21.4551
    4996      16.3377        21.6313
    4997      16.2705        21.6884
    4998      16.2274        21.1061
    4999      16.2841        21.7467
    5000      16.3261        21.6012
    5001      16.2896        22.0997
    5002      16.2606        21.4919
    5003      16.2676        21.7998
    5004      16.2231        20.8683
    5005      16.2664        21.7186
    5006      16.2669        21.5341
    5007      16.2539        21.2041
    5008      16.2197        21.2519
    5009      16.1918        21.3774
    5010      16.1392        21.1236
    5011      16.2854        21.3033
    5012      16.2764        21.9164
    5013      16.2819        21.3250
    5014      16.2182        21.7563
    5015      16.2532        21.4786
    5016      16.2349        20.9892
    5017      16.1962        20.9048
    5018      16.1871        21.7049
    5019      16.2540        21.4294
    5020      16.2907        21.6059
    5021      16.1511        21.1417
    5022      16.2113        21.1111
    5023      16.2849        21.1345
    5024      16.2928        22.3674
    5025      16.2853        21.1785
    5026      16.2963        21.0921
    5027      16.3874        22.1297
    5028      16.3914        21.5803
    5029      16.2940        21.4851
    5030      16.3178        21.3860
    5031      16.2567        22.3352
    5032      16.3061        21.6753
    5033      16.2981        21.6544
    5034      16.2285        21.4307
    5035      16.2458        21.0126
    5036      16.2488        21.3115
    5037      16.2591        21.4003
    5038      16.2767        21.1009
    5039      16.2619        21.2728
    5040      16.2624        21.5277
    5041      16.3237        21.0781
    5042      16.2913        20.9328
    5043      16.2931        21.3619
    5044      16.2535        21.1798
    5045      16.3803        22.1630
    5046      16.2599        21.2322
    5047      16.2655        20.7841
    5048      16.2449        21.2054
    5049      16.2495        21.0836
    5050      16.2844        21.2030
    5051      16.2927        21.5697
    5052      16.2575        20.9450
    5053      16.2850        21.1401
    5054      16.3021        21.4141
    5055      16.3070        22.1207
    5056      16.3006        21.1338
    5057      16.2588        21.2431
    5058      16.2418        21.5964
    5059      16.3264        21.4484
    5060      16.3142        21.4950
    5061      16.3718        20.8348
    5062      16.2499        21.1330
    5063      16.3185        21.2568
    5064      16.2978        21.2357
    5065      16.2776        20.6722
    5066      16.3170        21.0243
    5067      16.2872        21.4745
    5068      16.3279        21.3986
    5069      16.3034        21.5302
    5070      16.3658        21.7643
    5071      16.2966        21.6697
    5072      16.3623        21.6428
    5073      16.2930        21.7730
    5074      16.3240        20.9835
    5075      16.3432        21.6152
    5076      16.3335        21.4834
    5077      16.3238        21.4677
    5078      16.3032        20.8003
    5079      16.2905        21.4878
    5080      16.3243        21.0320
    5081      16.3674        21.4422
    5082      16.2938        21.4652
    5083      16.3277        21.4125
    5084      16.2786        21.6616
    5085      16.2982        21.5358
    5086      16.3685        21.4389
    5087      16.2934        21.7386
    5088      16.3284        21.6699
    5089      16.3228        20.9073
    5090      16.3281        21.2667
    5091      16.2878        21.4713
    5092      16.3177        21.3890
    5093      16.2615        21.7686
    5094      16.2645        21.8316
    5095      16.2397        21.0677
    5096      16.3003        21.1622
    5097      16.2552        21.1290
    5098      16.2885        21.3604
    5099      16.2945        21.4201
    5100      16.2774        21.5000
    5101      16.3803        21.1365
    5102      16.2373        20.7108
    5103      16.2478        21.4601
    5104      16.2545        20.8583
    5105      16.3180        20.9088
    5106      16.2377        20.7670
    5107      16.2719        20.9086
    5108      16.2411        21.1217
    5109      16.3049        21.5433
    5110      16.2913        21.1417
    5111      16.2767        21.7527
    5112      16.3877        21.6288
    5113      16.3285        22.5191
    5114      16.2831        22.4846
    5115      16.2804        21.3764
    5116      16.3515        21.5865
    5117      16.3372        21.5322
    5118      16.3272        21.5619
    5119      16.3143        21.3909
    5120      16.3161        21.6643
    5121      16.2891        21.7589
    5122      16.2575        21.2437
    5123      16.2980        21.3231
    5124      16.2976        21.3192
    5125      16.4084        21.2133
    5126      16.2847        20.9560
    5127      16.3117        21.2494
    5128      16.2947        21.2062
    5129      16.2914        21.6205
    5130      16.3642        21.4462
    5131      16.3036        20.9400
    5132      16.3111        20.6833
    5133      16.2632        20.8866
    5134      16.3138        21.8714
    5135      16.2668        21.3158
    5136      16.2647        21.2924
    5137      16.3490        21.6105
    5138      16.3054        21.3169
    5139      16.2799        22.1587
    5140      16.2350        21.0248
    5141      16.2829        21.6039
    5142      16.2809        21.4295
    5143      16.3114        21.4339
    5144      16.2667        21.2757
    5145      16.2620        21.8954
    5146      16.3111        21.3485
    5147      16.3427        21.6135
    5148      16.3543        21.2928
    5149      16.2544        21.0401
    5150      16.2345        21.2412
    5151      16.2951        21.5457
    5152      16.2424        21.4710
    5153      16.3139        21.6558
    5154      16.2943        21.4118
    5155      16.2886        21.4592
    5156      16.2365        21.1213
    5157      16.3031        20.8605
    5158      16.2842        21.1484
    5159      16.2786        20.7272
    5160      16.2970        21.3095
    5161      16.3092        21.0276
    5162      16.2963        21.2541
    5163      16.2777        21.5969
    5164      16.2998        21.2325
    5165      16.2550        21.6516
    5166      16.3026        21.8448
    5167      16.2687        21.2535
    5168      16.2637        22.2094
    5169      16.3162        21.0443
    5170      16.2212        20.6949
    5171      16.2375        21.0707
    5172      16.3485        21.2793
    5173      16.2692        21.0596
    5174      16.3309        21.1741
    5175      16.2135        21.4233
    5176      16.3053        21.1729
    5177      16.3119        21.6894
    5178      16.3047        21.6918
    5179      16.2857        21.9676
    5180      16.2808        21.2565
    5181      16.3269        21.2151
    5182      16.3606        21.2799
    5183      16.2638        21.3244
    5184      16.2625        20.8939
    5185      16.3058        21.2031
    5186      16.3026        20.9874
    5187      16.2976        21.0310
    5188      16.3244        21.3389
    5189      16.3097        20.7873
    5190      16.3473        20.9857
    5191      16.3224        21.3427
    5192      16.3548        21.5163
    5193      16.3317        21.0989
    5194      16.3273        21.3413
    5195      16.3475        21.2790
    5196      16.3771        21.8539
    5197      16.4128        21.4813
    5198      16.3756        21.4847
    5199      16.3375        21.7316
    5200      16.3096        20.8429
    5201      16.3785        21.7579
    5202      16.3532        21.2754
    5203      16.3129        21.0558
    5204      16.3511        21.3022
    5205      16.4518        21.8737
    5206      16.3298        20.8886
    5207      16.3597        20.4775
    5208      16.2794        21.7751
    5209      16.2429        20.5934
    5210      16.2935        21.7782
    5211      16.2804        20.9720
    5212      16.2905        20.9856
    5213      16.2886        21.2669
    5214      16.2640        20.8648
    5215      16.3140        21.3861
    5216      16.2918        21.4388
    5217      16.2610        21.4367
    5218      16.3232        21.5112
    5219      16.2925        21.8309
    5220      16.2585        20.9717
    5221      16.2220        21.4010
    5222      16.2923        21.2634
    5223      16.2673        21.0206
    5224      16.2952        20.9242
    5225      16.3460        21.3845
    5226      16.2096        21.4851
    5227      16.2320        21.3421
    5228      16.3228        21.1652
    5229      16.2469        21.4388
    5230      16.2467        21.0040
    5231      16.1930        21.0525
    5232      16.1973        21.1109
    5233      16.2381        21.9299
    5234      16.2086        21.6505
    5235      16.2225        21.2544
    5236      16.2985        21.6494
    5237      16.2686        20.8892
    5238      16.2606        21.4485
    5239      16.2922        21.9964
    5240      16.2876        21.5189
    5241      16.2009        21.4952
    5242      16.2447        21.4080
    5243      16.3205        21.4106
    5244      16.3604        21.4486
    5245      16.2174        21.2261
    5246      16.2654        21.2445
    5247      16.2701        21.4138
    5248      16.2993        21.1270
    5249      16.3331        20.6896
    5250      16.2910        21.1509
    5251      16.2859        21.2281
    5252      16.3581        21.5037
    5253      16.3263        21.5524
    5254      16.3203        21.4379
    5255      16.2663        21.5005
    5256      16.3616        21.1700
    5257      16.3311        21.2848
    5258      16.3783        21.9277
    5259      16.3679        20.8706
    5260      16.3103        21.1726
    5261      16.3166        21.1881
    5262      16.3272        21.4533
    5263      16.3444        21.2709
    5264      16.3444        21.7364
    5265      16.3274        21.5600
    5266      16.3056        20.8217
    5267      16.3858        21.3621
    5268      16.3404        21.7016
    5269      16.2910        21.2183
    5270      16.3092        21.1645
    5271      16.3460        21.2000
    5272      16.3155        21.4584
    5273      16.3185        21.0895
    5274      16.3326        21.1395
    5275      16.2986        20.9810
    5276      16.2973        20.8045
    5277      16.2710        21.0877
    5278      16.3500        20.8212
    5279      16.3357        20.7119
    5280      16.2180        20.2790
    5281      16.2405        20.7291
    5282      16.3332        20.7975
    5283      16.2730        20.7235
    5284      16.3347        21.1155
    5285      16.3046        19.9372
    5286      16.3257        20.5231
    5287      16.2608        20.7527
    5288      16.2538        21.3380
    5289      16.2672        20.9456
    5290      16.3157        21.1408
    5291      16.2667        21.1539
    5292      16.2732        21.2580
    5293      16.2501        21.2218
    5294      16.2516        20.7360
    5295      16.3665        20.8164
    5296      16.2566        20.9148
    5297      16.2855        20.7335
    5298      16.3674        21.1570
    5299      16.2310        21.2124
    5300      16.3094        20.9321
    5301      16.2110        20.9035
    5302      16.3201        20.6295
    5303      16.3676        20.6473
    5304      16.3026        21.6090
    5305      16.2838        21.1365
    5306      16.3267        21.1064
    5307      16.2850        21.2886
    5308      16.3208        21.0832
    5309      16.3170        21.4916
    5310      16.3035        22.0223
    5311      16.3139        21.3896
    5312      16.3953        21.2890
    5313      16.3093        22.2157
    5314      16.2767        20.8335
    5315      16.3173        21.3056
    5316      16.3034        21.1010
    5317      16.3570        21.0550
    5318      16.3345        21.6090
    5319      16.3215        21.4036
    5320      16.3329        21.9385
    5321      16.3235        21.5312
    5322      16.3548        21.8841
    5323      16.3587        22.0072
    5324      16.2567        21.5926
    5325      16.3082        22.0336
    5326      16.3503        21.5173
    5327      16.2710        21.4010
    5328      16.3110        21.8107
    5329      16.3210        21.6627
    5330      16.3024        21.9163
    5331      16.2966        21.2918
    5332      16.3348        21.6774
    5333      16.3643        21.7506
    5334      16.3969        21.6459
    5335      16.3431        21.2626
    5336      16.2644        21.5970
    5337      16.2640        21.2629
    5338      16.3344        21.4630
    5339      16.2855        21.4624
    5340      16.4099        20.9873
    5341      16.4001        22.2697
    5342      16.3539        20.7966
    5343      16.3359        20.7301
    5344      16.3353        21.1636
    5345      16.3326        20.9886
    5346      16.3633        21.0160
    5347      16.3130        21.3772
    5348      16.3491        21.6116
    5349      16.3049        21.3324
    5350      16.2644        21.0762
    5351      16.2684        21.4474
    5352      16.2699        21.3217
    5353      16.2373        20.7125
    5354      16.2927        20.9784
    5355      16.3046        21.2903
    5356      16.2661        21.2196
    5357      16.2582        20.8661
    5358      16.2929        21.6460
    5359      16.3496        21.8733
    5360      16.4031        21.3502
    5361      16.3315        21.2228
    5362      16.3661        22.0966
    5363      16.3296        20.8376
    5364      16.3230        21.3421
    5365      16.3032        21.1476
    5366      16.2935        20.9695
    5367      16.2313        20.8599
    5368      16.3156        21.3726
    5369      16.4121        21.6931
    5370      16.3273        22.3000
    5371      16.3858        21.8038
    5372      16.3307        21.3978
    5373      16.3348        20.7408
    5374      16.3330        21.3012
    5375      16.2662        21.3536
    5376      16.2904        22.0830
    5377      16.3057        21.2870
    5378      16.3395        21.7842
    5379      16.2933        21.0624
    5380      16.3518        20.9911
    5381      16.3247        21.1714
    5382      16.3078        20.7794
    5383      16.3103        21.3889
    5384      16.2735        21.7545
    5385      16.2254        20.7726
    5386      16.2494        21.1282
    5387      16.2950        21.3749
    5388      16.2968        21.0312
    5389      16.2697        21.2429
    5390      16.2808        21.3931
    5391      16.3401        20.7023
    5392      16.3033        20.9995
    5393      16.2151        21.1919
    5394      16.3652        21.6998
    5395      16.2998        21.7608
    5396      16.3527        21.5223
    5397      16.3774        21.2371
    5398      16.3302        22.1133
    5399      16.3374        21.3616
    5400      16.2825        21.0467
    5401      16.2824        21.0248
    5402      16.2813        21.3057
    5403      16.3214        21.7104
    5404      16.4139        22.2356
    5405      16.3392        22.1322
    5406      16.3117        21.7016
    5407      16.2762        21.6765
    5408      16.3916        21.0557
    5409      16.3394        22.1342
    5410      16.3115        21.2833
    5411      16.3243        21.3280
    5412      16.3939        22.2081
    5413      16.3416        21.5473
    5414      16.3484        21.7149
    5415      16.3063        21.5930
    5416      16.3916        23.7345
    5417      16.2996        22.6493
    5418      16.2877        22.6515
    5419      16.3431        22.1181
    5420      16.3349        21.3945
    5421      16.2932        20.8918
    5422      16.2679        20.9949
    5423      16.2297        21.0351
    5424      16.2591        20.7590
    5425      16.2907        20.8363
    5426      16.2383        21.1026
    5427      16.2491        21.3561
    5428      16.2925        21.1110
    5429      16.2752        21.4547
    5430      16.3043        21.0862
    5431      16.3124        21.6759
    5432      16.2598        20.9202
    5433      16.3434        21.7986
    5434      16.2697        21.5279
    5435      16.3574        21.4833
    5436      16.3523        21.3351
    5437      16.2709        21.3097
    5438      16.2375        21.1710
    5439      16.2933        21.0896
    5440      16.3130        20.6747
    5441      16.3185        20.9169
    5442      16.2744        21.4387
    5443      16.2474        21.1113
    5444      16.3273        21.5979
    5445      16.3294        20.9303
    5446      16.2940        20.6971
    5447      16.2935        21.7250
    5448      16.3437        21.3645
    5449      16.3610        22.1738
    5450      16.3155        21.2843
    5451      16.3628        21.2100
    5452      16.3448        22.7119
    5453      16.2915        21.0602
    5454      16.3036        21.8354
    5455      16.2723        21.5845
    5456      16.2238        21.5102
    5457      16.2431        20.9217
    5458      16.1782        20.9775
    5459      16.3173        21.3380
    5460      16.3469        21.5017
    5461      16.3028        21.0362
    5462      16.3127        21.5614
    5463      16.3173        21.2945
    5464      16.2436        21.3091
    5465      16.2481        21.3470
    5466      16.3121        21.1393
    5467      16.2932        21.8195
    5468      16.2904        21.5598
    5469      16.3269        21.5929
    5470      16.3582        21.4050
    5471      16.2754        21.1741
    5472      16.3264        21.5329
    5473      16.3383        21.7319
    5474      16.3250        21.6796
    5475      16.3264        21.6010
    5476      16.3239        21.1676
    5477      16.3378        21.2454
    5478      16.3466        21.0948
    5479      16.3548        21.3240
    5480      16.3500        22.7024
    5481      16.3825        21.8690
    5482      16.3209        21.2843
    5483      16.2649        20.7143
    5484      16.2846        21.4855
    5485      16.3565        21.5031
    5486      16.3776        21.4799
    5487      16.2824        20.7473
    5488      16.2444        20.6319
    5489      16.2531        21.6852
    5490      16.2914        21.2729
    5491      16.3282        21.3591
    5492      16.2602        21.1181
    5493      16.2531        21.1344
    5494      16.2382        20.9729
    5495      16.2945        21.1284
    5496      16.3292        21.4642
    5497      16.3355        21.4138
    5498      16.2416        22.3735
    5499      16.3184        21.9395
    5500      16.3466        22.7846
    5501      16.2965        21.5501
    5502      16.3069        20.9534
    5503      16.2777        21.6782
    5504      16.3749        21.1645
    5505      16.3314        21.1448
    5506      16.2725        21.8604
    5507      16.2770        21.3691
    5508      16.2926        21.0017
    5509      16.3102        21.8136
    5510      16.3073        21.0608
    5511      16.2447        21.2498
    5512      16.3090        21.5196
    5513      16.3254        21.3676
    5514      16.2998        21.5830
    5515      16.3075        21.6246
    5516      16.3247        21.6586
    5517      16.2692        21.8990
    5518      16.2985        22.5848
    5519      16.3268        22.4020
    5520      16.3158        22.2953
    5521      16.2638        22.6074
    5522      16.2454        22.5412
    5523      16.2838        22.3310
    5524      16.2289        22.5195
    5525      16.2278        21.0096
    5526      16.1956        21.3903
    5527      16.2569        21.7822
    5528      16.2416        22.2078
    5529      16.2291        21.1063
    5530      16.3210        21.3376
    5531      16.2930        21.6492
    5532      16.2746        21.4001
    5533      16.2431        22.0810
    5534      16.2517        21.3898
    5535      16.2732        21.7407
    5536      16.2327        21.0211
    5537      16.1449        20.5866
    5538      16.1941        21.5373
    5539      16.2316        21.1751
    5540      16.2498        21.8321
    5541      16.2243        21.6016
    5542      16.3751        21.7312
    5543      16.2876        21.1989
    5544      16.2583        21.4920
    5545      16.2470        21.3624
    5546      16.2797        20.9333
    5547      16.3798        21.4406
    5548      16.2845        21.6158
    5549      16.2153        21.2320
    5550      16.2798        21.4306
    5551      16.2243        21.5618
    5552      16.2199        21.1119
    5553      16.2839        21.5796
    5554      16.2986        20.9730
    5555      16.3068        21.0184
    5556      16.2740        21.1649
    5557      16.3085        21.5499
    5558      16.2885        21.2800
    5559      16.2669        21.6220
    5560      16.3133        21.5367
    5561      16.2708        21.1427
    5562      16.2882        21.9935
    5563      16.2519        22.2105
    5564      16.2443        22.0932
    5565      16.2741        22.4195
    5566      16.1922        21.9519
    5567      16.2742        21.5906
    5568      16.2013        21.2786
    5569      16.2794        21.3475
    5570      16.2901        21.2158
    5571      16.3263        21.6638
    5572      16.2649        21.6978
    5573      16.2233        20.7124
    5574      16.2742        20.7723
    5575      16.2387        21.1965
    5576      16.2179        20.9206
    5577      16.3284        21.3476
    5578      16.3136        20.9787
    5579      16.2881        20.8612
    5580      16.3383        21.7474
    5581      16.2632        21.3721
    5582      16.3091        21.1505
    5583      16.3380        22.1031
    5584      16.3357        21.2256
    5585      16.2784        21.0225
    5586      16.2404        21.5053
    5587      16.3083        21.0049
    5588      16.2895        21.6009
    5589      16.2691        21.5569
    5590      16.2603        21.3218
    5591      16.2664        21.5568
    5592      16.3392        21.6878
    5593      16.2636        21.1739
    5594      16.3278        21.4427
    5595      16.3161        21.1034
    5596      16.3534        23.3752
    5597      16.3437        23.4416
    5598      16.3616        22.9163
    5599      16.2606        22.1942
    5600      16.3144        21.3191
    5601      16.2953        21.6128
    5602      16.3101        21.3739
    5603      16.2410        21.5934
    5604      16.3474        21.7295
    5605      16.3485        21.4019
    5606      16.2614        21.4323
    5607      16.3285        21.4517
    5608      16.3050        21.1634
    5609      16.3009        20.9551
    5610      16.3472        21.6374
    5611      16.2432        21.3435
    5612      16.3539        21.4330
    5613      16.2798        21.2400
    5614      16.3779        21.0696
    5615      16.3136        21.4041
    5616      16.2998        21.3324
    5617      16.3708        21.4087
    5618      16.3206        21.2655
    5619      16.2514        21.3228
    5620      16.3652        22.0797
    5621      16.3009        20.9567
    5622      16.3300        21.1942
    5623      16.3309        21.1578
    5624      16.2963        20.8291
    5625      16.2877        20.4894
    5626      16.2683        20.7804
    5627      16.3092        20.5676
    5628      16.2730        20.8840
    5629      16.2684        21.1949
    5630      16.2375        21.2739
    5631      16.2972        21.1073
    5632      16.2282        20.7374
    5633      16.3205        22.0192
    5634      16.3566        21.1115
    5635      16.3062        21.1784
    5636      16.2906        21.5236
    5637      16.2581        20.7173
    5638      16.2799        21.3903
    5639      16.2676        21.5050
    5640      16.2515        21.8970
    5641      16.2497        20.9513
    5642      16.2535        21.0260
    5643      16.3472        21.5806
    5644      16.3236        21.2801
    5645      16.3071        21.2285
    5646      16.2805        22.1058
    5647      16.2461        20.6695
    5648      16.3197        21.1808
    5649      16.2824        21.2950
    5650      16.3355        21.6529
    5651      16.2561        21.3147
    5652      16.2939        20.9748
    5653      16.3246        21.0929
    5654      16.2738        21.3553
    5655      16.2982        21.1010
    5656      16.2441        21.2071
    5657      16.3232        21.4602
    5658      16.2546        21.2405
    5659      16.2920        21.1958
    5660      16.2985        21.5127
    5661      16.2622        21.0628
    5662      16.2604        21.5329
    5663      16.3039        21.2057
    5664      16.3304        21.3225
    5665      16.2962        21.9001
    5666      16.2617        22.0059
    5667      16.3037        21.7302
    5668      16.3540        21.4395
    5669      16.3274        21.2948
    5670      16.3607        21.0409
    5671      16.3028        20.7385
    5672      16.2352        21.6715
    5673      16.3234        21.3558
    5674      16.3186        21.3150
    5675      16.2986        21.1419
    5676      16.2905        20.9493
    5677      16.2727        21.0358
    5678      16.3108        21.2225
    5679      16.2989        21.2002
    5680      16.2934        21.8935
    5681      16.3433        21.2381
    5682      16.3538        21.4494
    5683      16.2996        21.3852
    5684      16.3026        21.6119
    5685      16.2599        21.1325
    5686      16.2643        20.9243
    5687      16.3259        21.5927
    5688      16.2632        21.1377
    5689      16.3115        20.9578
    5690      16.1833        21.4049
    5691      16.3504        21.5133
    5692      16.2777        21.5010
    5693      16.3149        21.5773
    5694      16.4118        21.2832
    5695      16.3729        21.5272
    5696      16.3143        21.0559
    5697      16.2685        21.4653
    5698      16.2788        21.1736
    5699      16.2446        20.9314
    5700      16.2623        20.7684
    5701      16.3132        21.3172
    5702      16.3195        21.1650
    5703      16.2752        22.5702
    5704      16.3140        21.3459
    5705      16.3229        20.8324
    5706      16.3427        21.2939
    5707      16.2995        21.3496
    5708      16.3612        21.0967
    5709      16.2569        20.9754
    5710      16.3928        21.6829
    5711      16.4016        21.6263
    5712      16.4518        20.9004
    5713      16.4440        21.4978
    5714      16.3921        21.6437
    5715      16.4074        21.4979
    5716      16.3955        21.4537
    5717      16.3315        20.9306
    5718      16.3515        20.5800
    5719      16.4555        21.4762
    5720      16.2961        21.4643
    5721      16.3758        21.2184
    5722      16.3986        21.1660
    5723      16.3837        22.1096
    5724      16.3527        23.1292
    5725      16.3859        22.0796
    5726      16.3420        22.7898
    5727      16.3285        21.5066
    5728      16.3491        21.6897
    5729      16.3486        21.4203
    5730      16.3491        21.1417
    5731      16.3086        21.5849
    5732      16.3069        21.2410
    5733      16.3681        21.6213
    5734      16.4181        21.4852
    5735      16.3756        21.8600
    5736      16.3378        21.8617
    5737      16.3523        21.4432
    5738      16.3127        21.1706
    5739      16.3235        21.4770
    5740      16.3972        21.4131
    5741      16.3380        21.0851
    5742      16.2787        21.2899
    5743      16.3505        21.4894
    5744      16.3477        21.4461
    5745      16.2926        20.8323
    5746      16.3113        21.0581
    5747      16.3421        20.8271
    5748      16.3300        21.6330
    5749      16.3066        20.9846
    5750      16.2836        21.0032
    5751      16.2791        21.3408
    5752      16.2791        21.2247
    5753      16.2821        20.8548
    5754      16.3837        20.9154
    5755      16.3450        21.7236
    5756      16.2958        20.9470
    5757      16.2891        20.8322
    5758      16.2887        20.9177
    5759      16.3363        21.5829
    5760      16.4120        21.1018
    5761      16.3642        21.1859
    5762      16.3219        21.0893
    5763      16.3656        21.1754
    5764      16.3620        21.6168
    5765      16.3478        21.9250
    5766      16.2966        21.3175
    5767      16.3396        21.2536
    5768      16.2730        21.0577
    5769      16.3478        21.6059
    5770      16.3295        21.2314
    5771      16.2364        21.8069
    5772      16.3364        21.0284
    5773      16.2867        21.7496
    5774      16.3071        21.1273
    5775      16.3545        21.3428
    5776      16.3784        21.3006
    5777      16.3365        21.5109
    5778      16.2910        21.0224
    5779      16.3768        21.3754
    5780      16.3645        21.3868
    5781      16.3588        21.3295
    5782      16.3018        21.3399
    5783      16.3823        21.8371
    5784      16.3537        21.2530
    5785      16.3440        21.0951
    5786      16.3873        21.0144
    5787      16.3800        20.5807
    5788      16.3488        21.2021
    5789      16.4021        21.6083
    5790      16.3739        20.5248
    5791      16.3522        21.2647
    5792      16.3426        21.0172
    5793      16.4635        21.0201
    5794      16.4207        21.5638
    5795      16.2997        21.6337
    5796      16.4175        23.7148
    5797      16.3419        23.1878
    5798      16.3641        22.9969
    5799      16.3036        21.1974
    5800      16.3330        21.4999
    5801      16.4434        22.9458
    5802      16.3534        22.9367
    5803      16.3373        21.7329
    5804      16.3392        21.7486
    5805      16.3346        22.2575
    5806      16.3048        22.5110
    5807      16.3649        21.8915
    5808      16.3201        22.4378
    5809      16.3163        22.4701
    5810      16.3046        22.9340
    5811      16.2908        22.4792
    5812      16.3665        22.3717
    5813      16.2683        22.2787
    5814      16.3486        22.7115
    5815      16.2577        22.3256
    5816      16.3227        22.6753
    5817      16.2853        22.2548
    5818      16.2965        21.0763
    5819      16.3502        21.7641
    5820      16.2757        20.7627
    5821      16.3019        21.4261
    5822      16.2910        21.4226
    5823      16.3116        21.2834
    5824      16.2804        20.7730
    5825      16.2593        21.5028
    5826      16.3300        21.8494
    5827      16.3543        21.4445
    5828      16.3356        21.1549
    5829      16.3007        21.7575
    5830      16.3309        21.3438
    5831      16.2592        21.2292
    5832      16.2593        21.1625
    5833      16.2833        21.4479
    5834      16.2565        21.4771
    5835      16.2377        21.1771
    5836      16.2329        21.2994
    5837      16.3008        21.7466
    5838      16.3204        20.9703
    5839      16.2613        21.3020
    5840      16.2365        20.8149
    5841      16.3094        21.4028
    5842      16.3133        21.3251
    5843      16.3127        21.2676
    5844      16.2765        21.6520
    5845      16.3290        21.3495
    5846      16.3198        21.5924
    5847      16.3407        21.9660
    5848      16.3690        21.2590
    5849      16.3272        21.7342
    5850      16.2616        21.3588
    5851      16.3140        21.5044
    5852      16.2708        21.1103
    5853      16.2847        21.4695
    5854      16.2802        21.3273
    5855      16.2340        21.1219
    5856      16.3417        20.8554
    5857      16.3045        21.1657
    5858      16.2351        21.0257
    5859      16.2589        21.0830
    5860      16.2695        20.9911
    5861      16.3530        21.3446
    5862      16.3109        21.4170
    5863      16.3673        21.5457
    5864      16.3481        21.1250
    5865      16.3877        21.3970
    5866      16.3012        21.4444
    5867      16.2870        21.2405
    5868      16.3104        21.2037
    5869      16.2759        21.5103
    5870      16.3431        21.5645
    5871      16.3255        20.8753
    5872      16.3065        21.3984
    5873      16.2788        21.3656
    5874      16.3496        21.4597
    5875      16.3448        21.4707
    5876      16.3539        21.9135
    5877      16.3370        21.5483
    5878      16.3337        21.5309
    5879      16.3705        21.4174
    5880      16.3545        21.7816
    5881      16.3032        21.2137
    5882      16.3886        21.2226
    5883      16.4082        21.8359
    5884      16.3863        21.7567
    5885      16.3721        20.9265
    5886      16.3385        21.4780
    5887      16.2990        21.0111
    5888      16.3783        21.5597
    5889      16.4122        21.5897
    5890      16.4073        21.1692
    5891      16.3940        21.1590
    5892      16.4485        22.5552
    5893      16.3539        20.9204
    5894      16.3484        21.3304
    5895      16.3459        20.8733
    5896      16.3498        21.3079
    5897      16.4071        21.2282
    5898      16.3683        21.3956
    5899      16.4054        21.5865
    5900      16.2939        21.1630
    5901      16.2863        21.0112
    5902      16.3291        20.8837
    5903      16.3734        22.4029
    5904      16.3718        21.6584
    5905      16.3522        21.4094
    5906      16.2838        21.5028
    5907      16.3526        21.7669
    5908      16.3144        22.1699
    5909      16.3329        23.0129
    5910      16.2786        22.9663
    5911      16.2080        21.2346
    5912      16.2759        21.3590
    5913      16.3226        22.4724
    5914      16.3116        21.9006
    5915      16.2925        21.3729
    5916      16.2760        21.8367
    5917      16.3352        21.4828
    5918      16.2097        20.8235
    5919      16.2640        21.4347
    5920      16.3606        21.6420
    5921      16.2525        21.0036
    5922      16.3249        22.2691
    5923      16.3004        22.9063
    5924      16.3716        21.7088
    5925      16.3437        21.5639
    5926      16.2965        22.2335
    5927      16.3284        23.0338
    5928      16.3018        23.3400
    5929      16.3122        22.1431
    5930      16.2554        22.4875
    5931      16.3456        23.3710
    5932      16.3369        21.6519
    5933      16.3836        22.6888
    5934      16.3799        22.5673
    5935      16.3430        22.7647
    5936      16.3542        22.7123
    5937      16.3635        22.2206
    5938      16.3258        22.2330
    5939      16.3720        22.2129
    5940      16.3326        22.3373
    5941      16.3303        21.6917
    5942      16.3715        22.5728
    5943      16.3686        22.7014
    5944      16.3776        21.3899
    5945      16.2856        21.8467
    5946      16.3552        22.2177
    5947      16.3751        22.5468
    5948      16.3981        22.3735
    5949      16.3334        21.9285
    5950      16.4050        21.0386
    5951      16.3997        21.5467
    5952      16.3564        21.4589
    5953      16.3252        21.5161
    5954      16.3566        21.3556
    5955      16.3117        21.8142
    5956      16.3848        21.8254
    5957      16.3057        21.4777
    5958      16.3684        21.3620
    5959      16.4311        21.9998
    5960      16.4026        21.4697
    5961      16.3202        20.9219
    5962      16.3735        21.5952
    5963      16.4110        22.1218
    5964      16.3740        21.6947
    5965      16.3416        22.4133
    5966      16.3909        22.2151
    5967      16.3386        22.0078
    5968      16.4191        22.1700
    5969      16.3231        21.4879
    5970      16.3865        21.4460
    5971      16.4535        22.0922
    5972      16.3172        21.8631
    5973      16.3622        21.2318
    5974      16.3705        21.7362
    5975      16.3722        21.8352
    5976      16.4518        21.6783
    5977      16.3635        21.1828
    5978      16.3765        22.2140
    5979      16.3410        21.7851
    5980      16.3978        22.3540
    5981      16.3636        22.8258
    5982      16.3620        22.2843
    5983      16.3343        21.8088
    5984      16.3268        22.0897
    5985      16.3984        21.9490
    5986      16.3295        21.4655
    5987      16.2928        22.2012
    5988      16.4044        21.2403
    5989      16.2842        21.7705
    5990      16.2627        21.9710
    5991      16.3087        22.1314
    5992      16.2978        21.8311
    5993      16.4271        23.0393
    5994      16.3376        21.6135
    5995      16.3665        21.7988
    5996      16.3770        21.2066
    5997      16.3410        21.3844
    5998      16.3454        21.9038
    5999      16.3502        21.9957
    6000      16.4108        21.3436
    6001      16.3514        21.2127
    6002      16.3965        22.1687
    6003      16.3704        21.5774
    6004      16.3259        21.6254
    6005      16.3150        21.6217
    6006      16.4195        21.5299
    6007      16.3323        21.8301
    6008      16.4171        21.6281
    6009      16.3524        21.4749
    6010      16.3443        21.3217
    6011      16.4525        21.3943
    6012      16.2613        21.2310
    6013      16.3308        21.8797
    6014      16.3234        21.6006
    6015      16.3866        21.8951
    6016      16.3899        22.2973
    6017      16.4088        22.0231
    6018      16.3977        22.1081
    6019      16.4385        21.6740
    6020      16.4381        21.5082
    6021      16.3745        20.8928
    6022      16.4238        22.2921
    6023      16.4000        21.7996
    6024      16.3851        22.6852
    6025      16.4192        22.0881
    6026      16.4000        23.2959
    6027      16.4040        22.4372
    6028      16.3760        21.9456
    6029      16.3427        20.9323
    6030      16.3910        21.6518
    6031      16.3600        21.0685
    6032      16.3961        21.1168
    6033      16.3310        21.3890
    6034      16.3291        21.2111
    6035      16.3420        21.3087
    6036      16.3147        21.2425
    6037      16.3405        21.2335
    6038      16.4038        21.6008
    6039      16.4218        21.1341
    6040      16.3778        21.1253
    6041      16.3526        21.3802
    6042      16.3543        21.2361
    6043      16.3352        21.4856
    6044      16.4083        22.1981
    6045      16.3429        21.4903
    6046      16.3413        21.5959
    6047      16.4232        21.3967
    6048      16.3202        22.1205
    6049      16.4085        22.5284
    6050      16.3088        22.4775
    6051      16.4141        21.2564
    6052      16.3445        21.3735
    6053      16.4030        21.2911
    6054      16.4513        21.9311
    6055      16.3315        21.2840
    6056      16.2953        20.9032
    6057      16.2914        21.4030
    6058      16.2901        21.2468
    6059      16.3045        21.3323
    6060      16.3908        21.3477
    6061      16.4144        21.4904
    6062      16.3412        21.1355
    6063      16.4247        21.7011
    6064      16.3886        21.0195
    6065      16.4041        21.2237
    6066      16.3749        21.2907
    6067      16.3430        20.8137
    6068      16.3662        21.3535
    6069      16.3546        21.1993
    6070      16.4241        21.3052
    6071      16.3567        20.9452
    6072      16.2664        21.9163
    6073      16.2849        21.0904
    6074      16.3290        21.3386
    6075      16.3034        21.7443
    6076      16.2551        21.3150
    6077      16.2803        21.2984
    6078      16.3208        21.7524
    6079      16.3679        21.3383
    6080      16.3331        20.5456
    6081      16.3400        21.4559
    6082      16.3879        20.9042
    6083      16.2826        21.1509
    6084      16.3481        21.4693
    6085      16.3260        22.1168
    6086      16.3417        22.2608
    6087      16.4725        21.7503
    6088      16.3730        20.8897
    6089      16.3463        21.7041
    6090      16.3500        21.3592
    6091      16.3638        21.7020
    6092      16.3003        21.1404
    6093      16.3288        21.0860
    6094      16.3186        21.2017
    6095      16.3759        21.2420
    6096      16.2691        21.0828
    6097      16.2736        21.7448
    6098      16.2747        21.1296
    6099      16.3455        22.0510
    6100      16.3649        21.5343
    6101      16.3191        21.4277
    6102      16.3352        21.5171
    6103      16.3509        21.6425
    6104      16.3975        21.8840
    6105      16.4049        21.5801
    6106      16.4204        21.4720
    6107      16.3332        21.2384
    6108      16.3812        21.6683
    6109      16.4058        22.1936
    6110      16.3432        21.7237
    6111      16.3435        21.3294
    6112      16.3160        21.7253
    6113      16.3661        21.3632
    6114      16.3939        21.5014
    6115      16.3614        21.5583
    6116      16.3890        21.8930
    6117      16.3614        21.2682
    6118      16.3862        21.3591
    6119      16.3116        20.8661
    6120      16.3764        21.1953
    6121      16.3161        21.3630
    6122      16.3807        21.8831
    6123      16.3909        21.5509
    6124      16.3006        22.0840
    6125      16.3574        21.8029
    6126      16.3464        22.3317
    6127      16.3819        22.0494
    6128      16.3226        20.9030
    6129      16.2857        21.5703
    6130      16.3308        22.2448
    6131      16.3658        22.2913
    6132      16.3665        21.9688
    6133      16.3562        21.3910
    6134      16.3215        22.2644
    6135      16.2797        21.9958
    6136      16.3423        22.0815
    6137      16.3062        21.3609
    6138      16.3934        21.6099
    6139      16.3471        21.9913
    6140      16.4007        22.0231
    6141      16.4690        22.0715
    6142      16.4509        22.4418
    6143      16.3374        21.6409
    6144      16.3852        22.1919
    6145      16.3586        21.5804
    6146      16.2885        21.3588
    6147      16.3323        21.3959
    6148      16.3903        21.1966
    6149      16.4476        21.5561
    6150      16.4116        21.8316
    6151      16.3264        21.7038
    6152      16.3269        21.9042
    6153      16.3248        22.3107
    6154      16.3220        21.6213
    6155      16.3793        21.6118
    6156      16.3712        22.0725
    6157      16.3396        21.7116
    6158      16.3357        21.4559
    6159      16.3459        21.8174
    6160      16.2845        21.8596
    6161      16.3522        21.8254
    6162      16.3044        21.8224
    6163      16.3956        21.5443
    6164      16.2664        21.4279
    6165      16.2671        21.0190
    6166      16.3046        21.0633
    6167      16.3074        21.0775
    6168      16.3013        21.0628
    6169      16.3255        21.5525
    6170      16.3051        21.3264
    6171      16.2809        20.9138
    6172      16.3084        21.4171
    6173      16.2345        21.4707
    6174      16.3400        21.6723
    6175      16.3239        21.2714
    6176      16.3903        21.4723
    6177      16.3084        20.9487
    6178      16.3150        20.7067
    6179      16.3991        21.7222
    6180      16.3660        21.1296
    6181      16.3791        20.9007
    6182      16.3516        20.8343
    6183      16.3703        21.1227
    6184      16.3414        21.2727
    6185      16.3547        20.9155
    6186      16.2971        21.2872
    6187      16.3579        21.8279
    6188      16.2669        21.6664
    6189      16.3118        21.6370
    6190      16.3973        21.7183
    6191      16.3290        21.6792
    6192      16.3033        21.3599
    6193      16.2770        21.0817
    6194      16.2939        20.8514
    6195      16.3227        21.2580
    6196      16.2960        20.8243
    6197      16.2608        20.7780
    6198      16.3050        21.4924
    6199      16.2965        20.9261
    6200      16.3661        21.6205
    6201      16.3447        21.8333
    6202      16.4152        22.3967
    6203      16.4056        22.3055
    6204      16.3494        21.1341
    6205      16.3121        21.0919
    6206      16.4012        21.6601
    6207      16.3956        21.3951
    6208      16.4294        22.0516
    6209      16.3839        21.4112
    6210      16.3393        21.1443
    6211      16.3288        21.4083
    6212      16.2487        21.0867
    6213      16.2955        21.3075
    6214      16.2660        21.0063
    6215      16.3003        21.2008
    6216      16.3492        21.6988
    6217      16.3659        21.3780
    6218      16.3641        21.1005
    6219      16.3860        21.5860
    6220      16.2562        21.1302
    6221      16.2135        21.1002
    6222      16.2229        21.7148
    6223      16.3058        21.9125
    6224      16.2651        20.6789
    6225      16.2859        20.9146
    6226      16.2768        21.5667
    6227      16.2783        21.6913
    6228      16.2883        21.5463
    6229      16.2791        21.4103
    6230      16.2180        20.7326
    6231      16.3469        22.0635
    6232      16.3288        21.0848
    6233      16.3313        21.3004
    6234      16.3372        21.3731
    6235      16.2552        20.9208
    6236      16.2575        20.7371
    6237      16.2179        21.3849
    6238      16.2309        21.5673
    6239      16.2635        21.4045
    6240      16.2747        21.4504
    6241      16.2319        20.9878
    6242      16.2791        21.4517
    6243      16.3370        21.6632
    6244      16.2767        20.9148
    6245      16.2633        20.8564
    6246      16.2675        21.3735
    6247      16.3578        21.1476
    6248      16.2580        21.0259
    6249      16.2645        20.8362
    6250      16.2679        21.2106
    6251      16.3656        21.6758
    6252      16.2801        21.0404
    6253      16.3133        21.9801
    6254      16.3251        21.5624
    6255      16.3216        21.5258
    6256      16.3675        21.5032
    6257      16.2897        20.6933
    6258      16.3315        21.4060
    6259      16.3515        21.3854
    6260      16.2953        20.8828
    6261      16.3041        21.0460
    6262      16.3218        20.8440
    6263      16.3707        21.4393
    6264      16.3875        21.3754
    6265      16.3947        21.8550
    6266      16.3546        21.6706
    6267      16.3382        21.5741
    6268      16.2487        21.5075
    6269      16.3622        21.9191
    6270      16.3341        21.7306
    6271      16.3606        21.4900
    6272      16.3508        21.3731
    6273      16.3344        20.7427
    6274      16.3583        22.1762
    6275      16.2760        21.5461
    6276      16.3790        21.5600
    6277      16.3455        21.2110
    6278      16.3442        22.8039
    6279      16.3855        23.0921
    6280      16.3656        21.6196
    6281      16.3003        20.9573
    6282      16.3553        21.0398
    6283      16.3567        21.5188
    6284      16.3435        21.7334
    6285      16.3524        22.3282
    6286      16.3528        21.4791
    6287      16.3389        21.0630
    6288      16.3058        21.3110
    6289      16.2736        21.2237
    6290      16.3085        21.0491
    6291      16.3187        20.8904
    6292      16.3515        21.0201
    6293      16.2787        21.9468
    6294      16.3146        21.1345
    6295      16.2531        20.8355
    6296      16.1976        21.2262
    6297      16.2816        21.3290
    6298      16.2983        22.0671
    6299      16.2893        21.4857
    6300      16.2379        21.5699
    6301      16.2656        21.4843
    6302      16.3002        21.3601
    6303      16.2313        21.5252
    6304      16.2761        21.4016
    6305      16.1624        21.0739
    6306      16.2230        20.8809
    6307      16.2456        21.1682
    6308      16.2508        21.0604
    6309      16.1958        21.3479
    6310      16.2071        21.2065
    6311      16.1921        21.4579
    6312      16.1705        20.7620
    6313      16.2772        21.0694
    6314      16.2118        20.9834
    6315      16.1717        21.4833
    6316      16.2311        21.1035
    6317      16.1793        21.4440
    6318      16.2859        21.1825
    6319      16.2471        20.8934
    6320      16.2655        21.3553
    6321      16.2939        20.9458
    6322      16.2900        21.6489
    6323      16.2325        21.7961
    6324      16.2503        21.6267
    6325      16.3665        21.7478
    6326      16.3160        21.1729
    6327      16.2503        21.6499
    6328      16.2760        21.4869
    6329      16.3226        21.2143
    6330      16.3284        21.3055
    6331      16.3095        21.7930
    6332      16.2717        21.0935
    6333      16.2675        21.0289
    6334      16.2680        21.0093
    6335      16.2755        20.8189
    6336      16.2748        21.3205
    6337      16.2836        21.2984
    6338      16.2701        21.3289
    6339      16.3157        21.4167
    6340      16.3376        22.0683
    6341      16.2241        21.2743
    6342      16.2689        21.2249
    6343      16.3069        21.5197
    6344      16.2418        20.9069
    6345      16.3086        21.3510
    6346      16.3247        21.0595
    6347      16.2764        21.2169
    6348      16.2433        20.9998
    6349      16.3036        21.5548
    6350      16.2963        21.4836
    6351      16.3679        22.5942
    6352      16.2595        21.3672
    6353      16.2982        21.5952
    6354      16.2737        21.0556
    6355      16.2121        21.1406
    6356      16.2641        21.4499
    6357      16.3051        20.9325
    6358      16.3491        21.2938
    6359      16.3250        21.0057
    6360      16.2812        21.0953
    6361      16.3746        22.0322
    6362      16.3743        22.0000
    6363      16.2383        22.2303
    6364      16.3008        22.7941
    6365      16.3038        22.3801
    6366      16.2470        22.2087
    6367      16.3166        22.1187
    6368      16.2983        23.1455
    6369      16.2670        22.7397
    6370      16.2779        21.9224
    6371      16.2218        22.7561
    6372      16.2798        22.1114
    6373      16.2140        20.8973
    6374      16.2402        20.8318
    6375      16.2483        21.4608
    6376      16.2937        21.2687
    6377      16.3269        21.3369
    6378      16.3079        21.7757
    6379      16.2744        21.3179
    6380      16.3064        20.6546
    6381      16.2273        20.8308
    6382      16.2421        21.1899
    6383      16.2678        21.4327
    6384      16.2922        21.0323
    6385      16.2762        21.2705
    6386      16.2542        21.1305
    6387      16.2263        20.9328
    6388      16.1886        21.1064
    6389      16.2176        20.6575
    6390      16.2176        21.3549
    6391      16.2963        20.8277
    6392      16.3007        21.3340
    6393      16.1733        20.8238
    6394      16.2651        21.3084
    6395      16.3180        21.1230
    6396      16.3778        21.2417
    6397      16.3375        21.4694
    6398      16.2687        23.0794
    6399      16.3004        22.5307
    6400      16.2144        22.4827
    6401      16.2520        22.9946
    6402      16.2787        21.9914
    6403      16.2999        21.5712
    6404      16.3357        21.0949
    6405      16.2886        21.9072
    6406      16.2538        22.0246
    6407      16.2805        20.8130
    6408      16.3429        22.0528
    6409      16.3941        20.9657
    6410      16.3549        21.8529
    6411      16.3432        20.9803
    6412      16.3162        20.7299
    6413      16.3083        21.2794
    6414      16.3272        21.6097
    6415      16.3171        21.3495
    6416      16.3155        21.4735
    6417      16.2956        21.2025
    6418      16.3148        21.7845
    6419      16.2562        21.1584
    6420      16.2667        20.7085
    6421      16.2931        20.8710
    6422      16.2973        21.4116
    6423      16.2656        21.3260
    6424      16.2801        21.2677
    6425      16.2289        20.9289
    6426      16.2463        20.5503
    6427      16.2837        20.9681
    6428      16.2804        21.6452
    6429      16.2744        20.8032
    6430      16.2580        20.9137
    6431      16.2878        21.1205
    6432      16.3310        21.3646
    6433      16.2544        21.1011
    6434      16.2020        21.7132
    6435      16.2624        22.0821
    6436      16.3115        21.6945
    6437      16.2553        21.4203
    6438      16.2720        22.7490
    6439      16.2509        21.0924
    6440      16.2098        21.2769
    6441      16.2777        20.8221
    6442      16.2436        21.0510
    6443      16.1908        20.8376
    6444      16.2808        21.0088
    6445      16.3335        21.9912
    6446      16.2516        23.1167
    6447      16.2367        20.9945
    6448      16.3118        21.7643
    6449      16.2894        20.7423
    6450      16.3156        20.6979
    6451      16.3015        20.7666
    6452      16.3251        20.5194
    6453      16.3064        21.4956
    6454      16.2816        21.2107
    6455      16.3656        21.7844
    6456      16.2885        21.1441
    6457      16.3041        21.0226
    6458      16.3106        21.6734
    6459      16.2948        20.6379
    6460      16.3130        21.1707
    6461      16.3180        21.4065
    6462      16.3110        20.6738
    6463      16.2467        21.0983
    6464      16.3347        20.7412
    6465      16.3191        21.1715
    6466      16.2848        20.9652
    6467      16.2915        20.7039
    6468      16.2954        20.8130
    6469      16.3255        21.2068
    6470      16.2951        21.0696
    6471      16.3229        21.1722
    6472      16.3097        21.6062
    6473      16.2732        21.3658
    6474      16.2982        20.7910
    6475      16.2239        21.0523
    6476      16.2016        20.8227
    6477      16.2564        20.9298
    6478      16.2748        21.5096
    6479      16.3647        20.5454
    6480      16.3191        20.7118
    6481      16.2357        21.0512
    6482      16.2935        20.6644
    6483      16.2728        21.6111
    6484      16.2605        20.9229
    6485      16.2852        21.2387
    6486      16.3083        21.2737
    6487      16.3186        21.4665
    6488      16.2780        20.9843
    6489      16.2796        20.5542
    6490      16.2475        20.9810
    6491      16.3318        21.2630
    6492      16.3292        21.0385
    6493      16.2756        20.9322
    6494      16.2859        20.5812
    6495      16.2629        20.7194
    6496      16.3091        21.1165
    6497      16.2438        21.1186
    6498      16.2987        20.4500
    6499      16.2821        20.7419
    6500      16.2684        20.9607
    6501      16.3188        21.7871
    6502      16.2863        21.1951
    6503      16.2690        20.7131
    6504      16.3502        20.9142
    6505      16.2658        20.4535
    6506      16.4330        21.1380
    6507      16.3133        20.9026
    6508      16.2143        20.5370
    6509      16.2998        21.3465
    6510      16.3313        21.6815
    6511      16.3017        21.3727
    6512      16.3274        21.4918
    6513      16.2905        20.4801
    6514      16.3672        21.1571
    6515      16.3199        21.0131
    6516      16.3505        21.3580
    6517      16.2848        20.4287
    6518      16.3080        21.8444
    6519      16.2909        21.1539
    6520      16.3530        20.9862
    6521      16.3191        21.2832
    6522      16.2675        21.1457
    6523      16.3132        21.3042
    6524      16.3251        20.5997
    6525      16.3677        21.2790
    6526      16.2838        21.2034
    6527      16.2675        21.4841
    6528      16.2243        21.0823
    6529      16.3208        21.4280
    6530      16.2332        21.6441
    6531      16.2978        20.8488
    6532      16.2608        21.5037
    6533      16.2941        20.9341
    6534      16.3516        21.0392
    6535      16.3057        20.8008
    6536      16.2694        20.9152
    6537      16.3648        21.1071
    6538      16.3241        21.1821
    6539      16.3369        21.3728
    6540      16.2609        20.9630
    6541      16.2944        21.0855
    6542      16.2694        21.1571
    6543      16.3066        20.3732
    6544      16.3395        21.0710
    6545      16.3024        20.9742
    6546      16.2602        20.6146
    6547      16.2574        20.9479
    6548      16.2774        21.0490
    6549      16.2770        21.0590
    6550      16.2389        21.7359
    6551      16.2346        21.2108
    6552      16.3114        22.0331
    6553      16.2632        20.9413
    6554      16.2431        21.0901
    6555      16.1774        20.9598
    6556      16.2876        21.0324
    6557      16.2344        21.0464
    6558      16.2963        20.9462
    6559      16.2992        20.2985
    6560      16.2589        21.1139
    6561      16.2502        21.2512
    6562      16.2411        20.8053
    6563      16.2758        20.3930
    6564      16.2775        21.0139
    6565      16.2873        20.9585
    6566      16.2887        21.5761
    6567      16.3337        21.2799
    6568      16.3429        21.2418
    6569      16.2994        21.1862
    6570      16.3188        21.3180
    6571      16.3126        20.9473
    6572      16.3242        21.1515
    6573      16.2429        20.8998
    6574      16.1678        21.1278
    6575      16.2773        21.2099
    6576      16.2007        21.5195
    6577      16.3182        21.2507
    6578      16.3260        22.3483
    6579      16.3542        21.8378
    6580      16.2662        20.7298
    6581      16.2593        21.4769
    6582      16.3171        21.4044
    6583      16.3119        21.0876
    6584      16.2417        20.8311
    6585      16.3256        22.2586
    6586      16.2809        21.1162
    6587      16.2182        20.7590
    6588      16.2931        20.9209
    6589      16.2492        21.0080
    6590      16.2793        21.7892
    6591      16.3705        21.4310
    6592      16.2569        21.4433
    6593      16.2511        21.0783
    6594      16.3134        21.3050
    6595      16.2263        21.7195
    6596      16.2528        21.5784
    6597      16.3268        20.9937
    6598      16.3243        21.6733
    6599      16.3675        20.9343
    6600      16.3151        21.0825
    6601      16.2737        21.0362
    6602      16.3568        20.8035
    6603      16.3333        20.7564
    6604      16.3541        21.2754
    6605      16.2209        21.2822
    6606      16.3130        21.2710
    6607      16.3550        21.7289
    6608      16.3010        21.4570
    6609      16.3469        21.1544
    6610      16.2876        21.7873
    6611      16.2220        21.6209
    6612      16.2724        20.9225
    6613      16.3083        21.4061
    6614      16.2967        21.0932
    6615      16.3516        21.0122
    6616      16.3326        21.1625
    6617      16.2961        21.0457
    6618      16.2796        21.1881
    6619      16.3093        21.2395
    6620      16.2951        21.0264
    6621      16.2371        21.4299
    6622      16.2126        21.5087
    6623      16.2618        21.8356
    6624      16.2300        21.1206
    6625      16.1998        20.9295
    6626      16.2883        21.0373
    6627      16.2807        20.9076
    6628      16.2758        20.4938
    6629      16.2317        20.5465
    6630      16.2958        21.6981
    6631      16.3215        21.5265
    6632      16.1884        21.0139
    6633      16.2412        20.5730
    6634      16.2068        21.4658
    6635      16.2286        21.4616
    6636      16.3575        21.0258
    6637      16.3169        21.1149
    6638      16.2937        21.1048
    6639      16.3236        22.0502
    6640      16.3217        22.1173
    6641      16.3896        21.6878
    6642      16.2790        21.2851
    6643      16.2862        20.9821
    6644      16.2040        20.4898
    6645      16.2643        20.6432
    6646      16.2923        20.6206
    6647      16.3391        21.1519
    6648      16.3055        21.4228
    6649      16.3116        21.3384
    6650      16.2701        22.0540
    6651      16.3479        21.6509
    6652      16.3857        21.3845
    6653      16.3128        22.2856
    6654      16.3316        22.1446
    6655      16.3133        22.0994
    6656      16.2269        20.8786
    6657      16.2876        21.7803
    6658      16.3309        21.1006
    6659      16.3081        21.4861
    6660      16.2891        21.3409
    6661      16.2594        22.9779
    6662      16.3068        22.1501
    6663      16.3239        22.8145
    6664      16.2450        23.0696
    6665      16.4054        22.7552
    6666      16.3080        21.2719
    6667      16.3546        21.8598
    6668      16.2962        22.0430
    6669      16.2764        22.2529
    6670      16.2684        21.9847
    6671      16.3216        21.5753
    6672      16.3632        21.0866
    6673      16.2583        21.2677
    6674      16.2356        21.1905
    6675      16.2350        20.4690
    6676      16.2121        21.4167
    6677      16.3004        20.4587
    6678      16.2401        20.5314
    6679      16.2932        20.8041
    6680      16.2303        21.2146
    6681      16.2687        22.5807
    6682      16.2542        21.0617
    6683      16.3607        21.3995
    6684      16.2896        20.9720
    6685      16.2594        20.8205
    6686      16.2562        20.5005
    6687      16.2336        20.2472
    6688      16.2886        20.7762
    6689      16.2215        21.0638
    6690      16.2744        21.0511
    6691      16.2723        21.0444
    6692      16.2676        20.9401
    6693      16.2587        21.5088
    6694      16.2717        21.5191
    6695      16.2427        21.0845
    6696      16.2583        21.2625
    6697      16.2271        20.8213
    6698      16.3114        21.0141
    6699      16.2137        20.5435
    6700      16.3007        22.7812
    6701      16.2924        20.8193
    6702      16.2602        21.4963
    6703      16.3245        20.6732
    6704      16.3825        21.4559
    6705      16.3825        22.0372
    6706      16.3098        20.9404
    6707      16.2798        21.2609
    6708      16.2807        20.7455
    6709      16.3058        21.9208
    6710      16.2142        21.8711
    6711      16.3026        22.4690
    6712      16.2548        22.3666
    6713      16.3369        22.0067
    6714      16.3004        21.3543
    6715      16.3536        23.0803
    6716      16.3576        22.1499
    6717      16.3474        22.1771
    6718      16.3735        22.8843
    6719      16.4012        22.3508
    6720      16.2677        22.1413
    6721      16.3200        21.5431
    6722      16.3307        21.2501
    6723      16.2975        21.3347
    6724      16.2227        20.8843
    6725      16.2477        20.7700
    6726      16.2599        20.7474
    6727      16.2133        21.0725
    6728      16.2465        21.0354
    6729      16.2961        20.7021
    6730      16.3532        21.4846
    6731      16.3724        23.4031
    6732      16.3523        21.5505
    6733      16.3246        21.8115
    6734      16.2299        20.9693
    6735      16.3354        21.3361
    6736      16.3385        21.2840
    6737      16.3060        20.6420
    6738      16.3282        20.9480
    6739      16.2787        20.8761
    6740      16.2998        21.4422
    6741      16.2947        21.2262
    6742      16.2801        20.8723
    6743      16.3098        21.2838
    6744      16.2817        20.8741
    6745      16.2260        21.3461
    6746      16.2880        21.4928
    6747      16.2936        22.0288
    6748      16.2279        21.9227
    6749      16.2736        22.5764
    6750      16.3523        22.3198
    6751      16.2110        21.0366
    6752      16.2223        21.1993
    6753      16.2657        21.2373
    6754      16.3156        22.2416
    6755      16.2382        23.1755
    6756      16.3025        22.3064
    6757      16.2524        20.6528
    6758      16.2651        20.8814
    6759      16.2834        21.5617
    6760      16.3078        20.8325
    6761      16.3432        21.3801
    6762      16.3199        21.4808
    6763      16.2849        21.7406
    6764      16.2834        21.6826
    6765      16.2114        21.3352
    6766      16.2669        21.6937
    6767      16.2837        22.0191
    6768      16.2533        21.3429
    6769      16.3124        22.0997
    6770      16.3532        22.2689
    6771      16.3415        21.6424
    6772      16.3295        21.2320
    6773      16.3784        21.0607
    6774      16.2580        20.5534
    6775      16.2586        20.7410
    6776      16.2746        20.6654
    6777      16.3096        21.0853
    6778      16.1978        21.2271
    6779      16.2859        21.1887
    6780      16.2982        20.7311
    6781      16.2244        20.9201
    6782      16.2435        21.0246
    6783      16.2937        20.5740
    6784      16.2822        21.0558
    6785      16.2886        20.7838
    6786      16.2425        20.9957
    6787      16.2402        21.2045
    6788      16.2241        20.8518
    6789      16.2487        20.7251
    6790      16.2334        20.4849
    6791      16.2218        20.3970
    6792      16.1816        21.1677
    6793      16.2628        20.9045
    6794      16.2690        21.1964
    6795      16.2826        20.3400
    6796      16.2359        20.8753
    6797      16.2532        20.3450
    6798      16.2786        21.0387
    6799      16.2557        21.3502
    6800      16.3018        21.2567
    6801      16.2708        21.9286
    6802      16.2739        21.4697
    6803      16.2607        20.8325
    6804      16.2591        21.1476
    6805      16.2793        20.8697
    6806      16.1565        20.8204
    6807      16.1991        20.5264
    6808      16.2565        21.0234
    6809      16.2397        21.0144
    6810      16.3116        21.3883
    6811      16.1504        20.6747
    6812      16.2699        21.0878
    6813      16.2688        20.7180
    6814      16.1961        20.9196
    6815      16.1518        20.9449
    6816      16.2146        20.5999
    6817      16.2736        21.0350
    6818      16.3019        21.2442
    6819      16.2280        21.1703
    6820      16.2357        20.8522
    6821      16.2390        20.9196
    6822      16.2156        21.1637
    6823      16.2864        20.6970
    6824      16.2758        20.4705
    6825      16.2384        20.7974
    6826      16.2535        21.2144
    6827      16.2811        20.9707
    6828      16.2398        20.5475
    6829      16.2553        20.6436
    6830      16.2253        21.1308
    6831      16.2130        20.6699
    6832      16.1798        20.7864
    6833      16.2584        21.1456
    6834      16.2383        20.1323
    6835      16.2594        20.7892
    6836      16.2949        21.0323
    6837      16.2500        20.7272
    6838      16.2968        20.8226
    6839      16.2446        21.5589
    6840      16.2406        21.1517
    6841      16.2282        20.8964
    6842      16.2763        21.4808
    6843      16.2425        20.8010
    6844      16.2449        20.8547
    6845      16.2182        20.7186
    6846      16.3196        20.8259
    6847      16.2717        20.7366
    6848      16.2731        20.7175
    6849      16.3058        21.2741
    6850      16.2658        21.1929
    6851      16.2149        21.1116
    6852      16.2483        20.2996
    6853      16.2874        21.4218
    6854      16.2436        21.1796
    6855      16.2985        21.3843
    6856      16.2269        20.3022
    6857      16.2037        20.8406
    6858      16.2640        22.0424
    6859      16.2739        21.3821
    6860      16.2451        21.1121
    6861      16.2974        21.1525
    6862      16.2697        20.9466
    6863      16.2918        20.9134
    6864      16.2168        20.4304
    6865      16.2694        21.1312
    6866      16.2902        20.9867
    6867      16.3137        21.3139
    6868      16.2828        21.3078
    6869      16.2469        21.1536
    6870      16.2354        21.0500
    6871      16.2997        20.4597
    6872      16.3281        20.9973
    6873      16.2863        20.4232
    6874      16.2707        20.5144
    6875      16.3250        21.1492
    6876      16.3288        20.6580
    6877      16.2473        20.0859
    6878      16.3521        20.4975
    6879      16.2819        20.3151
    6880      16.2914        20.8059
    6881      16.3257        21.4771
    6882      16.2080        20.3749
    6883      16.3106        20.7337
    6884      16.2840        20.8822
    6885      16.3134        20.5183
    6886      16.3000        20.5339
    6887      16.2816        21.0911
    6888      16.2321        21.2805
    6889      16.3478        21.9367
    6890      16.3033        21.9986
    6891      16.2119        22.0240
    6892      16.2410        20.7448
    6893      16.2894        22.3592
    6894      16.2886        21.8256
    6895      16.2800        21.3152
    6896      16.2895        21.7295
    6897      16.2517        21.5772
    6898      16.2434        22.0234
    6899      16.3252        21.8276
    6900      16.3301        20.9749
    6901      16.3620        22.1359
    6902      16.3476        22.0776
    6903      16.3702        21.4816
    6904      16.2933        23.2160
    6905      16.2857        23.3952
    6906      16.2614        23.2809
    6907      16.3042        23.4576
    6908      16.2901        23.0167
    6909      16.3467        22.4630
    6910      16.3499        21.1013
    6911      16.3324        22.0362
    6912      16.2930        22.1732
    6913      16.3440        21.5749
    6914      16.3011        21.6654
    6915      16.3277        21.9947
    6916      16.3111        21.7958
    6917      16.3336        21.4462
    6918      16.3510        21.5773
    6919      16.3298        21.2448
    6920      16.3294        21.8956
    6921      16.2931        21.3083
    6922      16.3329        23.1272
    6923      16.3463        24.1062
    6924      16.3265        20.3904
    6925      16.3336        20.5525
    6926      16.2551        21.3174
    6927      16.2197        21.1367
    6928      16.2490        22.0834
    6929      16.2090        21.4634
    6930      16.2667        22.0575
    6931      16.3209        21.8288
    6932      16.2604        21.3925
    6933      16.2702        22.1637
    6934      16.2873        22.0197
    6935      16.2490        21.7341
    6936      16.3337        21.6144
    6937      16.3428        21.9809
    6938      16.2621        20.8062
    6939      16.2347        20.5016
    6940      16.2419        20.8919
    6941      16.3301        22.8419
    6942      16.3155        21.9850
    6943      16.2687        21.5265
    6944      16.2842        21.9227
    6945      16.2980        21.5962
    6946      16.2940        22.0799
    6947      16.3517        21.8831
    6948      16.3113        21.7534
    6949      16.3114        21.9046
    6950      16.3689        22.3907
    6951      16.2890        21.7185
    6952      16.3679        22.4261
    6953      16.3538        21.9106
    6954      16.3444        21.7450
    6955      16.3140        22.8920
    6956      16.3438        22.0836
    6957      16.3436        23.5862
    6958      16.2540        23.9364
    6959      16.3950        24.1000
    6960      16.2580        24.0016
    6961      16.2555        23.7369
    6962      16.2864        22.6099
    6963      16.3291        23.5628
    6964      16.2577        22.2459
    6965      16.2658        20.8546
    6966      16.2792        21.9563
    6967      16.3313        21.2261
    6968      16.2256        21.0270
    6969      16.2596        21.8535
    6970      16.2507        21.2337
    6971      16.2333        21.4115
    6972      16.2935        20.2798
    6973      16.2795        21.2641
    6974      16.2555        21.2372
    6975      16.3065        21.3633
    6976      16.3036        21.0124
    6977      16.2383        21.2239
    6978      16.2383        21.1687
    6979      16.3325        21.3812
    6980      16.2346        21.4473
    6981      16.2679        20.9007
    6982      16.2764        20.9834
    6983      16.2179        21.5607
    6984      16.1811        21.6518
    6985      16.2563        22.3345
    6986      16.2596        21.4033
    6987      16.2239        21.8257
    6988      16.2296        22.7283
    6989      16.2576        21.9252
    6990      16.2898        22.2287
    6991      16.2987        21.1887
    6992      16.2988        21.3267
    6993      16.2545        21.3824
    6994      16.2609        21.1240
    6995      16.2309        20.9839
    6996      16.2791        20.4968
    6997      16.2660        21.0658
    6998      16.3472        21.8000
    6999      16.2618        21.8641
    7000      16.2492        22.0246
    7001      16.3587        21.5623
    7002      16.2980        21.1898
    7003      16.3152        21.5851
    7004      16.2973        20.9135
    7005      16.2810        22.1869
    7006      16.2919        21.1358
    7007      16.3072        21.4212
    7008      16.2899        21.5295
    7009      16.2689        21.2212
    7010      16.2827        21.8154
    7011      16.2312        22.1140
    7012      16.2789        22.1822
    7013      16.2214        21.0472
    7014      16.2648        22.2896
    7015      16.2301        21.5004
    7016      16.2628        21.3569
    7017      16.1785        21.1635
    7018      16.2530        21.4582
    7019      16.3017        21.2535
    7020      16.3152        22.5286
    7021      16.3248        22.1134
    7022      16.2563        20.6571
    7023      16.3043        22.5207
    7024      16.2729        21.8954
    7025      16.2825        21.9534
    7026      16.2080        20.6578
    7027      16.2501        20.6108
    7028      16.2210        20.5954
    7029      16.2453        20.5812
    7030      16.3060        21.1679
    7031      16.2654        20.8593
    7032      16.3021        20.8246
    7033      16.2861        21.4958
    7034      16.3484        21.0075
    7035      16.3306        21.8765
    7036      16.3125        22.1786
    7037      16.3349        21.3931
    7038      16.3022        21.0569
    7039      16.2579        23.2442
    7040      16.1858        22.4436
    7041      16.2677        23.0596
    7042      16.2611        21.5239
    7043      16.2129        21.9293
    7044      16.3209        21.9793
    7045      16.2761        22.3808
    7046      16.2509        21.7470
    7047      16.2910        21.1971
    7048      16.2420        21.2509
    7049      16.2689        20.9259
    7050      16.2582        20.9910
    7051      16.2564        20.8893
    7052      16.2284        21.1841
    7053      16.2244        21.8616
    7054      16.2597        21.2641
    7055      16.2935        20.6080
    7056      16.2344        21.3215
    7057      16.2331        21.0923
    7058      16.2199        21.1138
    7059      16.1910        21.8020
    7060      16.2285        21.2112
    7061      16.1864        20.7024
    7062      16.2066        22.0058
    7063      16.2262        21.5731
    7064      16.3106        21.6140
    7065      16.2338        21.4212
    7066      16.3495        20.6096
    7067      16.2583        20.6622
    7068      16.2927        21.0442
    7069      16.2861        20.6167
    7070      16.3288        20.6615
    7071      16.2527        20.6506
    7072      16.2177        20.3037
    7073      16.2755        21.3008
    7074      16.2643        20.7192
    7075      16.2632        20.4048
    7076      16.1995        20.6427
    7077      16.3095        21.1082
    7078      16.3137        21.6333
    7079      16.3431        21.1166
    7080      16.3267        21.1936
    7081      16.3133        21.3386
    7082      16.3072        21.5996
    7083      16.2345        21.1760
    7084      16.2714        20.9646
    7085      16.2195        21.3224
    7086      16.2501        21.0083
    7087      16.2237        20.3831
    7088      16.2344        20.8728
    7089      16.2514        20.8896
    7090      16.2538        21.3454
    7091      16.2226        21.0294
    7092      16.2684        21.0876
    7093      16.2906        20.9060
    7094      16.2777        21.1226
    7095      16.3089        20.9079
    7096      16.2511        21.0219
    7097      16.3000        20.5918
    7098      16.2977        21.6657
    7099      16.2447        21.2030
    7100      16.2334        21.3528
    7101      16.2239        20.5913
    7102      16.2006        20.4369
    7103      16.2491        20.5558
    7104      16.2690        20.2733
    7105      16.2354        20.1305
    7106      16.2014        20.4035
    7107      16.2594        20.5570
    7108      16.2813        21.1391
    7109      16.3419        21.3110
    7110      16.2753        21.1058
    7111      16.2527        20.8682
    7112      16.1937        20.9919
    7113      16.2350        20.6957
    7114      16.2890        20.7786
    7115      16.2423        20.9158
    7116      16.2564        21.1883
    7117      16.2443        21.0914
    7118      16.2835        20.9504
    7119      16.2556        21.1573
    7120      16.2278        20.9903
    7121      16.2831        21.1354
    7122      16.1876        20.7568
    7123      16.2980        21.2274
    7124      16.2933        21.3491
    7125      16.2801        20.9487
    7126      16.3011        20.3927
    7127      16.2681        21.0587
    7128      16.2531        21.0094
    7129      16.2601        21.2471
    7130      16.2756        21.2854
    7131      16.2138        21.2355
    7132      16.2851        21.1518
    7133      16.2430        20.4448
    7134      16.2775        20.9524
    7135      16.2752        21.3269
    7136      16.1930        20.3453
    7137      16.1513        21.1681
    7138      16.1625        20.8810
    7139      16.2344        21.0817
    7140      16.2705        20.8199
    7141      16.2258        21.0457
    7142      16.2406        21.2386
    7143      16.1689        20.5073
    7144      16.2171        20.7722
    7145      16.1616        21.0511
    7146      16.2355        20.4859
    7147      16.2438        20.8960
    7148      16.2563        21.5180
    7149      16.2504        20.6696
    7150      16.2642        20.7003
    7151      16.3082        20.9521
    7152      16.2447        20.0966
    7153      16.2661        21.1716
    7154      16.1996        21.0303
    7155      16.2552        21.4688
    7156      16.2669        20.9991
    7157      16.3414        20.5708
    7158      16.2987        20.5184
    7159      16.2633        20.9075
    7160      16.2994        20.6938
    7161      16.3121        20.7194
    7162      16.2670        20.9405
    7163      16.2610        20.3163
    7164      16.3042        20.9501
    7165      16.2812        20.9340
    7166      16.2882        21.1994
    7167      16.2611        20.5985
    7168      16.2526        21.1365
    7169      16.2407        20.9607
    7170      16.3028        20.8514
    7171      16.2908        20.8512
    7172      16.2952        21.4038
    7173      16.3123        21.3189
    7174      16.3030        20.3173
    7175      16.3220        21.1716
    7176      16.3168        21.6083
    7177      16.3247        20.7810
    7178      16.2140        20.7419
    7179      16.3189        20.9859
    7180      16.2604        20.9274
    7181      16.2644        20.4900
    7182      16.3117        21.1749
    7183      16.2844        20.9166
    7184      16.3132        20.7532
    7185      16.2952        21.3000
    7186      16.2762        20.4165
    7187      16.2865        20.5936
    7188      16.2342        20.9373
    7189      16.2945        20.7382
    7190      16.3385        20.9903
    7191      16.2624        21.0319
    7192      16.3243        21.1161
    7193      16.2798        21.7832
    7194      16.3524        21.3278
    7195      16.2837        20.9196
    7196      16.2556        21.3537
    7197      16.2918        21.1100
    7198      16.2965        21.4848
    7199      16.3245        20.9365
    7200      16.3268        21.7301
    7201      16.3217        21.5701
    7202      16.3261        21.5801
    7203      16.3100        21.2693
    7204      16.3014        22.3862
    7205      16.3136        21.3964
    7206      16.2864        20.9509
    7207      16.2881        20.5526
    7208      16.3144        21.6764
    7209      16.3231        20.9305
    7210      16.2781        21.2665
    7211      16.3327        21.2333
    7212      16.2472        20.6031
    7213      16.3313        21.4760
    7214      16.2934        20.3575
    7215      16.3116        20.6406
    7216      16.3405        20.9955
    7217      16.3379        20.8143
    7218      16.3314        21.1856
    7219      16.3576        21.1088
    7220      16.2993        20.8930
    7221      16.2444        20.7005
    7222      16.2262        20.5436
    7223      16.3384        22.6859
    7224      16.3329        21.8498
    7225      16.3064        22.0409
    7226      16.3125        20.8462
    7227      16.3024        21.0321
    7228      16.2649        20.1908
    7229      16.3263        20.7594
    7230      16.2640        20.2080
    7231      16.3012        21.0221
    7232      16.3464        21.0875
    7233      16.3107        21.0294
    7234      16.2650        21.4853
    7235      16.3235        20.6272
    7236      16.2801        20.9667
    7237      16.3107        21.2244
    7238      16.3202        20.7975
    7239      16.3136        20.6954
    7240      16.3255        21.5286
    7241      16.3058        20.7757
    7242      16.3109        21.0155
    7243      16.2248        21.1650
    7244      16.2646        20.9668
    7245      16.2945        20.7971
    7246      16.2780        20.7017
    7247      16.3013        20.6440
    7248      16.2604        20.8367
    7249      16.2760        20.5783
    7250      16.2660        20.7652
    7251      16.2474        20.9275
    7252      16.2957        21.0499
    7253      16.3098        20.9071
    7254      16.3346        22.3955
    7255      16.2733        22.2283
    7256      16.3105        22.2946
    7257      16.3120        21.2194
    7258      16.3060        21.5512
    7259      16.3461        21.9542
    7260      16.3299        21.8839
    7261      16.3811        21.3707
    7262      16.3249        21.3187
    7263      16.3482        21.2912
    7264      16.3423        20.8994
    7265      16.3570        21.8622
    7266      16.3761        22.0942
    7267      16.3214        23.0740
    7268      16.3546        21.9101
    7269      16.3199        22.2277
    7270      16.2563        21.8365
    7271      16.2961        23.1707
    7272      16.3774        21.6497
    7273      16.2901        20.9661
    7274      16.2772        20.9903
    7275      16.2640        20.5894
    7276      16.3671        21.9165
    7277      16.3348        20.8614
    7278      16.3040        21.0934
    7279      16.2885        21.0919
    7280      16.2247        21.5338
    7281      16.2978        21.4272
    7282      16.2306        20.3549
    7283      16.2110        20.9638
    7284      16.3011        20.8354
    7285      16.3740        21.4045
    7286      16.2766        20.9321
    7287      16.3215        21.4948
    7288      16.2860        21.4322
    7289      16.2492        20.9770
    7290      16.2797        20.8337
    7291      16.3156        21.3661
    7292      16.2531        21.1808
    7293      16.2292        20.3500
    7294      16.3052        21.3738
    7295      16.2466        20.9203
    7296      16.2847        20.9914
    7297      16.2498        21.2764
    7298      16.2482        21.0534
    7299      16.2094        20.3143
    7300      16.2392        20.7799
    7301      16.2663        20.7780
    7302      16.3119        20.8166
    7303      16.3130        21.0460
    7304      16.2859        21.3335
    7305      16.2509        20.9047
    7306      16.3239        21.0022
    7307      16.3269        21.0743
    7308      16.2563        21.4579
    7309      16.3233        20.5071
    7310      16.2653        21.6310
    7311      16.2894        21.1683
    7312      16.2358        21.2749
    7313      16.3071        20.9090
    7314      16.3073        20.8471
    7315      16.3533        21.1485
    7316      16.3893        21.5744
    7317      16.2617        20.5537
    7318      16.2866        20.9719
    7319      16.2614        21.6137
    7320      16.2517        21.5450
    7321      16.2992        21.2139
    7322      16.2688        21.4451
    7323      16.2344        20.5678
    7324      16.2657        20.8524
    7325      16.2929        21.3329
    7326      16.3228        21.1224
    7327      16.2930        21.8011
    7328      16.3110        21.4143
    7329      16.2815        22.5787
    7330      16.3479        22.4107
    7331      16.3240        22.6897
    7332      16.2742        21.7029
    7333      16.3352        22.1792
    7334      16.3685        21.9489
    7335      16.3176        21.5063
    7336      16.2410        20.8001
    7337      16.2119        21.0366
    7338      16.3020        22.0816
    7339      16.3036        21.3280
    7340      16.2915        22.2311
    7341      16.2104        21.6333
    7342      16.3186        21.1310
    7343      16.2817        21.4777
    7344      16.1847        21.4908
    7345      16.2321        20.5904
    7346      16.2848        20.7895
    7347      16.2843        20.6110
    7348      16.3144        21.0576
    7349      16.2834        20.7564
    7350      16.2541        20.9511
    7351      16.3239        21.0651
    7352      16.2959        21.4100
    7353      16.3084        20.6709
    7354      16.2894        21.0007
    7355      16.2854        20.9413
    7356      16.2687        21.5700
    7357      16.3088        21.2011
    7358      16.2510        20.5424
    7359      16.3027        20.9913
    7360      16.3096        20.2965
    7361      16.3296        20.5795
    7362      16.2768        20.6414
    7363      16.3213        21.0506
    7364      16.3136        20.9091
    7365      16.2926        21.3827
    7366      16.2764        21.4940
    7367      16.2667        20.7382
    7368      16.2710        20.9164
    7369      16.2912        20.9324
    7370      16.2800        20.9160
    7371      16.2694        21.0458
    7372      16.2724        21.2070
    7373      16.2928        21.1007
    7374      16.2989        20.8146
    7375      16.2618        20.6100
    7376      16.3461        21.4512
    7377      16.2697        21.0286
    7378      16.2798        20.5127
    7379      16.2823        20.8636
    7380      16.2790        21.1035
    7381      16.2955        21.1970
    7382      16.2802        21.1623
    7383      16.2399        21.2332
    7384      16.2095        21.4549
    7385      16.2357        20.9112
    7386      16.1698        20.9501
    7387      16.2390        20.7381
    7388      16.3025        20.8197
    7389      16.2332        21.0950
    7390      16.1987        20.2491
    7391      16.2759        20.8789
    7392      16.3010        21.0021
    7393      16.3365        20.9081
    7394      16.2886        21.0873
    7395      16.2998        21.0574
    7396      16.2834        20.9246
    7397      16.2746        21.2392
    7398      16.2772        20.6775
    7399      16.2837        21.1474
    7400      16.2834        21.4145
    7401      16.1707        21.1757
    7402      16.2769        21.1829
    7403      16.2378        21.0619
    7404      16.1951        21.3871
    7405      16.2628        20.8804
    7406      16.2420        21.1928
    7407      16.2454        21.0805
    7408      16.2561        20.5637
    7409      16.1842        20.7276
    7410      16.2508        20.7367
    7411      16.2788        20.7972
    7412      16.3048        21.1874
    7413      16.3366        21.2836
    7414      16.3219        20.9916
    7415      16.3059        21.1995
    7416      16.2834        21.1899
    7417      16.3220        20.5712
    7418      16.3273        21.0439
    7419      16.2810        21.0322
    7420      16.2096        20.7430
    7421      16.3255        21.6306
    7422      16.2365        20.9455
    7423      16.3146        20.5434
    7424      16.2901        20.8473
    7425      16.3006        21.0167
    7426      16.2561        21.3572
    7427      16.3425        20.8282
    7428      16.2717        21.4057
    7429      16.2515        22.1548
    7430      16.2412        21.3125
    7431      16.2946        22.5551
    7432      16.2605        22.7840
    7433      16.3196        23.4485
    7434      16.2227        22.5660
    7435      16.2834        22.1501
    7436      16.2646        22.0952
    7437      16.2456        21.7373
    7438      16.2949        21.9231
    7439      16.2978        21.8163
    7440      16.2316        20.8556
    7441      16.2802        21.6683
    7442      16.2359        21.5590
    7443      16.2490        21.4883
    7444      16.2333        20.7164
    7445      16.2908        20.6022
    7446      16.2185        20.8336
    7447      16.2953        21.1627
    7448      16.2823        21.4693
    7449      16.2061        21.4110
    7450      16.2294        20.7732
    7451      16.1911        21.0925
    7452      16.2233        21.1113
    7453      16.2671        21.5498
    7454      16.2216        20.9300
    7455      16.2092        20.8556
    7456      16.2647        21.0185
    7457      16.2221        20.8681
    7458      16.2311        21.4496
    7459      16.1858        21.3254
    7460      16.1972        21.3366
    7461      16.2631        21.6380
    7462      16.2619        21.7896
    7463      16.2288        20.5418
    7464      16.2582        21.1757
    7465      16.2455        21.3391
    7466      16.2204        21.0238
    7467      16.2636        21.4344
    7468      16.2400        20.9405
    7469      16.2015        21.2611
    7470      16.2262        20.9314
    7471      16.2113        20.7323
    7472      16.2520        21.0935
    7473      16.1571        21.2439
    7474      16.2766        21.2716
    7475      16.2984        21.4005
    7476      16.2724        21.2220
    7477      16.2999        20.5361
    7478      16.2862        21.4858
    7479      16.2737        21.0498
    7480      16.2150        21.0038
    7481      16.2722        21.0718
    7482      16.2704        21.3596
    7483      16.3133        21.5156
    7484      16.2468        21.0085
    7485      16.2924        21.3395
    7486      16.2701        21.5143
    7487      16.2991        21.4759
    7488      16.2650        21.4497
    7489      16.3282        21.3769
    7490      16.3294        21.1961
    7491      16.2350        20.3261
    7492      16.2717        21.1697
    7493      16.2589        21.2798
    7494      16.3184        20.9449
    7495      16.3155        21.2521
    7496      16.2608        20.8014
    7497      16.2839        21.0507
    7498      16.2526        20.4708
    7499      16.2493        20.5447
    7500      16.2928        20.6111
    7501      16.2319        20.8810
    7502      16.2733        20.9499
    7503      16.3616        21.7882
    7504      16.3230        21.0575
    7505      16.2501        21.1003
    7506      16.2642        20.6993
    7507      16.3179        21.1224
    7508      16.2965        21.0004
    7509      16.2407        21.0580
    7510      16.2778        20.9492
    7511      16.3162        20.7500
    7512      16.2869        20.9338
    7513      16.2565        20.6273
    7514      16.2314        20.8636
    7515      16.3161        21.3341
    7516      16.3172        21.7275
    7517      16.2792        21.0682
    7518      16.2945        20.6327
    7519      16.2784        20.5219
    7520      16.3150        21.2053
    7521      16.2858        21.1699
    7522      16.2082        20.8865
    7523      16.3315        21.4504
    7524      16.2738        20.7998
    7525      16.2315        21.0304
    7526      16.2428        20.3139
    7527      16.2652        20.9351
    7528      16.2343        20.8693
    7529      16.2157        20.6785
    7530      16.2167        20.7062
    7531      16.2779        20.8894
    7532      16.1768        20.7505
    7533      16.2910        21.0811
    7534      16.3013        21.2285
    7535      16.2731        20.9519
    7536      16.3018        21.0973
    7537      16.2643        21.2722
    7538      16.2797        21.1884
    7539      16.2526        21.1125
    7540      16.3634        21.1707
    7541      16.2839        20.8652
    7542      16.3015        20.8223
    7543      16.3252        21.3247
    7544      16.2670        20.7588
    7545      16.3202        20.9241
    7546      16.3131        21.2597
    7547      16.3639        21.3250
    7548      16.2914        21.6135
    7549      16.3104        21.4817
    7550      16.3830        21.3098
    7551      16.2781        21.3331
    7552      16.2920        21.2831
    7553      16.2086        20.6573
    7554      16.2783        20.8880
    7555      16.2559        21.2527
    7556      16.2567        21.5314
    7557      16.2154        20.8507
    7558      16.2269        20.8023
    7559      16.2806        20.9047
    7560      16.2420        22.6787
    7561      16.3209        22.3391
    7562      16.2398        22.2676
    7563      16.2375        20.8167
    7564      16.2811        21.0648
    7565      16.2475        20.6951
    7566      16.2773        21.0853
    7567      16.2122        21.0925
    7568      16.2714        21.3315
    7569      16.2815        21.2127
    7570      16.3003        21.0757
    7571      16.2781        20.9623
    7572      16.3007        21.4156
    7573      16.2719        21.0137
    7574      16.2871        21.3545
    7575      16.2593        20.9369
    7576      16.2962        20.5950
    7577      16.2259        21.0690
    7578      16.2218        20.9654
    7579      16.2617        20.6742
    7580      16.2199        20.5876
    7581      16.2392        20.9649
    7582      16.2785        21.3512
    7583      16.2182        21.2328
    7584      16.2469        20.6697
    7585      16.2639        20.7718
    7586      16.2004        20.8786
    7587      16.2147        20.9305
    7588      16.2334        21.1705
    7589      16.2735        20.4851
    7590      16.2841        21.0736
    7591      16.3141        21.1114
    7592      16.2553        20.9670
    7593      16.2865        21.1822
    7594      16.2501        20.7896
    7595      16.2788        21.4757
    7596      16.2295        20.8243
    7597      16.2845        21.6784
    7598      16.2023        21.2505
    7599      16.2175        21.0560
    7600      16.2721        21.0211
    7601      16.3113        21.5516
    7602      16.2328        20.7286
    7603      16.2609        21.2219
    7604      16.3477        21.3024
    7605      16.2731        21.2170
    7606      16.2248        20.8868
    7607      16.2626        21.0706
    7608      16.2766        20.7307
    7609      16.2447        21.2548
    7610      16.3258        21.7472
    7611      16.1871        20.1274
    7612      16.2448        20.9281
    7613      16.3150        20.7784
    7614      16.3650        21.0782
    7615      16.2421        22.1066
    7616      16.2826        22.4605
    7617      16.2263        22.7685
    7618      16.2504        22.6788
    7619      16.2251        21.9984
    7620      16.3387        23.0639
    7621      16.2514        21.5229
    7622      16.2784        21.1438
    7623      16.2447        21.4243
    7624      16.2948        21.2602
    7625      16.2159        20.9872
    7626      16.2732        21.9843
    7627      16.2528        21.1144
    7628      16.2504        20.8453
    7629      16.2817        21.3222
    7630      16.2004        20.9600
    7631      16.2090        21.6036
    7632      16.1875        21.6581
    7633      16.2417        20.8882
    7634      16.2246        20.4381
    7635      16.2492        20.9299
    7636      16.2199        21.2932
    7637      16.2849        20.6952
    7638      16.2227        20.6647
    7639      16.2600        20.4478
    7640      16.2235        20.2628
    7641      16.2318        20.6920
    7642      16.2551        20.8671
    7643      16.2772        20.7203
    7644      16.4115        21.4998
    7645      16.3775        21.1321
    7646      16.2993        20.8657
    7647      16.2890        20.5962
    7648      16.2425        21.3480
    7649      16.2649        22.0176
    7650      16.2585        21.0015
    7651      16.2848        23.0528
    7652      16.2929        22.4139
    7653      16.3450        23.1623
    7654      16.2887        22.9131
    7655      16.2950        21.6078
    7656      16.2658        22.1791
    7657      16.2325        23.4836
    7658      16.2904        21.3333
    7659      16.1946        21.6942
    7660      16.2636        21.7321
    7661      16.2156        21.0520
    7662      16.2209        21.0155
    7663      16.2967        21.1192
    7664      16.2610        21.4354
    7665      16.2183        22.4965
    7666      16.2401        22.5927
    7667      16.2482        22.2236
    7668      16.2432        20.8194
    7669      16.2500        20.9548
    7670      16.2393        21.1929
    7671      16.2821        21.1532
    7672      16.2147        21.0627
    7673      16.2472        20.9001
    7674      16.2166        20.8889
    7675      16.2394        20.6914
    7676      16.1685        20.4595
    7677      16.2352        20.7792
    7678      16.2557        20.9994
    7679      16.2902        20.5598
    7680      16.2227        21.2794
    7681      16.2778        20.9958
    7682      16.2538        21.3534
    7683      16.2320        21.4074
    7684      16.2894        21.3442
    7685      16.2235        21.2104
    7686      16.2082        20.5911
    7687      16.1846        20.7344
    7688      16.2672        20.7649
    7689      16.3579        20.9294
    7690      16.2954        21.6956
    7691      16.3484        21.7962
    7692      16.2671        21.2754
    7693      16.2138        20.8388
    7694      16.2858        21.2224
    7695      16.2416        20.9250
    7696      16.2058        20.7448
    7697      16.2487        20.3737
    7698      16.2736        20.8704
    7699      16.2983        21.4323
    7700      16.2393        21.1217
    7701      16.3174        21.1255
    7702      16.3413        22.1101
    7703      16.2560        21.0171
    7704      16.2753        20.9568
    7705      16.2112        20.8550
    7706      16.2885        20.9421
    7707      16.2977        21.2051
    7708      16.2823        20.9739
    7709      16.2258        20.9184
    7710      16.2679        22.0297
    7711      16.2564        23.5425
    7712      16.2945        22.2561
    7713      16.2155        21.0250
    7714      16.2092        20.4137
    7715      16.2885        20.5121
    7716      16.1947        20.4905
    7717      16.2189        20.7715
    7718      16.2410        20.8788
    7719      16.2561        20.8261
    7720      16.2519        21.0306
    7721      16.2328        21.2547
    7722      16.3188        21.7985
    7723      16.2353        21.0165
    7724      16.3266        21.3237
    7725      16.2754        20.6789
    7726      16.2433        20.7999
    7727      16.2521        21.1786
    7728      16.2965        21.1985
    7729      16.2336        21.4430
    7730      16.2329        21.2061
    7731      16.2995        20.9452
    7732      16.2815        21.3407
    7733      16.2361        21.2716
    7734      16.2733        21.8912
    7735      16.2376        21.1094
    7736      16.1966        21.3045
    7737      16.2477        21.3146
    7738      16.1857        20.8099
    7739      16.2349        21.0032
    7740      16.2283        21.3088
    7741      16.2064        20.6305
    7742      16.2034        20.5974
    7743      16.2533        20.9616
    7744      16.2543        21.4307
    7745      16.2544        20.9464
    7746      16.2737        21.1346
    7747      16.2590        21.0130
    7748      16.2772        21.2189
    7749      16.3495        21.1304
    7750      16.2572        21.5138
    7751      16.2787        21.0875
    7752      16.2551        21.5311
    7753      16.3573        21.4758
    7754      16.3198        21.2907
    7755      16.2014        21.2484
    7756      16.2846        21.1309
    7757      16.2052        20.9010
    7758      16.2420        21.4446
    7759      16.2243        20.7927
    7760      16.2879        21.3399
    7761      16.2762        22.0654
    7762      16.2397        20.7685
    7763      16.2970        21.1973
    7764      16.2836        21.4940
    7765      16.3273        21.8418
    7766      16.2595        21.0665
    7767      16.3059        20.9350
    7768      16.2932        21.2707
    7769      16.3170        20.9710
    7770      16.2989        21.1836
    7771      16.2009        20.9226
    7772      16.3153        21.1158
    7773      16.2087        20.6926
    7774      16.3002        20.4812
    7775      16.3277        21.1927
    7776      16.3352        21.2501
    7777      16.2809        21.2395
    7778      16.2457        20.7716
    7779      16.3444        21.2684
    7780      16.2834        20.5885
    7781      16.3320        20.7234
    7782      16.2675        21.4227
    7783      16.3381        21.3033
    7784      16.3018        21.1936
    7785      16.3002        21.8095
    7786      16.3231        21.2982
    7787      16.2307        20.7709
    7788      16.2874        21.6758
    7789      16.2777        21.0541
    7790      16.3538        21.6217
    7791      16.2980        21.1416
    7792      16.3569        20.9530
    7793      16.3806        20.9809
    7794      16.2727        20.5936
    7795      16.3965        21.5146
    7796      16.3833        21.6804
    7797      16.3698        21.7512
    7798      16.4027        21.8433
    7799      16.3039        21.5652
    7800      16.3760        21.8758
    7801      16.3369        21.4408
    7802      16.3360        21.1339
    7803      16.3262        22.3957
    7804      16.3560        22.0364
    7805      16.3095        21.4226
    7806      16.3529        21.4408
    7807      16.3191        21.3805
    7808      16.3591        21.7760
    7809      16.3397        20.9238
    7810      16.3138        20.9424
    7811      16.3348        21.2989
    7812      16.3060        21.0276
    7813      16.2888        20.7919
    7814      16.2586        20.8941
    7815      16.3141        20.9420
    7816      16.2586        21.0344
    7817      16.2952        20.9642
    7818      16.3692        21.8155
    7819      16.2664        20.9597
    7820      16.3596        21.2953
    7821      16.2541        20.3966
    7822      16.2682        21.2502
    7823      16.3128        21.7857
    7824      16.2694        20.9957
    7825      16.2958        21.1965
    7826      16.2287        21.0787
    7827      16.3121        20.9177
    7828      16.3106        20.7803
    7829      16.2424        21.2325
    7830      16.2798        20.9351
    7831      16.3371        21.6628
    7832      16.2844        21.0348
    7833      16.3286        20.8867
    7834      16.2971        21.4580
    7835      16.3159        22.2314
    7836      16.2748        21.4849
    7837      16.2673        21.7474
    7838      16.2948        21.2024
    7839      16.3594        20.9697
    7840      16.2615        21.1772
    7841      16.2582        20.8088
    7842      16.2956        21.0015
    7843      16.3081        21.5760
    7844      16.2920        22.0098
    7845      16.3012        21.2727
    7846      16.3335        21.2691
    7847      16.3601        22.0138
    7848      16.2999        21.7038
    7849      16.2730        20.9980
    7850      16.3222        20.7484
    7851      16.2922        22.1070
    7852      16.2735        21.4846
    7853      16.2759        21.2383
    7854      16.2748        20.8129
    7855      16.3767        21.3719
    7856      16.3137        21.2767
    7857      16.3966        22.0045
    7858      16.4129        20.8218
    7859      16.2886        21.1643
    7860      16.4118        22.0297
    7861      16.3819        22.0556
    7862      16.3034        21.5224
    7863      16.3755        21.5564
    7864      16.3555        21.9705
    7865      16.3736        21.4328
    7866      16.3669        22.0261
    7867      16.2940        21.6781
    7868      16.3818        20.9646
    7869      16.3117        20.8280
    7870      16.2638        20.4752
    7871      16.3624        21.1481
    7872      16.3274        21.1263
    7873      16.2638        20.6974
    7874      16.3254        21.1952
    7875      16.2939        21.1222
    7876      16.3391        21.2998
    7877      16.3206        21.5867
    7878      16.3200        21.3162
    7879      16.3347        21.1156
    7880      16.2632        21.3644
    7881      16.3652        22.6259
    7882      16.3730        23.0815
    7883      16.3980        21.6174
    7884      16.4385        21.3129
    7885      16.3454        21.4478
    7886      16.3826        21.8180
    7887      16.3510        21.6139
    7888      16.4213        21.9254
    7889      16.4054        22.1323
    7890      16.4224        21.2116
    7891      16.4530        21.7369
    7892      16.3877        21.8090
    7893      16.3896        22.8189
    7894      16.3675        21.6345
    7895      16.3397        22.3005
    7896      16.4009        21.4641
    7897      16.3791        21.2842
    7898      16.3259        21.3677
    7899      16.3589        20.7482
    7900      16.3468        21.5170
    7901      16.3022        21.4331
    7902      16.4046        20.8731
    7903      16.2864        20.8561
    7904      16.3715        21.6360
    7905      16.3920        20.9973
    7906      16.4119        21.2370
    7907      16.3720        21.5290
    7908      16.3737        21.4438
    7909      16.3180        20.8329
    7910      16.3761        21.1682
    7911      16.3112        21.4561
    7912      16.4131        21.7531
    7913      16.3476        21.3854
    7914      16.3043        21.3066
    7915      16.3800        21.3303
    7916      16.3342        21.5671
    7917      16.3600        22.1081
    7918      16.2941        21.2342
    7919      16.3296        21.2733
    7920      16.3988        21.8506
    7921      16.3765        21.6334
    7922      16.3546        21.0559
    7923      16.3735        22.1498
    7924      16.3149        21.4360
    7925      16.3148        21.1278
    7926      16.3564        21.2657
    7927      16.3272        21.0307
    7928      16.3183        21.2165
    7929      16.3579        21.8691
    7930      16.3360        21.6325
    7931      16.3926        21.0906
    7932      16.3886        21.8277
    7933      16.4038        21.4654
    7934      16.3595        20.8946
    7935      16.4262        21.9434
    7936      16.3958        21.1615
    7937      16.3212        20.8231
    7938      16.3214        21.2198
    7939      16.3347        21.2911
    7940      16.2723        21.1145
    7941      16.3558        21.6172
    7942      16.3367        21.6622
    7943      16.3598        21.2145
    7944      16.3414        21.0769
    7945      16.3793        21.5190
    7946      16.3494        21.6236
    7947      16.3473        21.5170
    7948      16.3119        21.2191
    7949      16.3452        23.4655
    7950      16.3370        22.2001
    7951      16.3599        21.8364
    7952      16.3072        21.2228
    7953      16.2977        21.4095
    7954      16.3162        21.0634
    7955      16.2896        21.1754
    7956      16.2978        21.0550
    7957      16.2732        21.7409
    7958      16.3472        20.8968
    7959      16.3553        21.5699
    7960      16.4431        22.4830
    7961      16.4062        21.2733
    7962      16.4215        22.1794
    7963      16.3350        21.5617
    7964      16.3687        21.2356
    7965      16.3049        20.8621
    7966      16.3611        21.2975
    7967      16.4049        20.7955
    7968      16.3610        21.0349
    7969      16.3349        20.5305
    7970      16.2950        20.9494
    7971      16.2991        20.9355
    7972      16.3436        20.8614
    7973      16.3502        20.9740
    7974      16.3542        21.2848
    7975      16.3594        21.2252
    7976      16.3264        21.3175
    7977      16.3225        20.8338
    7978      16.3214        21.6237
    7979      16.3163        21.2368
    7980      16.3466        21.5394
    7981      16.3968        21.3857
    7982      16.4066        20.9736
    7983      16.3210        20.6306
    7984      16.2711        20.8728
    7985      16.3409        20.9294
    7986      16.2883        21.3931
    7987      16.3569        21.6110
    7988      16.2781        22.1191
    7989      16.3334        22.0707
    7990      16.3289        22.7622
    7991      16.3592        22.2648
    7992      16.2853        21.4228
    7993      16.3251        21.3555
    7994      16.2855        21.7521
    7995      16.2602        20.9851
    7996      16.3381        21.1234
    7997      16.3425        21.1032
    7998      16.3323        20.8775
    7999      16.3705        21.5204
    8000      16.3423        20.9148
    8001      16.3398        20.7332
    8002      16.3416        21.3780
    8003      16.3084        22.2545
    8004      16.3693        22.6935
    8005      16.2362        22.1852
    8006      16.2627        21.0047
    8007      16.3625        21.4223
    8008      16.2773        21.9091
    8009      16.3747        22.1391
    8010      16.3366        21.0355
    8011      16.3053        21.3253
    8012      16.3003        21.3530
    8013      16.3503        21.6346
    8014      16.3564        21.1644
    8015      16.3052        21.8755
    8016      16.3066        20.6900
    8017      16.2946        21.3176
    8018      16.2889        21.0945
    8019      16.3113        20.9903
    8020      16.3175        21.0729
    8021      16.2290        21.8013
    8022      16.2418        21.6701
    8023      16.3242        21.8261
    8024      16.3028        20.6235
    8025      16.2779        21.1270
    8026      16.2969        21.2363
    8027      16.3008        20.8625
    8028      16.3143        21.5607
    8029      16.2983        20.7664
    8030      16.2955        21.0109
    8031      16.2770        20.7884
    8032      16.2977        20.9100
    8033      16.2746        21.1499
    8034      16.3024        21.0587
    8035      16.2690        20.8012
    8036      16.2574        20.6966
    8037      16.2273        21.3147
    8038      16.2622        21.0886
    8039      16.2748        20.7546
    8040      16.3108        21.2287
    8041      16.2607        21.3389
    8042      16.3343        21.1938
    8043      16.2828        21.3564
    8044      16.2980        21.7577
    8045      16.3324        21.8416
    8046      16.3204        23.1334
    8047      16.2932        22.7742
    8048      16.3193        22.8226
    8049      16.3244        22.9994
    8050      16.2554        21.8180
    8051      16.3385        21.0354
    8052      16.3427        21.5136
    8053      16.2554        21.6817
    8054      16.3385        21.2503
    8055      16.4023        21.4614
    8056      16.2915        21.6716
    8057      16.2917        21.4114
    8058      16.2673        20.9495
    8059      16.2603        20.7467
    8060      16.3429        21.1476
    8061      16.2318        20.9425
    8062      16.2715        20.9404
    8063      16.2248        21.1945
    8064      16.2457        21.4602
    8065      16.2373        21.3867
    8066      16.2892        20.8680
    8067      16.2923        21.0945
    8068      16.3021        20.8772
    8069      16.2966        21.0705
    8070      16.2072        21.9303
    8071      16.2285        21.3710
    8072      16.2924        21.0483
    8073      16.3380        21.5468
    8074      16.2668        21.5450
    8075      16.3119        20.8837
    8076      16.3317        21.4845
    8077      16.3109        22.3654
    8078      16.2559        21.9750
    8079      16.2125        21.3373
    8080      16.2208        22.1476
    8081      16.2850        21.4953
    8082      16.2260        21.4455
    8083      16.2088        21.1264
    8084      16.2320        20.9912
    8085      16.2342        21.4502
    8086      16.2350        21.5180
    8087      16.3442        22.0407
    8088      16.2111        22.7266
    8089      16.2387        22.7906
    8090      16.2418        22.3332
    8091      16.2795        21.9921
    8092      16.2583        21.7990
    8093      16.2628        22.0754
    8094      16.3057        21.8718
    8095      16.2494        21.2850
    8096      16.2559        20.8619
    8097      16.3395        22.4521
    8098      16.2340        20.7474
    8099      16.3049        20.9168
    8100      16.3022        21.3759
    8101      16.2161        20.7470
    8102      16.2433        21.1730
    8103      16.2201        20.9507
    8104      16.2994        21.0421
    8105      16.1923        21.2244
    8106      16.2426        20.8762
    8107      16.2519        21.1142
    8108      16.2498        20.9406
    8109      16.3308        21.2247
    8110      16.2712        20.5168
    8111      16.3093        21.0157
    8112      16.3110        20.5428
    8113      16.2953        20.9131
    8114      16.2565        20.8851
    8115      16.2354        21.5118
    8116      16.2215        20.5841
    8117      16.1994        20.6562
    8118      16.2366        21.0455
    8119      16.3039        21.4503
    8120      16.2328        21.3609
    8121      16.2374        21.2232
    8122      16.2755        20.7913
    8123      16.2186        20.7302
    8124      16.3201        20.6156
    8125      16.3240        21.2823
    8126      16.2602        20.2389
    8127      16.2952        21.5605
    8128      16.2748        21.4193
    8129      16.2979        21.5519
    8130      16.4107        21.4779
    8131      16.2998        21.1252
    8132      16.3049        20.9183
    8133      16.3644        21.5143
    8134      16.3527        21.0574
    8135      16.3026        20.5530
    8136      16.2390        21.0138
    8137      16.2766        21.3244
    8138      16.2484        21.1261
    8139      16.2960        20.6795
    8140      16.3154        21.0793
    8141      16.2266        21.1100
    8142      16.2673        20.4702
    8143      16.2212        21.4940
    8144      16.2760        21.2047
    8145      16.2961        20.9191
    8146      16.2281        20.6326
    8147      16.2152        20.9422
    8148      16.2557        20.7546
    8149      16.2206        20.9873
    8150      16.1600        21.3167
    8151      16.1540        20.4706
    8152      16.1789        21.0398
    8153      16.2803        21.1223
    8154      16.2709        21.4986
    8155      16.2978        21.4560
    8156      16.3122        21.2769
    8157      16.2038        20.8426
    8158      16.2081        21.4828
    8159      16.2419        20.7748
    8160      16.2554        21.6122
    8161      16.2072        20.7750
    8162      16.2654        21.0984
    8163      16.2284        20.8568
    8164      16.2617        21.1014
    8165      16.3735        20.9766
    8166      16.3053        20.8478
    8167      16.2676        20.8713
    8168      16.2769        21.1528
    8169      16.2630        20.6054
    8170      16.2748        21.0450
    8171      16.2625        20.8579
    8172      16.2576        21.6256
    8173      16.2277        20.8005
    8174      16.2526        20.5733
    8175      16.2559        20.9910
    8176      16.3235        21.3460
    8177      16.2728        20.9292
    8178      16.2841        21.4938
    8179      16.2582        21.3347
    8180      16.2875        21.1280
    8181      16.2403        20.6517
    8182      16.2512        21.2235
    8183      16.2282        20.6841
    8184      16.2208        21.5835
    8185      16.2494        21.4377
    8186      16.3455        21.4995
    8187      16.2750        20.9107
    8188      16.3021        21.0186
    8189      16.3574        21.6427
    8190      16.3638        21.4879
    8191      16.3383        21.3764
    8192      16.3153        20.7026
    8193      16.3312        21.0270
    8194      16.2867        21.4031
    8195      16.3036        21.6964
    8196      16.2535        20.9818
    8197      16.2764        22.3064
    8198      16.2679        20.7698
    8199      16.2571        20.9328
    8200      16.3148        20.8500
    8201      16.2160        20.8175
    8202      16.2141        20.7152
    8203      16.2676        20.5095
    8204      16.2433        20.9093
    8205      16.2320        20.3323
    8206      16.2138        20.7421
    8207      16.2878        21.5214
    8208      16.3263        20.6396
    8209      16.2592        20.5234
    8210      16.2723        20.9132
    8211      16.2414        20.3697
    8212      16.2839        20.7056
    8213      16.3104        20.7636
    8214      16.1903        21.3451
    8215      16.3078        21.1534
    8216      16.3250        20.9367
    8217      16.3044        21.0895
    8218      16.2814        20.9243
    8219      16.3209        21.3205
    8220      16.3204        20.8908
    8221      16.2581        20.0336
    8222      16.2935        21.0833
    8223      16.3342        21.4527
    8224      16.2592        20.7582
    8225      16.2992        20.1354
    8226      16.3035        21.8012
    8227      16.2651        22.3018
    8228      16.3575        20.3212
    8229      16.3184        23.1156
    8230      16.2963        21.3395
    8231      16.3664        20.7775
    8232      16.3230        20.8559
    8233      16.3092        21.0085
    8234      16.2924        20.6838
    8235      16.3028        20.8024
    8236      16.2316        20.5258
    8237      16.2885        20.3800
    8238      16.2777        20.9092
    8239      16.2608        20.4261
    8240      16.3083        20.5358
    8241      16.2766        21.2629
    8242      16.2853        21.1053
    8243      16.3209        20.9363
    8244      16.2990        21.1836
    8245      16.2884        20.5911
    8246      16.2674        20.1155
    8247      16.3101        20.5751
    8248      16.3047        21.4736
    8249      16.3024        21.3693
    8250      16.3750        22.7716
    8251      16.3241        23.7831
    8252      16.3529        22.8628
    8253      16.3554        21.6012
    8254      16.3155        23.4443
    8255      16.2592        22.8472
    8256      16.3119        21.3884
    8257      16.3024        21.8210
    8258      16.2141        20.9649
    8259      16.2753        21.1688
    8260      16.2695        21.2567
    8261      16.3195        21.3142
    8262      16.3513        22.7125
    8263      16.3582        21.9532
    8264      16.3063        21.9875
    8265      16.3473        21.3954
    8266      16.3125        21.5007
    8267      16.3127        21.2173
    8268      16.3191        20.8037
    8269      16.3189        20.8060
    8270      16.2835        21.1239
    8271      16.3468        21.0048
    8272      16.3590        21.0097
    8273      16.2969        20.6213
    8274      16.2901        20.9814
    8275      16.3198        20.9642
    8276      16.3142        21.4964
    8277      16.3670        21.4489
    8278      16.3803        21.6154
    8279      16.3112        22.9527
    8280      16.3480        22.6809
    8281      16.2863        21.3967
    8282      16.2677        20.7748
    8283      16.2375        20.3079
    8284      16.3641        21.4005
    8285      16.2428        21.6010
    8286      16.3746        21.1854
    8287      16.3395        20.9764
    8288      16.3546        20.7469
    8289      16.2670        20.7343
    8290      16.2420        20.1106
    8291      16.3062        20.2062
    8292      16.3117        21.1014
    8293      16.2943        21.0373
    8294      16.2802        20.8193
    8295      16.3199        21.4778
    8296      16.2898        20.5914
    8297      16.3103        21.2433
    8298      16.2964        20.7284
    8299      16.3571        21.2545
    8300      16.3578        20.8823
    8301      16.3170        21.1003
    8302      16.3202        21.4437
    8303      16.2957        20.9667
    8304      16.2705        20.6739
    8305      16.3026        21.2805
    8306      16.2670        21.2666
    8307      16.2282        21.4965
    8308      16.2055        21.4777
    8309      16.1406        21.1404
    8310      16.2065        20.9272
    8311      16.2111        21.3318
    8312      16.2067        21.5508
    8313      16.2210        21.2354
    8314      16.2874        20.7763
    8315      16.2800        21.5429
    8316      16.2223        21.5168
    8317      16.2749        20.4106
    8318      16.3416        20.8468
    8319      16.2549        20.3397
    8320      16.2580        20.6179
    8321      16.3467        21.2212
    8322      16.2802        21.5059
    8323      16.2456        20.2688
    8324      16.3068        20.6350
    8325      16.2969        20.8405
    8326      16.3281        20.7241
    8327      16.2484        20.3694
    8328      16.3113        20.4580
    8329      16.3357        20.6105
    8330      16.2624        20.7910
    8331      16.3236        21.5057
    8332      16.2882        21.1691
    8333      16.3213        20.5358
    8334      16.3613        21.3782
    8335      16.3645        22.9737
    8336      16.2619        21.5947
    8337      16.3733        20.6817
    8338      16.3936        20.8882
    8339      16.4150        21.2800
    8340      16.3348        21.8755
    8341      16.2812        21.0327
    8342      16.3622        20.8469
    8343      16.3247        21.5500
    8344      16.3123        20.7757
    8345      16.3534        21.9402
    8346      16.3549        21.6338
    8347      16.3817        21.6903
    8348      16.3852        21.3693
    8349      16.3203        20.8711
    8350      16.3412        20.9586
    8351      16.3506        20.4143
    8352      16.3239        21.0952
    8353      16.3882        21.2450
    8354      16.3992        20.6284
    8355      16.3748        22.1115
    8356      16.3258        21.2204
    8357      16.2857        21.5076
    8358      16.2796        20.6371
    8359      16.3185        21.0934
    8360      16.2310        20.3298
    8361      16.3887        20.9738
    8362      16.3089        21.6853
    8363      16.3286        21.0513
    8364      16.3393        21.7636
    8365      16.3376        21.3602
    8366      16.2384        20.5060
    8367      16.2365        20.9176
    8368      16.2490        21.1296
    8369      16.3250        22.5809
    8370      16.4053        21.8879
    8371      16.3173        21.5024
    8372      16.3562        21.3613
    8373      16.3490        21.8968
    8374      16.3500        22.0412
    8375      16.3135        21.8136
    8376      16.3467        22.5673
    8377      16.2918        22.8328
    8378      16.3357        21.9401
    8379      16.3205        22.1098
    8380      16.3344        22.5813
    8381      16.3016        22.5680
    8382      16.2326        21.3365
    8383      16.2628        21.6201
    8384      16.3088        21.7098
    8385      16.3038        21.6604
    8386      16.3436        22.2806
    8387      16.3403        22.1075
    8388      16.3133        20.9755
    8389      16.3475        22.0955
    8390      16.2702        22.0741
    8391      16.2749        21.8020
    8392      16.3160        21.8709
    8393      16.3023        22.2894
    8394      16.2908        21.7064
    8395      16.3685        21.3565
    8396      16.3142        21.6392
    8397      16.3248        21.6260
    8398      16.2483        21.1252
    8399      16.2440        21.1269
    8400      16.3079        21.8937
    8401      16.2671        21.9505
    8402      16.2776        21.1198
    8403      16.2869        21.6507
    8404      16.2658        20.8542
    8405      16.2605        21.2407
    8406      16.3088        21.2193
    8407      16.2629        21.2819
    8408      16.2893        21.4370
    8409      16.2459        20.7751
    8410      16.3337        21.3263
    8411      16.2105        20.9992
    8412      16.3215        21.4782
    8413      16.2832        21.2235
    8414      16.2871        21.5471
    8415      16.2461        21.1045
    8416      16.2566        20.7403
    8417      16.2427        21.0842
    8418      16.2264        21.3821
    8419      16.2225        21.0348
    8420      16.2621        21.1097
    8421      16.2612        20.8212
    8422      16.2235        21.3719
    8423      16.2890        21.1097
    8424      16.2757        21.8682
    8425      16.2164        21.1681
    8426      16.2865        21.0861
    8427      16.2629        21.0220
    8428      16.2365        20.7518
    8429      16.2798        21.1916
    8430      16.2925        21.0724
    8431      16.3290        21.2150
    8432      16.2356        21.0455
    8433      16.2815        21.2002
    8434      16.2606        20.7904
    8435      16.2485        20.8460
    8436      16.2644        21.1586
    8437      16.2066        20.5668
    8438      16.2443        21.5547
    8439      16.3496        21.1995
    8440      16.3258        21.1280
    8441      16.2623        21.4142
    8442      16.2793        21.7904
    8443      16.3077        21.4023
    8444      16.3229        21.7615
    8445      16.2519        20.8618
    8446      16.2742        21.2849
    8447      16.2835        21.3921
    8448      16.2753        21.4917
    8449      16.2974        21.5347
    8450      16.2374        21.4868
    8451      16.2392        22.8112
    8452      16.2099        21.5144
    8453      16.2116        21.0584
    8454      16.2342        21.0086
    8455      16.3197        21.1567
    8456      16.3983        21.2657
    8457      16.2604        20.8561
    8458      16.3469        21.4202
    8459      16.3878        21.3194
    8460      16.4141        21.9979
    8461      16.3392        21.2187
    8462      16.3033        21.0125
    8463      16.3452        21.5740
    8464      16.2547        21.8984
    8465      16.3469        21.3052
    8466      16.2345        21.0631
    8467      16.3728        21.2914
    8468      16.2962        21.1647
    8469      16.2934        21.1173
    8470      16.3225        20.8568
    8471      16.2889        20.8660
    8472      16.2779        21.0414
    8473      16.2510        20.6198
    8474      16.3073        21.6757
    8475      16.3159        21.7970
    8476      16.3017        21.0811
    8477      16.3149        21.3761
    8478      16.2802        21.6772
    8479      16.3157        21.5199
    8480      16.3621        21.9986
    8481      16.3004        21.2845
    8482      16.3175        20.9041
    8483      16.2757        21.4274
    8484      16.2997        20.3891
    8485      16.2862        21.5159
    8486      16.2773        21.3298
    8487      16.3839        21.9522
    8488      16.3261        21.5993
    8489      16.3076        21.7669
    8490      16.3020        22.0009
    8491      16.3186        21.7985
    8492      16.4636        21.9710
    8493      16.3963        21.4702
    8494      16.2743        21.2051
    8495      16.2794        21.3935
    8496      16.2907        21.2542
    8497      16.3506        21.4271
    8498      16.3309        21.2952
    8499      16.2799        21.4554
    8500      16.2866        21.2048
    8501      16.2664        21.5471
    8502      16.3691        21.4261
    8503      16.2659        21.4705
    8504      16.2596        22.1186
    8505      16.1787        21.1899
    8506      16.2491        21.4486
    8507      16.2757        21.6424
    8508      16.3055        21.7033
    8509      16.2148        21.2646
    8510      16.2786        21.8801
    8511      16.3512        21.9132
    8512      16.3053        21.6769
    8513      16.2153        21.6126
    8514      16.2787        20.9856
    8515      16.2880        21.0396
    8516      16.2321        21.0962
    8517      16.2917        22.0400
    8518      16.2825        20.9323
    8519      16.2689        21.3250
    8520      16.3739        21.2037
    8521      16.3845        20.8943
    8522      16.2700        21.3972
    8523      16.3294        21.2360
    8524      16.3235        21.5436
    8525      16.3460        21.2944
    8526      16.4044        21.3105
    8527      16.3038        22.0847
    8528      16.3006        21.5284
    8529      16.3175        20.9869
    8530      16.3527        20.8354
    8531      16.3572        21.5831
    8532      16.4112        21.4295
    8533      16.3833        21.7158
    8534      16.4031        21.5748
    8535      16.3342        21.3511
    8536      16.4283        21.3190
    8537      16.4067        21.3992
    8538      16.3519        21.4234
    8539      16.3614        21.9685
    8540      16.3812        21.6099
    8541      16.2978        21.3266
    8542      16.3487        20.7772
    8543      16.3486        20.2579
    8544      16.3846        20.9236
    8545      16.3774        20.7158
    8546      16.3775        21.0926
    8547      16.4014        20.8185
    8548      16.4000        20.7927
    8549      16.4504        20.8050
    8550      16.4109        20.8830
    8551      16.4158        20.3399
    8552      16.4706        20.5825
    8553      16.4084        21.2414
    8554      16.4232        22.1029
    8555      16.4002        20.8831
    8556      16.4005        21.3915
    8557      16.3474        21.1533
    8558      16.3625        21.0964
    8559      16.3219        21.2207
    8560      16.3556        21.1264
    8561      16.3010        21.1012
    8562      16.4093        21.8619
    8563      16.3500        21.6614
    8564      16.3232        20.9379
    8565      16.4413        21.6896
    8566      16.4485        21.8939
    8567      16.3494        21.5071
    8568      16.3405        20.9621
    8569      16.4146        22.0318
    8570      16.3697        21.2192
    8571      16.3083        21.6016
    8572      16.3062        21.9770
    8573      16.3872        21.4937
    8574      16.3123        21.1722
    8575      16.3933        21.2871
    8576      16.4014        21.2141
    8577      16.3013        20.7735
    8578      16.3256        20.9363
    8579      16.3012        21.0843
    8580      16.3389        21.3017
    8581      16.3226        21.1450
    8582      16.3036        21.3615
    8583      16.3424        21.4542
    8584      16.3209        21.7417
    8585      16.3794        21.4679
    8586      16.3625        20.6270
    8587      16.3022        21.0204
    8588      16.3315        21.4138
    8589      16.3414        20.9156
    8590      16.4404        23.2288
    8591      16.4359        22.9464
    8592      16.4152        22.3714
    8593      16.3769        22.4081
    8594      16.3361        21.3569
    8595      16.2997        21.4273
    8596      16.3633        21.8198
    8597      16.3504        22.1389
    8598      16.5084        21.8922
    8599      16.4504        21.9642
    8600      16.4313        22.0672
    8601      16.3914        20.4407
    8602      16.4045        20.7039
    8603      16.3912        21.6528
    8604      16.3242        21.1724
    8605      16.3764        21.1393
    8606      16.3599        20.2021
    8607      16.4173        21.0656
    8608      16.3159        20.7760
    8609      16.3404        20.5308
    8610      16.3936        21.0834
    8611      16.3635        20.6434
    8612      16.3910        21.7601
    8613      16.3922        20.9469
    8614      16.3702        21.0694
    8615      16.3603        20.7205
    8616      16.3727        20.9823
    8617      16.3387        21.1338
    8618      16.3474        20.3349
    8619      16.2619        20.7123
    8620      16.3625        20.6122
    8621      16.3122        20.4930
    8622      16.3042        20.9005
    8623      16.2930        20.5692
    8624      16.3617        20.9461
    8625      16.3208        21.2128
    8626      16.3404        21.0435
    8627      16.3180        22.1767
    8628      16.3172        21.9520
    8629      16.3431        20.9631
    8630      16.3113        20.6606
    8631      16.3315        20.5835
    8632      16.3293        20.6422
    8633      16.3540        21.0799
    8634      16.3218        20.5746
    8635      16.3627        20.5593
    8636      16.3458        20.8050
    8637      16.3671        20.8557
    8638      16.3713        20.5436
    8639      16.3652        20.3867
    8640      16.3594        20.2937
    8641      16.3488        20.8856
    8642      16.4008        20.4215
    8643      16.3699        20.4934
    8644      16.3847        20.9644
    8645      16.3878        20.6961
    8646      16.3250        21.2472
    8647      16.4211        20.7923
    8648      16.3599        20.8515
    8649      16.4442        21.7218
    8650      16.4282        21.5395
    8651      16.4642        21.9135
    8652      16.3272        21.1443
    8653      16.4727        21.7842
    8654      16.4488        21.4599
    8655      16.4041        20.4572
    8656      16.4051        20.1840
    8657      16.3335        20.5637
    8658      16.3383        20.8834
    8659      16.3962        20.3682
    8660      16.3552        20.9259
    8661      16.3613        21.3488
    8662      16.3776        21.1673
    8663      16.3912        20.9128
    8664      16.3151        22.3325
    8665      16.3834        21.4918
    8666      16.3525        21.4185
    8667      16.3159        21.2195
    8668      16.3821        21.8485
    8669      16.3499        20.8636
    8670      16.3655        21.3208
    8671      16.4046        20.9490
    8672      16.3901        20.8565
    8673      16.4115        20.9389
    8674      16.4187        20.5679
    8675      16.3404        20.7934
    8676      16.3380        20.6396
    8677      16.4258        20.9435
    8678      16.3366        20.7130
    8679      16.3642        21.2796
    8680      16.3068        20.6457
    8681      16.3445        20.9479
    8682      16.3925        21.4016
    8683      16.3603        22.0921
    8684      16.2927        21.2287
    8685      16.3058        20.6979
    8686      16.3991        21.3075
    8687      16.3134        20.5798
    8688      16.2827        21.0386
    8689      16.2582        20.4043
    8690      16.3430        21.1084
    8691      16.3547        20.8608
    8692      16.3412        21.2432
    8693      16.3894        20.7510
    8694      16.3283        21.1316
    8695      16.3167        20.1773
    8696      16.3409        20.7094
    8697      16.3382        20.6933
    8698      16.3392        20.7088
    8699      16.3463        20.7030
    8700      16.3309        21.3867
    8701      16.3735        20.7194
    8702      16.3832        21.0085
    8703      16.3557        20.7881
    8704      16.3753        21.0081
    8705      16.4066        21.2038
    8706      16.3787        20.9023
    8707      16.4102        21.1177
    8708      16.3679        20.9656
    8709      16.3184        20.6953
    8710      16.3470        21.0618
    8711      16.3691        21.6140
    8712      16.3732        20.6520
    8713      16.2910        20.6270
    8714      16.3298        20.9657
    8715      16.3469        20.3974
    8716      16.4264        20.5592
    8717      16.4511        21.2833
    8718      16.4061        20.9053
    8719      16.3942        20.7465
    8720      16.3833        21.3710
    8721      16.4023        20.4079
    8722      16.4097        21.5791
    8723      16.3515        21.3980
    8724      16.3843        21.2378
    8725      16.3957        21.6934
    8726      16.4268        21.5151
    8727      16.3805        21.6239
    8728      16.3064        21.3819
    8729      16.3573        21.6167
    8730      16.2936        20.7917
    8731      16.2959        21.7001
    8732      16.3250        21.0533
    8733      16.2885        19.4478
    8734      16.3315        20.5103
    8735      16.3887        20.8901
    8736      16.4060        20.5139
    8737      16.3540        19.9571
    8738      16.4402        20.3629
    8739      16.4001        20.7226
    8740      16.3431        20.5324
    8741      16.3562        20.4457
    8742      16.4366        20.5185
    8743      16.3529        20.4564
    8744      16.3470        20.0213
    8745      16.3573        20.4110
    8746      16.2950        20.5845
    8747      16.3981        20.0067
    8748      16.3692        19.9433
    8749      16.3754        19.9792
    8750      16.3410        20.0520
    8751      16.3861        20.4729
    8752      16.4055        20.2789
    8753      16.4424        20.6178
    8754      16.4505        21.1927
    8755      16.4683        21.1556
    8756      16.4184        20.5775
    8757      16.3951        20.5993
    8758      16.4374        21.0063
    8759      16.4140        21.0293
    8760      16.3984        20.8670
    8761      16.5024        20.6102
    8762      16.4092        20.3834
    8763      16.4044        21.3085
    8764      16.4490        20.6153
    8765      16.4220        20.1195
    8766      16.4770        20.4461
    8767      16.4471        20.8424
    8768      16.4550        21.0642
    8769      16.4535        20.5897
    8770      16.3549        20.3851
    8771      16.4313        20.0716
    8772      16.3277        21.0358
    8773      16.4000        20.8531
    8774      16.3816        20.7134
    8775      16.3175        20.5036
    8776      16.3517        20.3942
    8777      16.3528        20.0494
    8778      16.3736        20.6696
    8779      16.4110        21.1130
    8780      16.4173        20.4589
    8781      16.3991        20.7099
    8782      16.4433        20.5899
    8783      16.4681        20.6687
    8784      16.4348        20.3649
    8785      16.3574        20.3569
    8786      16.3918        20.7799
    8787      16.3992        21.1816
    8788      16.3856        20.5292
    8789      16.3830        20.2697
    8790      16.3967        20.9022
    8791      16.3995        21.1597
    8792      16.3625        20.2968
    8793      16.3992        20.1613
    8794      16.4474        19.9556
    8795      16.3021        20.0959
    8796      16.4372        21.5990
    8797      16.4423        21.6412
    8798      16.3849        20.9956
    8799      16.3766        22.0118
    8800      16.4321        21.3667
    8801      16.3564        21.5805
    8802      16.3752        20.8235
    8803      16.3906        20.7717
    8804      16.3945        21.3491
    8805      16.4426        21.8671
    8806      16.3908        21.2261
    8807      16.3935        22.4339
    8808      16.3681        22.3536
    8809      16.3930        22.6218
    8810      16.3775        22.8084
    8811      16.3677        23.6969
    8812      16.4467        21.9767
    8813      16.4575        21.5874
    8814      16.4742        21.1748
    8815      16.5229        21.5755
    8816      16.4173        21.3602
    8817      16.3622        20.2883
    8818      16.4304        20.8426
    8819      16.3802        20.6905
    8820      16.3601        20.6803
    8821      16.3997        20.8056
    8822      16.3464        21.1384
    8823      16.4294        20.5596
    8824      16.4427        20.9396
    8825      16.4473        21.0576
    8826      16.4425        20.7341
    8827      16.4629        21.1611
    8828      16.4139        21.8242
    8829      16.4200        21.2972
    8830      16.5868        21.7266
    8831      16.4179        21.5635
    8832      16.4274        21.6893
    8833      16.4535        21.5575
    8834      16.4229        22.1085
    8835      16.4081        21.4434
    8836      16.4615        22.0248
    8837      16.4729        22.8770
    8838      16.4774        23.1040
    8839      16.4165        22.9043
    8840      16.4325        21.5786
    8841      16.4881        21.0183
    8842      16.4483        21.6786
    8843      16.4823        22.1619
    8844      16.3938        21.7035
    8845      16.3595        21.1209
    8846      16.4583        21.3049
    8847      16.4302        21.1657
    8848      16.3885        21.2591
    8849      16.4161        21.9854
    8850      16.4316        22.2256
    8851      16.3708        22.8017
    8852      16.3916        22.6616
    8853      16.3925        23.2633
    8854      16.4165        22.2861
    8855      16.4050        22.9299
    8856      16.3908        20.9159
    8857      16.4626        21.7396
    8858      16.4424        21.2677
    8859      16.3790        21.0613
    8860      16.3828        20.9465
    8861      16.4558        21.4204
    8862      16.4230        21.0927
    8863      16.4377        21.3648
    8864      16.4453        21.1476
    8865      16.4088        21.0832
    8866      16.3583        21.3671
    8867      16.3394        21.3024
    8868      16.3076        21.1730
    8869      16.3182        20.8093
    8870      16.3556        20.7813
    8871      16.3999        21.1886
    8872      16.3429        20.8846
    8873      16.3225        21.4314
    8874      16.2921        20.6781
    8875      16.3592        20.7625
    8876      16.4284        20.7390
    8877      16.4750        20.8496
    8878      16.4255        21.3835
    8879      16.4003        21.5070
    8880      16.3662        22.0081
    8881      16.4280        21.2628
    8882      16.4219        21.5989
    8883      16.4235        21.1041
    8884      16.3759        20.6366
    8885      16.4386        21.1709
    8886      16.4431        20.8899
    8887      16.3629        20.9443
    8888      16.3939        20.7191
    8889      16.5059        20.8152
    8890      16.4099        20.9721
    8891      16.3840        21.2757
    8892      16.4273        21.2637
    8893      16.3789        20.8954
    8894      16.3806        21.5439
    8895      16.4762        21.1203
    8896      16.4409        20.4483
    8897      16.3769        20.5589
    8898      16.4383        21.1489
    8899      16.4827        21.1096
    8900      16.4528        20.6380
    8901      16.4276        21.7939
    8902      16.4073        20.9605
    8903      16.4401        21.3891
    8904      16.4171        21.4892
    8905      16.3362        21.0698
    8906      16.3295        20.8709
    8907      16.3937        20.5057
    8908      16.3719        20.5405
    8909      16.4077        21.0148
    8910      16.3745        20.7334
    8911      16.3721        20.8142
    8912      16.3981        21.5001
    8913      16.4480        21.0564
    8914      16.4039        21.1581
    8915      16.3480        20.4185
    8916      16.3026        21.3722
    8917      16.3676        20.6688
    8918      16.4135        20.9355
    8919      16.3037        20.0069
    8920      16.3749        20.3005
    8921      16.4327        20.9489
    8922      16.3521        20.3476
    8923      16.2891        20.5158
    8924      16.3694        22.3709
    8925      16.4120        22.1728
    8926      16.4051        21.8795
    8927      16.4345        21.4980
    8928      16.4188        22.5326
    8929      16.4762        22.3508
    8930      16.3874        21.5374
    8931      16.3909        21.0048
    8932      16.4127        21.6628
    8933      16.4036        21.3034
    8934      16.4149        20.6369
    8935      16.3773        20.3103
    8936      16.4461        20.2679
    8937      16.3646        20.2129
    8938      16.4750        20.5313
    8939      16.3705        20.4043
    8940      16.3761        20.1924
    8941      16.3115        20.6886
    8942      16.3608        21.0578
    8943      16.3499        21.4087
    8944      16.4337        22.2419
    8945      16.3778        21.4958
    8946      16.4449        22.0176
    8947      16.4901        21.6752
    8948      16.4610        20.9476
    8949      16.3291        21.6629
    8950      16.3966        21.8136
    8951      16.3214        21.1683
    8952      16.3924        22.0794
    8953      16.3965        21.2771
    8954      16.4497        21.0471
    8955      16.4714        20.9512
    8956      16.4709        21.5774
    8957      16.4052        21.0874
    8958      16.3533        20.6734
    8959      16.3948        22.2338
    8960      16.4529        22.0913
    8961      16.4360        21.5136
    8962      16.4445        21.7335
    8963      16.3762        21.2514
    8964      16.4231        21.1996
    8965      16.4278        22.1283
    8966      16.4064        21.2124
    8967      16.4194        22.3432
    8968      16.4037        20.5767
    8969      16.4474        20.9573
    8970      16.4426        22.0470
    8971      16.4031        21.4738
    8972      16.3986        20.6857
    8973      16.3884        20.3702
    8974      16.3717        21.9735
    8975      16.4086        20.6728
    8976      16.3495        20.5549
    8977      16.3257        20.3469
    8978      16.3852        20.4108
    8979      16.3358        20.6433
    8980      16.3815        20.4822
    8981      16.4446        20.2994
    8982      16.3803        20.5878
    8983      16.4145        20.3632
    8984      16.4183        20.0586
    8985      16.2876        20.0254
    8986      16.4283        20.2086
    8987      16.3666        19.8645
    8988      16.4224        20.5684
    8989      16.2922        20.8646
    8990      16.3595        20.3868
    8991      16.3575        20.4806
    8992      16.4380        20.0589
    8993      16.4641        20.8599
    8994      16.4345        20.2676
    8995      16.3779        20.0458
    8996      16.4873        20.2526
    8997      16.5213        20.2258
    8998      16.5229        20.7126
    8999      16.4986        20.4841
    9000      16.5267        20.9349
    9001      16.3905        20.5938
    9002      16.3981        20.4445
    9003      16.4958        20.6997
    9004      16.4970        20.5437
    9005      16.5175        21.2098
    9006      16.4807        20.8003
    9007      16.4670        20.9974
    9008      16.4492        21.9770
    9009      16.4403        21.1736
    9010      16.5379        21.0118
    9011      16.4091        21.0926
    9012      16.4366        22.1867
    9013      16.5034        21.7413
    9014      16.4619        22.1401
    9015      16.3800        20.9262
    9016      16.4264        21.0309
    9017      16.4013        21.7445
    9018      16.3903        20.7792
    9019      16.4668        22.3307
    9020      16.4802        21.7842
    9021      16.4891        20.4325
    9022      16.3840        20.3069
    9023      16.4280        20.6432
    9024      16.5390        20.7597
    9025      16.5347        21.2870
    9026      16.4309        20.7280
    9027      16.4813        20.3941
    9028      16.4321        20.4075
    9029      16.4757        20.9510
    9030      16.4928        21.5316
    9031      16.4532        21.1903
    9032      16.3685        20.4937
    9033      16.4595        21.1164
    9034      16.4108        20.6969
    9035      16.4649        20.5310
    9036      16.4726        21.5942
    9037      16.4368        20.9815
    9038      16.3367        19.8355
    9039      16.4695        21.0096
    9040      16.4133        20.8446
    9041      16.4402        20.3430
    9042      16.3847        19.9396
    9043      16.4246        20.9651
    9044      16.3687        20.0394
    9045      16.3664        19.7966
    9046      16.4575        20.3608
    9047      16.4348        20.0099
    9048      16.4173        19.7728
    9049      16.3888        19.5278
    9050      16.3622        20.1338
    9051      16.3534        19.8738
    9052      16.3942        19.3002
    9053      16.3318        19.5968
    9054      16.3687        20.8153
    9055      16.3337        19.9836
    9056      16.4299        20.3090
    9057      16.3784        20.4090
    9058      16.3973        19.9152
    9059      16.4455        20.2801
    9060      16.4079        20.3197
    9061      16.4217        20.3399
    9062      16.4526        20.6729
    9063      16.4431        20.5676
    9064      16.4423        20.6219
    9065      16.3690        20.3014
    9066      16.3808        20.1073
    9067      16.3606        20.4642
    9068      16.3289        20.3457
    9069      16.3509        20.1295
    9070      16.3670        19.8476
    9071      16.3854        20.3505
    9072      16.4136        19.8830
    9073      16.4528        20.1886
    9074      16.4133        19.6565
    9075      16.4467        20.5322
    9076      16.3795        20.3081
    9077      16.3132        20.0525
    9078      16.3749        27.3793
    9079      16.4229        20.3478
    9080      16.4548        20.3940
    9081      16.4281        20.2753
    9082      16.3866        21.0524
    9083      16.3896        20.2051
    9084      16.3723        19.5160
    9085      16.3911        20.3812
    9086      16.3940        20.2867
    9087      16.4429        20.4548
    9088      16.3005        19.8977
    9089      16.4063        20.1706
    9090      16.4042        19.7952
    9091      16.3978        20.3481
    9092      16.3546        20.4510
    9093      16.4344        20.1322
    9094      16.3706        20.1292
    9095      16.3227        20.4945
    9096      16.4582        20.0506
    9097      16.4205        19.7857
    9098      16.4661        20.3264
    9099      16.3876        20.1203
    9100      16.4673        20.7752
    9101      16.3975        21.0598
    9102      16.4336        20.9091
    9103      16.4315        21.2675
    9104      16.3434        20.0718
    9105      16.3678        20.3815
    9106      16.3990        20.3174
    9107      16.4137        20.1415
    9108      16.3762        20.3136
    9109      16.3359        20.2398
    9110      16.3383        19.8938
    9111      16.3344        19.5340
    9112      16.3300        19.4882
    9113      16.3977        19.8771
    9114      16.4332        20.4821
    9115      16.3774        20.0039
    9116      16.4208        20.9924
    9117      16.3941        20.3986
    9118      16.3661        19.8817
    9119      16.4086        20.2159
    9120      16.3918        20.3271
    9121      16.3916        19.7617
    9122      16.4085        20.7471
    9123      16.3355        20.8683
    9124      16.4363        19.9793
    9125      16.4734        20.6397
    9126      16.5132        21.2542
    9127      16.4203        20.2991
    9128      16.3558        19.9882
    9129      16.3795        20.2735
    9130      16.4153        20.4420
    9131      16.3502        20.7403
    9132      16.3849        20.7463
    9133      16.3542        20.4900
    9134      16.3936        20.2440
    9135      16.3368        20.3342
    9136      16.4350        20.2311
    9137      16.3735        20.4047
    9138      16.4017        20.7069
    9139      16.4666        20.5950
    9140      16.3490        21.0919
    9141      16.3681        21.5760
    9142      16.4631        20.6016
    9143      16.3595        20.6278
    9144      16.4052        20.7786
    9145      16.4048        21.1087
    9146      16.4155        20.1545
    9147      16.4984        20.5723
    9148      16.4291        20.3115
    9149      16.4431        20.1037
    9150      16.5023        21.0678
    9151      16.4206        20.3886
    9152      16.4245        20.5861
    9153      16.4349        20.5239
    9154      16.3750        20.6883
    9155      16.4072        21.2273
    9156      16.4169        20.6874
    9157      16.4252        20.2121
    9158      16.4038        20.5548
    9159      16.4822        20.6893
    9160      16.4462        21.5396
    9161      16.3291        20.8697
    9162      16.4423        21.3611
    9163      16.4882        21.7695
    9164      16.4762        21.7952
    9165      16.4480        21.8223
    9166      16.4216        21.4631
    9167      16.4751        20.9229
    9168      16.3690        20.5960
    9169      16.4942        21.5742
    9170      16.4024        21.6627
    9171      16.4552        21.3189
    9172      16.4573        21.7966
    9173      16.4665        21.1974
    9174      16.4494        22.2284
    9175      16.4533        20.9187
    9176      16.4379        21.0313
    9177      16.4730        21.5454
    9178      16.4493        22.5372
    9179      16.4258        21.6917
    9180      16.5147        21.1660
    9181      16.4683        20.9666
    9182      16.4837        21.5127
    9183      16.4523        21.3143
    9184      16.4390        21.0521
    9185      16.4761        21.1936
    9186      16.4751        20.7066
    9187      16.5098        21.2643
    9188      16.4087        21.5320
    9189      16.4179        20.8256
    9190      16.4578        21.3872
    9191      16.4365        21.3472
    9192      16.4480        20.8105
    9193      16.4554        20.0628
    9194      16.4239        21.2600
    9195      16.3690        20.8378
    9196      16.4565        21.8543
    9197      16.4091        21.4128
    9198      16.4241        20.9036
    9199      16.4770        20.9639
    9200      16.4869        21.2563
    9201      16.4078        21.1417
    9202      16.4653        20.8319
    9203      16.4836        21.1770
    9204      16.4473        20.7263
    9205      16.4906        20.7313
    9206      16.4352        21.0291
    9207      16.3552        21.5762
    9208      16.4686        20.8816
    9209      16.4123        20.0787
    9210      16.4625        20.8604
    9211      16.4600        20.4276
    9212      16.4487        20.6858
    9213      16.4064        20.3418
    9214      16.3795        20.4987
    9215      16.3418        20.2076
    9216      16.3876        20.6960
    9217      16.3545        20.9843
    9218      16.3324        20.5033
    9219      16.3562        20.8994
    9220      16.4114        20.7048
    9221      16.4247        20.7023
    9222      16.4372        21.3971
    9223      16.3465        20.2946
    9224      16.3318        20.2982
    9225      16.3872        20.9775
    9226      16.3725        21.3555
    9227      16.3706        21.3108
    9228      16.3943        21.1824
    9229      16.4056        21.3226
    9230      16.3798        21.3532
    9231      16.4290        22.1068
    9232      16.4790        21.3588
    9233      16.4693        21.9059
    9234      16.4719        21.2969
    9235      16.3981        21.1845
    9236      16.4191        20.8265
    9237      16.4059        20.8149
    9238      16.4962        21.3282
    9239      16.4694        20.6104
    9240      16.4100        21.0399
    9241      16.3770        21.4701
    9242      16.4113        20.9090
    9243      16.4078        20.7571
    9244      16.3890        21.1782
    9245      16.3882        20.9656
    9246      16.4543        21.7462
    9247      16.4443        21.4491
    9248      16.3730        21.2096
    9249      16.3939        21.4803
    9250      16.3858        20.3528
    9251      16.4223        20.5956
    9252      16.3721        21.0620
    9253      16.3859        21.3997
    9254      16.3640        20.8516
    9255      16.3512        20.9102
    9256      16.4216        20.5378
    9257      16.4644        20.6403
    9258      16.4181        20.6141
    9259      16.3577        20.9545
    9260      16.3703        20.2670
    9261      16.4293        21.1905
    9262      16.3786        20.9120
    9263      16.3769        20.2523
    9264      16.3146        20.8422
    9265      16.2883        21.0635
    9266      16.3510        21.2894
    9267      16.3620        20.3967
    9268      16.3438        20.9052
    9269      16.3098        20.6394
    9270      16.3644        20.4050
    9271      16.3150        20.1407
    9272      16.3548        21.0839
    9273      16.3644        21.2518
    9274      16.3376        20.3083
    9275      16.3394        20.9967
    9276      16.3997        20.7900
    9277      16.3981        21.0380
    9278      16.4263        21.6046
    9279      16.3581        20.7928
    9280      16.3489        21.4270
    9281      16.2814        21.2791
    9282      16.3329        21.6613
    9283      16.3149        20.6074
    9284      16.2872        20.5503
    9285      16.3339        21.1711
    9286      16.3837        21.0420
    9287      16.3456        20.4473
    9288      16.3714        21.4226
    9289      16.3654        21.0330
    9290      16.4188        20.8531
    9291      16.3296        20.5580
    9292      16.3563        21.1123
    9293      16.3272        20.5487
    9294      16.2600        21.0605
    9295      16.3035        21.5714
    9296      16.3127        21.3443
    9297      16.3165        21.4878
    9298      16.3058        20.3206
    9299      16.3228        20.8895
    9300      16.3341        20.7860
    9301      16.3149        21.3794
    9302      16.2861        21.4623
    9303      16.3349        22.1205
    9304      16.3394        22.2536
    9305      16.3803        21.3926
    9306      16.3802        22.9325
    9307      16.3221        20.7706
    9308      16.4037        22.0267
    9309      16.3381        21.2977
    9310      16.3149        21.7255
    9311      16.2744        20.7395
    9312      16.3380        20.7113
    9313      16.3390        22.2648
    9314      16.3217        21.6561
    9315      16.3807        21.3774
    9316      16.3697        20.9615
    9317      16.3277        21.5164
    9318      16.3239        21.5264
    9319      16.3347        22.0664
    9320      16.3917        21.3265
    9321      16.3268        21.9607
    9322      16.3136        20.8905
    9323      16.2930        22.5288
    9324      16.2977        21.1057
    9325      16.3059        21.2764
    9326      16.3086        21.5601
    9327      16.3239        20.4637
    9328      16.3501        21.0000
    9329      16.3646        20.9990
    9330      16.3847        20.5991
    9331      16.3981        21.0116
    9332      16.4124        20.9211
    9333      16.3866        20.7481
    9334      16.3615        20.7692
    9335      16.3361        20.2979
    9336      16.3478        21.0922
    9337      16.3405        20.5676
    9338      16.2986        21.1163
    9339      16.3356        20.8125
    9340      16.3158        20.1918
    9341      16.3583        21.9144
    9342      16.3574        21.1922
    9343      16.2600        21.8870
    9344      16.3245        21.9104
    9345      16.2829        20.5226
    9346      16.3591        21.6845
    9347      16.3312        20.7514
    9348      16.3262        21.2906
    9349      16.3587        21.2963
    9350      16.3663        20.7043
    9351      16.3489        22.2038
    9352      16.2588        22.0341
    9353      16.3778        23.5582
    9354      16.3777        23.7312
    9355      16.3829        23.4525
    9356      16.3618        21.5755
    9357      16.3086        20.7417
    9358      16.3654        20.7953
    9359      16.3063        20.9707
    9360      16.3142        20.5907
    9361      16.3177        20.8150
    9362      16.3952        21.3556
    9363      16.3491        21.6792
    9364      16.3298        22.2447
    9365      16.2151        22.0794
    9366      16.3492        22.0226
    9367      16.2999        20.9185
    9368      16.3226        22.7002
    9369      16.2871        21.7765
    9370      16.3372        21.2675
    9371      16.3242        21.9912
    9372      16.3308        21.3968
    9373      16.3501        22.2019
    9374      16.3217        20.8328
    9375      16.2969        20.4484
    9376      16.2770        20.1177
    9377      16.3194        20.6655
    9378      16.3520        21.0342
    9379      16.3766        20.2120
    9380      16.3284        20.6116
    9381      16.3914        20.3724
    9382      16.3897        21.0347
    9383      16.3731        20.8876
    9384      16.3664        21.0384
    9385      16.3221        21.8803
    9386      16.3618        21.1569
    9387      16.3475        20.4699
    9388      16.3874        21.5536
    9389      16.3532        21.1638
    9390      16.4065        21.0301
    9391      16.3130        21.2054
    9392      16.3473        21.4044
    9393      16.2928        21.0356
    9394      16.3356        20.7659
    9395      16.2775        21.1010
    9396      16.3106        21.2657
    9397      16.3210        21.8274
    9398      16.3939        21.8203
    9399      16.2920        21.6256
    9400      16.3782        22.2864
    9401      16.3466        20.6778
    9402      16.4108        21.8560
    9403      16.3747        20.7475
    9404      16.3357        21.4368
    9405      16.3878        21.1274
    9406      16.4126        21.0172
    9407      16.3871        21.8506
    9408      16.3579        22.5966
    9409      16.3184        21.0825
    9410      16.3831        20.3970
    9411      16.3098        22.1565
    9412      16.3505        20.8429
    9413      16.3494        21.8096
    9414      16.3387        21.6211
    9415      16.4483        21.5240
    9416      16.4260        20.6305
    9417      16.4331        21.2855
    9418      16.4833        21.3664
    9419      16.3880        22.4465
    9420      16.3755        20.9975
    9421      16.4226        22.5710
    9422      16.4536        22.4359
    9423      16.4074        21.3911
    9424      16.4824        21.4612
    9425      16.3977        21.0321
    9426      16.3487        21.3181
    9427      16.3578        20.8283
    9428      16.3895        21.1492
    9429      16.4330        20.3111
    9430      16.3712        21.6087
    9431      16.3701        22.6514
    9432      16.4232        20.6696
    9433      16.3622        21.5428
    9434      16.3902        21.5753
    9435      16.3584        21.2668
    9436      16.3703        21.3109
    9437      16.3334        21.2120
    9438      16.3290        20.8920
    9439      16.2880        21.9397
    9440      16.2875        21.5818
    9441      16.3252        20.7801
    9442      16.3268        21.3005
    9443      16.2982        20.2184
    9444      16.4021        20.2022
    9445      16.4106        20.2978
    9446      16.3357        20.7228
    9447      16.3703        20.4395
    9448      16.3301        20.9620
    9449      16.3728        20.2034
    9450      16.3844        20.7660
    9451      16.3695        21.3778
    9452      16.3291        20.2693
    9453      16.3020        20.3239
    9454      16.3090        20.9790
    9455      16.3422        22.1216
    9456      16.3380        21.1342
    9457      16.3200        21.6534
    9458      16.3427        22.2484
    9459      16.3107        21.1914
    9460      16.3139        20.8540
    9461      16.3746        21.9512
    9462      16.2599        21.8159
    9463      16.2632        21.1519
    9464      16.3349        20.9037
    9465      16.4207        21.5261
    9466      16.3288        21.6977
    9467      16.3067        21.6596
    9468      16.2567        21.4708
    9469      16.2733        22.7400
    9470      16.3118        21.4540
    9471      16.2327        20.8796
    9472      16.2926        20.6717
    9473      16.3433        22.7349
    9474      16.2932        20.9361
    9475      16.2970        19.9060
    9476      16.2922        20.7572
    9477      16.3184        20.7805
    9478      16.2633        20.3416
    9479      16.3150        20.2469
    9480      16.3355        20.3826
    9481      16.3096        20.4837
    9482      16.3071        20.4966
    9483      16.3159        20.5475
    9484      16.2893        20.7970
    9485      16.3425        21.3838
    9486      16.3388        20.8034
    9487      16.3459        21.3040
    9488      16.2528        21.2196
    9489      16.3406        21.2187
    9490      16.2442        20.9066
    9491      16.3412        20.2709
    9492      16.3430        21.3488
    9493      16.3222        19.9821
    9494      16.2996        20.1990
    9495      16.3520        20.3165
    9496      16.3222        20.7213
    9497      16.3012        20.9725
    9498      16.3674        20.8061
    9499      16.3307        20.7111
    9500      16.4064        20.5839
    9501      16.3138        21.0418
    9502      16.3498        20.9534
    9503      16.3309        20.9066
    9504      16.3698        20.3820
    9505      16.4478        21.0849
    9506      16.2930        20.6739
    9507      16.3643        21.0878
    9508      16.3325        20.8567
    9509      16.2725        21.1250
    9510      16.2739        20.8885
    9511      16.2797        20.3149
    9512      16.3349        21.0897
    9513      16.3010        20.7863
    9514      16.3584        21.0157
    9515      16.3923        20.2893
    9516      16.3578        20.3394
    9517      16.4264        20.0046
    9518      16.3723        20.6190
    9519      16.3253        20.8141
    9520      16.3633        20.8997
    9521      16.3688        20.8824
    9522      16.3730        21.7391
    9523      16.3697        21.8428
    9524      16.3783        21.3158
    9525      16.3537        20.8809
    9526      16.2821        20.5757
    9527      16.3729        20.1055
    9528      16.3102        19.8499
    9529      16.3708        20.5718
    9530      16.3168        19.9371
    9531      16.3483        20.5008
    9532      16.3019        20.8847
    9533      16.3478        20.2019
    9534      16.4093        20.8070
    9535      16.3413        20.5612
    9536      16.3569        20.4627
    9537      16.3155        20.8641
    9538      16.3458        20.4163
    9539      16.4065        20.8340
    9540      16.4592        20.7403
    9541      16.3773        20.3234
    9542      16.3506        20.3650
    9543      16.3055        19.8900
    9544      16.3789        20.5438
    9545      16.3547        20.4265
    9546      16.3574        20.3911
    9547      16.4464        20.7393
    9548      16.3407        20.3126
    9549      16.3355        20.7175
    9550      16.3791        20.5963
    9551      16.3452        20.9374
    9552      16.3417        20.3992
    9553      16.3442        20.7173
    9554      16.3277        20.4209
    9555      16.3555        19.6688
    9556      16.3307        20.8546
    9557      16.3233        20.5703
    9558      16.3283        20.1288
    9559      16.3146        20.6708
    9560      16.2822        19.7023
    9561      16.3468        20.1983
    9562      16.4032        20.9051
    9563      16.3389        20.7369
    9564      16.2397        20.2378
    9565      16.3075        19.9873
    9566      16.3345        20.5266
    9567      16.3603        20.0409
    9568      16.3241        20.3567
    9569      16.4054        20.4458
    9570      16.3800        21.1775
    9571      16.3311        20.4072
    9572      16.3223        20.8114
    9573      16.3769        20.2759
    9574      16.3290        20.8632
    9575      16.4116        20.3918
    9576      16.3594        20.5765
    9577      16.3761        20.3261
    9578      16.3759        19.9942
    9579      16.4123        20.3019
    9580      16.3730        20.4418
    9581      16.4061        20.1841
    9582      16.3752        20.5726
    9583      16.4252        20.8207
    9584      16.3926        20.3738
    9585      16.3989        20.2732
    9586      16.3454        20.1084
    9587      16.3214        20.0037
    9588      16.3823        20.5472
    9589      16.4393        20.4726
    9590      16.3286        20.0555
    9591      16.3108        20.4751
    9592      16.3735        20.6762
    9593      16.3870        20.3290
    9594      16.3609        20.4429
    9595      16.3663        20.4445
    9596      16.3732        20.4911
    9597      16.3711        20.1191
    9598      16.4130        19.8829
    9599      16.4104        20.3433
    9600      16.4027        20.5340
    9601      16.4563        20.6177
    9602      16.4097        20.8823
    9603      16.4035        20.7759
    9604      16.3389        20.3274
    9605      16.3935        21.1199
    9606      16.3766        20.2053
    9607      16.3680        20.6870
    9608      16.2915        19.7972
    9609      16.3864        19.7584
    9610      16.2904        19.7608
    9611      16.3436        20.5649
    9612      16.3752        19.9413
    9613      16.2972        20.2134
    9614      16.3784        20.6369
    9615      16.3843        20.3220
    9616      16.3974        20.6922
    9617      16.3472        20.3020
    9618      16.3535        20.0331
    9619      16.3697        20.6833
    9620      16.3250        20.5603
    9621      16.3921        20.7433
    9622      16.3897        20.7056
    9623      16.4376        20.4693
    9624      16.4014        20.5371
    9625      16.3371        21.0218
    9626      16.3095        20.5023
    9627      16.3503        20.0721
    9628      16.3990        22.0202
    9629      16.3695        21.9777
    9630      16.3490        22.7250
    9631      16.4437        22.4242
    9632      16.4362        22.8611
    9633      16.4127        21.8171
    9634      16.2970        21.2008
    9635      16.3535        21.1580
    9636      16.3582        21.5849
    9637      16.3373        21.4363
    9638      16.3114        20.5575
    9639      16.2536        20.4224
    9640      16.3132        20.3594
    9641      16.3119        21.1588
    9642      16.4179        21.0109
    9643      16.4362        20.7096
    9644      16.3271        20.1391
    9645      16.4139        20.4758
    9646      16.3540        19.8544
    9647      16.3650        19.5260
    9648      16.3287        19.9955
    9649      16.3869        20.8230
    9650      16.3662        20.4542
    9651      16.3637        20.0937
    9652      16.3627        20.3576
    9653      16.3877        20.9905
    9654      16.3031        20.7767
    9655      16.3344        20.0104
    9656      16.3647        20.6145
    9657      16.3252        20.3762
    9658      16.3270        20.2150
    9659      16.2211        19.4066
    9660      16.3476        20.2868
    9661      16.3497        20.1709
    9662      16.3745        21.0025
    9663      16.2767        19.8884
    9664      16.2765        20.5613
    9665      16.3846        21.1312
    9666      16.4081        20.0572
    9667      16.3133        20.8401
    9668      16.2805        20.3235
    9669      16.2517        20.2568
    9670      16.3753        20.7115
    9671      16.2250        20.2308
    9672      16.3259        20.0684
    9673      16.2728        19.4412
    9674      16.3259        20.0457
    9675      16.3864        19.8783
    9676      16.3372        20.8696
    9677      16.3321        19.9651
    9678      16.3056        19.8568
    9679      16.2852        19.8944
    9680      16.3455        20.2910
    9681      16.3231        20.9986
    9682      16.2517        20.1755
    9683      16.3814        20.9584
    9684      16.3517        20.6435
    9685      16.3765        20.1017
    9686      16.3420        19.9528
    9687      16.3376        20.1653
    9688      16.3143        19.9410
    9689      16.3007        19.3571
    9690      16.3058        19.9995
    9691      16.3306        20.4951
    9692      16.2991        20.5800
    9693      16.2571        20.3246
    9694      16.2937        20.6063
    9695      16.2596        20.4426
    9696      16.2840        20.7283
    9697      16.3334        20.8693
    9698      16.3032        20.3246
    9699      16.3530        21.0925
    9700      16.2895        20.6651
    9701      16.3271        20.5537
    9702      16.3493        19.8902
    9703      16.3426        20.6971
    9704      16.4098        21.4824
    9705      16.4049        21.0065
    9706      16.3471        20.5765
    9707      16.3153        20.8235
    9708      16.3646        22.1581
    9709      16.4065        21.7496
    9710      16.3180        20.6013
    9711      16.3248        20.8594
    9712      16.3816        21.0866
    9713      16.3088        20.8128
    9714      16.3920        20.3725
    9715      16.3480        20.4481
    9716      16.3524        20.6550
    9717      16.2938        20.6551
    9718      16.3285        20.5490
    9719      16.3509        20.8070
    9720      16.3556        20.2479
    9721      16.3613        20.8969
    9722      16.3897        21.2498
    9723      16.3827        21.5627
    9724      16.3714        20.8777
    9725      16.3489        20.8141
    9726      16.4113        21.8838
    9727      16.3836        20.5598
    9728      16.5345        22.5254
    9729      16.4214        22.2182
    9730      16.4690        21.9309
    9731      16.4590        23.6927
    9732      16.4186        22.2666
    9733      16.4516        22.1311
    9734      16.4115        20.4964
    9735      16.3821        21.8631
    9736      16.3543        21.4027
    9737      16.3267        21.6375
    9738      16.3785        22.6989
    9739      16.3899        21.7580
    9740      16.3876        20.7820
    9741      16.3891        21.0416
    9742      16.3970        21.2588
    9743      16.3683        21.5862
    9744      16.3570        20.7036
    9745      16.4198        21.0778
    9746      16.3881        20.3897
    9747      16.3680        20.5096
    9748      16.3302        20.3194
    9749      16.3723        20.8876
    9750      16.4659        21.1879
    9751      16.3567        21.2256
    9752      16.3796        20.6530
    9753      16.3612        20.3457
    9754      16.3742        21.0343
    9755      16.4314        20.1491
    9756      16.4481        20.6821
    9757      16.4336        20.0387
    9758      16.3931        20.4844
    9759      16.3637        20.4957
    9760      16.3753        21.1906
    9761      16.3671        21.0484
    9762      16.4146        20.4346
    9763      16.3427        20.1623
    9764      16.3974        20.2909
    9765      16.3440        19.4550
    9766      16.3978        19.3725
    9767      16.3632        20.5050
    9768      16.3516        19.9877
    9769      16.4107        20.4095
    9770      16.4032        19.9426
    9771      16.3029        19.7317
    9772      16.3737        20.3891
    9773      16.3433        20.0469
    9774      16.3676        20.5332
    9775      16.4894        20.8004
    9776      16.3736        20.1928
    9777      16.3543        20.3783
    9778      16.3863        19.1351
    9779      16.4120        19.8931
    9780      16.3337        20.4719
    9781      16.3859        22.0936
    9782      16.4244        21.5042
    9783      16.3630        21.3279
    9784      16.3423        20.1742
    9785      16.4572        19.8837
    9786      16.3874        20.1076
    9787      16.3971        20.0685
    9788      16.4012        20.0732
    9789      16.3929        20.1428
    9790      16.3611        20.1327
    9791      16.3654        20.5455
    9792      16.4065        20.2556
    9793      16.4353        20.5300
    9794      16.3749        20.6733
    9795      16.3812        20.5277
    9796      16.3520        20.2222
    9797      16.3396        20.5310
    9798      16.3761        20.6860
    9799      16.2863        20.1793
    9800      16.4182        20.7827
    9801      16.3158        20.2586
    9802      16.3305        20.8135
    9803      16.3891        20.7325
    9804      16.3959        19.6167
    9805      16.3396        19.9439
    9806      16.3135        19.7232
    9807      16.4555        20.2220
    9808      16.3915        20.7137
    9809      16.4015        20.0684
    9810      16.3838        20.3909
    9811      16.3585        20.0941
    9812      16.3272        19.6793
    9813      16.3325        20.4082
    9814      16.3368        20.0204
    9815      16.3615        20.4292
    9816      16.3440        20.2659
    9817      16.4364        20.5443
    9818      16.3763        19.8708
    9819      16.3793        19.8588
    9820      16.3924        20.2612
    9821      16.3671        20.0761
    9822      16.3146        20.1239
    9823      16.3438        19.5045
    9824      16.2449        20.1300
    9825      16.3889        20.3963
    9826      16.3347        20.0579
    9827      16.3703        20.6144
    9828      16.3464        21.0508
    9829      16.3345        20.3132
    9830      16.3099        20.1888
    9831      16.4160        20.4080
    9832      16.4188        20.2631
    9833      16.3310        20.0942
    9834      16.3879        20.3550
    9835      16.3740        19.2861
    9836      16.4016        19.9513
    9837      16.4273        19.6210
    9838      16.3967        19.6280
    9839      16.3954        19.7571
    9840      16.3990        19.8732
    9841      16.4349        20.5923
    9842      16.3901        20.2489
    9843      16.4209        20.2303
    9844      16.3953        19.3526
    9845      16.4058        20.1234
    9846      16.3966        20.1694
    9847      16.4924        20.7421
    9848      16.4400        20.0261
    9849      16.4773        20.3495
    9850      16.4032        19.8922
    9851      16.3337        19.9283
    9852      16.4260        20.3016
    9853      16.3240        20.0428
    9854      16.3756        20.7531
    9855      16.3760        20.2505
    9856      16.3661        20.4328
    9857      16.3203        20.5585
    9858      16.3666        19.9928
    9859      16.3830        20.5727
    9860      16.2872        19.9809
    9861      16.3158        20.9941
    9862      16.4153        21.0592
    9863      16.3730        20.5448
    9864      16.4041        20.5604
    9865      16.3824        20.6773
    9866      16.3622        20.0573
    9867      16.3899        20.4272
    9868      16.3291        19.9882
    9869      16.3079        20.2959
    9870      16.3076        20.3816
    9871      16.3710        20.9800
    9872      16.3741        20.1185
    9873      16.2989        20.2276
    9874      16.3085        20.8733
    9875      16.2356        20.5777
    9876      16.2523        19.6171
    9877      16.2367        19.6992
    9878      16.2133        19.9738
    9879      16.3171        20.2966
    9880      16.3298        20.2829
    9881      16.3236        21.9439
    9882      16.3329        21.0346
    9883      16.3666        22.5728
    9884      16.2881        21.4014
    9885      16.3124        21.9268
    9886      16.3230        20.8654
    9887      16.3890        20.0549
    9888      16.4035        21.0507
    9889      16.3961        20.6421
    9890      16.3349        21.1261
    9891      16.3301        22.4386
    9892      16.3210        21.1468
    9893      16.3178        21.1336
    9894      16.3593        20.5677
    9895      16.4142        22.3557
    9896      16.4610        21.2006
    9897      16.2913        22.1551
    9898      16.3527        22.3799
    9899      16.3866        22.0589
    9900      16.3534        21.0374
    9901      16.3284        20.6598
    9902      16.2874        21.5385
    9903      16.3097        20.5595
    9904      16.3453        21.7654
    9905      16.3828        21.2329
    9906      16.3443        21.4433
    9907      16.3646        21.1477
    9908      16.3257        21.6742
    9909      16.4056        21.4718
    9910      16.3605        21.0749
    9911      16.3567        19.6298
    9912      16.3569        20.8568
    9913      16.3891        20.9753
    9914      16.3518        19.9666
    9915      16.3577        20.3125
    9916      16.3759        20.6005
    9917      16.3107        20.0900
    9918      16.4036        22.6115
    9919      16.3557        21.9075
    9920      16.3682        22.1063
    9921      16.3420        21.5989
    9922      16.4112        21.3124
    9923      16.2969        21.5121
    9924      16.3258        21.1455
    9925      16.3466        21.3803
    9926      16.2906        21.1399
    9927      16.3227        20.9539
    9928      16.2737        22.0834
    9929      16.3301        20.3132
    9930      16.3370        20.3015
    9931      16.3978        21.6400
    9932      16.3239        21.5248
    9933      16.3476        20.6942
    9934      16.4406        22.4685
    9935      16.4262        22.0077
    9936      16.3638        21.1050
    9937      16.3588        21.3206
    9938      16.3527        22.6289
    9939      16.3158        20.8286
    9940      16.3343        20.0210
    9941      16.3311        19.9118
    9942      16.3191        19.7206
    9943      16.4149        19.4786
    9944      16.3813        20.3344
    9945      16.3774        20.2551
    9946      16.3175        20.3748
    9947      16.3297        19.7615
    9948      16.3055        20.3637
    9949      16.4561        20.0159
    9950      16.3416        20.2560
    9951      16.2783        21.7769
    9952      16.3451        21.0448
    9953      16.2858        21.4570
    9954      16.2973        20.9447
    9955      16.3120        21.7804
    9956      16.3890        21.9401
    9957      16.4570        21.7503
    9958      16.3211        22.7027
    9959      16.3838        22.6066
    9960      16.3281        21.3940
    9961      16.3546        21.0792
    9962      16.3848        21.4528
    9963      16.3398        22.3621
    9964      16.3542        21.9102
    9965      16.3338        20.3721
    9966      16.3382        21.6974
    9967      16.3874        21.9112
    9968      16.2739        20.6475
    9969      16.3338        21.2496
    9970      16.3691        21.4089
    9971      16.3778        23.3617
    9972      16.3620        22.5095
    9973      16.3568        21.7168
    9974      16.4210        21.2643
    9975      16.3317        20.6012
    9976      16.3390        21.2484
    9977      16.4060        21.3417
    9978      16.4216        21.9314
    9979      16.3293        21.6186
    9980      16.4528        20.5578
    9981      16.3339        20.5433
    9982      16.3892        19.9439
    9983      16.4023        21.3824
    9984      16.4547        22.7470
    9985      16.4229        21.7657
    9986      16.3981        21.4133
    9987      16.5046        22.0723
    9988      16.4553        21.9301
    9989      16.4096        21.7764
    9990      16.3434        21.7103
    9991      16.5164        21.2689
    9992      16.4958        21.2503
    9993      16.4285        21.3864
    9994      16.3805        20.6763
    9995      16.3482        22.8538
    9996      16.4541        21.0967
    9997      16.4276        21.3805
    9998      16.5070        21.6526
    9999      16.4567        21.6178
   10000      16.4804        21.9216
   10001      16.4543        21.2212
   10002      16.4112        21.4006
   10003      16.5077        21.9247
   10004      16.4918        21.7288
   10005      16.4309        21.4321
   10006      16.4508        22.1407
   10007      16.5138        22.1366
   10008      16.4702        21.3574
   10009      16.4693        22.2045
   10010      16.3667        22.0475
   10011      16.4467        21.8379
   10012      16.4349        21.9356
   10013      16.4217        21.3992
   10014      16.4111        21.3427
   10015      16.3160        21.5170
   10016      16.4188        21.2554
   10017      16.4507        21.3234
   10018      16.4988        21.8075
   10019      16.4238        20.8430
   10020      16.4654        20.6746
   10021      16.3337        20.4935
   10022      16.3297        20.4707
   10023      16.3893        20.7205
   10024      16.3576        22.1072
   10025      16.3824        22.4580
   10026      16.3484        22.5753
   10027      16.3910        21.9350
   10028      16.3507        21.1088
   10029      16.4027        20.4758
   10030      16.3606        21.4332
   10031      16.3803        20.3793
   10032      16.3163        21.0606
   10033      16.4302        21.5655
   10034      16.4177        22.6134
   10035      16.3607        21.2683
   10036      16.2747        22.7710
   10037      16.3344        22.4763
   10038      16.3467        21.6841
   10039      16.3696        23.2933
   10040      16.3117        23.0702
   10041      16.4328        22.6551
   10042      16.4040        23.4587
   10043      16.3841        23.3792
   10044      16.4240        23.7710
   10045      16.3257        22.5120
   10046      16.3669        22.6747
   10047      16.3280        22.9837
   10048      16.3577        22.5510
   10049      16.3019        22.7219
   10050      16.4226        24.0481
   10051      16.3523        23.2574
   10052      16.3056        23.0784
   10053      16.3329        23.0784
   10054      16.4024        23.0003
   10055      16.3498        22.4019
   10056      16.3728        23.5646
   10057      16.3186        22.6455
   10058      16.3327        19.9593
   10059      16.3403        20.2471
   10060      16.3428        20.2636
   10061      16.3081        21.3605
   10062      16.2629        22.1695
   10063      16.3005        22.1044
   10064      16.2946        21.7684
   10065      16.3604        21.9799
   10066      16.2948        22.2565
   10067      16.3250        21.9540
   10068      16.3722        21.5506
   10069      16.3955        21.6771
   10070      16.3488        21.1724
   10071      16.4244        21.9612
   10072      16.4045        20.9797
   10073      16.3229        20.9811
   10074      16.3970        20.0460
   10075      16.3098        20.5131
   10076      16.4170        22.3413
   10077      16.3525        22.5235
   10078      16.2790        21.4056
   10079      16.2804        21.8166
   10080      16.2851        21.1102
   10081      16.3100        21.9116
   10082      16.3438        21.4822
   10083      16.3614        21.0975
   10084      16.3480        20.3055
   10085      16.2991        21.3051
   10086      16.3498        19.9253
   10087      16.4120        20.6792
   10088      16.3314        19.4172
   10089      16.3385        20.0842
   10090      16.3572        20.1250
   10091      16.4077        19.9921
   10092      16.4057        20.6366
   10093      16.3510        20.5862
   10094      16.3010        20.1408
   10095      16.3557        20.2358
   10096      16.3814        20.0741
   10097      16.2811        19.6096
   10098      16.3138        19.8986
   10099      16.2970        19.3887
   10100      16.2762        19.3100
   10101      16.3066        20.3623
   10102      16.3675        20.6794
   10103      16.3674        20.4222
   10104      16.2965        19.6621
   10105      16.3050        19.9163
   10106      16.2871        20.6663
   10107      16.2694        21.1064
   10108      16.3304        20.8497
   10109      16.2419        20.6699
   10110      16.3387        22.7046
   10111      16.3468        22.0906
   10112      16.2999        21.8283
   10113      16.3892        22.4718
   10114      16.3440        22.5388
   10115      16.3001        23.3282
   10116      16.3270        21.6748
   10117      16.3621        22.9053
   10118      16.3713        22.9614
   10119      16.3503        23.2824
   10120      16.4462        23.7959
   10121      16.3200        22.7363
   10122      16.3773        23.6362
   10123      16.3970        21.4821
   10124      16.4379        23.0556
   10125      16.3714        23.5501
   10126      16.3716        23.1536
   10127      16.3518        23.3361
   10128      16.3341        22.1789
   10129      16.3099        20.0555
   10130      16.3416        21.7807
   10131      16.3522        20.3408
   10132      16.3798        19.9405
   10133      16.3869        20.3701
   10134      16.3528        20.1928
   10135      16.3456        20.0706
   10136      16.2904        20.0037
   10137      16.3240        20.1570
   10138      16.2788        20.4904
   10139      16.2470        19.8074
   10140      16.3722        19.9266
   10141      16.3227        18.9850
   10142      16.3350        19.2670
   10143      16.3033        19.6497
   10144      16.3139        19.8071
   10145      16.2791        19.5848
   10146      16.3569        19.9497
   10147      16.2952        21.7216
   10148      16.3193        21.7921
   10149      16.2799        22.2750
   10150      16.3049        21.2848
   10151      16.3277        21.6075
   10152      16.3663        20.0777
   10153      16.4126        21.3833
   10154      16.3375        21.3978
   10155      16.3102        22.0568
   10156      16.2998        21.0812
   10157      16.3341        21.1507
   10158      16.3548        21.6833
   10159      16.3503        20.0926
   10160      16.3561        20.9426
   10161      16.3260        21.0264
   10162      16.3223        20.8467
   10163      16.3222        20.9872
   10164      16.4073        21.3926
   10165      16.3691        20.9569
   10166      16.3412        19.8841
   10167      16.3805        20.6547
   10168      16.3287        30.0546
   10169      16.3717        19.8495
   10170      16.4061        19.6973
   10171      16.3535        30.5316
   10172      16.5362        22.1667
   10173      16.4258        22.4533
   10174      16.4628        21.6688
   10175      16.3966        21.6293
   10176      16.3416        20.8372
   10177      16.3691        21.4571
   10178      16.3619        21.3480
   10179      16.3743        20.4124
   10180      16.4086        20.0609
   10181      16.3679        20.6347
   10182      16.3136        19.7339
   10183      16.4235        20.1229
   10184      16.3557        20.1413
   10185      16.3320        20.0366
   10186      16.4688        20.0542
   10187      16.3844        19.1167
   10188      16.3994        20.7429
   10189      16.3901        20.3876
   10190      16.3948        21.9669
   10191      16.3947        21.3860
   10192      16.4324        22.3168
   10193      16.3580        22.6943
   10194      16.4408        22.4036
   10195      16.4472        21.7965
   10196      16.4441        21.5327
   10197      16.4464        21.3119
   10198      16.4393        21.8170
   10199      16.4290        21.0484
   10200      16.4617        21.0721
   10201      16.4127        20.6072
   10202      16.4163        21.5906
   10203      16.3755        19.9540
   10204      16.4083        19.7689
   10205      16.3622        19.9107
   10206      16.3681        20.1119
   10207      16.4392        20.1796
   10208      16.4193        20.5574
   10209      16.3827        19.8004
   10210      16.3762        20.1442
   10211      16.3056        30.0227
   10212      16.3357        19.9490
   10213      16.4450        20.7642
   10214      16.4385        20.6271
   10215      16.4211        19.6535
   10216      16.4537        19.3627
   10217      16.5151        20.0946
   10218      16.4276        20.1439
   10219      16.4229        20.4057
   10220      16.3421        19.9223
   10221      16.4007        20.3301
   10222      16.4054        20.3067
   10223      16.4454        20.0889
   10224      16.4075        19.7385
   10225      16.3860        19.7183
   10226      16.3603        19.8789
   10227      16.3982        20.0530
   10228      16.3376        19.7184
   10229      16.3540        20.1085
   10230      16.3455        20.1221
   10231      16.3398        20.2876
   10232      16.3682        20.6077
   10233      16.3565        20.6687
   10234      16.3577        20.5012
   10235      16.3100        19.9945
   10236      16.4008        20.3026
   10237      16.3907        20.2451
   10238      16.3908        20.4577
   10239      16.3616        20.0959
   10240      16.3539        20.1602
   10241      16.3334        20.3936
   10242      16.3648        20.1096
   10243      16.3148        20.0065
   10244      16.3657        20.6230
   10245      16.3550        20.0845
   10246      16.3227        20.2427
   10247      16.4243        20.2478
   10248      16.3862        19.8860
   10249      16.3440        20.2611
   10250      16.4009        20.1790
   10251      16.3325        19.8452
   10252      16.3463        20.2144
   10253      16.3893        20.0677
   10254      16.3686        19.8400
   10255      16.3529        20.5280
   10256      16.3683        19.9634
   10257      16.2170        20.1469
   10258      16.3926        20.5709
   10259      16.4432        20.6351
   10260      16.3614        20.5982
   10261      16.3668        20.8533
   10262      16.3117        20.0045
   10263      16.3042        20.4821
   10264      16.3644        20.0751
   10265      16.3256        19.8141
   10266      16.3910        20.0303
   10267      16.3293        20.2214
   10268      16.3789        19.9158
   10269      16.3566        19.7197
   10270      16.3136        20.0358
   10271      16.3235        19.8900
   10272      16.3250        19.7159
   10273      16.3199        19.9362
   10274      16.3988        20.3060
   10275      16.3581        19.8480
   10276      16.3237        20.1665
   10277      16.2703        20.0291
   10278      16.3965        20.2014
   10279      16.3368        20.0820
   10280      16.3275        20.4267
   10281      16.3059        19.9346
   10282      16.3302        20.3279
   10283      16.3655        20.4014
   10284      16.3969        20.0349
   10285      16.3455        19.9211
   10286      16.3382        20.1039
   10287      16.3853        20.0904
   10288      16.4131        20.5249
   10289      16.3662        20.2627
   10290      16.3583        20.5197
   10291      16.3644        20.5810
   10292      16.3428        20.3565
   10293      16.3136        20.2404
   10294      16.4032        20.3028
   10295      16.4060        20.6591
   10296      16.3850        20.6266
   10297      16.4561        29.2469
   10298      16.4019        20.0513
   10299      16.4574        20.3318
   10300      16.5686        20.2784
   10301      16.5195        20.7176
   10302      16.4338        20.4737
   10303      16.4880        20.3574
   10304      16.4125        20.2302
   10305      16.4255        20.0648
   10306      16.4263        20.2764
   10307      16.4016        20.2036
   10308      16.3754        19.9716
   10309      16.3500        20.3951
   10310      16.3942        20.0451
   10311      16.3150        19.9295
   10312      16.3893        20.9213
   10313      16.3478        20.2922
   10314      16.4180        20.2982
   10315      16.3819        20.0391
   10316      16.4533        20.5754
   10317      16.4147        19.9357
   10318      16.3685        20.7080
   10319      16.4314        20.4644
   10320      16.3829        20.5196
   10321      16.5000        21.2400
   10322      16.4113        20.8035
   10323      16.4222        20.7580
   10324      16.4087        20.6451
   10325      16.4633        20.3681
   10326      16.4021        20.5622
   10327      16.4797        20.5272
   10328      16.4736        20.2943
   10329      16.4759        20.2734
   10330      16.4296        20.3409
   10331      16.4529        20.4356
   10332      16.4355        20.5446
   10333      16.4228        20.1686
   10334      16.4110        20.7772
   10335      16.4581        19.8026
   10336      16.3710        19.9314
   10337      16.4608        20.6543
   10338      16.4368        20.4017
   10339      16.4263        20.3398
   10340      16.4602        19.6710
   10341      16.3957        21.3923
   10342      16.4444        21.2439
   10343      16.3858        21.6123
   10344      16.4637        22.4150
   10345      16.4833        21.3939
   10346      16.4126        22.2505
   10347      16.3945        21.4521
   10348      16.3792        21.1023
   10349      16.4630        21.1799
   10350      16.4305        21.7671
   10351      16.4122        20.8647
   10352      16.3441        20.9473
   10353      16.3608        21.5394
   10354      16.4320        20.3838
   10355      16.4155        20.8113
   10356      16.3127        19.9801
   10357      16.3691        20.8552
   10358      16.3730        21.4431
   10359      16.3436        20.8749
   10360      16.4559        20.7263
   10361      16.5807        22.3649
   10362      16.3845        22.0905
   10363      16.2938        21.6088
   10364      16.3610        22.1837
   10365      16.3708        21.5388
   10366      16.3305        21.8542
   10367      16.3374        20.9989
   10368      16.3756        21.3865
   10369      16.3233        21.6656
   10370      16.4022        20.9511
   10371      16.4107        20.7671
   10372      16.3510        20.1807
   10373      16.3791        19.1345
   10374      16.4234        20.0639
   10375      16.3504        19.2907
   10376      16.3945        19.9234
   10377      16.4105        20.0486
   10378      16.4358        20.3792
   10379      16.3149        20.4262
   10380      16.5374        21.0770
   10381      16.4445        20.6452
   10382      16.4342        20.9121
   10383      16.4725        20.4147
   10384      16.4633        20.8696
   10385      16.4192        20.2451
   10386      16.4498        20.9144
   10387      16.4058        19.8786
   10388      16.3956        20.4283
   10389      16.4143        20.2841
   10390      16.4225        20.0268
   10391      16.4285        20.2097
   10392      16.3695        20.4209
   10393      16.3847        21.5874
   10394      16.4238        20.9285
   10395      16.3961        23.0984
   10396      16.3532        21.0798
   10397      16.3282        21.2823
   10398      16.3537        20.7056
   10399      16.4316        22.1381
   10400      16.3674        20.8551
   10401      16.3524        21.2583
   10402      16.3803        20.0952
   10403      16.3634        20.8851
   10404      16.3349        20.2118
   10405      16.3654        20.3986
   10406      16.3700        20.4070
   10407      16.3178        19.7390
   10408      16.3809        19.6807
   10409      16.3660        20.0958
   10410      16.3934        19.6960
   10411      16.2894        20.6624
   10412      16.3309        21.8967
   10413      16.3691        21.3616
   10414      16.3809        21.0738
   10415      16.3574        21.3701
   10416      16.3468        21.1411
   10417      16.3437        21.3128
   10418      16.3599        23.8424
   10419      16.4523        23.3039
   10420      16.4098        23.6561
   10421      16.4151        23.4641
   10422      16.4498        21.6406
   10423      16.3794        23.2457
   10424      16.3245        22.9099
   10425      16.3844        22.4959
   10426      16.3369        21.2881
   10427      16.3239        20.6919
   10428      16.4058        20.4965
   10429      16.4661        22.2450
   10430      16.3950        21.7201
   10431      16.4247        23.5730
   10432      16.4363        22.7991
   10433      16.4530        23.0895
   10434      16.4620        22.4650
   10435      16.4956        22.2483
   10436      16.4211        22.8941
   10437      16.4496        22.2977
   10438      16.3989        22.7175
   10439      16.5162        22.7037
   10440      16.4457        21.7439
   10441      16.4096        21.2689
   10442      16.4138        20.9473
   10443      16.4908        22.4102
   10444      16.4987        22.4584
   10445      16.4544        22.7322
   10446      16.4255        22.1736
   10447      16.4819        20.4917
   10448      16.4589        19.7770
   10449      16.3917        20.3698
   10450      16.4486        20.5409
   10451      16.3785        20.2174
   10452      16.4290        20.2880
   10453      16.4237        20.4521
   10454      16.4835        20.8736
   10455      16.3877        20.7362
   10456      16.4076        20.5250
   10457      16.3878        20.5101
   10458      16.3765        20.8050
   10459      16.4096        21.3848
   10460      16.3486        20.3597
   10461      16.3962        20.5873
   10462      16.4149        21.3741
   10463      16.4674        21.4622
   10464      16.3716        20.4457
   10465      16.3960        21.4155
   10466      16.4779        21.0371
   10467      16.4262        22.3576
   10468      16.4270        22.4176
   10469      16.4211        21.3006
   10470      16.4075        21.7022
   10471      16.4145        20.4805
   10472      16.3702        20.8755
   10473      16.3439        20.8732
   10474      16.3415        22.0824
   10475      16.3264        21.4968
   10476      16.4566        21.0919
   10477      16.3910        21.2149
   10478      16.4009        20.8226
   10479      16.4021        21.5209
   10480      16.4181        21.5956
   10481      16.4909        21.7424
   10482      16.4396        22.8637
   10483      16.4370        22.5349
   10484      16.3668        20.2638
   10485      16.4379        20.7939
   10486      16.4060        20.6663
   10487      16.4249        20.7443
   10488      16.4373        20.6784
   10489      16.3187        20.4337
   10490      16.3620        20.5905
   10491      16.4024        20.8578
   10492      16.3749        20.3823
   10493      16.4114        20.1628
   10494      16.4333        20.4505
   10495      16.3327        20.0046
   10496      16.3383        19.8521
   10497      16.3745        20.3635
   10498      16.3052        20.4885
   10499      16.3558        20.2919
   10500      16.3963        20.6151
   10501      16.3872        20.8341
   10502      16.3018        20.4743
   10503      16.3305        21.2069
   10504      16.3741        20.9467
   10505      16.3057        20.3549
   10506      16.3530        20.0585
   10507      16.3529        20.7361
   10508      16.2910        20.3304
   10509      16.2795        20.1798
   10510      16.2978        20.1347
   10511      16.2999        20.0993
   10512      16.2828        20.1930
   10513      16.2962        20.5016
   10514      16.2441        20.6081
   10515      16.2544        20.8453
   10516      16.2731        20.6674
   10517      16.2764        20.3316
   10518      16.3186        20.5936
   10519      16.3185        20.9567
   10520      16.3101        20.7418
   10521      16.2669        20.2816
   10522      16.3289        28.1518
   10523      16.3083        20.6078
   10524      16.4035        20.4737
   10525      16.2722        20.8798
   10526      16.3571        20.8147
   10527      16.3120        20.5676
   10528      16.3718        20.5996
   10529      16.2789        20.5490
   10530      16.2844        21.3838
   10531      16.2978        20.9861
   10532      16.2457        20.3761
   10533      16.2964        20.4665
   10534      16.2761        20.9808
   10535      16.2405        21.0206
   10536      16.3200        20.7809
   10537      16.2507        20.8365
   10538      16.3012        21.2517
   10539      16.2570        20.5240
   10540      16.3147        20.5411
   10541      16.2154        20.2742
   10542      16.1960        19.8869
   10543      16.3040        20.2662
   10544      16.3017        20.1937
   10545      16.3487        20.6913
   10546      16.3825        20.7351
   10547      16.2969        20.8996
   10548      16.3130        21.1385
   10549      16.3484        20.8566
   10550      16.3439        21.2187
   10551      16.3070        21.1245
   10552      16.3547        21.7005
   10553      16.3586        21.3686
   10554      16.2738        21.0135
   10555      16.3764        20.8762
   10556      16.2603        20.9998
   10557      16.2894        20.6949
   10558      16.3504        20.8440
   10559      16.2819        20.9750
   10560      16.3172        21.3747
   10561      16.3594        21.2037
   10562      16.3395        20.8191
   10563      16.3518        20.9495
   10564      16.3501        20.8214
   10565      16.2944        20.8337
   10566      16.2594        21.4348
   10567      16.3727        21.4841
   10568      16.3588        21.0969
   10569      16.3793        20.7538
   10570      16.3121        21.2889
   10571      16.3728        21.9030
   10572      16.2962        21.4524
   10573      16.3566        21.3375
   10574      16.3227        20.9056
   10575      16.2688        21.0353
   10576      16.3350        20.7907
   10577      16.2679        21.2231
   10578      16.3006        21.1015
   10579      16.2152        20.9456
   10580      16.2863        21.4328
   10581      16.2822        20.8162
   10582      16.2823        21.1998
   10583      16.2838        20.2166
   10584      16.2763        21.1729
   10585      16.2067        21.2809
   10586      16.2297        20.7928
   10587      16.1881        21.0234
   10588      16.2539        20.8737
   10589      16.3151        20.2321
   10590      16.3121        20.5728
   10591      16.2821        20.7833
   10592      16.2789        20.3154
   10593      16.2718        20.5858
   10594      16.2834        20.6971
   10595      16.4139        21.0682
   10596      16.3798        21.6912
   10597      16.3183        20.6770
   10598      16.2437        20.5000
   10599      16.3222        20.7271
   10600      16.3893        21.3965
   10601      16.3095        21.0530
   10602      16.2714        22.1910
   10603      16.3564        22.0280
   10604      16.2885        21.1405
   10605      16.3278        21.0863
   10606      16.3486        21.2990
   10607      16.3092        21.3858
   10608      16.2785        20.7555
   10609      16.2833        20.9233
   10610      16.2529        21.2974
   10611      16.2800        20.8691
   10612      16.3266        21.2166
   10613      16.2618        21.1749
   10614      16.3004        20.2466
   10615      16.2819        21.7101
   10616      16.3063        21.8050
   10617      16.3295        22.2126
   10618      16.3986        21.6582
   10619      16.3693        21.1400
   10620      16.3395        21.1240
   10621      16.3449        20.9599
   10622      16.3342        20.7894
   10623      16.3793        21.5060
   10624      16.3762        22.3813
   10625      16.2927        21.2090
   10626      16.3872        21.4975
   10627      16.3106        21.5313
   10628      16.3826        20.7849
   10629      16.2981        20.6796
   10630      16.2739        20.3121
   10631      16.2122        21.3825
   10632      16.2580        20.5458
   10633      16.2820        20.8402
   10634      16.3499        21.1852
   10635      16.3270        20.9276
   10636      16.3258        21.2187
   10637      16.3182        20.9924
   10638      16.2866        20.2429
   10639      16.2571        20.9619
   10640      16.3075        20.8327
   10641      16.3044        20.8692
   10642      16.2566        20.9068
   10643      16.2348        20.4524
   10644      16.3187        20.8846
   10645      16.3637        20.6890
   10646      16.2876        20.6740
   10647      16.2393        21.2581
   10648      16.2846        20.8334
   10649      16.2544        20.6956
   10650      16.3451        20.8798
   10651      16.2979        21.1069
   10652      16.2944        21.2053
   10653      16.2988        20.7931
   10654      16.2794        20.6940
   10655      16.2796        20.9491
   10656      16.2624        20.6281
   10657      16.2874        20.7994
   10658      16.1695        20.2727
   10659      16.2288        20.3125
   10660      16.2278        20.7192
   10661      16.2317        20.9019
   10662      16.2637        20.9285
   10663      16.3291        20.6863
   10664      16.3004        20.7317
   10665      16.3274        21.0293
   10666      16.2749        21.5897
   10667      16.2774        20.5900
   10668      16.2630        21.3067
   10669      16.3202        21.3966
   10670      16.3597        21.5114
   10671      16.3030        20.7774
   10672      16.3638        21.3857
   10673      16.2746        20.9257
   10674      16.2807        21.5251
   10675      16.3220        21.2511
   10676      16.3112        21.5557
   10677      16.2829        21.0978
   10678      16.3248        21.1685
   10679      16.3489        20.5145
   10680      16.2367        20.4248
   10681      16.3255        20.7248
   10682      16.3353        20.3639
   10683      16.3205        19.9807
   10684      16.1820        19.8242
   10685      16.2576        20.7764
   10686      16.2277        20.5767
   10687      16.2247        20.1106
   10688      16.2021        20.0726
   10689      16.2760        20.6283
   10690      16.2632        20.6245
   10691      16.2626        20.9328
   10692      16.2326        20.0120
   10693      16.2101        21.2198
   10694      16.2013        20.0980
   10695      16.2907        20.4555
   10696      16.2411        20.1425
   10697      16.3081        21.3023
   10698      16.3441        20.0368
   10699      16.3342        21.2778
   10700      16.4005        21.1544
   10701      16.3714        20.9465
   10702      16.3008        20.7996
   10703      16.3287        20.3970
   10704      16.3008        21.0207
   10705      16.2272        20.8811
   10706      16.3044        21.0291
   10707      16.2581        20.5103
   10708      16.3392        19.8096
   10709      16.3223        20.2065
   10710      16.2338        20.8914
   10711      16.3198        21.2274
   10712      16.2717        21.0832
   10713      16.2450        20.6687
   10714      16.2805        20.6843
   10715      16.2909        20.3882
   10716      16.3294        21.0265
   10717      16.3125        21.6456
   10718      16.3368        22.2738
   10719      16.3811        21.9387
   10720      16.3106        21.5925
   10721      16.3686        21.6543
   10722      16.3671        22.5282
   10723      16.4231        21.0900
   10724      16.3302        20.7456
   10725      16.2994        20.3072
   10726      16.3577        21.9781
   10727      16.3169        20.9025
   10728      16.3433        20.9387
   10729      16.2982        20.6437
   10730      16.3086        21.1673
   10731      16.3664        21.5431
   10732      16.2847        22.7201
   10733      16.3377        21.2391
   10734      16.2640        20.7054
   10735      16.3584        21.0206
   10736      16.4138        21.1798
   10737      16.3255        22.1441
   10738      16.2657        22.1209
   10739      16.2480        21.0885
   10740      16.2413        21.9752
   10741      16.3526        21.9271
   10742      16.3544        21.1693
   10743      16.2940        21.3068
   10744      16.3607        22.1674
   10745      16.3562        21.5128
   10746      16.3425        21.2776
   10747      16.3701        21.2460
   10748      16.2815        21.3222
   10749      16.2956        21.6863
   10750      16.3127        21.1055
   10751      16.2777        21.5926
   10752      16.2826        21.2820
   10753      16.3448        21.4125
   10754      16.2987        21.9722
   10755      16.3276        21.3598
   10756      16.3360        21.7538
   10757      16.2992        20.9665
   10758      16.3038        21.0909
   10759      16.3361        21.3659
   10760      16.3391        21.3393
   10761      16.2856        21.1078
   10762      16.3056        21.6560
   10763      16.2957        21.7929
   10764      16.3298        21.0940
   10765      16.2613        21.4538
   10766      16.2634        21.3570
   10767      16.3029        21.5785
   10768      16.2681        21.3747
   10769      16.2347        20.6679
   10770      16.2693        20.8923
   10771      16.3030        21.1665
   10772      16.3118        20.8199
   10773      16.3527        20.6355
   10774      16.3691        21.2034
   10775      16.3242        20.6101
   10776      16.3059        23.6748
   10777      16.2843        21.8677
   10778      16.3534        22.5256
   10779      16.3376        22.0530
   10780      16.3403        22.0232
   10781      16.3030        21.2675
   10782      16.2848        21.5341
   10783      16.3478        21.7053
   10784      16.2182        21.1198
   10785      16.4271        21.9817
   10786      16.2507        20.7042
   10787      16.2895        20.6672
   10788      16.2849        20.5209
   10789      16.2693        20.3195
   10790      16.3320        21.3360
   10791      16.3922        20.9726
   10792      16.3913        22.0824
   10793      16.2928        21.7354
   10794      16.2732        21.3659
   10795      16.3064        21.4336
   10796      16.2983        21.5238
   10797      16.3278        21.3635
   10798      16.3063        21.2172
   10799      16.2528        20.9664
   10800      16.2288        21.3492
   10801      16.2252        21.1808
   10802      16.3025        21.6513
   10803      16.2747        21.5667
   10804      16.2787        22.4087
   10805      16.3006        22.1046
   10806      16.3074        21.4784
   10807      16.3482        22.7672
   10808      16.2723        22.8093
   10809      16.2885        22.1044
   10810      16.3312        22.2678
   10811      16.3227        21.3064
   10812      16.3048        20.7958
   10813      16.2783        21.9179
   10814      16.2309        21.9363
   10815      16.3572        20.5886
   10816      16.2978        21.4200
   10817      16.2136        21.4654
   10818      16.2407        21.3818
   10819      16.3301        20.8394
   10820      16.3167        20.8919
   10821      16.3084        20.7219
   10822      16.2576        20.9793
   10823      16.3262        21.2796
   10824      16.3004        20.4294
   10825      16.2763        20.5901
   10826      16.2526        20.9142
   10827      16.2600        20.4110
   10828      16.2083        20.3600
   10829      16.2858        20.8668
   10830      16.2694        20.6862
   10831      16.3155        21.2302
   10832      16.2850        21.0735
   10833      16.3568        21.4753
   10834      16.3486        20.9661
   10835      16.3656        21.2126
   10836      16.3492        21.6661
   10837      16.3399        21.6776
   10838      16.3561        21.5684
   10839      16.2942        21.3295
   10840      16.3450        21.0535
   10841      16.3171        20.8547
   10842      16.3290        21.4288
   10843      16.3823        21.1154
   10844      16.3216        20.8310
   10845      16.3494        20.9824
   10846      16.3217        20.7862
   10847      16.2471        21.0948
   10848      16.3153        21.0526
   10849      16.3216        20.9878
   10850      16.2352        20.5231
   10851      16.2540        20.6903
   10852      16.3225        21.6403
   10853      16.3205        20.7971
   10854      16.3797        21.3767
   10855      16.3244        22.0753
   10856      16.3208        20.9423
   10857      16.2753        20.3864
   10858      16.4114        21.2567
   10859      16.3353        20.7674
   10860      16.3264        20.3259
   10861      16.3429        20.2825
   10862      16.3300        20.9831
   10863      16.4019        20.5258
   10864      16.3291        20.6367
   10865      16.2832        21.5555
   10866      16.3275        21.8355
   10867      16.4088        22.0779
   10868      16.3316        21.7047
   10869      16.2999        22.1986
   10870      16.3626        21.9082
   10871      16.3793        21.2541
   10872      16.3393        20.9266
   10873      16.3527        21.2955
   10874      16.2658        21.9288
   10875      16.3541        20.9939
   10876      16.3296        22.1077
   10877      16.3028        21.2316
   10878      16.3688        21.0041
   10879      16.3934        21.4640
   10880      16.3867        20.8698
   10881      16.3320        20.5605
   10882      16.3773        19.9617
   10883      16.3371        20.6455
   10884      16.3762        21.5894
   10885      16.3265        21.3951
   10886      16.3515        21.6527
   10887      16.4056        21.6388
   10888      16.4353        21.8129
   10889      16.4168        21.9145
   10890      16.3819        21.8284
   10891      16.3797        21.4300
   10892      16.4299        21.5955
   10893      16.3868        21.1427
   10894      16.3855        21.1396
   10895      16.3723        21.4542
   10896      16.2838        20.8988
   10897      16.4610        21.5188
   10898      16.4040        20.6766
   10899      16.3732        20.6459
   10900      16.3110        20.6534
   10901      16.3138        20.2777
   10902      16.3668        20.6308
   10903      16.3846        21.3000
   10904      16.4036        20.5856
   10905      16.3082        20.8614
   10906      16.3488        20.8674
   10907      16.3401        20.9784
   10908      16.3485        20.8139
   10909      16.3760        20.6870
   10910      16.2978        21.0440
   10911      16.3973        20.5400
   10912      16.3941        20.4068
   10913      16.3833        20.6664
   10914      16.4057        20.6021
   10915      16.3659        20.5516
   10916      16.2856        20.8242
   10917      16.2564        21.2107
   10918      16.3174        20.5503
   10919      16.3377        20.8323
   10920      16.3268        20.8232
   10921      16.3922        21.1245
   10922      16.3975        20.5280
   10923      16.4303        22.0944
   10924      16.3962        21.5717
   10925      16.3658        21.8081
   10926      16.3673        21.0900
   10927      16.4261        21.5290
   10928      16.4231        21.2783
   10929      16.3412        21.1877
   10930      16.3881        21.9835
   10931      16.4398        21.1417
   10932      16.4143        21.9129
   10933      16.4118        21.4688
   10934      16.3885        21.2238
   10935      16.3773        21.1620
   10936      16.3423        21.0323
   10937      16.3471        20.8093
   10938      16.4458        21.4968
   10939      16.3350        21.4967
   10940      16.4355        21.7227
   10941      16.3391        21.8784
   10942      16.3920        21.7151
   10943      16.3580        20.8143
   10944      16.4022        21.0493
   10945      16.4127        21.2883
   10946      16.4202        22.7020
   10947      16.3676        20.9954
   10948      16.3955        21.3415
   10949      16.4430        20.7793
   10950      16.4181        20.4419
   10951      16.4312        20.5935
   10952      16.4161        20.5773
   10953      16.3929        20.5708
   10954      16.4015        20.7576
   10955      16.4057        21.2000
   10956      16.3752        21.3899
   10957      16.3683        21.3196
   10958      16.3756        21.5464
   10959      16.4564        21.7882
   10960      16.4318        23.3279
   10961      16.4305        21.6403
   10962      16.3669        21.0762
   10963      16.4090        21.4811
   10964      16.4289        21.2935
   10965      16.4316        20.9549
   10966      16.3092        20.3505
   10967      16.4617        21.6344
   10968      16.3990        21.2140
   10969      16.3385        21.6678
   10970      16.3675        21.7686
   10971      16.4097        21.3937
   10972      16.3833        21.2092
   10973      16.4318        20.3883
   10974      16.4537        20.8925
   10975      16.2598        20.7014
   10976      16.3674        20.6680
   10977      16.2813        20.7741
   10978      16.3726        20.5676
   10979      16.2804        21.4042
   10980      16.3440        21.4765
   10981      16.3168        20.6910
   10982      16.3233        21.0985
   10983      16.3819        20.8134
   10984      16.3853        20.9778
   10985      16.3543        21.4563
   10986      16.3865        21.5778
   10987      16.2886        21.2226
   10988      16.3678        22.4192
   10989      16.3531        22.6577
   10990      16.3490        23.2090
   10991      16.4138        21.3062
   10992      16.3313        21.0577
   10993      16.3048        21.2047
   10994      16.4416        21.1997
   10995      16.3829        21.0351
   10996      16.3721        21.4228
   10997      16.3489        21.4767
   10998      16.3626        21.2717
   10999      16.3753        22.0933
   11000      16.4192        21.2187
   11001      16.4786        21.1935
   11002      16.4372        21.1047
   11003      16.3741        20.9183
   11004      16.3852        21.2223
   11005      16.3652        21.3382
   11006      16.3314        20.9146
   11007      16.3385        21.0321
   11008      16.4009        21.5834
   11009      16.4092        21.4227
   11010      16.3449        21.6031
   11011      16.3397        22.0125
   11012      16.3583        21.5914
   11013      16.3011        20.9893
   11014      16.3274        20.7853
   11015      16.3193        21.2625
   11016      16.3763        21.0316
   11017      16.2470        21.2424
   11018      16.3873        20.6300
   11019      16.3410        21.4842
   11020      16.3567        20.6009
   11021      16.4150        20.3942
   11022      16.3648        20.4104
   11023      16.3639        20.6202
   11024      16.3731        22.1427
   11025      16.3602        21.3272
   11026      16.3670        21.3317
   11027      16.4214        21.2809
   11028      16.3959        21.6270
   11029      16.4516        21.5019
   11030      16.4830        21.0811
   11031      16.4416        20.7725
   11032      16.3774        20.4100
   11033      16.4111        20.7288
   11034      16.3961        20.4582
   11035      16.3635        20.3131
   11036      16.3609        20.0544
   11037      16.3653        20.5077
   11038      16.4108        20.4219
   11039      16.3521        20.8399
   11040      16.2944        20.1791
   11041      16.3729        20.4916
   11042      16.4290        20.8471
   11043      16.3395        19.8306
   11044      16.3627        20.0803
   11045      16.3344        20.7632
   11046      16.3894        20.5541
   11047      16.4092        20.4303
   11048      16.3869        20.7850
   11049      16.3022        19.9119
   11050      16.3921        21.4313
   11051      16.3299        20.7177
   11052      16.3765        20.5466
   11053      16.3654        20.8909
   11054      16.3965        20.2726
   11055      16.3350        20.4496
   11056      16.2975        20.0472
   11057      16.3598        20.3205
   11058      16.3747        20.8205
   11059      16.3659        21.0072
   11060      16.4581        20.9085
   11061      16.4143        19.9735
   11062      16.3596        20.6265
   11063      16.3037        20.4567
   11064      16.4027        20.7659
   11065      16.2762        20.2383
   11066      16.3132        20.5609
   11067      16.3290        20.1160
   11068      16.3509        20.2067
   11069      16.3393        20.9040
   11070      16.3115        20.7529
   11071      16.2639        20.3519
   11072      16.2906        21.0978
   11073      16.2585        20.8895
   11074      16.2640        20.4215
   11075      16.2382        20.1142
   11076      16.3110        20.7613
   11077      16.2736        20.3743
   11078      16.3188        20.1656
   11079      16.3052        20.2721
   11080      16.2704        20.4379
   11081      16.2259        20.6418
   11082      16.2682        20.1970
   11083      16.2594        20.5110
   11084      16.2578        20.5949
   11085      16.1808        20.1316
   11086      16.3457        20.2327
   11087      16.2937        21.5391
   11088      16.2728        21.0194
   11089      16.3290        21.2046
   11090      16.2946        21.1818
   11091      16.3432        20.8433
   11092      16.2969        21.0007
   11093      16.3347        21.1730
   11094      16.4497        21.2816
   11095      16.3608        21.0336
   11096      16.2991        20.9623
   11097      16.2780        20.9572
   11098      16.3526        21.2103
   11099      16.3743        21.0726
   11100      16.2763        21.3608
   11101      16.3939        20.9324
   11102      16.3921        20.9625
   11103      16.4006        21.3176
   11104      16.3712        21.5648
   11105      16.3077        21.0789
   11106      16.3024        20.7075
   11107      16.3101        21.1932
   11108      16.3502        20.5101
   11109      16.3438        20.9684
   11110      16.3084        20.9713
   11111      16.4053        20.9533
   11112      16.3822        21.2270
   11113      16.3180        21.5163
   11114      16.3316        21.2176
   11115      16.2851        21.1143
   11116      16.3547        20.6782
   11117      16.3538        21.2734
   11118      16.2557        20.9627
   11119      16.2819        21.0376
   11120      16.3158        20.8706
   11121      16.3228        20.4389
   11122      16.3297        21.0175
   11123      16.3404        21.5270
   11124      16.3067        21.6927
   11125      16.3871        21.3632
   11126      16.3422        21.3868
   11127      16.3750        21.4204
   11128      16.3066        21.3851
   11129      16.2716        21.1049
   11130      16.3755        21.4995
   11131      16.3730        21.3161
   11132      16.3633        20.9088
   11133      16.3095        20.4181
   11134      16.3363        20.7871
   11135      16.3938        20.8477
   11136      16.2971        20.4755
   11137      16.2951        20.7157
   11138      16.3200        21.1898
   11139      16.2515        21.5823
   11140      16.3539        21.3179
   11141      16.3204        21.2719
   11142      16.2595        20.8329
   11143      16.2894        20.8646
   11144      16.2654        20.2797
   11145      16.3011        20.7966
   11146      16.2564        20.7617
   11147      16.2410        20.9422
   11148      16.2406        20.6713
   11149      16.3173        21.8835
   11150      16.3713        21.0407
   11151      16.2791        21.1044
   11152      16.4012        20.8044
   11153      16.3383        20.5391
   11154      16.2900        21.2311
   11155      16.3368        21.0661
   11156      16.3005        21.1541
   11157      16.2749        20.4990
   11158      16.3287        20.5781
   11159      16.4242        20.8261
   11160      16.3721        20.8958
   11161      16.3861        21.0032
   11162      16.3230        21.2319
   11163      16.3856        22.0309
   11164      16.4044        21.4781
   11165      16.3481        20.7663
   11166      16.3535        21.3845
   11167      16.3450        22.0529
   11168      16.3869        21.3141
   11169      16.3396        20.5062
   11170      16.3551        21.0748
   11171      16.3343        21.4313
   11172      16.2973        22.9862
   11173      16.3730        21.6113
   11174      16.2859        21.7798
   11175      16.3293        21.4251
   11176      16.3738        21.0506
   11177      16.4144        21.4381
   11178      16.3617        21.4946
   11179      16.2588        21.3536
   11180      16.3169        21.9378
   11181      16.3465        21.4732
   11182      16.3385        21.9922
   11183      16.2940        22.3264
   11184      16.3182        21.9961
   11185      16.3288        21.1451
   11186      16.3953        21.6174
   11187      16.3752        21.4521
   11188      16.3034        20.9344
   11189      16.3342        20.9756
   11190      16.3618        21.6341
   11191      16.3243        21.2481
   11192      16.3681        21.1721
   11193      16.3337        21.1855
   11194      16.3493        21.9707
   11195      16.3565        21.5269
   11196      16.3379        21.4603
   11197      16.3231        21.1690
   11198      16.3377        21.6267
   11199      16.3239        21.2511
   11200      16.3270        20.8104
   11201      16.3038        21.2639
   11202      16.3701        20.9108
   11203      16.3396        20.7984
   11204      16.3803        21.3324
   11205      16.3780        21.9988
   11206      16.3548        20.9070
   11207      16.3094        21.1381
   11208      16.3306        21.0077
   11209      16.4003        21.2679
   11210      16.3374        20.6683
   11211      16.3791        21.0000
   11212      16.3817        21.6302
   11213      16.3345        21.6023
   11214      16.3400        21.0766
   11215      16.3820        21.6941
   11216      16.3265        20.9355
   11217      16.3267        20.7352
   11218      16.3796        21.2469
   11219      16.3471        20.6838
   11220      16.3238        20.3318
   11221      16.4364        21.3485
   11222      16.3989        21.1706
   11223      16.3848        20.4604
   11224      16.4715        21.1998
   11225      16.4034        21.2208
   11226      16.2670        21.0135
   11227      16.2785        21.0041
   11228      16.3228        20.7904
   11229      16.3823        21.0173
   11230      16.2517        20.9182
   11231      16.3590        21.0930
   11232      16.3219        21.3336
   11233      16.2937        20.7515
   11234      16.3073        21.5648
   11235      16.3262        21.3282
   11236      16.3144        20.8690
   11237      16.3439        20.8456
   11238      16.2721        20.8786
   11239      16.3009        19.9969
   11240      16.3172        21.2073
   11241      16.3623        20.4392
   11242      16.2974        20.7990
   11243      16.3083        20.7557
   11244      16.3376        20.9823
   11245      16.4061        21.6914
   11246      16.3354        20.6848
   11247      16.3993        21.1813
   11248      16.3734        21.4098
   11249      16.2837        20.8423
   11250      16.3037        21.0841
   11251      16.3183        21.2239
   11252      16.3273        21.6260
   11253      16.3082        21.3464
   11254      16.2960        21.3371
   11255      16.3210        21.1034
   11256      16.3081        20.5734
   11257      16.2843        20.3704
   11258      16.2892        22.1640
   11259      16.2529        22.6594
   11260      16.3141        21.9551
   11261      16.2746        22.6053
   11262      16.3000        23.0019
   11263      16.2762        22.8208
   11264      16.3186        23.7090
   11265      16.2728        21.1141
   11266      16.2827        21.9380
   11267      16.2712        21.6046
   11268      16.3090        20.8281
   11269      16.3720        21.1137
   11270      16.3301        20.8910
   11271      16.3517        22.0412
   11272      16.3001        21.9735
   11273      16.2894        20.9124
   11274      16.2629        21.2522
   11275      16.2903        22.0001
   11276      16.2608        21.7344
   11277      16.2617        22.1474
   11278      16.3373        21.4367
   11279      16.2966        21.1409
   11280      16.2892        20.8039
   11281      16.3242        22.1821
   11282      16.2165        20.1699
   11283      16.3007        21.5202
   11284      16.3490        22.2939
   11285      16.3173        21.0099
   11286      16.2585        21.3962
   11287      16.2853        20.6530
   11288      16.2675        20.7896
   11289      16.2711        21.6086
   11290      16.3783        20.7985
   11291      16.3461        21.2551
   11292      16.2688        20.2152
   11293      16.2795        20.3758
   11294      16.3172        20.7677
   11295      16.2420        20.4527
   11296      16.2697        20.9703
   11297      16.3350        20.4941
   11298      16.2970        20.9312
   11299      16.3090        20.5550
   11300      16.3379        21.0523
   11301      16.3346        20.3368
   11302      16.3420        20.6865
   11303      16.3168        21.0752
   11304      16.2849        21.8318
   11305      16.2932        20.2093
   11306      16.3159        21.1270
   11307      16.3722        21.6296
   11308      16.3718        21.0671
   11309      16.3319        21.1236
   11310      16.3955        21.4205
   11311      16.3763        21.6661
   11312      16.3470        21.2278
   11313      16.4402        21.2995
   11314      16.3315        21.4254
   11315      16.3313        22.0371
   11316      16.3423        21.9820
   11317      16.4254        21.0720
   11318      16.3495        22.9326
   11319      16.3536        22.9769
   11320      16.3295        21.0298
   11321      16.3158        21.9808
   11322      16.3529        20.8554
   11323      16.3976        21.2029
   11324      16.4441        22.0920
   11325      16.4253        21.7568
   11326      16.4178        21.5207
   11327      16.5148        21.8559
   11328      16.4159        21.7325
   11329      16.4009        21.6451
   11330      16.3722        22.1764
   11331      16.3812        22.0365
   11332      16.4912        21.3407
   11333      16.3142        21.1084
   11334      16.3536        21.9994
   11335      16.3503        21.3224
   11336      16.4077        21.2507
   11337      16.4220        21.5894
   11338      16.3979        20.6326
   11339      16.3593        21.4525
   11340      16.3982        21.2151
   11341      16.4224        20.5667
   11342      16.3594        20.8270
   11343      16.4132        20.9593
   11344      16.3350        20.9006
   11345      16.3497        20.7352
   11346      16.3274        20.6792
   11347      16.3826        21.2284
   11348      16.3200        20.9809
   11349      16.2785        21.0863
   11350      16.3602        20.8651
   11351      16.3495        20.8696
   11352      16.3213        21.3046
   11353      16.4364        21.0406
   11354      16.3958        21.0907
   11355      16.3604        21.0642
   11356      16.3135        21.1463
   11357      16.2907        20.2726
   11358      16.3431        20.3060
   11359      16.3122        21.0462
   11360      16.3988        20.8025
   11361      16.4224        21.4051
   11362      16.3406        21.4625
   11363      16.3287        20.6851
   11364      16.3538        20.5662
   11365      16.2916        20.5412
   11366      16.3564        21.4199
   11367      16.3163        20.8204
   11368      16.3740        20.2972
   11369      16.3986        20.9895
   11370      16.3759        20.4482
   11371      16.4500        20.6299
   11372      16.4462        20.9409
   11373      16.4793        20.5856
   11374      16.4502        21.1543
   11375      16.4005        21.2134
   11376      16.4789        21.1896
   11377      16.4367        21.0460
   11378      16.3848        20.9913
   11379      16.4756        21.0499
   11380      16.4152        21.3700
   11381      16.3829        21.1375
   11382      16.4368        20.9352
   11383      16.4669        21.8098
   11384      16.4695        21.3745
   11385      16.5383        21.3960
   11386      16.5282        21.8598
   11387      16.4972        20.9719
   11388      16.4187        21.2322
   11389      16.4740        21.3485
   11390      16.4112        20.9517
   11391      16.4292        21.4172
   11392      16.4142        20.9216
   11393      16.4269        21.4231
   11394      16.5130        21.0555
   11395      16.4283        21.6544
   11396      16.3714        20.4532
   11397      16.4397        20.5819
   11398      16.4251        20.4958
   11399      16.3468        20.5600
   11400      16.3844        20.6717
   11401      16.4487        20.6507
   11402      16.3363        20.8549
   11403      16.4594        21.0634
   11404      16.4744        20.8171
   11405      16.3683        20.9796
   11406      16.3844        21.8583
   11407      16.4134        21.8660
   11408      16.3627        20.7348
   11409      16.4232        20.8094
   11410      16.4396        22.0921
   11411      16.4030        20.3553
   11412      16.3642        20.7916
   11413      16.4384        22.7127
   11414      16.4016        22.8651
   11415      16.4090        22.4206
   11416      16.4558        21.0222
   11417      16.3751        20.9402
   11418      16.4438        21.6223
   11419      16.4424        22.0932
   11420      16.3730        21.6254
   11421      16.3514        21.5317
   11422      16.4575        21.2719
   11423      16.4084        20.8421
   11424      16.4191        20.6937
   11425      16.4119        20.8691
   11426      16.3771        21.2753
   11427      16.4446        21.4444
   11428      16.4368        20.5293
   11429      16.4005        20.6046
   11430      16.3561        20.9675
   11431      16.4193        21.1147
   11432      16.3682        20.8442
   11433      16.3801        20.9790
   11434      16.3963        22.8084
   11435      16.3839        20.9132
   11436      16.3755        19.6519
   11437      16.4503        20.4793
   11438      16.3551        20.5886
   11439      16.4126        20.4129
   11440      16.4028        20.6220
   11441      16.3661        20.4927
   11442      16.4049        20.0930
   11443      16.4207        20.3971
   11444      16.5126        20.3488
   11445      16.4250        20.5945
   11446      16.4631        21.6618
   11447      16.3939        20.7152
   11448      16.4747        21.1450
   11449      16.3716        20.8990
   11450      16.5304        21.8919
   11451      16.4583        20.7650
   11452      16.4179        20.7911
   11453      16.3961        21.0103
   11454      16.4928        20.6422
   11455      16.4132        19.9671
   11456      16.4702        20.5537
   11457      16.3942        20.2134
   11458      16.4143        20.9331
   11459      16.3971        20.5820
   11460      16.3838        20.5608
   11461      16.4075        20.6853
   11462      16.3605        20.2249
   11463      16.3960        20.9088
   11464      16.4071        20.6190
   11465      16.4544        21.0188
   11466      16.4201        22.0433
   11467      16.4128        20.3744
   11468      16.3866        20.1939
   11469      16.3724        20.3272
   11470      16.3848        20.4144
   11471      16.3709        20.4209
   11472      16.4022        20.5814
   11473      16.3687        20.9836
   11474      16.3185        20.1182
   11475      16.4082        20.8212
   11476      16.4395        20.6459
   11477      16.3204        20.1201
   11478      16.4077        20.0584
   11479      16.3923        19.9745
   11480      16.3698        19.9540
   11481      16.3779        20.3680
   11482      16.3762        19.7729
   11483      16.3481        21.1668
   11484      16.4582        20.5377
   11485      16.3455        20.0298
   11486      16.3597        20.2664
   11487      16.3990        20.6051
   11488      16.3697        20.7838
   11489      16.2890        20.5720
   11490      16.3302        20.7952
   11491      16.3090        21.1109
   11492      16.3334        20.4384
   11493      16.3324        20.5513
   11494      16.2987        22.2040
   11495      16.3069        20.4788
   11496      16.3639        22.2468
   11497      16.3200        21.3928
   11498      16.3057        22.0229
   11499      16.3288        21.2687
   11500      16.3941        22.4073
   11501      16.3651        21.3923
   11502      16.3310        21.1779
   11503      16.3546        21.2492
   11504      16.3936        21.7779
   11505      16.3675        21.8340
   11506      16.4097        21.6762
   11507      16.3683        20.7818
   11508      16.3696        21.0298
   11509      16.3636        21.8239
   11510      16.3180        21.3018
   11511      16.3941        21.8950
   11512      16.3567        21.8092
   11513      16.3821        21.6529
   11514      16.3895        22.2490
   11515      16.3683        21.6582
   11516      16.3453        22.4282
   11517      16.3782        21.8280
   11518      16.3671        21.1658
   11519      16.2761        21.0416
   11520      16.3629        21.1544
   11521      16.2764        20.6713
   11522      16.3064        21.5174
   11523      16.3447        21.5097
   11524      16.3231        21.5638
   11525      16.3258        21.3328
   11526      16.3193        21.1345
   11527      16.3139        20.8604
   11528      16.3310        21.3244
   11529      16.3952        21.1234
   11530      16.4402        21.2806
   11531      16.4342        21.3096
   11532      16.3156        21.1253
   11533      16.4451        21.1701
   11534      16.4050        20.9109
   11535      16.4475        21.5792
   11536      16.3570        20.5459
   11537      16.4479        20.6327
   11538      16.4719        20.8472
   11539      16.3762        20.5635
   11540      16.3562        21.3657
   11541      16.3746        21.4099
   11542      16.3509        21.9820
   11543      16.3250        21.8866
   11544      16.3400        21.0487
   11545      16.3966        21.3664
   11546      16.3658        21.4174
   11547      16.3289        21.4213
   11548      16.4158        21.6398
   11549      16.4326        21.2608
   11550      16.3597        21.0729
   11551      16.3496        21.9266
   11552      16.3416        22.3809
   11553      16.4002        21.6210
   11554      16.3454        21.3251
   11555      16.3753        21.9825
   11556      16.3666        21.0073
   11557      16.3929        20.6633
   11558      16.3086        21.1498
   11559      16.3538        20.9167
   11560      16.3741        21.3137
   11561      16.4492        21.0349
   11562      16.3917        22.1107
   11563      16.3554        21.2285
   11564      16.4149        21.0605
   11565      16.4532        21.5479
   11566      16.4266        22.0203
   11567      16.4981        20.5993
   11568      16.3667        20.7884
   11569      16.4384        21.4503
   11570      16.4335        20.9412
   11571      16.4712        21.3463
   11572      16.4693        20.7950
   11573      16.4871        21.3987
   11574      16.4532        21.5965
   11575      16.4483        21.0084
   11576      16.3762        20.4602
   11577      16.4690        20.6049
   11578      16.4466        21.2568
   11579      16.4838        21.5319
   11580      16.4056        20.9404
   11581      16.4004        20.7622
   11582      16.4275        21.2973
   11583      16.4172        21.6683
   11584      16.4382        21.8023
   11585      16.3670        20.9439
   11586      16.4802        21.0741
   11587      16.5041        21.8680
   11588      16.4348        21.1297
   11589      16.4458        21.4655
   11590      16.4466        23.3503
   11591      16.4516        22.1595
   11592      16.4441        21.3215
   11593      16.3679        22.9262
   11594      16.4590        23.0129
   11595      16.4092        22.6905
   11596      16.4358        22.5261
   11597      16.4356        23.2370
   11598      16.4971        22.8601
   11599      16.5603        23.2408
   11600      16.4907        22.9326
   11601      16.5143        21.4456
   11602      16.4962        20.8543
   11603      16.5035        21.4480
   11604      16.5188        21.5384
   11605      16.5239        20.9424
   11606      16.5096        20.6824
   11607      16.5299        21.3852
   11608      16.4388        21.5832
   11609      16.4906        21.0957
   11610      16.5488        20.6163
   11611      16.4972        20.9512
   11612      16.4751        21.1848
   11613      16.4664        20.8261
   11614      16.5581        20.9513
   11615      16.4485        20.7145
   11616      16.5146        21.6605
   11617      16.4856        22.2552
   11618      16.5100        22.7305
   11619      16.4861        21.7976
   11620      16.4755        20.3198
   11621      16.5091        20.4167
   11622      16.3768        21.8994
   11623      16.4084        20.7923
   11624      16.4559        21.7653
   11625      16.3862        21.4840
   11626      16.5206        21.2263
   11627      16.5312        20.7146
   11628      16.5237        22.3208
   11629      16.5321        22.2236
   11630      16.5097        22.6844
   11631      16.4828        21.5550
   11632      16.4220        22.4202
   11633      16.4180        22.2654
   11634      16.4336        21.5431
   11635      16.4696        21.5341
   11636      16.3972        20.7123
   11637      16.4653        20.8991
   11638      16.4755        20.9259
   11639      16.4024        20.9450
   11640      16.4946        21.3639
   11641      16.4565        20.5505
   11642      16.4074        21.1978
   11643      16.4299        20.7460
   11644      16.4831        20.8410
   11645      16.4956        20.8811
   11646      16.4650        20.9798
   11647      16.4819        20.1284
   11648      16.4093        20.8070
   11649      16.4237        20.6572
   11650      16.4029        20.4438
   11651      16.3384        20.4287
   11652      16.4145        20.2728
   11653      16.3662        20.5543
   11654      16.4061        20.0873
   11655      16.4517        20.6588
   11656      16.4818        21.2203
   11657      16.4275        20.4063
   11658      16.4580        20.8505
   11659      16.3959        20.6844
   11660      16.4072        20.6960
   11661      16.3996        20.2969
   11662      16.4416        22.7791
   11663      16.3659        21.9172
   11664      16.4126        22.1021
   11665      16.3840        22.3107
   11666      16.4373        22.0415
   11667      16.3532        22.1329
   11668      16.4027        22.5000
   11669      16.4342        21.0616
   11670      16.4352        21.6155
   11671      16.3387        21.1326
   11672      16.4265        21.2328
   11673      16.3660        21.3623
   11674      16.3708        21.1178
   11675      16.3958        21.3198
   11676      16.3700        21.7471
   11677      16.4022        21.4414
   11678      16.4193        22.2218
   11679      16.4796        22.1399
   11680      16.4307        23.2811
   11681      16.4393        22.9134
   11682      16.3913        22.7515
   11683      16.4351        22.0909
   11684      16.3808        22.3037
   11685      16.4401        23.2469
   11686      16.3740        22.9023
   11687      16.4169        23.4451
   11688      16.5200        23.0502
   11689      16.4109        22.6846
   11690      16.4454        22.8077
   11691      16.4094        22.1718
   11692      16.4238        22.8102
   11693      16.3876        22.7445
   11694      16.4483        23.7990
   11695      16.4679        23.0175
   11696      16.4324        22.8577
   11697      16.4495        23.0141
   11698      16.4373        21.7206
   11699      16.4354        22.4422
   11700      16.4551        22.0739
   11701      16.3994        20.4768
   11702      16.4083        21.5520
   11703      16.3888        21.3616
   11704      16.4093        28.9097
   11705      16.4397        22.4342
   11706      16.4221        20.7745
   11707      16.4030        20.2773
   11708      16.3873        21.0960
   11709      16.4632        20.3394
   11710      16.4597        20.6741
   11711      16.4870        20.5667
   11712      16.4682        20.5505
   11713      16.3896        20.1539
   11714      16.5306        20.7589
   11715      16.4869        20.5483
   11716      16.4917        21.2323
   11717      16.4301        20.8013
   11718      16.4128        19.9687
   11719      16.4328        20.5739
   11720      16.4164        20.1840
   11721      16.4310        20.7509
   11722      16.3757        20.6519
   11723      16.4473        20.8060
   11724      16.3635        20.5220
   11725      16.4055        20.8587
   11726      16.3806        20.7514
   11727      16.3911        20.8468
   11728      16.3354        20.4926
   11729      16.4516        20.5947
   11730      16.3913        21.1401
   11731      16.3618        20.7284
   11732      16.3462        21.0886
   11733      16.3501        20.8388
   11734      16.4077        21.3252
   11735      16.3789        21.0080
   11736      16.3584        20.6605
   11737      16.3313        20.5737
   11738      16.3544        20.5445
   11739      16.3388        20.9928
   11740      16.2963        21.3804
   11741      16.4028        21.3310
   11742      16.3356        21.3468
   11743      16.2845        22.5449
   11744      16.3534        22.7658
   11745      16.3637        22.2038
   11746      16.3831        21.5289
   11747      16.3412        21.5858
   11748      16.3090        20.9316
   11749      16.3961        22.7769
   11750      16.4202        22.6552
   11751      16.3825        21.9173
   11752      16.3802        21.4534
   11753      16.3861        22.1498
   11754      16.3899        22.0179
   11755      16.3647        21.3515
   11756      16.2464        20.4574
   11757      16.3411        21.0549
   11758      16.4169        20.9673
   11759      16.4153        20.8060
   11760      16.3721        21.5225
   11761      16.3436        21.3374
   11762      16.3378        21.2942
   11763      16.3772        22.9943
   11764      16.3598        21.8482
   11765      16.3313        21.1159
   11766      16.3823        22.5783
   11767      16.3316        22.0710
   11768      16.3158        23.2440
   11769      16.3741        23.2690
   11770      16.4105        22.8168
   11771      16.4341        22.5485
   11772      16.4591        21.3710
   11773      16.3781        21.5568
   11774      16.4890        20.9544
   11775      16.4062        21.3573
   11776      16.3614        21.6913
   11777      16.3532        21.2834
   11778      16.3950        20.9394
   11779      16.3147        21.2789
   11780      16.2947        21.5106
   11781      16.3787        21.1852
   11782      16.3991        21.2120
   11783      16.3631        22.6704
   11784      16.3952        21.0024
   11785      16.3308        21.5259
   11786      16.3918        21.4027
   11787      16.3665        21.4353
   11788      16.3598        21.3779
   11789      16.3853        21.5810
   11790      16.4717        22.8707
   11791      16.4221        21.4985
   11792      16.3874        21.2383
   11793      16.3503        21.0065
   11794      16.3924        21.3981
   11795      16.3473        22.2423
   11796      16.3867        21.4943
   11797      16.3420        21.9306
   11798      16.3803        22.2834
   11799      16.3676        21.4697
   11800      16.3003        21.7235
   11801      16.3489        21.8742
   11802      16.3421        22.1936
   11803      16.3111        21.4929
   11804      16.3122        22.1137
   11805      16.4048        22.0583
   11806      16.3553        22.1802
   11807      16.3513        22.2526
   11808      16.2913        22.0253
   11809      16.2990        23.0119
   11810      16.3467        22.9571
   11811      16.4018        22.0795
   11812      16.3785        21.4704
   11813      16.3669        21.4020
   11814      16.3710        22.6927
   11815      16.3610        23.1302
   11816      16.3589        23.0482
   11817      16.3750        22.5222
   11818      16.3607        20.6450
   11819      16.3517        20.6765
   11820      16.3459        21.2669
   11821      16.3648        21.1156
   11822      16.3802        21.3426
   11823      16.3927        22.3696
   11824      16.4392        22.3369
   11825      16.3695        21.0683
   11826      16.4330        20.7619
   11827      16.3865        20.7771
   11828      16.3867        20.6522
   11829      16.3337        20.3329
   11830      16.3859        20.5248
   11831      16.3780        20.5704
   11832      16.3921        20.9605
   11833      16.3868        20.5649
   11834      16.3901        20.7935
   11835      16.3894        20.4419
   11836      16.3677        20.6232
   11837      16.3828        20.8401
   11838      16.3974        21.1944
   11839      16.4291        21.2916
   11840      16.4523        21.0223
   11841      16.4003        20.4478
   11842      16.4157        20.5635
   11843      16.4384        20.8896
   11844      16.4807        21.4110
   11845      16.3856        20.7646
   11846      16.4125        20.7084
   11847      16.4355        20.9767
   11848      16.4180        20.9066
   11849      16.3606        20.6481
   11850      16.4232        20.5707
   11851      16.4387        20.6907
   11852      16.4472        20.6294
   11853      16.3830        20.0764
   11854      16.3630        20.8312
   11855      16.3813        20.7326
   11856      16.3246        20.6868
   11857      16.3338        20.2987
   11858      16.3292        20.6767
   11859      16.4179        21.1776
   11860      16.3615        20.7870
   11861      16.3852        20.8835
   11862      16.4182        20.7498
   11863      16.3626        20.4826
   11864      16.3317        20.8926
   11865      16.3552        28.6666
   11866      16.3024        20.2505
   11867      16.2878        20.7349
   11868      16.2578        21.1954
   11869      16.3474        20.1438
   11870      16.3672        20.8463
   11871      16.3950        19.8992
   11872      16.4499        21.4272
   11873      16.4215        21.0004
   11874      16.4457        21.1858
   11875      16.4206        20.3415
   11876      16.4033        20.5663
   11877      16.4436        20.7592
   11878      16.4236        20.4315
   11879      16.4439        20.1075
   11880      16.4494        20.8795
   11881      16.3515        20.6991
   11882      16.4463        20.6748
   11883      16.4434        20.4185
   11884      16.4639        20.0734
   11885      16.5120        20.3171
   11886      16.5475        20.8242
   11887      16.5179        21.1678
   11888      16.4529        21.2938
   11889      16.4640        20.8700
   11890      16.3882        20.8629
   11891      16.4230        20.5048
   11892      16.4436        21.4837
   11893      16.4348        20.7665
   11894      16.4289        20.9290
   11895      16.4899        21.0563
   11896      16.4697        20.9955
   11897      16.4453        20.9407
   11898      16.4168        21.5349
   11899      16.3885        21.4117
   11900      16.3835        21.0447
   11901      16.3876        21.1990
   11902      16.4321        21.4218
   11903      16.3886        21.2344
   11904      16.3919        21.1351
   11905      16.3738        20.9776
   11906      16.4068        21.2007
   11907      16.3857        21.2729
   11908      16.3662        21.0345
   11909      16.3797        21.4423
   11910      16.3703        20.7388
   11911      16.3678        20.8622
   11912      16.3809        20.7737
   11913      16.3519        21.2591
   11914      16.3482        20.5430
   11915      16.3389        21.1110
   11916      16.3941        21.1611
   11917      16.4358        21.0008
   11918      16.3784        20.9923
   11919      16.3844        21.0071
   11920      16.3552        21.5022
   11921      16.4008        20.8954
   11922      16.4002        20.9125
   11923      16.3250        21.0959
   11924      16.3014        21.0337
   11925      16.3694        21.4024
   11926      16.3645        20.9103
   11927      16.3361        20.9654
   11928      16.3040        20.9272
   11929      16.3601        20.9104
   11930      16.3411        20.9242
   11931      16.2885        20.8281
   11932      16.3156        21.6506
   11933      16.3772        21.7531
   11934      16.4304        20.9487
   11935      16.4458        22.3245
   11936      16.3519        21.2504
   11937      16.4147        21.9561
   11938      16.3907        21.3881
   11939      16.3764        21.3727
   11940      16.3453        21.5244
   11941      16.3470        22.6290
   11942      16.4002        21.4816
   11943      16.3476        21.6356
   11944      16.2969        21.0613
   11945      16.3329        22.1782
   11946      16.3515        20.9031
   11947      16.3602        21.3432
   11948      16.3221        21.0402
   11949      16.3681        21.6434
   11950      16.3719        22.6782
   11951      16.3451        22.5199
   11952      16.3269        22.1884
   11953      16.4295        21.9992
   11954      16.4037        21.9976
   11955      16.3166        20.9355
   11956      16.3758        21.8659
   11957      16.3980        21.5427
   11958      16.3155        22.6632
   11959      16.3430        22.2151
   11960      16.3384        20.8320
   11961      16.4056        21.5014
   11962      16.3344        22.1717
   11963      16.4342        21.8578
   11964      16.3533        21.1219
   11965      16.4236        21.4400
   11966      16.3477        21.0902
   11967      16.4031        21.0784
   11968      16.4246        21.2642
   11969      16.2926        21.1319
   11970      16.3586        21.2816
   11971      16.3133        21.5808
   11972      16.2726        21.0317
   11973      16.3202        21.7555
   11974      16.3260        21.1956
   11975      16.3380        21.9436
   11976      16.3653        21.0156
   11977      16.3333        21.2325
   11978      16.3545        21.1019
   11979      16.2231        20.3571
   11980      16.3124        20.7392
   11981      16.3428        21.5862
   11982      16.2981        20.8582
   11983      16.3330        20.9490
   11984      16.3386        21.3302
   11985      16.2738        21.5516
   11986      16.2812        20.7445
   11987      16.3818        21.5129
   11988      16.3434        22.0286
   11989      16.3429        22.8333
   11990      16.3355        21.5517
   11991      16.2970        21.6044
   11992      16.3446        22.7113
   11993      16.3009        21.3928
   11994      16.2946        21.2074
   11995      16.3460        21.1686
   11996      16.3600        22.4299
   11997      16.3201        21.5983
   11998      16.3241        21.4339
   11999      16.3108        21.4971
   12000      16.2704        20.9414
   12001      16.3037        21.2722
   12002      16.2942        20.6295
   12003      16.3587        21.6966
   12004      16.3394        21.2557
   12005      16.2821        21.7665
   12006      16.3455        20.6376
   12007      16.3152        21.4199
   12008      16.3463        20.7907
   12009      16.3078        21.1666
   12010      16.3671        20.7854
   12011      16.3114        20.7073
   12012      16.2846        20.9790
   12013      16.3144        21.9556
   12014      16.3048        20.8896
   12015      16.3652        20.1373
   12016      16.3856        21.1180
   12017      16.3097        21.1825
   12018      16.3295        21.5498
   12019      16.3570        21.1027
   12020      16.3477        21.4060
   12021      16.3314        21.4904
   12022      16.4064        21.9086
   12023      16.3565        21.4004
   12024      16.3870        22.0695
   12025      16.3618        21.0302
   12026      16.3954        21.5364
   12027      16.3988        21.5017
   12028      16.3581        21.4030
   12029      16.4684        21.3978
   12030      16.2893        21.2713
   12031      16.3905        21.2940
   12032      16.4043        21.9632
   12033      16.3803        20.9594
   12034      16.3525        21.2536
   12035      16.3927        21.5115
   12036      16.3508        20.9561
   12037      16.2689        20.6820
   12038      16.3459        20.7143
   12039      16.3133        20.6474
   12040      16.3774        20.8138
   12041      16.3481        20.9735
   12042      16.3401        21.5417
   12043      16.2688        20.7881
   12044      16.2959        20.9947
   12045      16.3321        21.2223
   12046      16.2951        21.0250
   12047      16.3467        21.1828
   12048      16.3800        20.7595
   12049      16.3842        20.9509
   12050      16.2906        21.2052
   12051      16.2915        20.6429
   12052      16.3423        21.2714
   12053      16.3343        21.0573
   12054      16.3708        21.5168
   12055      16.4033        21.2898
   12056      16.3547        21.3379
   12057      16.3364        21.2195
   12058      16.3180        21.1333
   12059      16.3243        21.1926
   12060      16.3575        21.0220
   12061      16.3800        20.7291
   12062      16.3212        21.0570
   12063      16.3339        21.2346
   12064      16.3271        21.3367
   12065      16.3062        21.3571
   12066      16.3150        21.1243
   12067      16.3654        21.2040
   12068      16.4179        21.2312
   12069      16.3868        21.0325
   12070      16.4536        21.0405
   12071      16.4396        20.6198
   12072      16.3435        20.9034
   12073      16.3813        20.8867
   12074      16.3252        20.9150
   12075      16.3338        20.6898
   12076      16.2566        21.2318
   12077      16.3594        20.4790
   12078      16.4123        20.7707
   12079      16.4386        20.9188
   12080      16.3622        21.0084
   12081      16.5230        21.2366
   12082      16.4110        21.1904
   12083      16.4277        22.6896
   12084      16.4656        21.3393
   12085      16.4041        20.9441
   12086      16.3672        21.9331
   12087      16.4160        22.6097
   12088      16.3775        21.4226
   12089      16.3604        21.7986
   12090      16.4576        22.4352
   12091      16.4057        22.2283
   12092      16.3846        22.5771
   12093      16.4396        23.1344
   12094      16.4269        24.2908
   12095      16.3678        22.1358
   12096      16.3928        22.6570
   12097      16.3480        23.3235
   12098      16.4045        20.9928
   12099      16.3712        21.1418
   12100      16.2709        20.9030
   12101      16.1621        20.8133
   12102      16.2431        21.1978
   12103      16.3096        21.2018
   12104      16.3130        21.3585
   12105      16.2962        21.1895
   12106      16.3648        21.2080
   12107      16.3092        21.1782
   12108      16.3287        20.6718
   12109      16.3460        21.3285
   12110      16.2758        20.8855
   12111      16.3776        20.8283
   12112      16.2840        21.0799
   12113      16.3397        21.0436
   12114      16.3272        21.2514
   12115      16.3301        20.9134
   12116      16.3164        20.6801
   12117      16.3332        20.9198
   12118      16.3863        21.1230
   12119      16.3043        20.7828
   12120      16.3920        20.7106
   12121      16.3511        20.8956
   12122      16.4192        21.6810
   12123      16.4254        21.2924
   12124      16.4069        21.0140
   12125      16.4256        21.2534
   12126      16.3298        21.2236
   12127      16.4345        21.8900
   12128      16.3977        20.9378
   12129      16.4157        21.8921
   12130      16.3150        21.3635
   12131      16.3611        20.7079
   12132      16.3928        21.0451
   12133      16.3894        21.6074
   12134      16.3366        21.1898
   12135      16.3871        21.2381
   12136      16.3616        20.8814
   12137      16.3970        21.7230
   12138      16.4008        21.7959
   12139      16.4149        22.7133
   12140      16.3570        21.1728
   12141      16.4337        21.2909
   12142      16.4467        21.4940
   12143      16.4141        21.1028
   12144      16.3424        21.0951
   12145      16.3762        21.0116
   12146      16.3588        20.8639
   12147      16.4024        20.9353
   12148      16.3404        20.6389
   12149      16.3852        21.6798
   12150      16.4036        21.2253
   12151      16.5109        21.6532
   12152      16.4778        21.4135
   12153      16.3290        20.9886
   12154      16.3873        21.3928
   12155      16.3499        20.6228
   12156      16.3771        20.9974
   12157      16.4086        21.5973
   12158      16.3450        21.3708
   12159      16.3976        20.8330
   12160      16.2970        20.3857
   12161      16.3657        20.7384
   12162      16.4207        20.4306
   12163      16.2797        20.8695
   12164      16.3755        20.7964
   12165      16.3652        20.8951
   12166      16.3784        21.3614
   12167      16.3641        21.5182
   12168      16.3561        21.3227
   12169      16.3655        20.8866
   12170      16.3246        20.6690
   12171      16.3353        20.7885
   12172      16.3162        20.9926
   12173      16.3346        21.6788
   12174      16.3396        20.5302
   12175      16.3825        21.3762
   12176      16.3502        21.9059
   12177      16.3897        20.8764
   12178      16.3580        21.3433
   12179      16.3446        20.7708
   12180      16.3352        20.2086
   12181      16.3769        21.1148
   12182      16.3606        21.2144
   12183      16.4527        20.9451
   12184      16.4184        21.1064
   12185      16.3861        21.2151
   12186      16.3667        21.7519
   12187      16.4518        21.4578
   12188      16.4536        21.1409
   12189      16.5213        21.4659
   12190      16.5116        21.7026
   12191      16.4689        21.9605
   12192      16.3585        21.1387
   12193      16.4465        20.8776
   12194      16.4477        20.5631
   12195      16.4326        21.2935
   12196      16.5489        21.5757
   12197      16.4180        20.8646
   12198      16.3752        20.8170
   12199      16.4843        22.8258
   12200      16.4560        23.7475
   12201      16.4356        23.7858
   12202      16.4309        22.1836
   12203      16.4195        22.3398
   12204      16.3849        23.6789
   12205      16.4075        20.5365
   12206      16.3586        21.1659
   12207      16.3896        20.8988
   12208      16.3627        20.4745
   12209      16.4351        20.4469
   12210      16.3455        20.7797
   12211      16.3991        21.3178
   12212      16.3984        21.1083
   12213      16.4929        20.7918
   12214      16.5102        21.1716
   12215      16.4526        21.2119
   12216      16.4457        21.0429
   12217      16.4048        21.6490
   12218      16.4466        20.6693
   12219      16.4020        21.1892
   12220      16.4435        20.7727
   12221      16.4663        21.2464
   12222      16.4271        20.7652
   12223      16.3900        21.0365
   12224      16.4203        20.9392
   12225      16.3800        21.0228
   12226      16.3611        21.0879
   12227      16.4519        20.3347
   12228      16.4887        21.5018
   12229      16.4122        21.4282
   12230      16.4639        21.2946
   12231      16.5465        20.6223
   12232      16.4609        21.0853
   12233      16.4119        20.9203
   12234      16.3577        20.5425
   12235      16.3814        21.1439
   12236      16.4149        21.6060
   12237      16.4098        21.5233
   12238      16.4875        22.1551
   12239      16.4742        21.8187
   12240      16.4589        21.4490
   12241      16.4548        21.3645
   12242      16.3793        20.7462
   12243      16.4323        22.0045
   12244      16.4720        21.6937
   12245      16.4371        21.6817
   12246      16.3270        21.1791
   12247      16.4046        22.8405
   12248      16.3574        21.4750
   12249      16.3870        21.4130
   12250      16.3968        20.8634
   12251      16.3894        21.2117
   12252      16.4155        21.4163
   12253      16.4411        21.1526
   12254      16.4202        21.0331
   12255      16.4397        21.0862
   12256      16.3670        20.7533
   12257      16.3691        21.0065
   12258      16.3968        21.6640
   12259      16.4590        21.8191
   12260      16.4154        20.6590
   12261      16.4030        20.2868
   12262      16.3782        21.0475
   12263      16.3277        20.2538
   12264      16.3695        20.4860
   12265      16.3725        21.2861
   12266      16.3533        21.3259
   12267      16.3538        21.4344
   12268      16.3445        21.4368
   12269      16.3571        21.1112
   12270      16.4458        21.2966
   12271      16.3583        21.3009
   12272      16.3038        20.9811
   12273      16.3533        21.2571
   12274      16.3599        20.9420
   12275      16.3845        20.8974
   12276      16.3708        21.1209
   12277      16.4443        21.3053
   12278      16.4003        20.6784
   12279      16.4503        21.2665
   12280      16.3658        20.9711
   12281      16.4147        20.7864
   12282      16.3436        20.7333
   12283      16.3316        21.2094
   12284      16.2744        20.9043
   12285      16.3246        21.0161
   12286      16.3066        20.9358
   12287      16.4662        21.4011
   12288      16.3344        20.7959
   12289      16.3675        20.6984
   12290      16.3568        20.8053
   12291      16.3629        21.0824
   12292      16.3345        20.9305
   12293      16.3892        21.3357
   12294      16.3577        21.3892
   12295      16.4072        21.3045
   12296      16.3111        20.8245
   12297      16.4074        21.2091
   12298      16.3468        21.1686
   12299      16.3437        21.1814
   12300      16.3492        21.0579
   12301      16.3249        20.9323
   12302      16.3580        20.6326
   12303      16.4157        21.1758
   12304      16.3382        21.8355
   12305      16.3544        22.2472
   12306      16.3858        22.1965
   12307      16.3061        22.5438
   12308      16.4165        22.1101
   12309      16.4236        23.4724
   12310      16.4164        23.1151
   12311      16.3833        22.3609
   12312      16.3942        21.8661
   12313      16.3739        21.4230
   12314      16.3088        21.3180
   12315      16.3709        21.6158
   12316      16.3635        21.5713
   12317      16.3263        21.0442
   12318      16.3457        21.7091
   12319      16.3504        21.2527
   12320      16.2682        21.4702
   12321      16.3605        21.8014
   12322      16.3554        21.3433
   12323      16.3602        21.6861
   12324      16.4105        21.4020
   12325      16.3673        21.8443
   12326      16.4529        20.8931
   12327      16.4228        21.0874
   12328      16.3254        20.6467
   12329      16.4296        21.7835
   12330      16.4357        21.5589
   12331      16.5111        22.4404
   12332      16.4445        21.1683
   12333      16.4295        21.5215
   12334      16.3954        21.2322
   12335      16.3375        20.9189
   12336      16.3565        20.3874
   12337      16.3917        21.8929
   12338      16.4325        21.1462
   12339      16.4012        21.4769
   12340      16.3706        20.8891
   12341      16.4245        21.7851
   12342      16.4232        20.9394
   12343      16.4016        21.1147
   12344      16.3666        21.9633
   12345      16.3722        21.5429
   12346      16.3579        22.0910
   12347      16.3359        21.6108
   12348      16.3827        21.3905
   12349      16.4020        22.0899
   12350      16.4348        22.1554
   12351      16.3550        21.0790
   12352      16.3496        21.9344
   12353      16.3724        21.1402
   12354      16.3264        21.4778
   12355      16.3439        21.0922
   12356      16.3850        21.2518
   12357      16.4768        21.2209
   12358      16.4271        21.1661
   12359      16.4063        20.7932
   12360      16.3730        21.2035
   12361      16.3455        21.6802
   12362      16.3313        21.4671
   12363      16.3807        23.0478
   12364      16.3523        21.9933
   12365      16.3421        22.2381
   12366      16.4370        22.1001
   12367      16.3848        20.8301
   12368      16.4328        21.2080
   12369      16.4346        21.0285
   12370      16.3832        20.8258
   12371      16.2466        20.8226
   12372      16.3224        21.1711
   12373      16.3430        21.2361
   12374      16.3293        21.3613
   12375      16.3525        21.3512
   12376      16.3317        21.4214
   12377      16.3786        21.2989
   12378      16.3576        21.1640
   12379      16.3414        21.0536
   12380      16.3295        21.0188
   12381      16.3217        21.2209
   12382      16.3145        20.5700
   12383      16.3897        21.0046
   12384      16.3424        21.0320
   12385      16.3427        21.1243
   12386      16.3157        21.3106
   12387      16.3687        20.9460
   12388      16.3751        21.1838
   12389      16.3047        21.1458
   12390      16.3062        21.4447
   12391      16.3030        21.4934
   12392      16.3331        21.9195
   12393      16.3503        21.6843
   12394      16.3441        21.2108
   12395      16.3890        21.2517
   12396      16.3565        21.2270
   12397      16.3092        21.0539
   12398      16.2967        21.1287
   12399      16.3199        21.1793
   12400      16.3437        21.4404
   12401      16.2929        21.3342
   12402      16.3090        22.0722
   12403      16.3712        21.3163
   12404      16.3036        21.0059
   12405      16.3725        21.7977
   12406      16.3088        21.5299
   12407      16.3190        21.0466
   12408      16.3432        21.0167
   12409      16.3099        21.3467
   12410      16.2900        21.6427
   12411      16.3169        20.8745
   12412      16.3017        21.5159
   12413      16.3278        21.5273
   12414      16.3417        21.6811
   12415      16.3152        21.7269
   12416      16.2982        21.5272
   12417      16.3511        21.3953
   12418      16.3327        21.4883
   12419      16.2786        21.1439
   12420      16.2508        21.5764
   12421      16.3697        21.1570
   12422      16.2839        21.3213
   12423      16.3129        21.6922
   12424      16.3278        21.3762
   12425      16.2821        21.1111
   12426      16.3163        21.3039
   12427      16.2716        21.2795
   12428      16.2591        20.9981
   12429      16.2987        21.1982
   12430      16.2960        21.3386
   12431      16.3432        21.6481
   12432      16.3550        21.5098
   12433      16.3225        21.6723
   12434      16.3269        21.3866
   12435      16.2813        20.9977
   12436      16.2715        21.0553
   12437      16.3303        21.1677
   12438      16.3438        21.3728
   12439      16.3749        21.2882
   12440      16.3464        21.3530
   12441      16.2976        21.0553
   12442      16.2790        20.9754
   12443      16.2845        21.0297
   12444      16.3530        21.1519
   12445      16.2890        21.4450
   12446      16.3157        21.6882
   12447      16.3202        21.7258
   12448      16.3510        22.2447
   12449      16.3462        21.6598
   12450      16.3046        23.1288
   12451      16.2552        21.2903
   12452      16.3448        21.2812
   12453      16.3040        21.7248
   12454      16.2929        21.1886
   12455      16.3178        21.5500
   12456      16.2912        21.4358
   12457      16.3260        21.4436
   12458      16.2948        20.8980
   12459      16.3155        21.2137
   12460      16.3051        21.0171
   12461      16.2645        21.1081
   12462      16.2935        20.8570
   12463      16.3016        21.3521
   12464      16.3885        21.7127
   12465      16.3660        21.0608
   12466      16.3567        20.8192
   12467      16.2534        20.6171
   12468      16.3515        20.8705
   12469      16.3418        20.9141
   12470      16.3591        20.8799
   12471      16.3332        20.9478
   12472      16.3293        20.8421
   12473      16.3267        20.3292
   12474      16.3461        20.3025
   12475      16.3765        20.9887
   12476      16.3379        20.8797
   12477      16.3321        20.8739
   12478      16.3555        20.6308
   12479      16.3327        20.9633
   12480      16.2637        20.7979
   12481      16.3192        20.9588
   12482      16.3170        20.8124
   12483      16.3287        21.0955
   12484      16.3119        21.4646
   12485      16.4025        21.6405
   12486      16.2953        21.1758
   12487      16.3536        20.9323
   12488      16.3386        21.2054
   12489      16.4030        21.2690
   12490      16.3134        21.2601
   12491      16.3707        22.2296
   12492      16.3274        21.0159
   12493      16.4049        21.6359
   12494      16.3805        20.7432
   12495      16.3118        20.7927
   12496      16.4411        21.4200
   12497      16.4554        21.4057
   12498      16.3650        20.6733
   12499      16.4081        21.1320
   12500      16.4502        21.3853
   12501      16.3769        20.9586
   12502      16.4231        21.5040
   12503      16.4681        21.2468
   12504      16.3561        21.1814
   12505      16.3815        21.1641
   12506      16.3284        21.0994
   12507      16.4281        22.0473
   12508      16.4494        21.1059
   12509      16.4078        20.7491
   12510      16.3187        21.2642
   12511      16.3410        21.2564
   12512      16.3375        20.8348
   12513      16.3813        22.4716
   12514      16.3250        20.5692
   12515      16.3748        21.4785
   12516      16.3304        21.5581
   12517      16.3001        22.9530
   12518      16.3273        21.1086
   12519      16.3331        20.8992
   12520      16.3071        20.4239
   12521      16.3818        21.2743
   12522      16.2894        20.5681
   12523      16.2964        21.2105
   12524      16.2812        20.7266
   12525      16.3642        20.7216
   12526      16.3733        21.0031
   12527      16.4128        20.4571
   12528      16.3335        20.8163
   12529      16.3875        21.4665
   12530      16.4278        21.9815
   12531      16.3963        21.4380
   12532      16.3961        21.0602
   12533      16.4483        21.1266
   12534      16.4348        21.0185
   12535      16.3948        21.4032
   12536      16.3440        28.4444
   12537      16.3429        20.6228
   12538      16.4092        21.2927
   12539      16.4608        21.2597
   12540      16.4293        21.3878
   12541      16.4034        21.4667
   12542      16.3855        21.1704
   12543      16.4196        21.6409
   12544      16.4555        21.6498
   12545      16.3638        20.8945
   12546      16.3700        20.7508
   12547      16.3593        20.5830
   12548      16.3394        20.2231
   12549      16.3999        21.3273
   12550      16.3819        21.2977
   12551      16.3939        21.0041
   12552      16.4155        20.9723
   12553      16.3740        21.1819
   12554      16.5588        21.6409
   12555      16.4841        21.3396
   12556      16.4099        20.6352
   12557      16.3088        21.3398
   12558      16.3316        21.8384
   12559      16.3392        21.2787
   12560      16.3993        21.5295
   12561      16.3909        21.4473
   12562      16.3941        20.7348
   12563      16.3676        21.2868
   12564      16.4076        21.0710
   12565      16.3423        21.0559
   12566      16.3661        21.5269
   12567      16.4233        21.7403
   12568      16.3606        20.8120
   12569      16.2801        21.3180
   12570      16.4661        21.8211
   12571      16.3503        21.3344
   12572      16.4149        21.3198
   12573      16.4384        20.8625
   12574      16.3331        21.0810
   12575      16.3971        21.0442
   12576      16.4385        21.4040
   12577      16.4198        21.1282
   12578      16.3535        21.3204
   12579      16.3807        21.2138
   12580      16.3858        21.2560
   12581      16.5252        21.6522
   12582      16.4095        21.5666
   12583      16.4211        20.6904
   12584      16.4385        20.8841
   12585      16.4355        21.2811
   12586      16.4544        21.2205
   12587      16.3633        21.6351
   12588      16.3144        20.9611
   12589      16.3832        21.5230
   12590      16.3348        20.9824
   12591      16.3285        21.5504
   12592      16.3950        21.1986
   12593      16.3158        20.7918
   12594      16.3615        21.3351
   12595      16.3902        20.4138
   12596      16.3532        20.4723
   12597      16.3578        20.9509
   12598      16.3992        21.1065
   12599      16.3919        20.6271
   12600      16.4054        20.8222
   12601      16.3808        20.5433
   12602      16.4117        21.4611
   12603      16.3569        21.5110
   12604      16.3434        21.6547
   12605      16.3248        21.2686
   12606      16.3797        21.2249
   12607      16.4399        22.2637
   12608      16.4315        21.0630
   12609      16.4145        21.1989
   12610      16.3842        21.1003
   12611      16.4353        21.4829
   12612      16.4035        21.6002
   12613      16.4053        22.1454
   12614      16.3391        21.8982
   12615      16.4130        21.9874
   12616      16.3549        21.3082
   12617      16.4447        21.7795
   12618      16.3928        21.6458
   12619      16.4444        22.0570
   12620      16.4672        21.5822
   12621      16.3827        21.4846
   12622      16.3738        21.3982
   12623      16.3825        21.0945
   12624      16.4325        21.9084
   12625      16.3802        21.1936
   12626      16.3735        21.3446
   12627      16.3227        20.9764
   12628      16.3446        21.2104
   12629      16.3811        22.2142
   12630      16.3534        22.3375
   12631      16.3852        21.7711
   12632      16.3540        20.9054
   12633      16.3970        22.4586
   12634      16.4034        21.8770
   12635      16.3829        21.3257
   12636      16.4006        21.8851
   12637      16.3867        21.6547
   12638      16.3860        22.6944
   12639      16.3803        21.8822
   12640      16.3522        22.0709
   12641      16.3572        21.7148
   12642      16.3397        21.2924
   12643      16.3599        21.7522
   12644      16.4335        21.5787
   12645      16.4876        21.8859
   12646      16.4342        22.1270
   12647      16.4116        22.8099
   12648      16.3873        22.1674
   12649      16.4445        22.0231
   12650      16.3925        20.6859
   12651      16.3659        21.6970
   12652      16.3364        21.2869
   12653      16.3451        21.5435
   12654      16.4017        21.8171
   12655      16.4081        21.4394
   12656      16.3696        21.7350
   12657      16.4054        21.3581
   12658      16.3195        21.3298
   12659      16.4412        22.4698
   12660      16.3735        21.4004
   12661      16.3132        22.1183
   12662      16.3743        21.6238
   12663      16.3839        22.5494
   12664      16.3636        22.1541
   12665      16.4687        22.0219
   12666      16.3712        22.4577
   12667      16.4094        21.5010
   12668      16.4761        20.6443
   12669      16.4157        21.1797
   12670      16.4626        21.4730
   12671      16.3978        21.2171
   12672      16.3370        21.8078
   12673      16.3734        21.6388
   12674      16.3860        21.7770
   12675      16.3747        22.0126
   12676      16.4369        22.2869
   12677      16.3825        21.1155
   12678      16.3506        22.1315
   12679      16.3380        22.2736
   12680      16.3795        21.3692
   12681      16.4002        21.4947
   12682      16.4047        21.0402
   12683      16.4605        21.4524
   12684      16.4001        22.6675
   12685      16.3711        21.1588
   12686      16.3756        22.6474
   12687      16.3856        22.1907
   12688      16.3758        21.8489
   12689      16.4268        21.2224
   12690      16.4693        21.8544
   12691      16.4315        21.6900
   12692      16.4090        21.2497
   12693      16.4919        21.7638
   12694      16.4329        21.9811
   12695      16.3886        22.9794
   12696      16.4203        22.7467
   12697      16.3792        22.6427
   12698      16.4732        21.7923
   12699      16.3599        21.2767
   12700      16.4483        21.2945
   12701      16.4302        22.1798
   12702      16.3359        21.1700
   12703      16.4186        21.7122
   12704      16.3704        21.9909
   12705      16.4184        21.2244
   12706      16.4463        21.3279
   12707      16.4028        22.1173
   12708      16.3650        21.8100
   12709      16.3336        22.0127
   12710      16.3783        22.9812
   12711      16.3490        21.3807
   12712      16.4138        22.1510
   12713      16.5421        22.1672
   12714      16.4650        21.7194
   12715      16.4738        22.5168
   12716      16.4301        22.6844
   12717      16.3890        20.2169
   12718      16.4087        20.9913
   12719      16.4437        20.6956
   12720      16.3913        20.9816
   12721      16.3427        21.4267
   12722      16.3999        21.0460
   12723      16.3977        21.3081
   12724      16.3277        21.1793
   12725      16.3429        20.9201
   12726      16.3988        20.7651
   12727      16.3991        21.5122
   12728      16.4336        21.5888
   12729      16.4242        21.6277
   12730      16.3754        21.3422
   12731      16.4153        21.3331
   12732      16.3365        21.2201
   12733      16.3355        21.4758
   12734      16.3260        21.4845
   12735      16.3381        21.0984
   12736      16.3623        21.1143
   12737      16.2848        21.3475
   12738      16.3849        21.5162
   12739      16.3832        20.6337
   12740      16.3198        20.5211
   12741      16.3452        21.5099
   12742      16.3157        21.2091
   12743      16.3369        21.5219
   12744      16.4261        21.1663
   12745      16.3381        21.8378
   12746      16.3430        23.6355
   12747      16.3700        22.7733
   12748      16.4794        22.9416
   12749      16.4497        24.1464
   12750      16.4409        22.0067
   12751      16.4048        21.6431
   12752      16.4084        21.6728
   12753      16.4328        23.0067
   12754      16.4676        22.1452
   12755      16.4539        22.0668
   12756      16.3827        21.8185
   12757      16.3706        21.2553
   12758      16.3782        21.6225
   12759      16.3216        22.5033
   12760      16.3793        21.7254
   12761      16.3594        21.4913
   12762      16.4606        21.2768
   12763      16.3691        20.8837
   12764      16.3653        21.0597
   12765      16.3701        21.2523
   12766      16.4025        21.4632
   12767      16.3505        20.9286
   12768      16.4514        21.1284
   12769      16.4158        21.0578
   12770      16.4215        21.4352
   12771      16.4248        21.1693
   12772      16.4271        21.5036
   12773      16.4770        21.0756
   12774      16.5097        21.6094
   12775      16.3851        20.6717
   12776      16.4091        20.6909
   12777      16.4662        22.0231
   12778      16.4014        21.6654
   12779      16.3853        21.5204
   12780      16.4175        22.4572
   12781      16.4200        21.5054
   12782      16.4613        22.1728
   12783      16.4626        22.3538
   12784      16.4075        21.3919
   12785      16.4538        21.0457
   12786      16.3978        20.9616
   12787      16.3572        20.9908
   12788      16.3845        21.1973
   12789      16.3791        21.1309
   12790      16.4097        21.4773
   12791      16.3908        21.7294
   12792      16.3497        21.6879
   12793      16.3559        21.3966
   12794      16.3460        21.9976
   12795      16.2712        21.1961
   12796      16.3382        21.6993
   12797      16.3044        21.1452
   12798      16.3713        21.4010
   12799      16.3210        21.1245
   12800      16.3330        20.8825
   12801      16.4348        21.7896
   12802      16.3973        21.5105
   12803      16.4428        21.2836
   12804      16.4325        21.6749
   12805      16.3732        21.3193
   12806      16.3833        21.3924
   12807      16.3684        21.1416
   12808      16.4182        21.2418
   12809      16.4457        21.2785
   12810      16.3882        21.1581
   12811      16.4529        21.9479
   12812      16.4518        21.5514
   12813      16.4269        21.1615
   12814      16.4332        21.3427
   12815      16.4307        21.6098
   12816      16.3516        21.7187
   12817      16.3755        23.0031
   12818      16.3399        21.5853
   12819      16.3564        21.6062
   12820      16.4114        21.8029
   12821      16.3050        21.5919
   12822      16.3270        21.2188
   12823      16.3836        21.5728
   12824      16.3874        21.9982
   12825      16.3335        21.8201
   12826      16.3753        21.2083
   12827      16.3634        21.1014
   12828      16.3378        21.2976
   12829      16.4253        21.7001
   12830      16.3643        21.3583
   12831      16.3729        21.0106
   12832      16.4633        21.2105
   12833      16.2808        21.0253
   12834      16.3495        20.6909
   12835      16.3313        20.8112
   12836      16.3086        20.8610
   12837      16.2605        20.2196
   12838      16.3582        21.0783
   12839      16.3409        21.1096
   12840      16.3396        20.8289
   12841      16.3883        21.0010
   12842      16.3821        21.8045
   12843      16.3691        22.7676
   12844      16.4011        22.7995
   12845      16.3673        23.2906
   12846      16.3552        22.1926
   12847      16.3702        21.3510
   12848      16.3885        21.3333
   12849      16.4252        21.9603
   12850      16.3454        21.4488
   12851      16.3677        20.5281
   12852      16.3878        20.7480
   12853      16.3680        21.2229
   12854      16.3842        21.7038
   12855      16.3729        21.7502
   12856      16.4069        21.4161
   12857      16.3780        21.2548
   12858      16.4411        21.7218
   12859      16.4043        21.2334
   12860      16.3601        21.6652
   12861      16.4010        20.7764
   12862      16.4277        21.2336
   12863      16.3916        20.7004
   12864      16.3642        21.8254
   12865      16.2945        22.2628
   12866      16.4231        21.6764
   12867      16.3656        21.7697
   12868      16.4581        21.4694
   12869      16.4040        21.1311
   12870      16.4452        21.0393
   12871      16.3886        21.0140
   12872      16.3768        20.7553
   12873      16.3886        20.8568
   12874      16.4023        21.0674
   12875      16.4305        20.7783
   12876      16.3911        21.1785
   12877      16.4436        21.0231
   12878      16.4452        20.6583
   12879      16.4556        20.6237
   12880      16.4460        21.3600
   12881      16.5258        23.1488
   12882      16.3986        21.7060
   12883      16.4420        22.4315
   12884      16.4127        22.1623
   12885      16.4350        22.7666
   12886      16.4704        21.1449
   12887      16.3630        20.5800
   12888      16.3589        20.6668
   12889      16.3782        20.9755
   12890      16.3857        21.2944
   12891      16.4398        20.7456
   12892      16.3559        20.3246
   12893      16.3949        20.6048
   12894      16.3413        20.7709
   12895      16.3470        20.6810
   12896      16.3220        20.7641
   12897      16.3042        20.2443
   12898      16.3381        20.5659
   12899      16.4192        20.5869
   12900      16.3566        20.7672
   12901      16.3073        22.4690
   12902      16.2910        22.1483
   12903      16.3166        21.3477
   12904      16.3313        20.8809
   12905      16.2975        20.6731
   12906      16.3452        21.8465
   12907      16.3544        21.4901
   12908      16.2650        21.2295
   12909      16.3115        21.6080
   12910      16.3144        22.6929
   12911      16.2496        21.2175
   12912      16.2820        21.2140
   12913      16.2874        21.0966
   12914      16.3539        21.1008
   12915      16.2601        21.5564
   12916      16.2781        21.3381
   12917      16.2443        20.7948
   12918      16.3105        21.2070
   12919      16.3500        20.6714
   12920      16.2866        20.7073
   12921      16.2480        20.6784
   12922      16.3280        21.0776
   12923      16.3356        20.8092
   12924      16.2370        20.9709
   12925      16.3496        21.0824
   12926      16.4066        21.1622
   12927      16.2949        20.7814
   12928      16.2839        20.9651
   12929      16.3139        21.4114
   12930      16.2840        21.7465
   12931      16.2947        20.8693
   12932      16.2979        20.9958
   12933      16.3152        21.3435
   12934      16.3275        22.7106
   12935      16.3562        21.6823
   12936      16.4300        21.9140
   12937      16.4230        22.1096
   12938      16.3628        21.7084
   12939      16.3004        21.4295
   12940      16.3142        21.4422
   12941      16.4002        22.0685
   12942      16.3209        20.6815
   12943      16.3556        21.1205
   12944      16.3333        21.7426
   12945      16.3962        21.3950
   12946      16.2794        21.1812
   12947      16.3187        21.4731
   12948      16.2791        21.4543
   12949      16.3379        21.5795
   12950      16.3804        22.1966
   12951      16.3104        22.5335
   12952      16.3194        21.9000
   12953      16.3785        21.1408
   12954      16.3006        21.8503
   12955      16.2548        21.3148
   12956      16.3593        21.4839
   12957      16.3580        20.8900
   12958      16.3205        21.3420
   12959      16.4135        20.4267
   12960      16.4580        20.9607
   12961      16.3239        21.0439
   12962      16.3591        20.9576
   12963      16.2530        20.9876
   12964      16.2984        21.0215
   12965      16.2690        20.8279
   12966      16.2747        21.0090
   12967      16.3174        20.9364
   12968      16.4146        21.2133
   12969      16.4037        21.4189
   12970      16.3412        21.0544
   12971      16.3590        21.0083
   12972      16.3273        20.5446
   12973      16.3540        20.6991
   12974      16.3798        20.8757
   12975      16.3389        21.3261
   12976      16.3642        21.3156
   12977      16.3815        21.5859
   12978      16.3436        21.0931
   12979      16.3537        21.0738
   12980      16.3438        20.6621
   12981      16.3732        21.1034
   12982      16.3893        20.9613
   12983      16.3172        20.9652
   12984      16.3471        20.4817
   12985      16.3241        21.2528
   12986      16.4299        21.3084
   12987      16.4158        21.0089
   12988      16.3747        21.1499
   12989      16.4337        21.1257
   12990      16.3433        21.1286
   12991      16.4104        20.8607
   12992      16.3625        21.1510
   12993      16.3582        20.4860
   12994      16.4136        21.0887
   12995      16.2996        20.5632
   12996      16.3701        20.4773
   12997      16.3032        20.4911
   12998      16.3413        20.8705
   12999      16.2931        21.0816
   13000      16.2913        20.6729
   13001      16.3837        21.8047
   13002      16.3731        21.4903
   13003      16.2898        21.3544
   13004      16.3876        22.2562
   13005      16.3877        21.3249
   13006      16.4388        21.8378
   13007      16.4807        22.2815
   13008      16.3660        21.5506
   13009      16.4035        21.2772
   13010      16.3553        21.0795
   13011      16.3814        22.7794
   13012      16.3840        21.7033
   13013      16.3512        22.5662
   13014      16.3553        21.0482
   13015      16.3645        20.8209
   13016      16.3506        22.3293
   13017      16.4104        21.7898
   13018      16.2952        21.2898
   13019      16.3216        21.6652
   13020      16.3284        21.8326
   13021      16.3666        21.4236
   13022      16.3909        21.3616
   13023      16.3565        21.3185
   13024      16.3584        21.2251
   13025      16.3814        21.1029
   13026      16.3925        20.6242
   13027      16.3446        20.8416
   13028      16.4102        21.3431
   13029      16.4439        20.6587
   13030      16.3794        20.3144
   13031      16.3830        20.2266
   13032      16.3414        20.2943
   13033      16.3516        20.3188
   13034      16.3646        20.7415
   13035      16.3301        21.0235
   13036      16.4316        20.9775
   13037      16.4383        20.5453
   13038      16.3793        22.1179
   13039      16.3751        23.1058
   13040      16.3896        22.3386
   13041      16.3655        22.3484
   13042      16.4371        22.5158
   13043      16.4713        22.4881
   13044      16.3259        22.0502
   13045      16.3989        21.9527
   13046      16.3488        20.4111
   13047      16.3535        21.4222
   13048      16.3674        21.8734
   13049      16.3615        21.1479
   13050      16.4638        21.4275
   13051      16.4092        21.7776
   13052      16.3949        21.1353
   13053      16.3827        21.2890
   13054      16.3457        21.7957
   13055      16.3098        21.6548
   13056      16.3091        22.3116
   13057      16.2799        21.7117
   13058      16.3288        22.3880
   13059      16.3211        21.0649
   13060      16.3337        21.3795
   13061      16.3273        20.6677
   13062      16.3633        20.5436
   13063      16.3770        21.1254
   13064      16.3055        21.1842
   13065      16.4530        22.1079
   13066      16.3787        21.9807
   13067      16.3473        20.9345
   13068      16.3594        20.5222
   13069      16.3512        20.6135
   13070      16.3509        20.8850
   13071      16.3811        20.9472
   13072      16.4323        20.8690
   13073      16.3488        21.7255
   13074      16.3272        22.3922
   13075      16.4482        21.0907
   13076      16.3109        20.8558
   13077      16.3331        21.5423
   13078      16.3833        21.0364
   13079      16.2930        20.4904
   13080      16.3969        20.9872
   13081      16.3773        21.3489
   13082      16.2818        20.8207
   13083      16.3579        20.5355
   13084      16.3753        20.9087
   13085      16.3409        20.7922
   13086      16.3820        20.9908
   13087      16.3949        20.9453
   13088      16.3705        21.1727
   13089      16.3415        20.5975
   13090      16.3949        20.7248
   13091      16.4042        20.7752
   13092      16.3837        20.9482
   13093      16.3136        21.7397
   13094      16.4174        22.3690
   13095      16.3909        22.3262
   13096      16.4182        21.5821
   13097      16.4067        22.1393
   13098      16.4059        22.1406
   13099      16.4304        21.8093
   13100      16.4507        21.7442
   13101      16.3507        21.1706
   13102      16.3724        21.9971
   13103      16.3713        21.1007
   13104      16.4028        22.2202
   13105      16.3308        22.4034
   13106      16.3831        21.2572
   13107      16.3572        22.0042
   13108      16.3810        21.6433
   13109      16.4324        22.5884
   13110      16.4294        22.6553
   13111      16.3612        22.4418
   13112      16.3622        21.3045
   13113      16.4365        22.1155
   13114      16.4138        21.9297
   13115      16.3792        21.7089
   13116      16.3810        21.7416
   13117      16.3676        21.8071
   13118      16.4470        22.3139
   13119      16.4963        21.9133
   13120      16.3460        22.1060
   13121      16.4243        22.1457
   13122      16.3579        21.8293
   13123      16.4001        21.7233
   13124      16.4299        21.4963
   13125      16.3840        21.9559
   13126      16.4355        21.4020
   13127      16.3748        21.1931
   13128      16.3994        21.9189
   13129      16.4223        21.5277
   13130      16.4274        20.8969
   13131      16.3628        22.1626
   13132      16.4466        22.3208
   13133      16.3689        22.1948
   13134      16.4048        22.0657
   13135      16.3659        22.2918
   13136      16.3646        21.2548
   13137      16.3872        21.6112
   13138      16.3107        20.9127
   13139      16.3039        21.2068
   13140      16.3301        20.9946
   13141      16.3295        21.3840
   13142      16.2692        20.3283
   13143      16.3835        21.0208
   13144      16.4077        20.9017
   13145      16.3125        20.8432
   13146      16.2705        20.9075
   13147      16.3549        21.0295
   13148      16.3651        21.4816
   13149      16.2845        22.8931
   13150      16.3719        22.0354
   13151      16.3275        21.6371
   13152      16.3800        21.6298
   13153      16.3624        22.6028
   13154      16.3390        21.2347
   13155      16.2780        21.4892
   13156      16.4039        20.9345
   13157      16.4041        21.7565
   13158      16.3682        21.6600
   13159      16.4065        21.5889
   13160      16.3628        21.9003
   13161      16.4360        21.7396
   13162      16.3471        21.3016
   13163      16.3963        21.3600
   13164      16.2688        23.2182
   13165      16.3821        22.3489
   13166      16.4180        21.3872
   13167      16.3693        20.6541
   13168      16.3817        21.2764
   13169      16.4154        21.2731
   13170      16.4732        21.8491
   13171      16.3531        22.4708
   13172      16.4526        21.3930
   13173      16.4343        22.0886
   13174      16.4658        23.1080
   13175      16.4035        22.5893
   13176      16.4354        22.3624
   13177      16.4139        22.5048
   13178      16.4067        22.2893
   13179      16.4070        22.4341
   13180      16.5023        21.5004
   13181      16.4472        22.2645
   13182      16.3595        23.1445
   13183      16.4494        23.1342
   13184      16.3464        22.5533
   13185      16.3905        22.8411
   13186      16.4422        22.7233
   13187      16.3403        22.4932
   13188      16.4029        22.8549
   13189      16.3547        23.4555
   13190      16.3873        22.5735
   13191      16.5040        21.5313
   13192      16.4613        21.9067
   13193      16.4509        21.5761
   13194      16.3980        21.1609
   13195      16.3653        20.3915
   13196      16.3262        20.8120
   13197      16.3322        21.0292
   13198      16.3729        21.0507
   13199      16.3803        21.0255
   13200      16.2647        20.4776
   13201      16.4393        20.6162
   13202      16.3457        21.0304
   13203      16.2946        20.9966
   13204      16.4029        21.3068
   13205      16.3812        21.1452
   13206      16.3617        21.5777
   13207      16.3529        21.6308
   13208      16.3396        21.3979
   13209      16.3509        21.8369
   13210      16.2971        21.5739
   13211      16.3204        21.2740
   13212      16.2558        21.2714
   13213      16.2848        21.1099
   13214      16.3996        21.3397
   13215      16.3666        20.9270
   13216      16.3782        20.8961
   13217      16.3620        21.2506
   13218      16.3604        21.3299
   13219      16.3759        21.0431
   13220      16.2827        20.9858
   13221      16.3024        21.3896
   13222      16.3601        21.1990
   13223      16.3302        20.7919
   13224      16.2769        21.3253
   13225      16.2800        21.0742
   13226      16.3191        21.7186
   13227      16.2429        21.2770
   13228      16.2848        21.3254
   13229      16.3432        21.1665
   13230      16.3296        21.3292
   13231      16.2895        21.1235
   13232      16.2828        21.4206
   13233      16.3175        21.3795
   13234      16.2656        21.1770
   13235      16.3434        21.3331
   13236      16.3779        21.1962
   13237      16.3129        21.1622
   13238      16.3613        21.4274
   13239      16.3295        21.2205
   13240      16.3375        21.0967
   13241      16.3455        20.7717
   13242      16.3462        21.3160
   13243      16.3645        20.7007
   13244      16.3850        20.7591
   13245      16.3531        20.9906
   13246      16.4634        21.9264
   13247      16.4290        20.8725
   13248      16.4547        21.2474
   13249      16.3731        21.6082
   13250      16.4241        20.8874
   13251      16.4439        21.6352
   13252      16.3422        20.6397
   13253      16.3590        21.4814
   13254      16.4047        21.2911
   13255      16.3355        21.5777
   13256      16.3532        21.3305
   13257      16.3849        21.5553
   13258      16.3438        21.0054
   13259      16.4553        21.4317
   13260      16.3964        20.9770
   13261      16.3858        21.1193
   13262      16.3614        20.8694
   13263      16.4665        21.3338
   13264      16.4333        21.2352
   13265      16.3863        21.0915
   13266      16.4132        21.2482
   13267      16.3911        21.1342
   13268      16.3231        20.8159
   13269      16.4238        20.7899
   13270      16.4363        20.8849
   13271      16.4344        20.6889
   13272      16.3386        21.0224
   13273      16.3117        20.6639
   13274      16.3261        20.9666
   13275      16.2414        20.5216
   13276      16.3555        21.2564
   13277      16.3209        21.3137
   13278      16.3520        21.3344
   13279      16.4104        21.3502
   13280      16.3960        20.9892
   13281      16.3902        20.8657
   13282      16.3796        20.9789
   13283      16.3351        20.6418
   13284      16.3663        20.9668
   13285      16.3075        20.7198
   13286      16.2897        20.8248
   13287      16.3005        20.7033
   13288      16.3471        21.0459
   13289      16.3471        20.8868
   13290      16.3617        21.2814
   13291      16.3459        20.8699
   13292      16.3079        20.7606
   13293      16.3550        20.8354
   13294      16.3390        21.3008
   13295      16.3777        20.2654
   13296      16.2985        21.1007
   13297      16.3110        20.9431
   13298      16.4503        20.9350
   13299      16.3296        21.0043
   13300      16.3801        21.1665
   13301      16.3513        20.6009
   13302      16.4184        20.7336
   13303      16.4316        20.9855
   13304      16.3821        20.9666
   13305      16.4448        21.2543
   13306      16.4048        20.8518
   13307      16.4233        20.4227
   13308      16.3018        20.8292
   13309      16.3586        21.3102
   13310      16.3857        20.7916
   13311      16.4071        21.3152
   13312      16.4563        21.3234
   13313      16.4477        20.9230
   13314      16.4227        21.4984
   13315      16.3528        21.0337
   13316      16.3303        19.9904
   13317      16.3593        21.0144
   13318      16.4470        21.8573
   13319      16.3553        20.5421
   13320      16.3460        21.1568
   13321      16.3196        21.5482
   13322      16.3264        20.6276
   13323      16.3549        20.8366
   13324      16.3910        20.4556
   13325      16.3864        21.1684
   13326      16.3816        21.0010
   13327      16.3439        20.8563
   13328      16.3812        20.9340
   13329      16.3606        21.3286
   13330      16.3196        20.6805
   13331      16.4085        21.2943
   13332      16.3890        21.4975
   13333      16.4085        21.2459
   13334      16.3881        20.9081
   13335      16.3565        21.4879
   13336      16.3904        21.0955
   13337      16.3832        21.6228
   13338      16.3423        21.3083
   13339      16.2884        21.0116
   13340      16.3367        21.1567
   13341      16.3164        21.0829
   13342      16.3352        21.1238
   13343      16.3802        21.8365
   13344      16.4411        21.2331
   13345      16.4171        21.4083
   13346      16.4039        21.1224
   13347      16.4196        20.8184
   13348      16.4288        21.1400
   13349      16.4493        21.4626
   13350      16.4477        20.9822
   13351      16.4652        21.0694
   13352      16.3597        21.0131
   13353      16.3692        21.3073
   13354      16.3684        21.1411
   13355      16.4402        20.7304
   13356      16.3632        21.2187
   13357      16.4619        21.1817
   13358      16.3876        21.2262
   13359      16.3922        21.3116
   13360      16.4352        21.7927
   13361      16.4505        21.5447
   13362      16.4457        21.2999
   13363      16.4003        21.0086
   13364      16.3767        21.2736
   13365      16.3976        21.3137
   13366      16.3336        21.6933
   13367      16.3402        20.6487
   13368      16.3135        21.0283
   13369      16.3395        21.2326
   13370      16.4243        21.3497
   13371      16.3839        20.6399
   13372      16.3829        20.9847
   13373      16.3370        20.9735
   13374      16.3506        21.0960
   13375      16.3915        20.8364
   13376      16.2820        20.4850
   13377      16.3621        20.9141
   13378      16.4159        21.1929
   13379      16.3061        21.5243
   13380      16.3770        21.2972
   13381      16.4340        21.2381
   13382      16.4448        21.3840
   13383      16.3899        20.5486
   13384      16.3407        20.8669
   13385      16.3677        20.8412
   13386      16.3582        20.9396
   13387      16.3744        21.2187
   13388      16.3701        21.0418
   13389      16.4186        21.0244
   13390      16.4057        20.9079
   13391      16.3732        20.7258
   13392      16.3986        20.3576
   13393      16.2455        20.5018
   13394      16.3777        20.7915
   13395      16.4013        21.0848
   13396      16.3415        21.6357
   13397      16.3867        21.3818
   13398      16.3729        21.3795
   13399      16.4029        20.7310
   13400      16.2914        20.7261
   13401      16.4547        20.8355
   13402      16.3638        20.8097
   13403      16.4071        20.9238
   13404      16.3804        20.5917
   13405      16.4051        20.5937
   13406      16.4565        20.4951
   13407      16.4077        20.7597
   13408      16.4192        20.9376
   13409      16.3536        21.0722
   13410      16.4292        21.1421
   13411      16.3591        20.8793
   13412      16.3612        20.6299
   13413      16.4840        20.8975
   13414      16.3757        20.6093
   13415      16.4409        20.7302
   13416      16.3844        20.6499
   13417      16.3473        20.1732
   13418      16.3428        20.3457
   13419      16.3890        20.7096
   13420      16.4437        21.0609
   13421      16.3562        21.1842
   13422      16.3519        21.1336
   13423      16.3967        20.7502
   13424      16.2892        20.6623
   13425      16.4192        20.5129
   13426      16.4027        20.9139
   13427      16.3892        21.2748
   13428      16.3663        20.7458
   13429      16.3823        20.8163
   13430      16.3081        20.9072
   13431      16.2882        20.9272
   13432      16.3741        22.2062
   13433      16.4566        22.1636
   13434      16.3769        21.8671
   13435      16.3467        21.3024
   13436      16.3807        22.0680
   13437      16.3900        20.3010
   13438      16.3952        20.6904
   13439      16.4200        21.3609
   13440      16.3551        21.1762
   13441      16.4086        21.1376
   13442      16.4516        21.3532
   13443      16.4966        21.2482
   13444      16.4414        21.0063
   13445      16.3208        21.2626
   13446      16.3436        21.8237
   13447      16.4171        21.3142
   13448      16.3316        20.9606
   13449      16.3350        21.1778
   13450      16.3592        20.2856
   13451      16.4002        21.1799
   13452      16.3577        20.5288
   13453      16.3403        21.0061
   13454      16.4149        21.3909
   13455      16.4256        20.5738
   13456      16.4285        20.7598
   13457      16.3420        20.7278
   13458      16.3538        21.0190
   13459      16.3653        21.0498
   13460      16.4313        20.9435
   13461      16.3288        21.4862
   13462      16.3476        22.2396
   13463      16.4409        21.0939
   13464      16.4104        21.7914
   13465      16.4096        21.7439
   13466      16.4088        21.1967
   13467      16.4025        22.0001
   13468      16.3157        20.7154
   13469      16.4182        21.0042
   13470      16.3986        21.0437
   13471      16.4071        20.7706
   13472      16.4751        21.2521
   13473      16.4229        21.3019
   13474      16.4499        20.8509
   13475      16.4753        20.7633
   13476      16.4524        20.8477
   13477      16.4248        21.0779
   13478      16.4277        21.1852
   13479      16.4004        21.0730
   13480      16.4220        21.2184
   13481      16.4420        21.2133
   13482      16.5005        21.2037
   13483      16.3906        21.1864
   13484      16.4349        20.9607
   13485      16.4168        21.1334
   13486      16.3928        20.5630
   13487      16.4363        20.8738
   13488      16.3888        21.0757
   13489      16.4116        21.2960
   13490      16.4421        22.0209
   13491      16.4463        20.9581
   13492      16.4447        20.8388
   13493      16.4259        21.2792
   13494      16.4026        20.7914
   13495      16.4164        20.7201
   13496      16.3979        21.2698
   13497      16.3983        21.9001
   13498      16.3875        21.5625
   13499      16.3708        21.1677
   13500      16.3799        21.8298
   13501      16.3469        21.0378
   13502      16.4402        21.4933
   13503      16.3854        20.6507
   13504      16.3094        21.2405
   13505      16.3950        20.8130
   13506      16.3020        21.0763
   13507      16.3618        21.7599
   13508      16.3312        21.2466
   13509      16.3275        21.4088
   13510      16.3139        20.6107
   13511      16.2829        20.7268
   13512      16.2790        20.6602
   13513      16.3773        20.9416
   13514      16.3134        21.2723
   13515      16.2990        20.2190
   13516      16.3200        21.3414
   13517      16.3535        21.2336
   13518      16.3364        20.9903
   13519      16.3335        20.6658
   13520      16.3430        21.1907
   13521      16.3561        20.9271
   13522      16.3392        20.7652
   13523      16.3328        21.7358
   13524      16.3388        21.4793
   13525      16.3188        20.9983
   13526      16.3266        20.7333
   13527      16.2451        20.4977
   13528      16.2990        20.8537
   13529      16.3456        21.2447
   13530      16.3360        20.7883
   13531      16.4051        21.4058
   13532      16.3432        20.6001
   13533      16.3357        20.8442
   13534      16.4013        20.7244
   13535      16.3809        20.5293
   13536      16.4042        20.5563
   13537      16.3831        20.9168
   13538      16.3872        20.8126
   13539      16.3153        20.7245
   13540      16.3222        20.7760
   13541      16.3509        20.8206
   13542      16.4251        20.9040
   13543      16.3937        20.2459
   13544      16.4555        20.5650
   13545      16.3142        20.8320
   13546      16.3464        20.6892
   13547      16.3696        20.6626
   13548      16.4048        21.2464
   13549      16.3607        20.7183
   13550      16.3275        21.1828
   13551      16.3837        20.5042
   13552      16.3605        21.2933
   13553      16.4233        21.3817
   13554      16.3410        21.5592
   13555      16.4926        21.1051
   13556      16.3914        21.2790
   13557      16.3533        21.0369
   13558      16.3876        20.7719
   13559      16.3985        21.4316
   13560      16.3596        21.2205
   13561      16.3317        21.1075
   13562      16.3352        22.0093
   13563      16.3387        21.6915
   13564      16.3191        21.2362
   13565      16.3251        21.3713
   13566      16.4092        21.8826
   13567      16.3628        20.8061
   13568      16.3635        21.4411
   13569      16.4239        21.4150
   13570      16.3762        20.8568
   13571      16.3678        21.3572
   13572      16.2661        21.3824
   13573      16.3196        21.6900
   13574      16.4175        21.5028
   13575      16.3185        21.2142
   13576      16.3920        20.9445
   13577      16.3902        22.4133
   13578      16.4170        21.8978
   13579      16.3548        21.2250
   13580      16.3860        21.6484
   13581      16.3874        20.7979
   13582      16.3481        20.9470
   13583      16.5024        21.2689
   13584      16.3668        20.5509
   13585      16.3607        20.8514
   13586      16.3428        20.8832
   13587      16.3613        20.9724
   13588      16.3861        20.7733
   13589      16.4429        21.2320
   13590      16.3622        20.5092
   13591      16.3415        20.7247
   13592      16.3899        20.8280
   13593      16.4258        21.0948
   13594      16.4022        20.6540
   13595      16.3974        20.4518
   13596      16.4260        21.1287
   13597      16.4035        20.9571
   13598      16.4271        20.9249
   13599      16.4214        21.5564
   13600      16.4858        20.8617
   13601      16.3969        21.2454
   13602      16.4297        20.7076
   13603      16.3266        20.6705
   13604      16.3636        20.7453
   13605      16.4525        20.4582
   13606      16.4264        20.7643
   13607      16.4014        20.4661
   13608      16.4081        20.8222
   13609      16.4675        20.8104
   13610      16.3614        21.1655
   13611      16.3929        20.7053
   13612      16.3741        20.6901
   13613      16.4099        21.0281
   13614      16.3693        20.4666
   13615      16.3505        20.6451
   13616      16.2935        20.1227
   13617      16.3405        20.4422
   13618      16.3041        20.9645
   13619      16.4311        20.6778
   13620      16.3340        20.2731
   13621      16.4452        20.2741
   13622      16.4631        21.0858
   13623      16.4650        20.9588
   13624      16.4489        20.4642
   13625      16.4724        20.5368
   13626      16.4411        20.4944
   13627      16.4479        20.7787
   13628      16.3971        20.8879
   13629      16.3268        20.2053
   13630      16.3481        20.4063
   13631      16.3602        20.2932
   13632      16.3187        28.6545
   13633      16.3449        20.3204
   13634      16.3910        20.4961
   13635      16.3831        20.4610
   13636      16.3327        20.4870
   13637      16.3131        20.3644
   13638      16.3285        20.7469
   13639      16.3474        20.2921
   13640      16.3290        20.8711
   13641      16.4170        20.8398
   13642      16.3737        20.6247
   13643      16.3849        20.5377
   13644      16.3834        21.0029
   13645      16.3261        20.4096
   13646      16.3635        20.3110
   13647      16.3313        20.7783
   13648      16.3932        20.5376
   13649      16.3553        20.6359
   13650      16.3278        20.2677
   13651      16.3500        20.5578
   13652      16.3935        20.4597
   13653      16.3088        20.4675
   13654      16.3765        20.3596
   13655      16.3042        20.4146
   13656      16.3907        20.4925
   13657      16.3605        21.2566
   13658      16.3655        20.5652
   13659      16.3868        20.7060
   13660      16.3526        21.1340
   13661      16.2718        20.6715
   13662      16.3379        21.0227
   13663      16.3758        20.4800
   13664      16.4179        20.6468
   13665      16.3387        20.4016
   13666      16.4163        20.9228
   13667      16.3125        20.5400
   13668      16.3660        20.3919
   13669      16.3787        20.6928
   13670      16.3653        20.6231
   13671      16.3303        20.5498
   13672      16.3655        20.2032
   13673      16.4181        20.7588
   13674      16.4025        20.7487
   13675      16.3672        20.7881
   13676      16.4146        20.7361
   13677      16.3755        20.8001
   13678      16.3945        20.7284
   13679      16.3812        28.5825
   13680      16.3720        20.4901
   13681      16.3466        20.2751
   13682      16.2908        20.7852
   13683      16.3376        20.0767
   13684      16.3382        20.8219
   13685      16.2742        20.5574
   13686      16.3617        20.2744
   13687      16.3478        20.7349
   13688      16.2868        20.4270
   13689      16.3884        20.9681
   13690      16.3639        28.8079
   13691      16.3629        21.0834
   13692      16.3717        20.7756
   13693      16.2946        20.6223
   13694      16.3154        20.8374
   13695      16.3237        20.9884
   13696      16.3338        20.5415
   13697      16.3352        20.1700
   13698      16.3795        20.5497
   13699      16.3479        20.6019
   13700      16.3931        20.2582
   13701      16.3679        20.3876
   13702      16.3175        20.6137
   13703      16.4158        20.8003
   13704      16.4148        20.7369
   13705      16.4261        20.6391
   13706      16.3617        20.7316
   13707      16.3929        20.4167
   13708      16.4189        20.7216
   13709      16.4001        20.9662
   13710      16.4464        21.2372
   13711      16.3517        21.0792
   13712      16.3554        21.2328
   13713      16.4024        20.6789
   13714      16.4042        20.9305
   13715      16.4120        21.0691
   13716      16.3477        21.2454
   13717      16.2960        20.1564
   13718      16.3955        20.5250
   13719      16.3502        20.7866
   13720      16.2834        19.8137
   13721      16.3182        20.4056
   13722      16.3387        20.6845
   13723      16.3401        20.1799
   13724      16.3341        20.6503
   13725      16.3337        20.3100
   13726      16.4120        20.3612
   13727      16.4207        20.4720
   13728      16.5188        21.0039
   13729      16.4050        20.7256
   13730      16.4221        20.5472
   13731      16.4603        20.4415
   13732      16.3689        20.4691
   13733      16.3346        20.4899
   13734      16.3672        20.1804
   13735      16.4180        20.7730
   13736      16.3447        20.1449
   13737      16.3735        21.3186
   13738      16.3802        20.9671
   13739      16.4062        20.7972
   13740      16.3860        20.5656
   13741      16.4789        20.7504
   13742      16.3818        20.3819
   13743      16.3972        20.9867
   13744      16.4766        21.0288
   13745      16.3918        20.9923
   13746      16.3931        20.9506
   13747      16.4240        20.8586
   13748      16.4349        20.5345
   13749      16.4038        20.5934
   13750      16.4665        20.8301
   13751      16.4467        20.7870
   13752      16.3871        20.6114
   13753      16.4274        20.7732
   13754      16.4539        20.4218
   13755      16.3855        20.5030
   13756      16.3693        20.6620
   13757      16.3501        20.7030
   13758      16.4467        21.4689
   13759      16.4372        22.7800
   13760      16.3961        21.7455
   13761      16.3909        23.5996
   13762      16.4166        23.5158
   13763      16.4168        23.1084
   13764      16.3665        22.3463
   13765      16.4140        23.2702
   13766      16.3215        23.4846
   13767      16.3863        23.6001
   13768      16.4371        23.5165
   13769      16.3552        24.1630
   13770      16.3989        21.7947
   13771      16.4041        22.3391
   13772      16.4277        23.2935
   13773      16.4159        21.0588
   13774      16.3807        20.5062
   13775      16.3206        20.7179
   13776      16.4310        21.2660
   13777      16.3786        20.8613
   13778      16.3053        20.7313
   13779      16.3101        20.5276
   13780      16.3238        20.6259
   13781      16.3746        21.0222
   13782      16.3255        20.2985
   13783      16.3097        20.2364
   13784      16.3344        20.6128
   13785      16.4257        20.5200
   13786      16.3968        21.1170
   13787      16.4037        21.2111
   13788      16.3546        21.3634
   13789      16.3351        20.3739
   13790      16.3046        21.1384
   13791      16.3775        20.7271
   13792      16.3255        28.3076
   13793      16.2859        20.6693
   13794      16.3268        20.9475
   13795      16.3703        21.2078
   13796      16.3318        20.9793
   13797      16.2965        21.1015
   13798      16.2606        20.8270
   13799      16.2851        20.3865
   13800      16.3558        20.6470
   13801      16.3565        20.9171
   13802      16.3787        20.7115
   13803      16.3642        20.8983
   13804      16.4024        21.4182
   13805      16.4280        20.7481
   13806      16.3900        20.9050
   13807      16.3441        20.8708
   13808      16.3516        20.7311
   13809      16.3338        20.4822
   13810      16.3456        20.3078
   13811      16.3739        21.0186
   13812      16.3750        21.0724
   13813      16.3438        21.2625
   13814      16.3563        20.7890
   13815      16.3576        20.2895
   13816      16.3097        20.6933
   13817      16.3430        20.4578
   13818      16.2326        20.6241
   13819      16.2690        20.6948
   13820      16.3500        20.7920
   13821      16.3157        20.9575
   13822      16.3556        20.9342
   13823      16.4226        21.0589
   13824      16.4410        21.1943
   13825      16.3772        20.2116
   13826      16.3435        20.5064
   13827      16.3438        20.1938
   13828      16.3446        20.5263
   13829      16.2990        20.5116
   13830      16.3194        20.2980
   13831      16.3695        20.6203
   13832      16.3785        21.0019
   13833      16.3453        21.8665
   13834      16.3490        21.3499
   13835      16.4511        21.4525
   13836      16.3254        20.7513
   13837      16.4654        21.1745
   13838      16.4807        21.0548
   13839      16.3638        21.2015
   13840      16.3877        21.0352
   13841      16.3663        20.9432
   13842      16.3863        21.1416
   13843      16.4080        20.8867
   13844      16.3389        20.8004
   13845      16.3472        20.2903
   13846      16.3478        20.8976
   13847      16.3005        20.4640
   13848      16.3444        20.8618
   13849      16.3874        20.5585
   13850      16.3866        21.2994
   13851      16.2877        20.9964
   13852      16.4201        21.0401
   13853      16.4401        21.4721
   13854      16.3309        21.0875
   13855      16.3404        21.2091
   13856      16.3161        21.4974
   13857      16.3621        21.6245
   13858      16.4318        22.4741
   13859      16.3791        22.8821
   13860      16.3852        21.4098
   13861      16.3040        22.6136
   13862      16.3299        20.3882
   13863      16.4547        21.9627
   13864      16.3921        21.1328
   13865      16.4068        21.1913
   13866      16.3458        21.2322
   13867      16.3312        20.9698
   13868      16.3007        20.7469
   13869      16.2846        20.8139
   13870      16.2611        21.9809
   13871      16.2991        22.1056
   13872      16.2807        22.4197
   13873      16.3035        21.2935
   13874      16.2878        21.0129
   13875      16.2448        20.5878
   13876      16.3123        20.5164
   13877      16.3214        20.7095
   13878      16.2764        20.9057
   13879      16.3365        21.3323
   13880      16.3925        20.9019
   13881      16.2864        20.6358
   13882      16.2554        20.4357
   13883      16.2721        20.6806
   13884      16.2619        20.0324
   13885      16.2288        20.4170
   13886      16.2324        20.7141
   13887      16.2845        20.4633
   13888      16.2392        21.0703
   13889      16.3437        20.5821
   13890      16.3213        21.1286
   13891      16.3470        20.9165
   13892      16.2951        20.7660
   13893      16.3384        20.9213
   13894      16.2878        20.7018
   13895      16.3250        21.0040
   13896      16.3001        20.8030
   13897      16.3227        21.0731
   13898      16.2668        20.6189
   13899      16.2455        20.2006
   13900      16.3170        20.4819
   13901      16.3536        21.0172
   13902      16.3509        20.8953
   13903      16.2872        20.3635
   13904      16.3481        20.5351
   13905      16.3653        20.6252
   13906      16.3421        20.6162
   13907      16.3097        20.3901
   13908      16.2283        20.4541
   13909      16.2891        20.1646
   13910      16.2809        20.4556
   13911      16.3569        20.8630
   13912      16.3523        20.6799
   13913      16.3451        21.6215
   13914      16.3202        21.0094
   13915      16.3006        20.5913
   13916      16.3232        20.5626
   13917      16.3374        20.9702
   13918      16.3640        20.4650
   13919      16.3388        20.8349
   13920      16.3118        21.3593
   13921      16.3260        20.9488
   13922      16.2840        20.5577
   13923      16.3596        21.1688
   13924      16.3737        21.3300
   13925      16.3331        20.9665
   13926      16.2975        21.1953
   13927      16.3654        21.6628
   13928      16.2856        20.4839
   13929      16.3059        21.6022
   13930      16.3309        21.0888
   13931      16.3114        21.5034
   13932      16.2926        21.1960
   13933      16.3330        21.0361
   13934      16.2433        21.1595
   13935      16.3265        21.8770
   13936      16.3612        21.6085
   13937      16.4029        21.6109
   13938      16.4091        21.5223
   13939      16.2789        21.1778
   13940      16.3273        20.7851
   13941      16.3127        20.8021
   13942      16.3064        21.6496
   13943      16.2499        21.1739
   13944      16.2935        21.1226
   13945      16.2861        21.4912
   13946      16.2580        21.2243
   13947      16.4011        21.1451
   13948      16.3310        20.9277
   13949      16.3169        21.1431
   13950      16.3514        20.9300
   13951      16.2840        21.1806
   13952      16.2782        20.5887
   13953      16.2691        21.0596
   13954      16.2899        20.5357
   13955      16.3382        20.6625
   13956      16.3084        20.5381
   13957      16.3406        20.4551
   13958      16.2511        20.7481
   13959      16.2746        20.8969
   13960      16.3041        20.5648
   13961      16.2945        20.9679
   13962      16.3317        21.2228
   13963      16.2996        21.1779
   13964      16.2691        20.6158
   13965      16.2645        21.3785
   13966      16.3282        21.0832
   13967      16.2600        20.8312
   13968      16.2342        21.1262
   13969      16.2784        21.1629
   13970      16.3268        20.6648
   13971      16.2278        20.4751
   13972      16.2923        20.5082
   13973      16.2185        20.5606
   13974      16.2641        20.9022
   13975      16.3226        21.4123
   13976      16.3497        20.8175
   13977      16.3815        21.1520
   13978      16.3479        21.2129
   13979      16.2995        20.6689
   13980      16.3450        20.8638
   13981      16.3546        21.4348
   13982      16.3168        22.4339
   13983      16.2419        21.0894
   13984      16.2577        20.4046
   13985      16.2877        20.7196
   13986      16.3301        21.4974
   13987      16.3615        20.7604
   13988      16.4265        21.3211
   13989      16.3324        20.9145
   13990      16.2840        20.5601
   13991      16.3737        21.8351
   13992      16.3847        20.9829
   13993      16.3858        21.4390
   13994      16.3564        21.1467
   13995      16.3195        20.7525
   13996      16.3000        20.6459
   13997      16.3342        21.0654
   13998      16.3224        20.6245
   13999      16.3226        20.8433
   14000      16.3484        21.6681
   14001      16.3750        23.2376
   14002      16.3407        21.9270
   14003      16.3819        22.9881
   14004      16.2823        22.1272
   14005      16.3469        22.3640
   14006      16.3578        22.7755
   14007      16.2741        22.6619
   14008      16.3081        20.7044
   14009      16.2657        20.4175
   14010      16.3739        21.0705
   14011      16.3509        20.4068
   14012      16.3825        21.0614
   14013      16.3595        21.4979
   14014      16.4275        21.5654
   14015      16.3426        21.1572
   14016      16.2656        21.4213
   14017      16.3311        20.8907
   14018      16.3908        20.8948
   14019      16.3028        20.8025
   14020      16.3145        20.8596
   14021      16.3024        21.0299
   14022      16.2086        21.2778
   14023      16.3865        20.8573
   14024      16.3291        21.7026
   14025      16.2919        21.1255
   14026      16.2198        20.9558
   14027      16.3362        21.1679
   14028      16.2432        20.5586
   14029      16.2949        21.3345
   14030      16.2727        20.5989
   14031      16.3847        21.5717
   14032      16.2869        22.4438
   14033      16.4239        20.9136
   14034      16.2956        20.7370
   14035      16.2787        20.9605
   14036      16.3127        21.3978
   14037      16.3250        20.8879
   14038      16.2639        21.0737
   14039      16.2863        21.8114
   14040      16.3741        20.8290
   14041      16.2720        21.0741
   14042      16.2882        20.9911
   14043      16.2871        21.2218
   14044      16.3312        21.0787
   14045      16.2005        22.1456
   14046      16.2293        20.6395
   14047      16.2414        21.3359
   14048      16.3507        20.4120
   14049      16.4018        21.1027
   14050      16.3140        21.1224
   14051      16.3799        21.3179
   14052      16.3665        21.5541
   14053      16.3421        21.3906
   14054      16.3988        20.8086
   14055      16.2935        20.9212
   14056      16.2920        20.8864
   14057      16.2782        20.5663
   14058      16.3472        20.4319
   14059      16.2942        20.8624
   14060      16.3270        20.8622
   14061      16.3464        20.9843
   14062      16.2630        20.6965
   14063      16.2456        20.5459
   14064      16.2727        21.1293
   14065      16.2870        20.5879
   14066      16.2885        20.7608
   14067      16.2843        20.9114
   14068      16.3236        20.5479
   14069      16.2733        20.8862
   14070      16.2571        21.0608
   14071      16.2578        20.4966
   14072      16.3055        21.0142
   14073      16.2880        20.9666
   14074      16.3041        20.9439
   14075      16.2620        20.9485
   14076      16.2527        21.3263
   14077      16.3302        20.9884
   14078      16.2720        20.8572
   14079      16.3206        20.8328
   14080      16.3072        20.3705
   14081      16.2568        20.5101
   14082      16.2414        20.3605
   14083      16.2244        20.9340
   14084      16.2883        20.6159
   14085      16.1908        20.8383
   14086      16.2788        20.5478
   14087      16.2929        21.0282
   14088      16.3416        21.0476
   14089      16.2949        20.1932
   14090      16.3734        20.1303
   14091      16.3214        20.3040
   14092      16.2608        21.4072
   14093      16.3652        21.8410
   14094      16.2706        20.9392
   14095      16.2699        21.9450
   14096      16.3120        20.9672
   14097      16.3000        20.9456
   14098      16.2660        21.2976
   14099      16.3994        23.0115
   14100      16.3883        23.3753
   14101      16.3266        21.8389
   14102      16.3359        21.0818
   14103      16.3245        23.2623
   14104      16.3929        22.5927
   14105      16.2794        22.1815
   14106      16.3302        21.7809
   14107      16.4294        21.9958
   14108      16.3985        22.3470
   14109      16.3048        22.1544
   14110      16.3921        21.9821
   14111      16.3533        21.0572
   14112      16.3259        20.4006
   14113      16.3398        22.0692
   14114      16.4065        21.9426
   14115      16.3260        22.1496
   14116      16.3850        21.9106
   14117      16.2330        21.8543
   14118      16.3498        22.1475
   14119      16.3509        22.8925
   14120      16.3452        21.3562
   14121      16.3392        20.6899
   14122      16.3215        21.7414
   14123      16.3285        22.8896
   14124      16.3194        22.2021
   14125      16.3318        23.3693
   14126      16.3496        23.0630
   14127      16.4152        21.2665
   14128      16.2755        20.6384
   14129      16.3084        20.3730
   14130      16.2929        20.7971
   14131      16.2774        20.5439
   14132      16.3032        20.1653
   14133      16.2840        21.0154
   14134      16.3581        21.5636
   14135      16.3102        21.7728
   14136      16.2759        21.6520
   14137      16.3475        21.8804
   14138      16.3485        22.1888
   14139      16.3780        21.1759
   14140      16.3964        20.9583
   14141      16.2824        20.8154
   14142      16.4188        21.3650
   14143      16.3697        20.5075
   14144      16.3565        20.9774
   14145      16.3347        21.0395
   14146      16.3145        21.3087
   14147      16.3355        21.2414
   14148      16.3736        21.0137
   14149      16.4067        21.5448
   14150      16.3130        22.2053
   14151      16.4343        22.0309
   14152      16.3707        22.1277
   14153      16.4196        21.9323
   14154      16.3747        20.7025
   14155      16.3565        20.6048
   14156      16.3667        20.5221
   14157      16.3772        21.0422
   14158      16.3932        20.5824
   14159      16.3716        20.8269
   14160      16.4322        21.5578
   14161      16.3540        21.7644
   14162      16.3552        20.8466
   14163      16.2614        20.6927
   14164      16.3390        21.6211
   14165      16.4338        21.4731
   14166      16.3348        22.4194
   14167      16.4207        23.2391
   14168      16.4529        21.8732
   14169      16.3895        21.0019
   14170      16.4313        21.5858
   14171      16.3240        21.8854
   14172      16.3623        22.0389
   14173      16.3840        21.0075
   14174      16.3259        21.3359
   14175      16.3469        22.1142
   14176      16.3007        20.8242
   14177      16.3735        22.3486
   14178      16.3745        20.9354
   14179      16.3546        21.3035
   14180      16.3823        20.7199
   14181      16.3844        20.5397
   14182      16.3356        21.6079
   14183      16.4260        21.9489
   14184      16.3853        22.3217
   14185      16.4215        21.7254
   14186      16.4261        23.1576
   14187      16.5153        21.3403
   14188      16.4140        20.5743
   14189      16.4345        20.2606
   14190      16.3566        20.9321
   14191      16.4464        20.8724
   14192      16.4068        22.2897
   14193      16.4002        22.6004
   14194      16.4412        22.1851
   14195      16.4446        22.3699
   14196      16.4214        22.7154
   14197      16.3522        21.4257
   14198      16.4631        22.4640
   14199      16.4567        22.8659
   14200      16.4484        22.3832
   14201      16.3557        22.4937
   14202      16.3532        22.8350
   14203      16.3458        21.5048
   14204      16.3703        23.3768
   14205      16.3548        21.5844
   14206      16.3397        21.7065
   14207      16.4241        20.7409
   14208      16.3519        20.6950
   14209      16.3954        20.9791
   14210      16.3041        20.3130
   14211      16.3663        21.6042
   14212      16.3072        21.1762
   14213      16.3453        20.7844
   14214      16.2971        22.2851
   14215      16.3128        21.3492
   14216      16.3318        22.3140
   14217      16.4000        22.6546
   14218      16.2879        23.5063
   14219      16.3024        22.8238
   14220      16.2834        20.9566
   14221      16.3733        21.0902
   14222      16.3173        21.2372
   14223      16.3170        21.3317
   14224      16.2945        21.7569
   14225      16.3291        21.2612
   14226      16.2974        21.0873
   14227      16.3529        21.6862
   14228      16.3205        21.7414
   14229      16.3651        20.9348
   14230      16.4422        21.4404
   14231      16.3652        20.9193
   14232      16.4076        21.5977
   14233      16.4217        20.8900
   14234      16.3161        21.6981
   14235      16.4675        21.1509
   14236      16.3451        21.5323
   14237      16.3853        20.7235
   14238      16.3077        20.4430
   14239      16.3873        21.0938
   14240      16.3686        20.8402
   14241      16.4038        21.4225
   14242      16.3353        20.8151
   14243      16.4024        20.6302
   14244      16.3275        21.0773
   14245      16.3472        21.4269
   14246      16.3585        21.2743
   14247      16.3614        21.0918
   14248      16.3851        21.9847
   14249      16.3565        21.7448
   14250      16.4000        20.9315
   14251      16.3872        20.3988
   14252      16.3335        20.7633
   14253      16.3770        20.4335
   14254      16.3874        21.4350
   14255      16.4202        21.3116
   14256      16.4326        20.9399
   14257      16.4447        21.7870
   14258      16.3969        21.4436
   14259      16.4023        22.3311
   14260      16.4412        21.5650
   14261      16.4287        21.6982
   14262      16.4232        21.5974
   14263      16.4121        21.3919
   14264      16.4022        21.3654
   14265      16.4077        21.9556
   14266      16.4158        20.9289
   14267      16.3783        20.5993
   14268      16.3691        20.9318
   14269      16.3815        20.3969
   14270      16.3630        20.7005
   14271      16.3377        20.6579
   14272      16.3267        20.7557
   14273      16.3745        20.7027
   14274      16.3648        20.2829
   14275      16.3883        20.7825
   14276      16.3344        20.9248
   14277      16.4133        20.2793
   14278      16.4073        21.1617
   14279      16.4524        20.8119
   14280      16.4097        20.5256
   14281      16.3660        21.3814
   14282      16.3428        21.3493
   14283      16.3271        21.6822
   14284      16.3954        21.0985
   14285      16.3964        21.3976
   14286      16.4280        20.9951
   14287      16.3999        20.1692
   14288      16.3632        21.0027
   14289      16.3314        20.8237
   14290      16.3919        20.7135
   14291      16.3598        21.7301
   14292      16.3622        22.0107
   14293      16.3279        22.9781
   14294      16.3507        21.3615
   14295      16.3031        21.0980
   14296      16.3466        21.5284
   14297      16.3545        22.1021
   14298      16.4104        22.7437
   14299      16.3636        23.7363
   14300      16.3888        21.7055
   14301      16.3651        23.2327
   14302      16.3295        21.0000
   14303      16.3524        21.5825
   14304      16.2926        20.9973
   14305      16.3278        21.4488
   14306      16.1863        22.1150
   14307      16.3569        22.7166
   14308      16.3150        21.2098
   14309      16.2499        21.0093
   14310      16.2827        21.2333
   14311      16.3074        22.4610
   14312      16.3533        21.4848
   14313      16.3073        22.0779
   14314      16.3684        22.6324
   14315      16.2103        21.8881
   14316      16.3533        22.0143
   14317      16.2739        22.0744
   14318      16.2780        21.2104
   14319      16.3042        21.0017
   14320      16.3331        20.9985
   14321      16.3050        20.7319
   14322      16.3216        20.6674
   14323      16.3753        20.8815
   14324      16.3514        20.9687
   14325      16.3479        20.9235
   14326      16.4069        20.9610
   14327      16.3409        20.3501
   14328      16.4058        22.8099
   14329      16.3499        20.6569
   14330      16.3355        20.8213
   14331      16.3356        21.1354
   14332      16.3817        21.7025
   14333      16.4195        22.7682
   14334      16.3085        21.9177
   14335      16.3371        22.4942
   14336      16.3757        22.2769
   14337      16.3138        21.3460
   14338      16.3935        21.0228
   14339      16.3341        21.0959
   14340      16.3138        22.8928
   14341      16.3388        22.5867
   14342      16.3285        21.8988
   14343      16.3285        22.7963
   14344      16.2919        23.0601
   14345      16.2445        22.0620
   14346      16.3430        22.8314
   14347      16.3227        22.5974
   14348      16.3723        22.7685
   14349      16.3208        22.3691
   14350      16.2879        22.9166
   14351      16.3718        23.1950
   14352      16.3978        22.9842
   14353      16.3903        21.7966
   14354      16.4380        22.6371
   14355      16.3893        22.5505
   14356      16.3696        22.3255
   14357      16.3807        21.0281
   14358      16.3661        21.6545
   14359      16.3511        21.1139
   14360      16.2827        20.6941
   14361      16.3330        21.0704
   14362      16.3490        20.9353
   14363      16.3202        20.9649
   14364      16.3799        21.5924
   14365      16.4186        20.8395
   14366      16.3570        20.6824
   14367      16.3181        21.7675
   14368      16.3019        20.7746
   14369      16.3358        20.9387
   14370      16.3172        20.9570
   14371      16.3070        21.0420
   14372      16.3454        21.5878
   14373      16.3759        20.8397
   14374      16.3177        21.2604
   14375      16.3340        21.5431
   14376      16.3562        21.5404
   14377      16.3879        21.1465
   14378      16.3119        21.0217
   14379      16.3918        21.5610
   14380      16.3705        20.9691
   14381      16.4062        21.0022
   14382      16.3686        20.7246
   14383      16.3230        21.3181
   14384      16.3864        20.9297
   14385      16.4759        21.0875
   14386      16.3842        21.5878
   14387      16.4068        21.5646
   14388      16.4180        20.8839
   14389      16.3763        20.6248
   14390      16.4221        21.5201
   14391      16.3865        20.6502
   14392      16.4231        21.2775
   14393      16.2923        20.9293
   14394      16.3734        21.0058
   14395      16.4463        21.0486
   14396      16.4135        20.6637
   14397      16.3824        22.0503
   14398      16.4244        20.7825
   14399      16.3416        20.6463
   14400      16.3778        20.7021
   14401      16.3841        21.2139
   14402      16.3478        21.4307
   14403      16.3225        21.3326
   14404      16.3174        21.0008
   14405      16.4101        21.2248
   14406      16.3124        21.0962
   14407      16.3363        21.3568
   14408      16.3155        21.0907
   14409      16.4312        20.9548
   14410      16.4697        21.1410
   14411      16.3955        21.8475
   14412      16.5130        21.3125
   14413      16.3858        21.3512
   14414      16.4112        20.8142
   14415      16.3571        21.0289
   14416      16.4560        21.0285
   14417      16.4165        20.7106
   14418      16.4155        21.2450
   14419      16.4875        21.4938
   14420      16.4336        20.9156
   14421      16.4630        21.2257
   14422      16.4604        21.5244
   14423      16.4366        21.4633
   14424      16.4747        21.0628
   14425      16.3343        21.1287
   14426      16.3568        21.1209
   14427      16.4091        21.6011
   14428      16.3882        21.3970
   14429      16.3525        20.8469
   14430      16.3445        21.5499
   14431      16.3209        20.8902
   14432      16.4261        20.9372
   14433      16.3744        21.0042
   14434      16.4163        20.7322
   14435      16.3320        21.2747
   14436      16.3048        21.1984
   14437      16.3490        20.6142
   14438      16.3753        21.2652
   14439      16.3080        20.6586
   14440      16.3691        20.8704
   14441      16.4091        21.5027
   14442      16.3454        20.6909
   14443      16.3605        21.7684
   14444      16.3677        21.2785
   14445      16.4411        21.3547
   14446      16.4252        21.2342
   14447      16.4006        21.1089
   14448      16.4028        21.1969
   14449      16.4376        21.0956
   14450      16.4237        21.0476
   14451      16.3318        21.2076
   14452      16.3682        21.5284
   14453      16.3600        20.9091
   14454      16.3338        20.7288
   14455      16.3871        21.1102
   14456      16.3774        21.3986
   14457      16.4425        21.2536
   14458      16.4003        20.5611
   14459      16.3876        20.7514
   14460      16.3896        21.2758
   14461      16.3654        20.8962
   14462      16.3718        21.3320
   14463      16.3973        20.7185
   14464      16.3025        20.8122
   14465      16.3104        20.8921
   14466      16.3391        20.5588
   14467      16.2795        20.4878
   14468      16.3098        21.0280
   14469      16.2578        21.1107
   14470      16.3404        20.2264
   14471      16.2906        20.9951
   14472      16.3223        20.5688
   14473      16.4102        20.9306
   14474      16.4294        21.2218
   14475      16.4271        20.9187
   14476      16.3825        20.9516
   14477      16.4373        21.5727
   14478      16.3902        21.2347
   14479      16.4023        21.1073
   14480      16.3751        21.0074
   14481      16.4441        22.0324
   14482      16.4220        21.5604
   14483      16.3486        21.2566
   14484      16.4645        21.0700
   14485      16.4973        21.3670
   14486      16.3945        21.0527
   14487      16.3824        21.2036
   14488      16.3572        21.0485
   14489      16.3723        20.7099
   14490      16.4100        21.0527
   14491      16.3878        20.8932
   14492      16.3678        20.9975
   14493      16.4622        20.5084
   14494      16.4313        20.6360
   14495      16.3953        20.9064
   14496      16.3828        20.9927
   14497      16.3149        20.1710
   14498      16.4159        20.6877
   14499      16.4658        20.7875
   14500      16.4101        20.9059
   14501      16.4123        20.6557
   14502      16.2944        20.2999
   14503      16.3992        21.0258
   14504      16.4141        20.9788
   14505      16.4491        20.9583
   14506      16.4014        20.7991
   14507      16.4164        20.5176
   14508      16.3929        21.1987
   14509      16.3679        20.6632
   14510      16.3830        20.8450
   14511      16.3775        20.4320
   14512      16.3464        20.1996
   14513      16.4478        20.7392
   14514      16.3637        20.2476
   14515      16.3646        20.8601
   14516      16.4567        21.0767
   14517      16.4183        21.2117
   14518      16.4513        21.0018
   14519      16.4681        20.8709
   14520      16.4594        21.2881
   14521      16.4634        21.0801
   14522      16.4643        21.0323
   14523      16.4794        21.3564
   14524      16.3599        21.1217
   14525      16.4202        20.8127
   14526      16.4245        20.3196
   14527      16.4057        20.2071
   14528      16.4531        20.4134
   14529      16.4095        20.9866
   14530      16.4093        20.6235
   14531      16.3585        20.5911
   14532      16.4354        20.9264
   14533      16.4001        20.6971
   14534      16.4133        21.3018
   14535      16.3881        21.1769
   14536      16.4512        20.2874
   14537      16.3845        21.0435
   14538      16.3827        20.7850
   14539      16.4219        20.8538
   14540      16.3587        20.7825
   14541      16.4745        21.0104
   14542      16.3982        20.8772
   14543      16.3696        20.7243
   14544      16.4013        20.9312
   14545      16.4284        20.7455
   14546      16.3637        20.9927
   14547      16.3930        20.8331
   14548      16.4314        21.0086
   14549      16.3287        20.9638
   14550      16.4053        20.9327
   14551      16.4070        20.7194
   14552      16.3976        21.0321
   14553      16.3113        20.4407
   14554      16.4003        20.8507
   14555      16.2887        20.7874
   14556      16.4334        20.6503
   14557      16.4454        21.2591
   14558      16.4609        20.8732
   14559      16.4544        20.5631
   14560      16.4566        21.0421
   14561      16.4083        20.9973
   14562      16.3123        20.7486
   14563      16.3732        21.1460
   14564      16.4600        21.2851
   14565      16.3305        21.5240
   14566      16.4301        21.5865
   14567      16.3242        21.9978
   14568      16.3453        21.3266
   14569      16.3893        21.5631
   14570      16.3622        20.8560
   14571      16.3683        21.1171
   14572      16.3971        20.9198
   14573      16.3397        20.8068
   14574      16.3983        21.3871
   14575      16.3535        20.8647
   14576      16.3341        21.1650
   14577      16.3796        21.1775
   14578      16.4085        21.2729
   14579      16.3742        21.9946
   14580      16.2984        20.7940
   14581      16.4022        21.1757
   14582      16.3231        20.8056
   14583      16.3845        20.8752
   14584      16.3585        20.8639
   14585      16.4186        21.7035
   14586      16.3723        21.9926
   14587      16.4006        22.0366
   14588      16.3917        21.7052
   14589      16.3752        21.9175
   14590      16.4520        21.8203
   14591      16.4045        22.2024
   14592      16.4303        22.0991
   14593      16.3361        22.1200
   14594      16.3084        21.3305
   14595      16.3274        21.5656
   14596      16.3204        21.1562
   14597      16.3444        20.5474
   14598      16.3225        20.7700
   14599      16.4247        20.8009
   14600      16.3932        20.7036
   14601      16.2663        20.3145
   14602      16.3372        21.2153
   14603      16.3861        20.9256
   14604      16.3634        21.0924
   14605      16.3977        20.8273
   14606      16.4199        20.9855
   14607      16.4323        21.2237
   14608      16.4491        20.6623
   14609      16.5076        20.9212
   14610      16.3989        20.7683
   14611      16.4285        20.9611
   14612      16.4148        20.7619
   14613      16.4394        21.0708
   14614      16.4425        21.3411
   14615      16.3871        21.0346
   14616      16.4850        20.9179
   14617      16.3954        20.7130
   14618      16.4523        20.9679
   14619      16.4700        21.0065
   14620      16.4722        20.6387
   14621      16.5181        20.6807
   14622      16.4513        21.2804
   14623      16.4190        21.3221
   14624      16.3973        21.9766
   14625      16.4188        21.2744
   14626      16.3331        21.2534
   14627      16.4298        22.0250
   14628      16.3865        22.4431
   14629      16.4121        21.5089
   14630      16.4201        22.0307
   14631      16.4165        22.6455
   14632      16.4092        20.8638
   14633      16.3691        21.0730
   14634      16.4437        20.9825
   14635      16.3786        21.1813
   14636      16.4255        22.1584
   14637      16.4154        20.8349
   14638      16.3754        22.0695
   14639      16.3649        21.9965
   14640      16.4483        21.7503
   14641      16.3715        21.8762
   14642      16.3597        22.5760
   14643      16.3446        22.3392
   14644      16.4219        21.9096
   14645      16.4173        22.6774
   14646      16.3273        22.2249
   14647      16.3622        22.3792
   14648      16.3530        22.3678
   14649      16.3883        22.3288
   14650      16.2708        21.7404
   14651      16.3951        22.3003
   14652      16.3548        22.1715
   14653      16.3659        21.8464
   14654      16.3639        21.7482
   14655      16.3571        22.5386
   14656      16.4208        22.2908
   14657      16.4145        22.6834
   14658      16.4354        22.3347
   14659      16.3744        22.7035
   14660      16.4212        21.2223
   14661      16.3102        21.3731
   14662      16.4029        20.9608
   14663      16.3592        21.2217
   14664      16.3663        22.4888
   14665      16.4773        22.7116
   14666      16.3760        22.4378
   14667      16.3951        21.5413
   14668      16.4583        22.7189
   14669      16.4030        21.8905
   14670      16.4707        22.3280
   14671      16.4651        22.4136
   14672      16.4791        22.5945
   14673      16.4425        21.8753
   14674      16.3981        21.7357
   14675      16.3835        23.0354
   14676      16.3786        20.6787
   14677      16.3260        20.8517
   14678      16.3996        20.4449
   14679      16.3474        21.0487
   14680      16.3891        20.8265
   14681      16.3929        21.4900
   14682      16.3974        21.0098
   14683      16.4588        21.4901
   14684      16.4266        21.3046
   14685      16.4964        21.5549
   14686      16.3911        21.2739
   14687      16.3976        20.9190
   14688      16.4191        20.7400
   14689      16.4238        21.2197
   14690      16.4115        20.7911
   14691      16.3550        20.6154
   14692      16.3862        21.7650
   14693      16.4326        21.0694
   14694      16.3949        20.5247
   14695      16.3547        21.1066
   14696      16.4397        20.2728
   14697      16.3789        21.3143
   14698      16.4360        20.9274
   14699      16.3731        20.6142
   14700      16.4327        21.1043
   14701      16.4410        21.1618
   14702      16.4635        20.6150
   14703      16.4157        20.6154
   14704      16.3848        21.3119
   14705      16.3745        21.7163
   14706      16.3862        20.7492
   14707      16.3220        21.4703
   14708      16.4050        22.2887
   14709      16.3360        20.7218
   14710      16.3617        20.9767
   14711      16.3530        20.6642
   14712      16.3042        20.9964
   14713      16.3695        20.7351
   14714      16.4868        20.9541
   14715      16.3218        21.1709
   14716      16.4111        21.3764
   14717      16.4006        20.5360
   14718      16.3484        21.2209
   14719      16.3707        20.8891
   14720      16.2304        20.4785
   14721      16.3444        20.6454
   14722      16.3079        20.3223
   14723      16.3309        21.3439
   14724      16.3978        22.0480
   14725      16.4237        21.8951
   14726      16.4008        21.0182
   14727      16.4297        21.3079
   14728      16.4241        21.9739
   14729      16.4276        22.3302
   14730      16.3470        21.7515
   14731      16.3606        21.3072
   14732      16.3738        20.9997
   14733      16.3487        21.0090
   14734      16.3818        21.2304
   14735      16.3495        20.6381
   14736      16.4048        21.4585
   14737      16.3316        21.5786
   14738      16.3546        21.0407
   14739      16.4388        22.6138
   14740      16.3914        23.1941
   14741      16.3661        22.7812
   14742      16.3797        22.9767
   14743      16.3498        21.6490
   14744      16.3875        21.1892
   14745      16.3106        22.2889
   14746      16.3320        22.0890
   14747      16.4019        21.4454
   14748      16.3407        21.0452
   14749      16.4482        21.3947
   14750      16.3209        20.7280
   14751      16.3406        21.8505
   14752      16.3619        21.5153
   14753      16.3129        22.1697
   14754      16.3791        22.0456
   14755      16.4411        21.1220
   14756      16.4056        21.9623
   14757      16.3905        21.6323
   14758      16.3166        20.9101
   14759      16.3526        20.9135
   14760      16.3228        20.4199
   14761      16.3835        20.3391
   14762      16.3742        22.1987
   14763      16.4200        21.4391
   14764      16.3371        20.8254
   14765      16.4041        20.9274
   14766      16.4684        21.0352
   14767      16.4543        20.8100
   14768      16.3850        20.8277
   14769      16.4132        21.5753
   14770      16.4175        20.8950
   14771      16.3768        21.2870
   14772      16.4957        21.6070
   14773      16.3518        21.9697
   14774      16.4279        21.4212
   14775      16.3979        22.4289
   14776      16.4104        21.4444
   14777      16.4684        22.3884
   14778      16.3898        22.1318
   14779      16.4167        20.8972
   14780      16.4176        21.7687
   14781      16.3963        21.7916
   14782      16.4000        21.2431
   14783      16.4105        21.7427
   14784      16.4721        21.7730
   14785      16.4616        20.7752
   14786      16.4314        20.5429
   14787      16.3738        22.5553
   14788      16.4493        21.6061
   14789      16.3508        21.5696
   14790      16.3433        21.1166
   14791      16.3539        20.8610
   14792      16.3515        21.1381
   14793      16.3702        20.9043
   14794      16.3327        21.9030
   14795      16.3440        21.6994
   14796      16.3652        22.5888
   14797      16.3401        22.4673
   14798      16.4388        20.7724
   14799      16.3689        21.2141
   14800      16.3364        21.0447
   14801      16.3048        22.9922
   14802      16.3292        21.0223
   14803      16.3544        21.0394
   14804      16.3826        21.0206
   14805      16.3278        21.2648
   14806      16.3720        21.2658
   14807      16.4235        20.9655
   14808      16.4253        20.9814
   14809      16.4270        21.1956
   14810      16.4136        21.8038
   14811      16.3843        21.1399
   14812      16.4179        21.1470
   14813      16.4027        21.1216
   14814      16.3386        21.6210
   14815      16.3749        21.0551
   14816      16.3796        21.3116
   14817      16.3886        20.4664
   14818      16.3476        21.4188
   14819      16.3875        20.5444
   14820      16.3649        20.9285
   14821      16.4615        21.1913
   14822      16.3678        20.4101
   14823      16.4188        20.7461
   14824      16.3801        21.0462
   14825      16.3531        20.9085
   14826      16.3552        20.8245
   14827      16.3591        20.9529
   14828      16.3168        20.9125
   14829      16.3252        20.7863
   14830      16.2672        20.4507
   14831      16.3814        20.4701
   14832      16.4058        21.4063
   14833      16.3525        20.4701
   14834      16.3618        20.7681
   14835      16.4234        20.9348
   14836      16.2954        21.3012
   14837      16.4046        20.9461
   14838      16.4015        20.9854
   14839      16.3870        21.1125
   14840      16.3638        20.6171
   14841      16.3971        20.6983
   14842      16.3735        20.5351
   14843      16.2512        20.5943
   14844      16.3342        20.5784
   14845      16.4335        20.6430
   14846      16.3835        20.7430
   14847      16.3871        20.7519
   14848      16.4139        21.0329
   14849      16.2841        20.4402
   14850      16.3769        20.7968
   14851      16.3987        20.7574
   14852      16.3559        21.2965
   14853      16.3630        20.4777
   14854      16.4143        21.0590
   14855      16.3897        21.9981
   14856      16.4203        21.4033
   14857      16.4230        20.9881
   14858      16.4141        21.7251
   14859      16.3380        20.6960
   14860      16.3688        22.2664
   14861      16.4494        22.2864
   14862      16.5001        23.4362
   14863      16.4284        23.1550
   14864      16.3998        22.4980
   14865      16.4650        23.7483
   14866      16.4732        22.4358
   14867      16.3036        20.8201
   14868      16.3989        21.9660
   14869      16.3921        21.9435
   14870      16.4340        21.4326
   14871      16.3874        21.1819
   14872      16.3689        21.3868
   14873      16.3641        20.8287
   14874      16.3847        20.6824
   14875      16.4427        20.7660
   14876      16.4308        21.2211
   14877      16.4298        21.7193
   14878      16.4076        21.4749
   14879      16.4316        21.1329
   14880      16.3881        21.5749
   14881      16.5023        22.0535
   14882      16.3904        21.3150
   14883      16.4144        21.3036
   14884      16.4070        21.8642
   14885      16.3961        21.6688
   14886      16.3719        20.8115
   14887      16.3373        21.5574
   14888      16.3984        21.5996
   14889      16.3800        20.6394
   14890      16.4598        21.0370
   14891      16.3613        21.0574
   14892      16.3768        21.0883
   14893      16.3544        21.1736
   14894      16.3378        21.2058
   14895      16.4208        21.1394
   14896      16.3739        21.2699
   14897      16.4422        20.9795
   14898      16.3093        20.7910
   14899      16.3769        21.0208
   14900      16.3682        21.1918
   14901      16.4451        21.1479
   14902      16.3660        20.9618
   14903      16.3906        21.1639
   14904      16.3483        21.2788
   14905      16.3578        20.7646
   14906      16.3868        20.8839
   14907      16.4461        21.3355
   14908      16.3780        20.7574
   14909      16.3436        20.8807
   14910      16.4327        21.0213
   14911      16.4001        20.6393
   14912      16.3675        21.2931
   14913      16.4193        20.7867
   14914      16.4013        21.1500
   14915      16.4147        21.4350
   14916      16.4047        21.5588
   14917      16.3977        20.9563
   14918      16.4297        21.6011
   14919      16.4000        21.3654
   14920      16.4225        21.8462
   14921      16.4246        22.4865
   14922      16.3645        22.5195
   14923      16.3904        21.6974
   14924      16.3878        23.0246
   14925      16.4220        22.3940
   14926      16.3598        21.1187
   14927      16.3937        21.0426
   14928      16.4150        20.9548
   14929      16.4071        21.8806
   14930      16.4358        21.5163
   14931      16.3691        20.6104
   14932      16.3970        21.5160
   14933      16.4168        21.8880
   14934      16.3904        20.7906
   14935      16.3489        20.8107
   14936      16.4846        20.8637
   14937      16.4185        21.2368
   14938      16.4375        21.3437
   14939      16.4399        21.4536
   14940      16.4418        21.7758
   14941      16.4391        21.6848
   14942      16.4404        21.3053
   14943      16.3929        21.2917
   14944      16.4792        21.3704
   14945      16.4270        21.5330
   14946      16.4349        21.5252
   14947      16.3716        21.5868
   14948      16.4248        21.8492
   14949      16.4224        21.5301
   14950      16.5026        21.7362
   14951      16.4726        21.2266
   14952      16.3895        21.2431
   14953      16.4710        20.9821
   14954      16.4395        21.1910
   14955      16.3961        22.3733
   14956      16.4182        21.2996
   14957      16.4771        21.6197
   14958      16.4242        21.8047
   14959      16.4278        21.2217
   14960      16.4100        21.2176
   14961      16.4241        20.7229
   14962      16.3481        21.0447
   14963      16.3386        21.2423
   14964      16.3875        20.9770
   14965      16.3835        20.6880
   14966      16.4450        20.7031
   14967      16.3930        20.8486
   14968      16.3987        20.5163
   14969      16.4288        21.0712
   14970      16.4409        21.0876
   14971      16.5406        21.8969
   14972      16.4614        21.1867
   14973      16.4646        21.1501
   14974      16.5201        21.0477
   14975      16.3777        20.2053
   14976      16.3656        20.9982
   14977      16.3927        21.0402
   14978      16.4089        21.8081
   14979      16.4115        20.9927
   14980      16.4085        21.8574
   14981      16.4397        21.1039
   14982      16.5086        23.6725
   14983      16.3743        21.9371
   14984      16.4295        22.7729
   14985      16.4329        22.3332
   14986      16.4257        22.5905
   14987      16.3995        21.9400
   14988      16.4364        21.2867
   14989      16.4115        21.1065
   14990      16.4286        20.5949
   14991      16.3958        21.3283
   14992      16.4066        20.5581
   14993      16.3832        20.7408
   14994      16.3610        21.2128
   14995      16.4150        20.6150
   14996      16.3996        20.8545
   14997      16.3662        20.9850
   14998      16.4103        21.8466
   14999      16.3937        21.3191
   15000      16.4024        21.6437
   15001      16.4201        21.6088
   15002      16.4081        21.4377
   15003      16.3833        20.7265
   15004      16.4147        20.8735
   15005      16.4731        21.6078
   15006      16.3959        20.8241
   15007      16.4646        21.0112
   15008      16.4431        20.9165
   15009      16.3966        20.7118
   15010      16.3732        21.0846
   15011      16.3575        21.0059
   15012      16.5230        21.3043
   15013      16.4052        22.1068
   15014      16.4421        22.3648
   15015      16.4186        21.8474
   15016      16.4039        21.0303
   15017      16.4020        20.9705
   15018      16.4279        20.8798
   15019      16.4400        21.0705
   15020      16.3652        21.0282
   15021      16.4402        20.8356
   15022      16.3740        21.2217
   15023      16.4531        21.0484
   15024      16.4728        21.2401
   15025      16.4072        21.5628
   15026      16.4186        21.2659
   15027      16.4214        20.3639
   15028      16.3940        21.2390
   15029      16.3940        20.8637
   15030      16.4248        21.7318
   15031      16.4654        21.2369
   15032      16.4242        21.0988
   15033      16.4772        20.8424
   15034      16.4271        20.6494
   15035      16.3837        20.4233
   15036      16.4386        20.9600
   15037      16.4873        21.1471
   15038      16.4930        21.4451
   15039      16.4812        21.2315
   15040      16.4579        21.5105
   15041      16.4565        20.8378
   15042      16.5063        21.7082
   15043      16.4538        21.4852
   15044      16.4111        20.9633
   15045      16.4212        21.9327
   15046      16.4724        21.3272
   15047      16.3946        20.3651
   15048      16.4248        21.0683
   15049      16.4338        20.9136
   15050      16.3656        20.7940
   15051      16.4130        21.4768
   15052      16.4287        20.7558
   15053      16.4016        20.8934
   15054      16.4121        20.9969
   15055      16.4210        21.4429
   15056      16.3787        21.4281
   15057      16.4205        20.9152
   15058      16.3801        20.8770
   15059      16.4151        20.7575
   15060      16.3687        20.7338
   15061      16.4561        20.7526
   15062      16.4141        20.5163
   15063      16.4431        21.0084
   15064      16.4311        21.0330
   15065      16.4705        21.5019
   15066      16.4336        20.9163
   15067      16.4574        22.8549
   15068      16.3725        20.6450
   15069      16.3976        20.5935
   15070      16.4494        21.4185
   15071      16.5033        21.6767
   15072      16.4838        21.1552
   15073      16.4940        20.8358
   15074      16.4716        21.2395
   15075      16.4377        22.7280
   15076      16.4447        22.1142
   15077      16.4936        21.9606
   15078      16.4643        21.7393
   15079      16.3904        20.3136
   15080      16.4941        20.8825
   15081      16.4542        20.9821
   15082      16.5122        21.5539
   15083      16.3873        21.1146
   15084      16.4714        21.3875
   15085      16.5027        21.1406
   15086      16.4836        21.8602
   15087      16.4022        22.0292
   15088      16.4369        22.5681
   15089      16.4049        22.3335
   15090      16.4806        21.5833
   15091      16.3609        21.2854
   15092      16.4740        21.7772
   15093      16.4461        20.6771
   15094      16.4052        20.5223
   15095      16.3843        20.7791
   15096      16.4465        21.1012
   15097      16.4306        20.9554
   15098      16.4212        20.6101
   15099      16.4128        20.7868
   15100      16.4126        21.1949
   15101      16.4733        20.8954
   15102      16.3652        20.4511
   15103      16.3483        20.7345
   15104      16.4040        20.7341
   15105      16.3769        21.2883
   15106      16.3716        20.4765
   15107      16.5057        21.2070
   15108      16.4115        20.4589
   15109      16.3736        20.5796
   15110      16.3461        20.8437
   15111      16.3169        20.8135
   15112      16.3728        21.0971
   15113      16.3440        20.8505
   15114      16.2707        20.8754
   15115      16.3456        20.8943
   15116      16.3496        20.5682
   15117      16.3770        20.7990
   15118      16.3694        20.7608
   15119      16.3765        20.6007
   15120      16.3904        20.6465
   15121      16.4023        20.4511
   15122      16.3859        20.6495
   15123      16.3263        20.4731
   15124      16.3490        20.7162
   15125      16.3993        20.6995
   15126      16.4063        20.8035
   15127      16.4290        20.1021
   15128      16.4841        20.9541
   15129      16.4586        20.6651
   15130      16.3289        20.0176
   15131      16.3329        20.3674
   15132      16.4317        20.4188
   15133      16.3826        21.0726
   15134      16.3263        20.7565
   15135      16.3000        20.4555
   15136      16.3018        20.5236
   15137      16.3423        20.1270
   15138      16.3786        20.5476
   15139      16.3358        20.5637
   15140      16.2711        20.8967
   15141      16.3104        20.7622
   15142      16.3255        20.5107
   15143      16.3011        20.8605
   15144      16.3285        20.5417
   15145      16.2592        20.6532
   15146      16.2953        20.4319
   15147      16.2064        20.5831
   15148      16.3398        20.6430
   15149      16.3048        20.9727
   15150      16.3084        20.7946
   15151      16.3172        21.2198
   15152      16.3687        20.7751
   15153      16.3488        20.7683
   15154      16.3186        21.1262
   15155      16.3710        20.9128
   15156      16.3547        20.6534
   15157      16.3252        21.0119
   15158      16.3638        20.8529
   15159      16.3304        19.7127
   15160      16.3089        19.6150
   15161      16.3112        19.9246
   15162      16.3682        20.9077
   15163      16.3193        20.4392
   15164      16.4410        20.7041
   15165      16.3936        21.3844
   15166      16.3124        20.6371
   15167      16.3460        20.6348
   15168      16.3889        20.7104
   15169      16.3594        20.9751
   15170      16.4180        20.9825
   15171      16.4364        20.7212
   15172      16.3197        20.7153
   15173      16.3301        20.8273
   15174      16.4100        20.9163
   15175      16.4191        20.7661
   15176      16.3379        20.4957
   15177      16.3212        20.6885
   15178      16.3383        20.5740
   15179      16.2881        20.5876
   15180      16.3182        21.3418
   15181      16.2674        20.8000
   15182      16.2391        20.7858
   15183      16.2533        20.4834
   15184      16.2482        20.3666
   15185      16.2210        20.6160
   15186      16.2636        20.7342
   15187      16.3387        21.0074
   15188      16.2828        20.3281
   15189      16.3173        20.7156
   15190      16.3207        20.3365
   15191      16.3283        21.3452
   15192      16.3289        21.2728
   15193      16.2788        20.9653
   15194      16.2954        20.3364
   15195      16.3233        20.8664
   15196      16.3359        20.9022
   15197      16.3258        21.3466
   15198      16.2454        20.9033
   15199      16.2610        21.0055
   15200      16.3461        21.2124
   15201      16.3190        20.8878
   15202      16.2988        20.4340
   15203      16.4143        20.8282
   15204      16.3278        21.1432
   15205      16.3403        21.2775
   15206      16.2901        20.7931
   15207      16.4079        20.9331
   15208      16.4182        20.8267
   15209      16.3137        21.4486
   15210      16.3095        20.8486
   15211      16.3340        21.0697
   15212      16.3556        20.8222
   15213      16.3375        20.7661
   15214      16.4053        21.3278
   15215      16.3056        20.8595
   15216      16.3496        20.7271
   15217      16.3675        21.1541
   15218      16.3900        21.2803
   15219      16.3858        20.8493
   15220      16.3248        21.1320
   15221      16.3622        20.8182
   15222      16.3128        20.8889
   15223      16.3036        20.8065
   15224      16.2663        20.3930
   15225      16.3149        20.8832
   15226      16.3088        21.2380
   15227      16.2772        21.1444
   15228      16.2690        20.5735
   15229      16.2348        20.6283
   15230      16.2962        20.9027
   15231      16.2681        20.7928
   15232      16.3127        21.3224
   15233      16.3672        21.1981
   15234      16.3145        20.6029
   15235      16.2988        20.6632
   15236      16.2047        21.0059
   15237      16.2743        20.9837
   15238      16.3180        20.8536
   15239      16.2422        20.6614
   15240      16.3297        20.7671
   15241      16.3509        20.5099
   15242      16.3080        20.4238
   15243      16.3247        20.4934
   15244      16.3125        20.4488
   15245      16.3498        20.7714
   15246      16.2834        20.6260
   15247      16.3727        20.6629
   15248      16.3528        20.8003
   15249      16.3777        21.0012
   15250      16.2655        20.9567
   15251      16.2491        20.9068
   15252      16.2657        21.0428
   15253      16.2857        20.7681
   15254      16.3583        20.4640
   15255      16.3143        20.3674
   15256      16.2820        20.4476
   15257      16.2609        20.9287
   15258      16.3827        20.9311
   15259      16.3540        21.0295
   15260      16.2745        21.1872
   15261      16.2463        20.3852
   15262      16.2684        20.8567
   15263      16.2585        20.4673
   15264      16.2876        20.6591
   15265      16.1906        20.6604
   15266      16.2421        21.3497
   15267      16.3248        21.1854
   15268      16.2686        20.7259
   15269      16.3018        20.8559
   15270      16.2861        20.8693
   15271      16.3122        20.5248
   15272      16.2038        20.8109
   15273      16.2315        20.7132
   15274      16.2242        20.8096
   15275      16.3278        20.6458
   15276      16.2629        20.7639
   15277      16.3285        21.2560
   15278      16.2815        21.1292
   15279      16.3131        22.4852
   15280      16.3027        20.9781
   15281      16.3008        20.5890
   15282      16.2984        20.9041
   15283      16.2794        20.2141
   15284      16.2987        20.5924
   15285      16.2762        21.0048
   15286      16.3252        20.8795
   15287      16.3826        21.8880
   15288      16.3136        21.0529
   15289      16.3175        22.2338
   15290      16.3995        21.6017
   15291      16.3083        21.4000
   15292      16.3197        20.5878
   15293      16.3597        21.6238
   15294      16.3546        21.1199
   15295      16.3907        21.9673
   15296      16.3245        21.1310
   15297      16.3863        21.1205
   15298      16.2764        21.6408
   15299      16.3261        21.4101
   15300      16.3791        22.3299
   15301      16.2944        21.6386
   15302      16.3359        21.1825
   15303      16.3105        21.0803
   15304      16.3778        21.0772
   15305      16.2922        21.9955
   15306      16.2781        21.7175
   15307      16.3080        21.1603
   15308      16.3529        20.7412
   15309      16.3376        21.5554
   15310      16.2683        20.5596
   15311      16.2447        20.4352
   15312      16.2963        21.1969
   15313      16.2754        21.1843
   15314      16.2432        20.8141
   15315      16.3386        21.0601
   15316      16.3780        20.7466
   15317      16.3617        20.8368
   15318      16.3720        20.8787
   15319      16.2987        21.0058
   15320      16.3534        21.1783
   15321      16.3345        21.5437
   15322      16.3553        21.0138
   15323      16.2632        20.8386
   15324      16.3879        20.6582
   15325      16.2577        21.3825
   15326      16.2480        21.0779
   15327      16.3067        20.9826
   15328      16.3161        20.9100
   15329      16.3261        21.1347
   15330      16.3585        20.7345
   15331      16.3292        21.0701
   15332      16.3515        20.3930
   15333      16.3353        20.7558
   15334      16.3868        21.0157
   15335      16.3351        20.7541
   15336      16.3661        21.4626
   15337      16.2853        20.2545
   15338      16.3600        20.7720
   15339      16.3201        20.7688
   15340      16.3552        20.6429
   15341      16.3425        20.5593
   15342      16.4138        21.0043
   15343      16.4103        20.7824
   15344      16.2712        20.3890
   15345      16.3855        21.0008
   15346      16.3220        20.4353
   15347      16.3322        21.6361
   15348      16.2842        21.0581
   15349      16.2833        20.5356
   15350      16.3471        20.9951
   15351      16.3408        21.1235
   15352      16.2654        20.4192
   15353      16.3309        20.3747
   15354      16.3170        20.8070
   15355      16.3832        20.7854
   15356      16.2687        20.5763
   15357      16.3534        21.1448
   15358      16.4188        21.4353
   15359      16.2891        21.2712
   15360      16.3203        20.9663
   15361      16.3550        21.0692
   15362      16.4406        21.2570
   15363      16.4013        21.2898
   15364      16.3451        20.9950
   15365      16.3661        21.2578
   15366      16.3897        21.3593
   15367      16.3822        21.0780
   15368      16.2768        20.5785
   15369      16.3148        21.0101
   15370      16.3226        21.0715
   15371      16.3699        20.4998
   15372      16.3939        20.1486
   15373      16.3837        20.8371
   15374      16.3805        20.8843
   15375      16.2968        20.7329
   15376      16.3677        20.9575
   15377      16.3815        20.7053
   15378      16.2992        20.8828
   15379      16.4567        21.0153
   15380      16.3809        21.4412
   15381      16.3623        21.3772
   15382      16.3701        20.7721
   15383      16.4121        20.7487
   15384      16.3989        21.1076
   15385      16.3947        20.7096
   15386      16.3870        20.8393
   15387      16.3940        21.2544
   15388      16.4090        21.8668
   15389      16.3843        21.1408
   15390      16.4053        21.1290
   15391      16.3322        21.7709
   15392      16.3463        20.4823
   15393      16.3776        20.8033
   15394      16.3418        21.2557
   15395      16.3990        20.7660
   15396      16.4132        20.8554
   15397      16.3360        20.5883
   15398      16.3963        21.0828
   15399      16.3008        20.4289
   15400      16.2865        21.4160
   15401      16.3538        21.2754
   15402      16.3702        20.6921
   15403      16.3108        20.6270
   15404      16.3998        20.7420
   15405      16.3501        20.7454
   15406      16.3311        20.7041
   15407      16.2835        20.5318
   15408      16.3081        20.1497
   15409      16.3753        20.3172
   15410      16.3347        20.8419
   15411      16.3573        20.6486
   15412      16.3704        22.1969
   15413      16.3838        21.5737
   15414      16.3611        21.1670
   15415      16.3328        20.6846
   15416      16.3689        21.2984
   15417      16.3785        20.7665
   15418      16.3941        21.7000
   15419      16.3062        20.2614
   15420      16.3556        21.8071
   15421      16.4303        21.0746
   15422      16.4053        21.2083
   15423      16.2669        21.0483
   15424      16.3766        21.4568
   15425      16.3320        21.4687
   15426      16.3445        23.1075
   15427      16.3971        23.1178
   15428      16.3091        22.6279
   15429      16.3304        21.7491
   15430      16.3462        22.2494
   15431      16.3379        21.2425
   15432      16.3293        21.7858
   15433      16.3789        21.0186
   15434      16.4241        21.0211
   15435      16.4161        21.4128
   15436      16.4531        20.8451
   15437      16.3744        20.9022
   15438      16.3559        20.9615
   15439      16.3672        20.6556
   15440      16.3806        20.8597
   15441      16.3862        21.3597
   15442      16.4757        21.7079
   15443      16.3415        20.7595
   15444      16.3238        21.1549
   15445      16.3668        20.6222
   15446      16.3814        20.6723
   15447      16.3658        21.0813
   15448      16.3799        20.9087
   15449      16.3805        21.2046
   15450      16.3665        20.5651
   15451      16.3698        20.5970
   15452      16.3764        21.0084
   15453      16.4128        20.8030
   15454      16.3516        20.4259
   15455      16.3608        21.3805
   15456      16.3344        21.0666
   15457      16.3161        20.3628
   15458      16.3609        20.6447
   15459      16.3845        20.7823
   15460      16.3548        20.4204
   15461      16.3146        20.4176
   15462      16.3666        20.5357
   15463      16.3768        21.1945
   15464      16.2716        20.4496
   15465      16.3688        20.5874
   15466      16.4337        21.0565
   15467      16.3502        20.5317
   15468      16.4116        20.8604
   15469      16.3918        20.9003
   15470      16.3847        20.7079
   15471      16.4148        20.5196
   15472      16.4723        20.8044
   15473      16.4503        21.5451
   15474      16.3955        20.7623
   15475      16.3726        20.6433
   15476      16.4455        20.6554
   15477      16.4187        21.0421
   15478      16.3865        20.8919
   15479      16.3666        20.7899
   15480      16.3550        20.5748
   15481      16.4463        21.2102
   15482      16.4163        21.0717
   15483      16.3114        21.5204
   15484      16.4334        20.8007
   15485      16.3471        20.7138
   15486      16.3821        21.2015
   15487      16.3017        21.1882
   15488      16.3370        20.6651
   15489      16.3467        20.2590
   15490      16.3985        20.3772
   15491      16.4403        20.9765
   15492      16.3574        20.7186
   15493      16.3941        21.0707
   15494      16.3975        20.8001
   15495      16.3733        21.1877
   15496      16.4439        21.1292
   15497      16.4651        21.1807
   15498      16.4485        21.4819
   15499      16.5208        21.5532
   15500      16.4067        20.4756
   15501      16.3804        20.5303
   15502      16.4152        20.5021
   15503      16.3411        20.2088
   15504      16.3295        20.9352
   15505      16.3447        20.5101
   15506      16.3137        20.4483
   15507      16.4477        21.2970
   15508      16.3863        20.9119
   15509      16.3936        20.8440
   15510      16.3650        20.4170
   15511      16.4449        20.6486
   15512      16.4241        21.1568
   15513      16.4194        20.6182
   15514      16.4060        20.8513
   15515      16.4172        20.9446
   15516      16.4098        20.8998
   15517      16.3557        21.0207
   15518      16.3983        20.7969
   15519      16.3311        20.5610
   15520      16.3811        20.6665
   15521      16.4098        20.4957
   15522      16.3049        20.3961
   15523      16.4067        21.0251
   15524      16.3817        20.8613
   15525      16.4221        20.7264
   15526      16.4568        21.0239
   15527      16.3723        20.9206
   15528      16.4391        20.9117
   15529      16.3653        20.3534
   15530      16.3203        20.9502
   15531      16.4423        20.6348
   15532      16.4454        20.4367
   15533      16.3689        20.6285
   15534      16.3665        21.0107
   15535      16.4212        21.1117
   15536      16.4266        20.7934
   15537      16.4067        21.1287
   15538      16.3396        20.7954
   15539      16.4196        21.1102
   15540      16.3670        21.5868
   15541      16.4275        21.7561
   15542      16.3668        21.8359
   15543      16.3634        20.7688
   15544      16.4234        21.0486
   15545      16.3865        20.5631
   15546      16.3869        20.8643
   15547      16.4002        20.7496
   15548      16.3854        20.6561
   15549      16.3720        20.2882
   15550      16.4123        21.3214
   15551      16.4115        20.7626
   15552      16.4358        21.3164
   15553      16.4377        21.4427
   15554      16.3551        20.4129
   15555      16.3494        20.3289
   15556      16.4004        20.5981
   15557      16.3880        20.6822
   15558      16.3856        20.4824
   15559      16.3549        20.6437
   15560      16.5062        20.4868
   15561      16.4426        20.9511
   15562      16.3656        21.3200
   15563      16.3901        21.4759
   15564      16.4152        21.1347
   15565      16.3428        21.1565
   15566      16.4059        21.2261
   15567      16.3313        21.1010
   15568      16.3728        20.8075
   15569      16.3358        20.9067
   15570      16.3224        20.6158
   15571      16.3811        20.9054
   15572      16.3480        20.7780
   15573      16.3689        21.7467
   15574      16.3712        20.7130
   15575      16.4622        21.0053
   15576      16.3928        21.0365
   15577      16.3505        21.4321
   15578      16.3553        21.1105
   15579      16.4031        21.0385
   15580      16.4320        21.2152
   15581      16.4452        21.5449
   15582      16.3794        20.5286
   15583      16.3268        20.6862
   15584      16.3783        21.0881
   15585      16.3488        20.4307
   15586      16.3746        20.6442
   15587      16.3691        21.1847
   15588      16.2879        20.7108
   15589      16.4449        21.1593
   15590      16.4390        21.2099
   15591      16.3875        21.1346
   15592      16.4169        21.1081
   15593      16.4498        20.7599
   15594      16.4629        21.3866
   15595      16.3519        20.5232
   15596      16.3758        21.0071
   15597      16.4013        20.7105
   15598      16.4441        20.5959
   15599      16.4184        20.6788
   15600      16.4729        21.1436
   15601      16.3845        20.7195
   15602      16.4077        21.0022
   15603      16.4215        20.5785
   15604      16.4083        21.1190
   15605      16.4302        21.1958
   15606      16.4041        21.2331
   15607      16.4100        20.8992
   15608      16.3660        20.6347
   15609      16.4520        21.3187
   15610      16.4450        20.9766
   15611      16.4201        20.8469
   15612      16.3943        21.0357
   15613      16.4869        22.7712
   15614      16.3846        21.4048
   15615      16.4013        21.6388
   15616      16.4459        22.3860
   15617      16.4346        21.2450
   15618      16.5388        21.5640
   15619      16.4322        21.4668
   15620      16.4344        22.5661
   15621      16.4478        21.1389
   15622      16.4492        21.4713
   15623      16.3846        20.5457
   15624      16.4728        20.5602
   15625      16.3921        21.4175
   15626      16.3740        21.0216
   15627      16.4099        21.3400
   15628      16.3865        20.6253
   15629      16.3750        20.6501
   15630      16.3966        20.6420
   15631      16.3749        20.7570
   15632      16.3837        20.4627
   15633      16.3978        20.3732
   15634      16.3935        19.9892
   15635      16.4470        20.4688
   15636      16.4149        20.4604
   15637      16.4003        20.1170
   15638      16.4296        20.4925
   15639      16.3492        20.7840
   15640      16.4086        20.5095
   15641      16.4262        20.7595
   15642      16.4034        20.4748
   15643      16.4360        20.5591
   15644      16.3997        20.5106
   15645      16.4718        20.6626
   15646      16.3585        20.4022
   15647      16.4091        20.7258
   15648      16.3919        20.3951
   15649      16.4200        20.3507
   15650      16.4805        21.1141
   15651      16.3922        20.8493
   15652      16.3966        20.4555
   15653      16.4064        21.0153
   15654      16.3922        20.7868
   15655      16.4364        21.0500
   15656      16.3724        20.6521
   15657      16.4427        20.9788
   15658      16.4719        21.1235
   15659      16.3999        20.7191
   15660      16.3757        20.8514
   15661      16.4395        21.6397
   15662      16.5011        20.7184
   15663      16.4154        20.7554
   15664      16.4271        20.7204
   15665      16.4424        20.6207
   15666      16.3981        20.7444
   15667      16.3887        20.9183
   15668      16.3959        21.3951
   15669      16.3166        20.4483
   15670      16.2631        20.8400
   15671      16.4317        21.2387
   15672      16.3205        20.3166
   15673      16.4052        20.8915
   15674      16.3752        20.4123
   15675      16.3631        20.9451
   15676      16.4448        21.2532
   15677      16.3806        20.5187
   15678      16.4081        20.8144
   15679      16.4286        21.1927
   15680      16.4089        20.9314
   15681      16.4235        20.8440
   15682      16.4023        20.5916
   15683      16.3925        21.2810
   15684      16.4608        21.3008
   15685      16.3991        20.9714
   15686      16.4246        21.0269
   15687      16.3659        20.4581
   15688      16.3408        21.2300
   15689      16.3794        20.9478
   15690      16.4636        21.0340
   15691      16.4254        20.7801
   15692      16.3788        21.2092
   15693      16.3439        20.9966
   15694      16.3585        20.8069
   15695      16.4060        20.9388
   15696      16.3313        20.6167
   15697      16.3568        20.4198
   15698      16.3242        20.6347
   15699      16.3360        20.8296
   15700      16.3528        20.8524
   15701      16.3559        20.8971
   15702      16.3178        20.6102
   15703      16.4254        20.9545
   15704      16.3229        20.5416
   15705      16.3334        20.5572
   15706      16.3268        20.5543
   15707      16.4055        21.3775
   15708      16.2954        21.0746
   15709      16.3869        21.4096
   15710      16.3161        21.1704
   15711      16.3253        21.8558
   15712      16.3793        20.8930
   15713      16.2726        21.7128
   15714      16.3933        21.4090
   15715      16.3283        20.7830
   15716      16.3182        21.3742
   15717      16.3506        20.9201
   15718      16.3505        20.6182
   15719      16.3197        22.3184
   15720      16.3542        21.3643
   15721      16.3044        22.4192
   15722      16.3961        21.3853
   15723      16.3183        21.0076
   15724      16.2873        21.7043
   15725      16.4686        21.6871
   15726      16.4195        21.2545
   15727      16.4122        21.9704
   15728      16.3808        22.9013
   15729      16.3822        22.3176
   15730      16.3768        21.3850
   15731      16.3270        23.0201
   15732      16.2604        21.7124
   15733      16.3008        21.1017
   15734      16.2536        20.8551
   15735      16.3900        21.4179
   15736      16.4244        21.8712
   15737      16.4162        20.7007
   15738      16.3867        20.6840
   15739      16.3841        20.6873
   15740      16.3369        20.8107
   15741      16.4292        21.1299
   15742      16.4240        21.2991
   15743      16.3519        21.4817
   15744      16.3358        20.8238
   15745      16.3461        20.4190
   15746      16.3153        20.4723
   15747      16.3889        20.5492
   15748      16.3290        20.8184
   15749      16.3693        21.1002
   15750      16.2816        21.1943
   15751      16.4296        21.1659
   15752      16.2888        20.8217
   15753      16.3170        21.0425
   15754      16.3589        20.7445
   15755      16.4310        21.0933
   15756      16.3368        20.7333
   15757      16.3099        20.8232
   15758      16.3389        21.6176
   15759      16.3745        21.7118
   15760      16.3760        20.7605
   15761      16.3835        20.9313
   15762      16.3999        20.9555
   15763      16.3478        20.8885
   15764      16.3085        20.7395
   15765      16.3806        20.8873
   15766      16.3327        20.8611
   15767      16.3250        21.1177
   15768      16.3169        20.8606
   15769      16.2877        21.0054
   15770      16.3222        20.9080
   15771      16.3528        21.5067
   15772      16.3626        20.9746
   15773      16.3566        21.2123
   15774      16.2815        20.9053
   15775      16.3218        20.7793
   15776      16.3445        21.0135
   15777      16.3297        21.5598
   15778      16.3195        20.7997
   15779      16.3087        21.1451
   15780      16.3268        21.0977
   15781      16.2349        20.8068
   15782      16.3261        20.8327
   15783      16.2720        21.1620
   15784      16.2755        20.5223
   15785      16.2674        20.7808
   15786      16.2993        20.5745
   15787      16.3918        21.4926
   15788      16.2548        20.5906
   15789      16.3160        20.9280
   15790      16.3920        21.0781
   15791      16.3522        21.1004
   15792      16.2890        20.8390
   15793      16.2429        20.7198
   15794      16.3160        21.0558
   15795      16.2404        21.0277
   15796      16.2735        21.0198
   15797      16.3451        21.1602
   15798      16.2929        22.1793
   15799      16.2667        21.0692
   15800      16.3178        21.9470
   15801      16.3116        21.2186
   15802      16.3441        21.5882
   15803      16.3174        21.1041
   15804      16.3336        23.2093
   15805      16.3038        21.5953
   15806      16.3980        22.2711
   15807      16.3664        21.9917
   15808      16.3242        22.1950
   15809      16.3107        22.9256
   15810      16.3912        21.2896
   15811      16.2839        20.9034
   15812      16.3718        21.6755
   15813      16.3489        21.0307
   15814      16.3484        20.6022
   15815      16.3064        21.0592
   15816      16.3043        21.2859
   15817      16.2927        21.1656
   15818      16.3163        20.8864
   15819      16.2767        21.0361
   15820      16.3942        21.2461
   15821      16.3312        21.2203
   15822      16.3978        20.9999
   15823      16.3564        21.0234
   15824      16.3217        20.8213
   15825      16.3537        21.3121
   15826      16.2912        21.3500
   15827      16.3713        21.3811
   15828      16.2823        20.8731
   15829      16.3774        20.9067
   15830      16.3254        20.6855
   15831      16.2881        20.9924
   15832      16.3065        20.9540
   15833      16.3650        21.1475
   15834      16.3202        20.7839
   15835      16.3882        20.8479
   15836      16.3899        21.2823
   15837      16.2631        21.0526
   15838      16.3588        21.0285
   15839      16.3140        21.2884
   15840      16.1917        20.8490
   15841      16.3287        20.6301
   15842      16.2832        21.1328
   15843      16.3147        20.9355
   15844      16.3604        21.4536
   15845      16.3355        20.8493
   15846      16.2851        20.9798
   15847      16.2685        20.8817
   15848      16.3188        20.4888
   15849      16.2978        20.5997
   15850      16.3855        20.9603
   15851      16.3528        20.5510
   15852      16.3465        20.8434
   15853      16.3358        20.6021
   15854      16.3557        20.2233
   15855      16.3460        20.7454
   15856      16.3768        21.0549
   15857      16.3598        20.5624
   15858      16.3432        19.7627
   15859      16.3568        20.3758
   15860      16.3410        21.1724
   15861      16.3060        20.2818
   15862      16.2880        21.1292
   15863      16.4188        21.0262
   15864      16.3894        20.4612
   15865      16.3283        20.9416
   15866      16.3411        20.4438
   15867      16.3171        20.9800
   15868      16.4023        21.0736
   15869      16.4023        22.3114
   15870      16.4197        21.6406
   15871      16.4001        21.9817
   15872      16.3969        20.9836
   15873      16.3976        21.2833
   15874      16.2721        21.7016
   15875      16.3485        21.5658
   15876      16.4034        20.6225
   15877      16.2477        20.2480
   15878      16.3202        20.4144
   15879      16.3444        20.6728
   15880      16.3703        21.1358
   15881      16.3661        20.8539
   15882      16.3673        20.2572
   15883      16.4037        21.1576
   15884      16.3575        21.3374
   15885      16.3111        20.7288
   15886      16.2916        20.3954
   15887      16.2923        21.0573
   15888      16.2947        20.9058
   15889      16.2907        20.7834
   15890      16.2791        20.9811
   15891      16.3077        20.6857
   15892      16.4258        21.5407
   15893      16.3358        20.8586
   15894      16.3592        20.7714
   15895      16.3156        20.4595
   15896      16.3309        20.5108
   15897      16.2965        20.9875
   15898      16.2957        20.0337
   15899      16.3196        20.1260
   15900      16.3442        20.7243
   15901      16.3633        20.5110
   15902      16.2541        20.8297
   15903      16.3301        20.7296
   15904      16.2698        20.3680
   15905      16.3344        20.4119
   15906      16.2848        20.3845
   15907      16.3192        20.3361
   15908      16.3249        20.6784
   15909      16.3382        20.4657
   15910      16.3103        20.3400
   15911      16.3498        20.9346
   15912      16.2908        20.5424
   15913      16.3078        20.2049
   15914      16.2573        20.2187
   15915      16.3657        20.9164
   15916      16.3093        20.7922
   15917      16.2507        20.7202
   15918      16.2843        20.4954
   15919      16.3269        21.0549
   15920      16.3892        20.6952
   15921      16.3704        21.6910
   15922      16.3686        20.5252
   15923      16.3530        20.8866
   15924      16.3004        21.3046
   15925      16.3383        21.1782
   15926      16.3069        20.5834
   15927      16.3921        21.1226
   15928      16.3768        21.0098
   15929      16.3857        20.4212
   15930      16.3785        20.5296
   15931      16.3687        20.7906
   15932      16.3442        20.5804
   15933      16.3538        20.4643
   15934      16.4199        21.0724
   15935      16.4099        21.1639
   15936      16.3250        20.3451
   15937      16.3042        20.8258
   15938      16.3495        20.4838
   15939      16.3211        20.5002
   15940      16.2890        20.8218
   15941      16.3727        20.8702
   15942      16.3366        20.6822
   15943      16.2885        20.2794
   15944      16.3410        21.1047
   15945      16.4153        21.3145
   15946      16.3442        20.9887
   15947      16.3362        21.0008
   15948      16.3182        20.7184
   15949      16.2849        20.6150
   15950      16.2712        20.6072
   15951      16.3364        20.9793
   15952      16.3365        20.5092
   15953      16.3050        20.4760
   15954      16.2932        20.9358
   15955      16.3176        20.0101
   15956      16.3571        20.8809
   15957      16.3576        20.9212
   15958      16.2789        19.6888
   15959      16.3306        20.4730
   15960      16.3476        20.5580
   15961      16.4292        21.5508
   15962      16.3387        21.1140
   15963      16.2868        20.9712
   15964      16.3572        20.9376
   15965      16.3178        21.0670
   15966      16.3987        20.6822
   15967      16.3471        21.3039
   15968      16.3508        20.8168
   15969      16.3987        20.5365
   15970      16.4272        20.7601
   15971      16.3952        20.3943
   15972      16.4401        20.6465
   15973      16.4368        20.5485
   15974      16.3471        20.5226
   15975      16.4077        28.6451
   15976      16.3282        20.3099
   15977      16.3145        20.3971
   15978      16.2838        20.4743
   15979      16.2469        20.9355
   15980      16.3610        21.2639
   15981      16.2854        20.6782
   15982      16.3535        21.0134
   15983      16.2780        20.0860
   15984      16.3341        21.0181
   15985      16.3192        20.5763
   15986      16.3725        20.8021
   15987      16.3920        20.4107
   15988      16.4111        20.3770
   15989      16.3274        20.8173
   15990      16.4176        21.0314
   15991      16.3035        20.8213
   15992      16.2935        20.8686
   15993      16.3654        21.4561
   15994      16.3067        20.9629
   15995      16.2554        20.6063
   15996      16.2157        20.5888
   15997      16.3142        21.2356
   15998      16.2427        20.5678
   15999      16.2656        21.0726
   16000      16.3453        20.9175
   16001      16.3934        21.0810
   16002      16.3059        20.3594
   16003      16.3615        20.7507
   16004      16.3257        20.8421
   16005      16.3114        20.8116
   16006      16.3619        21.2232
   16007      16.3653        21.1339
   16008      16.3812        20.8420
   16009      16.3897        21.3845
   16010      16.3645        20.7338
   16011      16.3202        20.3588
   16012      16.4272        20.4747
   16013      16.3686        20.8248
   16014      16.4084        20.8014
   16015      16.3048        20.4541
   16016      16.3361        20.1215
   16017      16.3380        20.7162
   16018      16.2801        20.5129
   16019      16.2625        20.8813
   16020      16.3436        20.9822
   16021      16.3208        20.4705
   16022      16.3838        21.0466
   16023      16.3430        20.7983
   16024      16.2047        20.4701
   16025      16.2779        20.7339
   16026      16.3203        21.3938
   16027      16.2787        20.7647
   16028      16.3564        21.3870
   16029      16.3205        20.7107
   16030      16.2378        21.4915
   16031      16.3579        20.8043
   16032      16.4181        21.3704
   16033      16.3288        20.5957
   16034      16.4387        21.0145
   16035      16.3520        21.0913
   16036      16.4148        22.5703
   16037      16.3661        20.8399
   16038      16.3881        20.9548
   16039      16.4248        21.1028
   16040      16.3177        21.3364
   16041      16.2676        20.2565
   16042      16.3215        21.8128
   16043      16.3811        22.6833
   16044      16.2941        21.9565
   16045      16.2967        20.7966
   16046      16.3414        20.7145
   16047      16.3305        20.7460
   16048      16.2823        20.3274
   16049      16.2953        20.6182
   16050      16.3024        21.0982
   16051      16.3884        21.3881
   16052      16.3579        21.1041
   16053      16.2864        20.6867
   16054      16.3065        21.2265
   16055      16.2779        21.7869
   16056      16.2904        21.0423
   16057      16.3697        20.8892
   16058      16.2828        20.7085
   16059      16.3712        21.2132
   16060      16.3059        21.5293
   16061      16.3553        21.8877
   16062      16.3452        20.7462
   16063      16.3047        21.1817
   16064      16.3463        21.4087
   16065      16.3583        20.7367
   16066      16.3682        21.3940
   16067      16.3813        21.5170
   16068      16.3163        21.7579
   16069      16.3623        21.5618
   16070      16.2984        20.8604
   16071      16.3437        21.2815
   16072      16.3652        22.4133
   16073      16.3990        21.9032
   16074      16.3486        21.2191
   16075      16.3594        21.1054
   16076      16.3266        21.7754
   16077      16.3688        21.1231
   16078      16.3981        21.2026
   16079      16.3699        21.2292
   16080      16.3815        21.0610
   16081      16.3083        20.8006
   16082      16.2966        21.0097
   16083      16.3476        20.8255
   16084      16.3420        20.8847
   16085      16.3081        20.9012
   16086      16.3709        20.8535
   16087      16.3909        20.5243
   16088      16.3370        21.4551
   16089      16.3563        21.0066
   16090      16.3438        21.5100
   16091      16.3316        20.9880
   16092      16.4292        21.4328
   16093      16.3797        21.2116
   16094      16.3325        20.9635
   16095      16.2896        21.3574
   16096      16.3168        21.1086
   16097      16.3086        20.7893
   16098      16.3419        20.9865
   16099      16.3515        21.1925
   16100      16.3144        21.0188
   16101      16.3563        21.2055
   16102      16.3681        20.6216
   16103      16.4162        21.5989
   16104      16.3747        21.1962
   16105      16.3949        20.9990
   16106      16.3590        21.3899
   16107      16.4299        21.1717
   16108      16.2792        20.7166
   16109      16.3420        21.2059
   16110      16.3630        21.1511
   16111      16.4365        21.6258
   16112      16.4288        21.2201
   16113      16.3408        21.3257
   16114      16.3710        21.3121
   16115      16.3938        21.9907
   16116      16.4227        21.3463
   16117      16.4422        21.6565
   16118      16.3761        21.8101
   16119      16.3400        21.5476
   16120      16.4164        21.1569
   16121      16.3629        20.9828
   16122      16.3234        20.8573
   16123      16.4209        21.2825
   16124      16.3319        21.1343
   16125      16.4197        21.4370
   16126      16.3670        20.8031
   16127      16.4030        20.8442
   16128      16.3590        20.8936
   16129      16.3630        21.0680
   16130      16.3014        21.1116
   16131      16.4176        21.2452
   16132      16.4687        20.7274
   16133      16.3642        20.7002
   16134      16.3630        21.2063
   16135      16.4412        21.3213
   16136      16.4095        21.0705
   16137      16.4251        20.9048
   16138      16.3126        21.1778
   16139      16.4103        21.3023
   16140      16.4030        20.9193
   16141      16.3165        20.8970
   16142      16.4005        21.3243
   16143      16.3377        21.1134
   16144      16.3469        21.2309
   16145      16.3788        21.3091
   16146      16.3628        22.1211
   16147      16.3678        20.9320
   16148      16.3693        21.4603
   16149      16.3158        20.8617
   16150      16.3731        21.4574
   16151      16.3123        20.4121
   16152      16.3953        20.5203
   16153      16.3584        20.7258
   16154      16.3765        21.0255
   16155      16.3019        21.1057
   16156      16.3549        21.2153
   16157      16.2993        21.2296
   16158      16.3882        21.0902
   16159      16.3056        21.1226
   16160      16.3788        21.6566
   16161      16.3204        20.7528
   16162      16.3155        21.0102
   16163      16.3705        21.1201
   16164      16.3430        21.3947
   16165      16.2860        20.7174
   16166      16.2571        20.9229
   16167      16.2865        20.9874
   16168      16.3019        21.2162
   16169      16.4043        21.2810
   16170      16.3979        21.3771
   16171      16.3638        20.7824
   16172      16.3149        20.9552
   16173      16.3949        20.9293
   16174      16.2961        20.9596
   16175      16.2909        20.9014
   16176      16.3166        20.7420
   16177      16.3919        21.1484
   16178      16.3955        20.7464
   16179      16.3253        20.1345
   16180      16.3691        20.7747
   16181      16.3242        21.0318
   16182      16.3870        20.6452
   16183      16.3723        20.6294
   16184      16.3180        21.4134
   16185      16.3937        21.0219
   16186      16.2514        20.9290
   16187      16.3134        20.9591
   16188      16.3259        20.6039
   16189      16.3384        21.1249
   16190      16.3542        20.7626
   16191      16.3778        21.2455
   16192      16.3711        21.7612
   16193      16.3176        21.7222
   16194      16.4164        21.1055
   16195      16.3232        21.1909
   16196      16.3540        20.9027
   16197      16.3363        20.6102
   16198      16.3085        20.2253
   16199      16.3367        20.4977
   16200      16.3696        20.7183
   16201      16.3465        21.1316
   16202      16.3610        21.7615
   16203      16.3686        20.8688
   16204      16.3618        20.8285
   16205      16.3980        21.2670
   16206      16.4033        20.7844
   16207      16.3360        20.3812
   16208      16.3943        21.3277
   16209      16.3274        20.7409
   16210      16.3678        21.1747
   16211      16.3381        20.3116
   16212      16.3024        20.5358
   16213      16.3613        20.8937
   16214      16.3585        21.0563
   16215      16.3758        21.0688
   16216      16.3199        20.6168
   16217      16.3692        22.0360
   16218      16.4476        21.2187
   16219      16.3884        21.7421
   16220      16.4189        20.8315
   16221      16.4147        22.4182
   16222      16.3624        21.2787
   16223      16.3409        21.6361
   16224      16.3267        21.8085
   16225      16.3583        21.5374
   16226      16.3367        21.2449
   16227      16.3488        21.4181
   16228      16.3736        20.8645
   16229      16.3299        21.3909
   16230      16.3375        22.0691
   16231      16.3473        22.1403
   16232      16.2903        22.1329
   16233      16.3592        20.9284
   16234      16.3429        22.3486
   16235      16.3626        22.7197
   16236      16.3343        21.7330
   16237      16.3708        21.1389
   16238      16.2946        21.8157
   16239      16.3346        21.9087
   16240      16.2726        21.9173
   16241      16.2732        20.8754
   16242      16.3837        21.8407
   16243      16.3730        22.8604
   16244      16.3323        22.4419
   16245      16.3584        21.4379
   16246      16.3289        21.5135
   16247      16.3468        20.6311
   16248      16.2965        20.9972
   16249      16.4079        21.0951
   16250      16.4085        21.6543
   16251      16.4142        20.9780
   16252      16.3757        21.1423
   16253      16.4094        21.6605
   16254      16.3918        21.1832
   16255      16.4014        22.2355
   16256      16.4045        20.8777
   16257      16.3454        21.5191
   16258      16.3961        22.1340
   16259      16.4646        21.7932
   16260      16.3590        21.5721
   16261      16.4041        21.9877
   16262      16.4260        21.6920
   16263      16.3884        21.4710
   16264      16.4320        21.3532
   16265      16.4423        21.9274
   16266      16.4172        21.0360
   16267      16.4506        21.6183
   16268      16.3785        21.0345
   16269      16.4574        21.7573
   16270      16.3978        22.2964
   16271      16.4084        21.4056
   16272      16.3508        20.8583
   16273      16.3342        21.8674
   16274      16.3275        21.4591
   16275      16.4190        21.4617
   16276      16.3767        22.7983
   16277      16.4392        22.3362
   16278      16.3513        22.0533
   16279      16.3490        20.4152
   16280      16.4313        22.1383
   16281      16.4468        20.9833
   16282      16.3834        21.3195
   16283      16.2938        20.5490
   16284      16.3195        20.4138
   16285      16.3272        20.2195
   16286      16.3089        20.1168
   16287      16.2625        20.1792
   16288      16.2879        21.0171
   16289      16.3876        20.6385
   16290      16.3348        20.6063
   16291      16.3727        21.2334
   16292      16.3141        21.8724
   16293      16.3602        21.1894
   16294      16.4079        21.1147
   16295      16.3784        21.0943
   16296      16.3512        21.1629
   16297      16.3867        21.7166
   16298      16.4365        20.8123
   16299      16.3787        21.8714
   16300      16.3662        21.1634
   16301      16.3155        20.6501
   16302      16.3605        21.0685
   16303      16.3663        21.6729
   16304      16.3914        20.8963
   16305      16.3429        20.7730
   16306      16.3608        22.1286
   16307      16.3753        22.0987
   16308      16.4096        22.0851
   16309      16.4254        20.8976
   16310      16.4311        21.7676
   16311      16.4704        22.5410
   16312      16.3837        22.0792
   16313      16.4543        21.3427
   16314      16.4066        21.9079
   16315      16.4094        22.2991
   16316      16.4462        21.4374
   16317      16.4209        21.5050
   16318      16.4753        20.7069
   16319      16.4401        20.9711
   16320      16.4369        21.1055
   16321      16.4517        21.7300
   16322      16.4420        21.7093
   16323      16.3348        21.7459
   16324      16.3014        21.3859
   16325      16.3566        21.7232
   16326      16.4328        21.3099
   16327      16.4062        20.8808
   16328      16.4839        22.4021
   16329      16.4531        21.7903
   16330      16.5100        22.3240
   16331      16.4292        21.2317
   16332      16.3831        21.0437
   16333      16.4481        21.0570
   16334      16.4059        21.4104
   16335      16.3751        22.4487
   16336      16.4540        22.1031
   16337      16.4089        21.9078
   16338      16.3376        22.1944
   16339      16.3796        21.5171
   16340      16.3737        22.0407
   16341      16.3965        21.2555
   16342      16.4069        21.8469
   16343      16.3893        21.5645
   16344      16.4079        21.6549
   16345      16.3793        21.2405
   16346      16.3767        21.1806
   16347      16.3314        20.9362
   16348      16.3621        20.7676
   16349      16.3945        20.9344
   16350      16.3570        20.7946
   16351      16.3876        20.6188
   16352      16.2997        20.5308
   16353      16.3684        20.7186
   16354      16.3569        21.2238
   16355      16.3392        20.8898
   16356      16.3874        21.2275
   16357      16.3488        20.9442
   16358      16.3406        21.3654
   16359      16.3536        20.8036
   16360      16.4412        20.5393
   16361      16.4273        21.4360
   16362      16.3863        21.0514
   16363      16.4152        21.3449
   16364      16.3613        20.6800
   16365      16.3791        20.8021
   16366      16.2969        20.5071
   16367      16.3056        20.8999
   16368      16.3237        20.8862
   16369      16.3295        20.6872
   16370      16.3167        20.8772
   16371      16.3351        20.6230
   16372      16.3075        20.5978
   16373      16.3099        20.7192
   16374      16.3472        20.9222
   16375      16.2649        20.6212
   16376      16.3699        20.6858
   16377      16.3535        21.0840
   16378      16.3700        20.4566
   16379      16.3928        20.3852
   16380      16.4335        21.0992
   16381      16.3895        21.3959
   16382      16.3649        20.7374
   16383      16.4029        21.1681
   16384      16.4425        20.8965
   16385      16.4208        21.4923
   16386      16.3598        20.6331
   16387      16.3693        21.2049
   16388      16.3861        20.4596
   16389      16.3582        21.3399
   16390      16.4330        21.1141
   16391      16.3845        20.7788
   16392      16.4829        21.6235
   16393      16.4664        21.4577
   16394      16.4213        20.9133
   16395      16.3725        21.0886
   16396      16.3850        21.0588
   16397      16.4288        20.8852
   16398      16.3611        20.9150
   16399      16.3587        20.9437
   16400      16.4411        21.6343
   16401      16.3784        20.9924
   16402      16.3524        21.1498
   16403      16.3972        21.8515
   16404      16.3906        21.2189
   16405      16.4074        22.2708
   16406      16.3761        20.8598
   16407      16.3913        21.5593
   16408      16.3651        21.3068
   16409      16.3578        21.0889
   16410      16.3654        20.9366
   16411      16.4012        21.4133
   16412      16.3480        20.8769
   16413      16.4137        21.4221
   16414      16.3816        21.2199
   16415      16.3889        21.3090
   16416      16.4162        21.1060
   16417      16.3225        21.2287
   16418      16.3374        20.7146
   16419      16.4113        21.7390
   16420      16.4168        21.0945
   16421      16.4481        21.6483
   16422      16.4580        21.1177
   16423      16.4323        21.2859
   16424      16.4473        21.3223
   16425      16.3765        21.6162
   16426      16.4483        20.8985
   16427      16.3684        21.0654
   16428      16.3549        21.0068
   16429      16.3545        21.3269
   16430      16.4167        22.1010
   16431      16.4047        21.0636
   16432      16.3928        20.8992
   16433      16.3105        21.2413
   16434      16.3425        21.2025
   16435      16.3707        21.0068
   16436      16.4195        21.2629
   16437      16.4741        21.4406
   16438      16.3413        20.7490
   16439      16.4348        20.8911
   16440      16.3708        21.0386
   16441      16.3744        20.3053
   16442      16.3957        21.1879
   16443      16.3982        21.4181
   16444      16.3695        21.2039
   16445      16.3808        21.1640
   16446      16.3920        20.9186
   16447      16.3643        20.7219
   16448      16.4668        21.0987
   16449      16.4223        20.8099
   16450      16.3828        20.8712
   16451      16.4264        21.1904
   16452      16.3562        21.3338
   16453      16.4086        21.1889
   16454      16.4965        21.0477
   16455      16.3888        21.1988
   16456      16.4275        20.7686
   16457      16.4102        20.9295
   16458      16.4787        21.3525
   16459      16.4642        21.3664
   16460      16.4609        21.4742
   16461      16.4027        20.8259
   16462      16.3772        20.9323
   16463      16.4037        20.6071
   16464      16.4488        21.3267
   16465      16.4084        21.5125
   16466      16.3945        21.3892
   16467      16.4054        20.9839
   16468      16.4107        20.5882
   16469      16.4548        20.8632
   16470      16.4239        21.1005
   16471      16.4413        21.3283
   16472      16.5189        21.5642
   16473      16.4667        21.1671
   16474      16.4023        21.0669
   16475      16.3594        20.8215
   16476      16.3946        20.9732
   16477      16.4115        20.7603
   16478      16.4295        21.3231
   16479      16.4075        20.7073
   16480      16.4527        21.4856
   16481      16.4032        20.5636
   16482      16.4656        20.7824
   16483      16.3870        20.9466
   16484      16.4054        20.6040
   16485      16.3604        20.6189
   16486      16.3740        21.0390
   16487      16.4384        20.9196
   16488      16.3378        20.7567
   16489      16.3842        20.4929
   16490      16.3379        21.0372
   16491      16.4925        21.3029
   16492      16.3637        20.3718
   16493      16.3948        21.1437
   16494      16.3498        20.3482
   16495      16.3625        20.4605
   16496      16.3143        20.2695
   16497      16.4147        20.8687
   16498      16.3903        20.6756
   16499      16.4023        20.9580
   16500      16.3365        20.6800
   16501      16.3671        20.5152
   16502      16.3956        20.8796
   16503      16.3772        20.4874
   16504      16.3465        20.5032
   16505      16.3603        20.1558
   16506      16.3730        20.5258
   16507      16.3898        20.0485
   16508      16.3924        28.5539
   16509      16.3865        20.5236
   16510      16.3928        20.2314
   16511      16.4005        20.6012
   16512      16.5373        21.0915
   16513      16.4327        22.6956
   16514      16.4295        23.3454
   16515      16.3582        21.7762
   16516      16.3662        21.4444
   16517      16.4399        21.1033
   16518      16.5221        21.5095
   16519      16.4657        21.5430
   16520      16.4552        20.6623
   16521      16.4400        20.6936
   16522      16.4435        20.6239
   16523      16.4505        20.5293
   16524      16.4602        20.6368
   16525      16.4089        20.7955
   16526      16.4620        21.3270
   16527      16.5415        21.3816
   16528      16.4397        20.7584
   16529      16.4754        21.0066
   16530      16.4617        21.2711
   16531      16.4883        21.9018
   16532      16.3832        20.8777
   16533      16.4796        21.2662
   16534      16.4094        21.4042
   16535      16.4599        21.9216
   16536      16.4340        22.2509
   16537      16.4187        21.8067
   16538      16.4817        21.3470
   16539      16.4818        21.0676
   16540      16.4141        21.0673
   16541      16.4448        21.0067
   16542      16.4905        20.9695
   16543      16.4122        20.5168
   16544      16.4206        20.8442
   16545      16.4696        22.5445
   16546      16.4702        21.7669
   16547      16.4751        21.4507
   16548      16.4741        21.2786
   16549      16.4241        20.5770
   16550      16.4124        20.3165
   16551      16.4857        22.3719
   16552      16.4534        23.7930
   16553      16.4654        23.0543
   16554      16.5257        22.1595
   16555      16.4744        21.8491
   16556      16.4605        21.2315
   16557      16.4271        21.9996
   16558      16.4915        20.7652
   16559      16.4960        21.9040
   16560      16.4614        21.6121
   16561      16.4834        22.2167
   16562      16.4599        20.6917
   16563      16.4334        21.0813
   16564      16.4835        20.6752
   16565      16.4508        21.2223
   16566      16.4138        21.5130
   16567      16.4448        21.9651
   16568      16.4760        21.4661
   16569      16.3953        21.1899
   16570      16.4667        21.8314
   16571      16.4387        21.4085
   16572      16.3789        21.2509
   16573      16.4783        21.2293
   16574      16.4278        20.9130
   16575      16.3643        21.2129
   16576      16.3987        21.2403
   16577      16.4396        21.4547
   16578      16.3609        20.4830
   16579      16.3515        20.8263
   16580      16.4204        21.0330
   16581      16.4057        21.7917
   16582      16.4605        20.8069
   16583      16.3829        21.0649
   16584      16.3561        20.5244
   16585      16.3733        21.1485
   16586      16.3288        20.9280
   16587      16.3313        21.6165
   16588      16.3418        21.0323
   16589      16.3794        21.7294
   16590      16.4205        21.6441
   16591      16.3503        21.6875
   16592      16.4007        22.0714
   16593      16.3813        22.1615
   16594      16.4456        22.0627
   16595      16.3968        20.9943
   16596      16.4083        21.8853
   16597      16.3503        21.3776
   16598      16.4232        21.3843
   16599      16.3617        22.1067
   16600      16.3992        21.2311
   16601      16.3264        21.3703
   16602      16.3135        20.6138
   16603      16.3353        22.2317
   16604      16.3538        22.7929
   16605      16.3761        21.8614
   16606      16.4068        20.8031
   16607      16.4136        21.0481
   16608      16.3877        21.6782
   16609      16.5108        21.1373
   16610      16.4384        22.0004
   16611      16.4349        21.4894
   16612      16.4439        21.0927
   16613      16.4280        20.9952
   16614      16.3655        21.4934
   16615      16.4161        20.7928
   16616      16.3736        20.7776
   16617      16.4095        20.8828
   16618      16.3544        20.4458
   16619      16.4005        20.9762
   16620      16.4342        20.8859
   16621      16.4150        20.7955
   16622      16.3310        20.6014
   16623      16.2982        20.3420
   16624      16.3315        21.0794
   16625      16.3133        20.6842
   16626      16.4254        20.5326
   16627      16.3715        20.7370
   16628      16.3473        20.7664
   16629      16.3207        22.0577
   16630      16.3663        20.9633
   16631      16.3238        20.8819
   16632      16.3606        20.8231
   16633      16.3078        20.6499
   16634      16.3011        20.5362
   16635      16.2964        20.6441
   16636      16.3319        20.5140
   16637      16.3901        20.6270
   16638      16.3628        20.3152
   16639      16.3705        20.3023
   16640      16.3425        20.5744
   16641      16.3516        20.6021
   16642      16.3056        20.2770
   16643      16.3087        20.6981
   16644      16.3959        20.5645
   16645      16.4085        20.5702
   16646      16.3568        20.7619
   16647      16.3720        20.9958
   16648      16.4428        21.1959
   16649      16.2989        20.7238
   16650      16.3713        21.1143
   16651      16.3633        21.3021
   16652      16.3640        21.2483
   16653      16.3471        20.8018
   16654      16.3098        20.7789
   16655      16.4401        20.7212
   16656      16.3782        21.0711
   16657      16.4358        21.0068
   16658      16.3123        20.9471
   16659      16.3121        21.2252
   16660      16.2589        20.7169
   16661      16.3747        20.9896
   16662      16.4624        21.1788
   16663      16.3372        20.8362
   16664      16.3953        21.4242
   16665      16.3714        20.9753
   16666      16.3742        21.2782
   16667      16.4191        21.5616
   16668      16.4502        21.1857
   16669      16.4581        21.7244
   16670      16.3867        20.9476
   16671      16.3760        21.2025
   16672      16.3846        21.7419
   16673      16.4084        21.1522
   16674      16.4341        21.4936
   16675      16.4269        21.3635
   16676      16.3960        21.3746
   16677      16.4128        21.6804
   16678      16.4292        21.6983
   16679      16.4647        21.3320
   16680      16.3664        21.4093
   16681      16.3922        21.2078
   16682      16.4603        21.2291
   16683      16.4609        21.5945
   16684      16.3683        21.4501
   16685      16.4177        21.2992
   16686      16.4135        21.4462
   16687      16.4076        21.3245
   16688      16.3781        21.0475
   16689      16.3277        21.4591
   16690      16.4040        21.3776
   16691      16.4311        21.5186
   16692      16.3486        20.9816
   16693      16.4050        21.2362
   16694      16.4122        21.4197
   16695      16.3922        20.9541
   16696      16.3748        20.9176
   16697      16.3371        20.9876
   16698      16.3413        21.0113
   16699      16.3418        21.6130
   16700      16.2807        20.8872
   16701      16.3798        21.4441
   16702      16.4002        21.2013
   16703      16.3832        21.3902
   16704      16.3214        21.1755
   16705      16.3291        20.9002
   16706      16.3543        20.8452
   16707      16.3313        20.5322
   16708      16.3778        21.2678
   16709      16.2973        20.5487
   16710      16.3309        21.1300
   16711      16.3455        21.4232
   16712      16.3240        20.9494
   16713      16.3812        20.7512
   16714      16.4353        20.8674
   16715      16.3664        21.4101
   16716      16.3763        21.3955
   16717      16.3582        20.7870
   16718      16.4125        20.9042
   16719      16.3292        20.9746
   16720      16.3996        21.3589
   16721      16.3711        21.0428
   16722      16.3268        20.5295
   16723      16.3610        21.0330
   16724      16.3997        20.9888
   16725      16.3429        20.8519
   16726      16.3487        21.0845
   16727      16.2894        20.5351
   16728      16.3294        21.1780
   16729      16.4263        21.5967
   16730      16.3619        21.1904
   16731      16.3756        22.3945
   16732      16.4006        20.9401
   16733      16.4138        20.9072
   16734      16.4672        21.3022
   16735      16.4660        21.7871
   16736      16.4285        21.0890
   16737      16.3957        21.2613
   16738      16.3921        21.4732
   16739      16.4208        21.2059
   16740      16.3665        21.3799
   16741      16.4484        22.0125
   16742      16.3562        20.8729
   16743      16.3805        20.9915
   16744      16.3919        21.5249
   16745      16.3102        20.4526
   16746      16.3943        20.3241
   16747      16.4562        21.0031
   16748      16.4319        20.7759
   16749      16.4908        21.0540
   16750      16.4309        21.1398
   16751      16.4122        20.4353
   16752      16.4406        21.4766
   16753      16.4580        20.9145
   16754      16.4572        21.5877
   16755      16.4521        21.3197
   16756      16.4649        21.3525
   16757      16.3834        21.0714
   16758      16.4488        21.7373
   16759      16.3746        21.4530
   16760      16.4524        21.4591
   16761      16.4569        21.3846
   16762      16.3428        20.9726
   16763      16.4558        20.1836
   16764      16.4495        21.2026
   16765      16.5025        21.1677
   16766      16.4516        21.8180
   16767      16.4771        21.3669
   16768      16.4324        20.9543
   16769      16.3952        20.8229
   16770      16.4075        21.3579
   16771      16.4190        21.0298
   16772      16.4822        20.9358
   16773      16.4138        21.4543
   16774      16.3956        20.6203
   16775      16.4476        21.2801
   16776      16.4401        20.8728
   16777      16.3909        21.1847
   16778      16.4515        20.9475
   16779      16.4309        21.2462
   16780      16.4319        20.9726
   16781      16.3965        21.3100
   16782      16.4201        21.5373
   16783      16.4606        21.4881
   16784      16.4444        21.4538
   16785      16.3914        21.5132
   16786      16.4264        21.5114
   16787      16.3848        21.2555
   16788      16.4519        20.9443
   16789      16.3895        21.5851
   16790      16.3826        21.2588
   16791      16.3965        20.6891
   16792      16.3658        21.2464
   16793      16.3637        20.9697
   16794      16.3621        20.9581
   16795      16.4175        21.1909
   16796      16.4225        21.7666
   16797      16.4685        21.6031
   16798      16.3622        21.4928
   16799      16.3762        21.1584
   16800      16.3991        21.6615
   16801      16.4073        21.0203
   16802      16.4128        21.2035
   16803      16.4510        20.7095
   16804      16.4198        21.2328
   16805      16.4218        20.3628
   16806      16.3993        20.8952
   16807      16.4201        20.7983
   16808      16.4223        20.9885
   16809      16.4509        21.1139
   16810      16.4635        21.5213
   16811      16.4437        21.4539
   16812      16.3574        21.0216
   16813      16.4468        21.2691
   16814      16.3037        21.5521
   16815      16.2892        20.5160
   16816      16.3860        21.0179
   16817      16.3046        21.4114
   16818      16.3398        20.9451
   16819      16.3649        21.5523
   16820      16.4014        21.9310
   16821      16.3820        22.0968
   16822      16.4164        21.2421
   16823      16.3567        21.4277
   16824      16.4832        22.0352
   16825      16.4278        21.7861
   16826      16.4429        21.5923
   16827      16.4045        21.6736
   16828      16.3719        21.5992
   16829      16.3627        21.2941
   16830      16.3473        21.0769
   16831      16.4176        21.2881
   16832      16.3162        21.7456
   16833      16.3709        21.6149
   16834      16.3924        21.5722
   16835      16.3428        21.3396
   16836      16.4490        21.7246
   16837      16.4044        21.5628
   16838      16.3582        22.0547
   16839      16.4166        21.6899
   16840      16.3858        20.9285
   16841      16.4147        21.6177
   16842      16.3880        21.3632
   16843      16.3820        21.4934
   16844      16.4529        21.3720
   16845      16.3590        21.6589
   16846      16.3846        21.4852
   16847      16.4249        20.9161
   16848      16.4282        21.7834
   16849      16.3517        21.4541
   16850      16.3815        21.3675
   16851      16.3815        21.8886
   16852      16.3269        20.9098
   16853      16.3120        20.8782
   16854      16.3684        21.3645
   16855      16.4023        21.5387
   16856      16.3242        20.3947
   16857      16.3976        21.0616
   16858      16.3907        20.9427
   16859      16.4241        21.8136
   16860      16.3980        21.9034
   16861      16.3932        21.2947
   16862      16.5047        22.1037
   16863      16.4075        21.2205
   16864      16.4253        21.4662
   16865      16.4162        21.2282
   16866      16.4694        21.4195
   16867      16.4480        21.8311
   16868      16.4419        21.5075
   16869      16.3720        22.3436
   16870      16.4516        22.1496
   16871      16.4810        21.6285
   16872      16.4748        21.3720
   16873      16.4204        22.5077
   16874      16.3680        21.7761
   16875      16.3795        22.0256
   16876      16.4070        21.8376
   16877      16.3712        21.3519
   16878      16.3173        21.4935
   16879      16.3726        21.1672
   16880      16.4284        21.3197
   16881      16.3562        21.4224
   16882      16.3288        21.1861
   16883      16.3968        21.1020
   16884      16.3589        21.3061
   16885      16.3439        21.1515
   16886      16.3937        21.4352
   16887      16.3745        21.6982
   16888      16.3349        21.9395
   16889      16.3734        21.3968
   16890      16.4034        21.7440
   16891      16.3930        22.1368
   16892      16.3736        22.1541
   16893      16.3722        21.6952
   16894      16.4222        21.6926
   16895      16.4073        21.4865
   16896      16.4185        21.6524
   16897      16.3698        21.3689
   16898      16.3297        21.7713
   16899      16.3187        21.0529
   16900      16.3097        21.9740
   16901      16.3118        21.6186
   16902      16.2629        20.7521
   16903      16.3607        21.5248
   16904      16.2808        21.8469
   16905      16.3398        21.1880
   16906      16.3150        20.9485
   16907      16.3414        20.8895
   16908      16.3284        21.6555
   16909      16.3094        21.5342
   16910      16.2406        21.2151
   16911      16.3143        21.8725
   16912      16.3565        21.4768
   16913      16.3940        21.5336
   16914      16.3585        21.6741
   16915      16.3752        20.8094
   16916      16.3096        20.8133
   16917      16.3358        21.3682
   16918      16.3583        21.7465
   16919      16.3228        21.2314
   16920      16.3068        20.3173
   16921      16.3191        21.4667
   16922      16.3771        21.6806
   16923      16.2666        21.0833
   16924      16.3687        21.5759
   16925      16.2696        20.8459
   16926      16.2683        21.1638
   16927      16.3344        21.2462
   16928      16.2994        20.8855
   16929      16.2914        20.5228
   16930      16.3038        21.6897
   16931      16.3885        21.6156
   16932      16.3494        21.2001
   16933      16.3705        21.8639
   16934      16.3109        21.3794
   16935      16.4102        21.0446
   16936      16.4135        22.0064
   16937      16.3755        21.6430
   16938      16.3219        21.4771
   16939      16.3625        21.9199
   16940      16.3470        22.0736
   16941      16.4112        22.7115
   16942      16.3799        21.6206
   16943      16.3246        21.5488
   16944      16.4025        21.8529
   16945      16.3215        21.3736
   16946      16.3463        21.7861
   16947      16.3725        21.8735
   16948      16.3490        21.5966
   16949      16.3832        21.8002
   16950      16.2704        21.0975
   16951      16.3296        21.4554
   16952      16.3427        21.4869
   16953      16.2362        21.8529
   16954      16.3575        21.5277
   16955      16.3369        21.8637
   16956      16.4039        21.1204
   16957      16.3581        22.3858
   16958      16.2925        22.1993
   16959      16.3313        21.4672
   16960      16.2973        21.4420
   16961      16.2505        21.2835
   16962      16.4033        22.1459
   16963      16.2911        23.1871
   16964      16.3509        22.1479
   16965      16.3419        22.5929
   16966      16.3637        21.4442
   16967      16.3744        21.5298
   16968      16.3613        21.2348
   16969      16.3364        21.2360
   16970      16.3039        21.7802
   16971      16.3220        21.4770
   16972      16.3777        21.4697
   16973      16.3221        21.0898
   16974      16.3755        21.3586
   16975      16.3732        21.1375
   16976      16.3940        21.2356
   16977      16.3532        21.5963
   16978      16.3488        21.0760
   16979      16.2974        21.1517
   16980      16.3875        21.3924
   16981      16.3357        21.3617
   16982      16.3247        21.5207
   16983      16.3215        21.2545
   16984      16.3155        21.2149
   16985      16.3788        21.5390
   16986      16.3618        21.2329
   16987      16.3678        21.6106
   16988      16.3567        21.2891
   16989      16.4278        21.5987
   16990      16.3345        21.6511
   16991      16.3240        21.6865
   16992      16.3411        21.8783
   16993      16.3266        21.6471
   16994      16.3649        21.4844
   16995      16.3061        21.0577
   16996      16.3674        21.2763
   16997      16.2950        21.2419
   16998      16.3429        22.3731
   16999      16.2609        21.3155
   17000      16.3158        21.3278
   17001      16.3491        21.6314
   17002      16.3387        21.7805
   17003      16.3769        21.5173
   17004      16.2745        22.0437
   17005      16.3281        22.4688
   17006      16.3297        21.3990
   17007      16.3435        20.6066
   17008      16.4235        21.5430
   17009      16.3607        21.0696
   17010      16.3727        21.2836
   17011      16.3309        21.9441
   17012      16.3057        21.4079
   17013      16.3828        22.1628
   17014      16.3327        22.4607
   17015      16.3687        21.1542
   17016      16.3823        21.7511
   17017      16.3870        22.1827
   17018      16.4000        22.0544
   17019      16.3673        21.6898
   17020      16.3423        21.7759
   17021      16.3556        22.0689
   17022      16.3546        22.8822
   17023      16.3750        22.2056
   17024      16.4076        21.6874
   17025      16.3829        24.1189
   17026      16.3971        22.4162
   17027      16.3468        21.4712
   17028      16.3510        21.1165
   17029      16.3585        21.6475
   17030      16.3506        21.6274
   17031      16.3243        21.6907
   17032      16.3154        21.8736
   17033      16.3192        21.7668
   17034      16.3256        21.3580
   17035      16.3620        21.5202
   17036      16.3765        21.6310
   17037      16.3473        21.2490
   17038      16.4271        21.3506
   17039      16.4011        21.6600
   17040      16.3718        21.3449
   17041      16.3038        21.4762
   17042      16.3398        21.5193
   17043      16.4390        21.6263
   17044      16.3271        22.0118
   17045      16.3243        21.5288
   17046      16.4291        21.9804
   17047      16.3619        21.8042
   17048      16.2837        20.9717
   17049      16.3602        21.8013
   17050      16.3229        21.4859
   17051      16.2787        21.3390
   17052      16.3661        21.3881
   17053      16.3463        21.2487
   17054      16.3729        21.2351
   17055      16.2444        20.6574
   17056      16.3333        20.9573
   17057      16.2807        20.6338
   17058      16.3333        21.3457
   17059      16.3231        21.1171
   17060      16.2901        20.7079
   17061      16.3383        21.0147
   17062      16.3229        20.7914
   17063      16.3598        20.6900
   17064      16.2873        21.1287
   17065      16.3561        20.9757
   17066      16.2979        21.6556
   17067      16.3632        22.0963
   17068      16.3799        21.8038
   17069      16.3513        21.2214
   17070      16.2933        21.3046
   17071      16.3918        21.8770
   17072      16.4218        21.4451
   17073      16.4420        21.5150
   17074      16.3518        21.2146
   17075      16.3271        21.3518
   17076      16.2866        21.7686
   17077      16.3367        20.9489
   17078      16.2720        21.3430
   17079      16.3874        22.0609
   17080      16.3477        21.7222
   17081      16.3679        21.1791
   17082      16.3290        21.8538
   17083      16.3894        21.0938
   17084      16.3946        21.8828
   17085      16.3879        22.2198
   17086      16.3459        21.3437
   17087      16.4285        21.3325
   17088      16.4326        22.1583
   17089      16.4162        21.8448
   17090      16.4278        23.3502
   17091      16.5057        23.9315
   17092      16.3947        23.0486
   17093      16.4164        23.2029
   17094      16.3808        22.9556
   17095      16.3749        23.5659
   17096      16.4125        22.8543
   17097      16.3006        22.2701
   17098      16.3331        21.3413
   17099      16.3379        21.8492
   17100      16.3622        21.5339
   17101      16.2970        21.3897
   17102      16.3853        21.6430
   17103      16.3740        21.9732
   17104      16.4210        21.1176
   17105      16.3715        21.6113
   17106      16.4005        21.6845
   17107      16.3811        21.1942
   17108      16.3551        21.1495
   17109      16.3135        22.1290
   17110      16.3190        20.7871
   17111      16.3578        20.8681
   17112      16.3320        21.0259
   17113      16.3295        21.4008
   17114      16.2955        21.6226
   17115      16.2991        21.3957
   17116      16.3763        22.2000
   17117      16.3866        21.5352
   17118      16.3581        22.5635
   17119      16.3986        22.1316
   17120      16.4057        21.9187
   17121      16.3760        22.1231
   17122      16.3588        21.3965
   17123      16.3816        22.0326
   17124      16.3939        21.6814
   17125      16.3617        21.3987
   17126      16.3838        21.6214
   17127      16.3326        21.7654
   17128      16.3208        21.5310
   17129      16.3156        21.3242
   17130      16.3070        21.2781
   17131      16.2861        21.4286
   17132      16.3503        21.4254
   17133      16.4268        21.4801
   17134      16.3536        21.5955
   17135      16.3623        21.6669
   17136      16.4322        22.1383
   17137      16.3469        21.7870
   17138      16.4079        22.0098
   17139      16.3590        21.6979
   17140      16.3537        20.8766
   17141      16.3979        21.0678
   17142      16.2812        20.9908
   17143      16.3454        21.7767
   17144      16.3829        21.1144
   17145      16.3179        21.0938
   17146      16.4196        21.7148
   17147      16.4294        21.8011
   17148      16.3242        21.2620
   17149      16.4200        21.7225
   17150      16.3137        21.0549
   17151      16.3220        21.4125
   17152      16.4176        21.0906
   17153      16.3886        21.2612
   17154      16.3568        20.8898
   17155      16.3114        21.9987
   17156      16.2234        20.7616
   17157      16.2615        20.7551
   17158      16.2993        20.6477
   17159      16.2939        20.3228
   17160      16.2978        20.5524
   17161      16.3333        21.1028
   17162      16.2653        20.4421
   17163      16.3211        20.3843
   17164      16.2957        20.4227
   17165      16.3331        20.9925
   17166      16.3500        21.0430
   17167      16.2519        21.2863
   17168      16.3313        20.7923
   17169      16.2986        20.9027
   17170      16.2598        20.8874
   17171      16.3312        20.9305
   17172      16.3644        21.4487
   17173      16.3156        21.5129
   17174      16.3000        20.8458
   17175      16.3286        21.0728
   17176      16.3386        20.6319
   17177      16.3519        20.9346
   17178      16.2826        20.7110
   17179      16.2890        20.7811
   17180      16.3492        20.9194
   17181      16.3288        21.0116
   17182      16.3621        21.1800
   17183      16.3896        20.8937
   17184      16.3844        21.0068
   17185      16.4542        21.0180
   17186      16.3717        21.1895
   17187      16.3529        21.0543
   17188      16.3236        21.1685
   17189      16.3305        21.0087
   17190      16.3526        21.1689
   17191      16.3081        20.7129
   17192      16.3654        20.9141
   17193      16.3425        20.9400
   17194      16.3082        20.6429
   17195      16.3509        21.6810
   17196      16.2927        20.8476
   17197      16.3482        20.9456
   17198      16.3011        21.2161
   17199      16.3638        21.3179
   17200      16.2761        21.1998
   17201      16.3785        20.9370
   17202      16.3218        21.1164
   17203      16.3598        20.7411
   17204      16.4159        21.2730
   17205      16.3700        20.7205
   17206      16.3306        21.2780
   17207      16.2346        20.4629
   17208      16.4289        21.2802
   17209      16.2794        21.2395
   17210      16.3805        21.2827
   17211      16.2794        20.4216
   17212      16.2802        21.0321
   17213      16.2996        20.8310
   17214      16.3125        21.3635
   17215      16.2969        20.9857
   17216      16.2655        20.3240
   17217      16.3513        20.7383
   17218      16.4217        21.1348
   17219      16.2691        20.5281
   17220      16.4042        20.8546
   17221      16.2799        20.6969
   17222      16.3233        20.9097
   17223      16.3520        20.9085
   17224      16.2926        20.9663
   17225      16.3611        21.0582
   17226      16.2666        21.3114
   17227      16.3533        20.9248
   17228      16.3188        21.5710
   17229      16.3633        20.6905
   17230      16.3129        20.4631
   17231      16.3228        20.6965
   17232      16.2603        21.3657
   17233      16.2886        21.4370
   17234      16.2634        21.3461
   17235      16.3501        21.8471
   17236      16.3460        21.3779
   17237      16.3432        21.2737
   17238      16.2991        21.5514
   17239      16.3711        21.6162
   17240      16.2573        20.1980
   17241      16.2859        21.2130
   17242      16.3138        21.4573
   17243      16.3297        21.0719
   17244      16.2883        20.7882
   17245      16.3290        20.7491
   17246      16.3188        20.9653
   17247      16.3296        20.5499
   17248      16.3465        20.7571
   17249      16.3167        21.2203
   17250      16.2833        21.0472
   17251      16.2994        21.2813
   17252      16.3319        21.6507
   17253      16.2677        21.0484
   17254      16.3211        20.5897
   17255      16.2798        21.0897
   17256      16.3572        21.0358
   17257      16.4306        21.7497
   17258      16.4458        21.1324
   17259      16.4273        22.4689
   17260      16.4772        22.5832
   17261      16.3849        23.2874
   17262      16.3414        21.3150
   17263      16.3781        21.6411
   17264      16.3185        21.6451
   17265      16.4287        21.9035
   17266      16.3648        21.0214
   17267      16.4774        21.2634
   17268      16.3169        20.9991
   17269      16.3666        21.5910
   17270      16.3452        21.2253
   17271      16.3749        22.0032
   17272      16.4097        21.2933
   17273      16.3741        21.1315
   17274      16.4867        21.4128
   17275      16.4302        21.2450
   17276      16.4711        22.1365
   17277      16.4052        21.1097
   17278      16.3741        21.0366
   17279      16.3651        21.1856
   17280      16.4019        21.0928
   17281      16.4052        21.0092
   17282      16.3865        21.1281
   17283      16.3325        21.0093
   17284      16.4146        21.2232
   17285      16.3764        21.1422
   17286      16.3428        21.2539
   17287      16.3463        20.8966
   17288      16.3107        20.6992
   17289      16.3693        20.6020
   17290      16.4122        21.9074
   17291      16.4257        21.6008
   17292      16.4023        22.8940
   17293      16.3395        21.1021
   17294      16.3879        21.2009
   17295      16.3775        21.3572
   17296      16.4519        21.2863
   17297      16.3402        21.0754
   17298      16.3932        21.1329
   17299      16.3373        21.6389
   17300      16.4240        21.2339
   17301      16.3349        21.1162
   17302      16.3270        20.9849
   17303      16.3795        21.4138
   17304      16.3483        21.9562
   17305      16.3336        21.3042
   17306      16.3754        20.7125
   17307      16.4316        20.6892
   17308      16.3923        20.8600
   17309      16.4434        21.4307
   17310      16.4315        21.6468
   17311      16.3853        21.2740
   17312      16.3395        21.0939
   17313      16.3655        20.9582
   17314      16.4360        21.2537
   17315      16.4035        21.6346
   17316      16.4107        21.5674
   17317      16.3965        21.2708
   17318      16.3933        21.1793
   17319      16.3822        21.8325
   17320      16.3399        21.5419
   17321      16.4406        22.4956
   17322      16.3371        21.2238
   17323      16.3678        21.5877
   17324      16.2981        21.0539
   17325      16.3760        21.4201
   17326      16.4446        21.1275
   17327      16.3804        21.3527
   17328      16.4998        21.5272
   17329      16.4052        21.1199
   17330      16.4058        21.3260
   17331      16.3532        21.6904
   17332      16.4075        21.5432
   17333      16.3852        20.8554
   17334      16.5197        21.3640
   17335      16.3987        21.5111
   17336      16.4816        21.5242
   17337      16.4040        20.9206
   17338      16.4664        21.3178
   17339      16.4354        21.1122
   17340      16.4767        21.0256
   17341      16.4529        20.6599
   17342      16.3977        21.1079
   17343      16.3807        20.7906
   17344      16.4438        21.3031
   17345      16.3894        21.2938
   17346      16.3791        20.6393
   17347      16.3422        21.1408
   17348      16.4016        21.0035
   17349      16.4287        21.0383
   17350      16.4138        20.4865
   17351      16.3233        20.4757
   17352      16.3425        20.5369
   17353      16.4650        22.2410
   17354      16.3982        21.1257
   17355      16.3952        20.8231
   17356      16.4353        20.6806
   17357      16.2806        20.7060
   17358      16.4438        21.5773
   17359      16.4057        21.0135
   17360      16.4123        20.7683
   17361      16.2912        20.7433
   17362      16.3981        20.9360
   17363      16.3322        21.3034
   17364      16.4574        21.2069
   17365      16.3499        20.7175
   17366      16.3717        21.8276
   17367      16.3472        21.0503
   17368      16.4300        20.8708
   17369      16.3858        21.3532
   17370      16.4174        21.1270
   17371      16.3975        21.1226
   17372      16.4067        21.2203
   17373      16.4109        21.1404
   17374      16.4453        22.2095
   17375      16.4861        21.7904
   17376      16.4003        21.3919
   17377      16.4262        21.0416
   17378      16.4206        21.3781
   17379      16.4510        21.5047
   17380      16.3855        20.7722
   17381      16.4245        20.9705
   17382      16.3881        21.1637
   17383      16.4692        21.5358
   17384      16.3236        20.8428
   17385      16.3853        20.8245
   17386      16.3536        20.3873
   17387      16.3234        21.0841
   17388      16.3632        20.6111
   17389      16.3576        21.6532
   17390      16.3794        20.5275
   17391      16.3234        21.0851
   17392      16.3816        21.2174
   17393      16.4278        20.8869
   17394      16.3885        21.5551
   17395      16.3782        21.3200
   17396      16.3524        21.5342
   17397      16.4434        22.4024
   17398      16.3809        21.5830
   17399      16.3359        20.8200
   17400      16.4025        21.5354
   17401      16.4182        21.0585
   17402      16.3460        20.8168
   17403      16.3733        20.8488
   17404      16.5059        21.4042
   17405      16.4314        21.5414
   17406      16.4199        21.1936
   17407      16.4536        21.2452
   17408      16.3600        20.5478
   17409      16.3706        20.7199
   17410      16.4741        20.7642
   17411      16.3753        21.0237
   17412      16.4051        20.8856
   17413      16.4303        20.6814
   17414      16.4425        21.7292
   17415      16.4763        21.9795
   17416      16.4450        22.3286
   17417      16.4351        21.1338
   17418      16.4522        22.1855
   17419      16.3868        21.3379
   17420      16.3962        21.2910
   17421      16.4376        20.8047
   17422      16.4796        21.2945
   17423      16.4364        21.5012
   17424      16.4509        21.7561
   17425      16.4513        21.8670
   17426      16.3749        20.8549
   17427      16.4059        20.8164
   17428      16.3912        21.3779
   17429      16.3556        20.8709
   17430      16.3610        21.0586
   17431      16.3713        20.9967
   17432      16.4551        21.0649
   17433      16.3845        20.8302
   17434      16.3951        20.9267
   17435      16.4083        21.4142
   17436      16.3450        20.7183
   17437      16.4200        21.2706
   17438      16.4189        20.8511
   17439      16.3953        21.0940
   17440      16.3250        21.2294
   17441      16.3081        20.6607
   17442      16.3751        20.9469
   17443      16.3817        20.7567
   17444      16.4724        21.0470
   17445      16.4710        21.5599
   17446      16.4196        20.9370
   17447      16.4009        21.2741
   17448      16.4675        21.5319
   17449      16.5025        21.3133
   17450      16.4496        22.0275
   17451      16.4542        21.8159
   17452      16.4370        22.1356
   17453      16.5004        23.0484
   17454      16.4678        20.9050
   17455      16.4456        21.3150
   17456      16.4437        21.3470
   17457      16.4419        21.7898
   17458      16.4495        20.8114
   17459      16.4706        21.3644
   17460      16.4729        21.8269
   17461      16.4486        21.8771
   17462      16.4542        21.1368
   17463      16.4193        21.3700
   17464      16.3942        22.1745
   17465      16.3538        21.1834
   17466      16.4365        21.0048
   17467      16.4147        22.3428
   17468      16.4498        22.0101
   17469      16.4580        21.1379
   17470      16.4334        21.0591
   17471      16.4167        21.7640
   17472      16.4849        22.3351
   17473      16.4156        22.1242
   17474      16.3689        22.0618
   17475      16.4252        22.2041
   17476      16.3990        22.1403
   17477      16.4677        22.1871
   17478      16.3573        22.7324
   17479      16.4106        22.0540
   17480      16.3510        20.9980
   17481      16.3715        22.4179
   17482      16.3812        20.8743
   17483      16.4134        22.2012
   17484      16.3569        22.1436
   17485      16.4105        22.2805
   17486      16.3895        20.6344
   17487      16.3892        21.0741
   17488      16.3709        20.9047
   17489      16.3859        20.6766
   17490      16.4327        20.7798
   17491      16.4827        21.6218
   17492      16.3487        21.0352
   17493      16.5116        21.7720
   17494      16.4287        22.1581
   17495      16.4568        21.4854
   17496      16.4397        21.0895
   17497      16.5198        22.1420
   17498      16.3935        21.7848
   17499      16.3974        21.0043
   17500      16.3954        21.4413
   17501      16.4382        21.8247
   17502      16.4574        21.4907
   17503      16.4494        20.9457
   17504      16.4683        20.9991
   17505      16.4164        20.7972
   17506      16.4664        21.5627
   17507      16.4389        21.5015
   17508      16.3624        21.9689
   17509      16.3312        22.3738
   17510      16.4276        22.0099
   17511      16.4242        22.5826
   17512      16.3918        22.3272
   17513      16.4336        21.7925
   17514      16.3991        21.2447
   17515      16.3312        20.4451
   17516      16.3605        20.2059
   17517      16.3946        20.5818
   17518      16.4494        21.2010
   17519      16.4731        21.1743
   17520      16.4503        20.8644
   17521      16.3649        20.8866
   17522      16.4413        21.0287
   17523      16.4194        20.4378
   17524      16.3972        20.7183
   17525      16.4337        21.4582
   17526      16.4259        20.7837
   17527      16.3845        20.9049
   17528      16.3787        20.7420
   17529      16.3985        20.4437
   17530      16.4484        21.6034
   17531      16.4218        20.8612
   17532      16.4705        20.8851
   17533      16.3888        20.7356
   17534      16.2932        20.7438
   17535      16.3755        20.9164
   17536      16.3346        20.9310
   17537      16.4163        20.8406
   17538      16.4814        21.1431
   17539      16.3714        21.3506
   17540      16.3942        21.9802
   17541      16.4469        21.7389
   17542      16.4186        21.5571
   17543      16.3690        21.5034
   17544      16.3468        21.5099
   17545      16.3128        21.7041
   17546      16.3369        21.2368
   17547      16.4090        21.4099
   17548      16.4073        20.7770
   17549      16.3169        20.8268
   17550      16.3533        21.4815
   17551      16.3326        20.8812
   17552      16.3682        21.2224
   17553      16.3499        20.9900
   17554      16.3450        20.8448
   17555      16.3613        21.0878
   17556      16.3733        21.3628
   17557      16.2907        20.8569
   17558      16.3755        21.3495
   17559      16.3855        21.5579
   17560      16.3823        20.8226
   17561      16.2999        21.2793
   17562      16.3634        21.2283
   17563      16.4160        21.7224
   17564      16.2625        20.9235
   17565      16.3294        21.3195
   17566      16.3350        21.4838
   17567      16.3610        21.9862
   17568      16.3485        21.6276
   17569      16.3948        21.0277
   17570      16.3572        21.4503
   17571      16.3504        21.6616
   17572      16.3582        21.0358
   17573      16.3094        21.5516
   17574      16.3176        21.6593
   17575      16.4238        21.1197
   17576      16.4226        21.4793
   17577      16.3257        20.9896
   17578      16.3823        21.8764
   17579      16.4168        20.9670
   17580      16.3606        20.8223
   17581      16.3514        20.2522
   17582      16.2946        20.6837
   17583      16.3849        20.7239
   17584      16.4431        20.8941
   17585      16.4391        21.1019
   17586      16.3978        21.1545
   17587      16.4316        21.3984
   17588      16.3985        21.5408
   17589      16.4256        22.4740
   17590      16.4128        22.0759
   17591      16.4030        21.8546
   17592      16.4546        21.6218
   17593      16.3984        21.2548
   17594      16.3682        21.4374
   17595      16.4876        21.7498
   17596      16.4461        20.8695
   17597      16.3458        20.9289
   17598      16.3689        20.9806
   17599      16.3900        21.3100
   17600      16.4148        20.6154
   17601      16.3742        20.6518
   17602      16.4399        21.2471
   17603      16.3742        21.0709
   17604      16.4003        20.8911
   17605      16.4137        21.3864
   17606      16.3713        21.1345
   17607      16.3744        21.5251
   17608      16.3928        21.4235
   17609      16.3728        21.4611
   17610      16.3690        21.0581
   17611      16.4301        21.1023
   17612      16.4577        21.4219
   17613      16.4561        21.3469
   17614      16.4204        21.4786
   17615      16.5396        21.6443
   17616      16.4856        21.4551
   17617      16.4274        22.0154
   17618      16.3771        21.4473
   17619      16.4100        21.6070
   17620      16.4405        21.6716
   17621      16.4257        21.6627
   17622      16.3852        21.5376
   17623      16.4198        21.9583
   17624      16.4337        21.4283
   17625      16.4562        22.8481
   17626      16.4268        21.2207
   17627      16.4003        21.4005
   17628      16.3536        21.3582
   17629      16.3695        20.9410
   17630      16.3337        20.8891
   17631      16.2854        20.5833
   17632      16.3529        20.9795
   17633      16.3337        22.0870
   17634      16.3833        21.1443
   17635      16.3775        21.7220
   17636      16.3828        21.3879
   17637      16.4180        22.1114
   17638      16.3121        22.3435
   17639      16.4117        21.4408
   17640      16.3900        22.0067
   17641      16.4289        22.1850
   17642      16.4702        22.9903
   17643      16.4044        23.0185
   17644      16.3725        23.2358
   17645      16.4458        22.0868
   17646      16.4256        21.7425
   17647      16.4252        21.3624
   17648      16.4079        21.5361
   17649      16.4508        21.5190
   17650      16.3741        21.2444
   17651      16.3763        21.4345
   17652      16.3707        21.2110
   17653      16.3168        21.1112
   17654      16.3848        20.9330
   17655      16.4520        20.9154
   17656      16.4312        20.8962
   17657      16.3116        20.5184
   17658      16.3717        20.4394
   17659      16.3693        21.5594
   17660      16.2895        20.7940
   17661      16.3629        21.3534
   17662      16.4090        20.8022
   17663      16.3866        21.5696
   17664      16.3937        21.3002
   17665      16.3336        20.4799
   17666      16.3786        21.5182
   17667      16.3370        20.7236
   17668      16.4028        22.3033
   17669      16.2905        22.3598
   17670      16.3504        22.8442
   17671      16.4442        22.9603
   17672      16.3949        23.1867
   17673      16.3741        22.8652
   17674      16.4448        23.2091
   17675      16.3849        22.9808
   17676      16.4125        22.7954
   17677      16.3857        22.0090
   17678      16.3714        21.1367
   17679      16.3592        21.5223
   17680      16.4043        22.0853
   17681      16.4040        22.0441
   17682      16.3686        21.0547
   17683      16.3408        21.0234
   17684      16.4200        21.1322
   17685      16.3802        20.5367
   17686      16.3562        20.5500
   17687      16.3248        20.4452
   17688      16.3860        21.0592
   17689      16.2757        20.5304
   17690      16.3387        21.1861
   17691      16.3390        20.8686
   17692      16.4134        21.1901
   17693      16.3588        21.0307
   17694      16.4224        20.8174
   17695      16.3633        20.5082
   17696      16.3727        20.7454
   17697      16.3391        20.4100
   17698      16.3690        20.8452
   17699      16.3626        20.9226
   17700      16.4053        21.4625
   17701      16.3560        21.2693
   17702      16.3871        21.0937
   17703      16.3777        21.0396
   17704      16.3901        21.5201
   17705      16.4105        21.6970
   17706      16.3621        21.5454
   17707      16.3745        21.5485
   17708      16.3040        21.3610
   17709      16.3808        21.4830
   17710      16.3210        21.6980
   17711      16.4113        21.6755
   17712      16.3133        21.3046
   17713      16.3133        22.3138
   17714      16.3562        21.1712
   17715      16.3184        21.7348
   17716      16.3748        21.3378
   17717      16.3679        21.7480
   17718      16.2968        21.1314
   17719      16.3854        20.7208
   17720      16.3968        20.9942
   17721      16.4103        22.1141
   17722      16.3399        21.1128
   17723      16.3801        21.4950
   17724      16.3661        21.0794
   17725      16.4510        21.0807
   17726      16.3456        21.5581
   17727      16.2814        21.2969
   17728      16.3152        21.2293
   17729      16.3041        20.5225
   17730      16.3552        21.8059
   17731      16.3622        21.1340
   17732      16.3767        21.3328
   17733      16.3727        20.7874
   17734      16.3125        21.6002
   17735      16.4094        22.3332
   17736      16.3225        20.4426
   17737      16.3770        21.0487
   17738      16.4259        21.5643
   17739      16.4070        20.9476
   17740      16.3429        20.7385
   17741      16.3400        20.7846
   17742      16.3177        20.7406
   17743      16.3086        20.4094
   17744      16.4026        21.0872
   17745      16.3392        20.8466
   17746      16.3317        20.6866
   17747      16.3735        20.6517
   17748      16.3602        21.2546
   17749      16.3815        21.6285
   17750      16.4138        20.8062
   17751      16.3666        20.9443
   17752      16.3415        21.2210
   17753      16.3370        20.7301
   17754      16.3451        20.7909
   17755      16.3639        21.1498
   17756      16.3511        20.8416
   17757      16.3913        21.5618
   17758      16.3515        20.6789
   17759      16.2625        21.0995
   17760      16.3191        20.9744
   17761      16.3519        20.3762
   17762      16.2353        20.6481
   17763      16.2874        20.4065
   17764      16.3735        21.2306
   17765      16.4109        20.9349
   17766      16.3077        21.0307
   17767      16.3305        21.4389
   17768      16.3819        21.2621
   17769      16.4364        21.7327
   17770      16.3591        21.2276
   17771      16.3067        21.8322
   17772      16.3727        20.8000
   17773      16.3455        20.8811
   17774      16.3240        20.6641
   17775      16.2692        20.6836
   17776      16.3452        20.8766
   17777      16.2619        20.2938
   17778      16.2713        20.7491
   17779      16.3220        20.8088
   17780      16.3312        22.1156
   17781      16.4640        21.1334
   17782      16.4079        20.7119
   17783      16.3267        20.5260
   17784      16.3807        20.7849
   17785      16.3929        20.8087
   17786      16.3854        21.4220
   17787      16.3076        20.9903
   17788      16.3260        20.7495
   17789      16.3619        20.6274
   17790      16.3271        21.0510
   17791      16.3948        21.0622
   17792      16.3482        20.3097
   17793      16.3562        20.9582
   17794      16.4158        21.0843
   17795      16.3374        21.4200
   17796      16.3111        20.7447
   17797      16.3144        21.7757
   17798      16.3235        20.7128
   17799      16.2922        21.1942
   17800      16.3217        21.4748
   17801      16.3039        20.7079
   17802      16.3587        20.3512
   17803      16.4027        21.7232
   17804      16.3263        20.8461
   17805      16.2534        20.6421
   17806      16.3239        20.6595
   17807      16.3254        20.9011
   17808      16.3176        20.6138
   17809      16.3856        20.7231
   17810      16.3158        21.1223
   17811      16.2846        20.8986
   17812      16.3397        20.5125
   17813      16.3111        21.2461
   17814      16.3038        20.8901
   17815      16.3599        20.9732
   17816      16.2897        20.8302
   17817      16.3103        21.1476
   17818      16.3029        20.3254
   17819      16.2960        20.4696
   17820      16.3134        20.3944
   17821      16.3164        20.8212
   17822      16.3467        20.5263
   17823      16.3843        22.1029
   17824      16.2672        20.3457
   17825      16.3056        20.2644
   17826      16.3504        20.7822
   17827      16.4309        21.5860
   17828      16.4441        20.6454
   17829      16.3840        20.9742
   17830      16.3709        21.6676
   17831      16.3902        22.1447
   17832      16.4188        22.4124
   17833      16.4019        21.1479
   17834      16.4119        21.2145
   17835      16.3726        20.6519
   17836      16.4111        21.6378
   17837      16.3444        21.3441
   17838      16.3429        21.1586
   17839      16.3625        21.9659
   17840      16.2905        22.3667
   17841      16.4075        22.2661
   17842      16.3310        20.6138
   17843      16.3316        20.3832
   17844      16.2756        20.0025
   17845      16.3689        20.5226
   17846      16.3451        20.4242
   17847      16.3555        20.2185
   17848      16.3720        21.0908
   17849      16.3909        21.0130
   17850      16.3014        20.5066
   17851      16.3313        20.5045
   17852      16.2672        20.5855
   17853      16.2845        21.7641
   17854      16.3174        22.0565
   17855      16.3343        22.5229
   17856      16.3647        20.4256
   17857      16.3534        20.7839
   17858      16.3377        20.4251
   17859      16.2994        20.4330
   17860      16.3722        20.6352
   17861      16.3429        20.4836
   17862      16.3584        20.4544
   17863      16.3303        21.2251
   17864      16.3747        21.3905
   17865      16.3765        21.3309
   17866      16.3580        21.8272
   17867      16.3629        23.0398
   17868      16.3790        22.6112
   17869      16.4219        21.4630
   17870      16.3911        21.8357
   17871      16.3630        22.0405
   17872      16.3970        21.0071
   17873      16.4333        21.5141
   17874      16.3323        21.1407
   17875      16.3680        21.5218
   17876      16.3338        21.6389
   17877      16.3804        22.0114
   17878      16.3954        21.2998
   17879      16.4227        20.5703
   17880      16.3980        21.5224
   17881      16.3375        20.9881
   17882      16.3780        20.7383
   17883      16.3972        21.0460
   17884      16.3221        21.6777
   17885      16.3659        22.3241
   17886      16.3894        21.6635
   17887      16.3265        22.0847
   17888      16.4392        21.1003
   17889      16.3872        20.7023
   17890      16.3353        21.3394
   17891      16.3526        21.6733
   17892      16.3150        20.7654
   17893      16.3569        22.4235
   17894      16.3268        20.9565
   17895      16.3201        20.9104
   17896      16.3324        21.7201
   17897      16.3888        21.7559
   17898      16.3150        22.0833
   17899      16.3959        21.2413
   17900      16.4059        20.4703
   17901      16.3784        20.5775
   17902      16.3645        20.6931
   17903      16.3823        21.0255
   17904      16.2700        21.8682
   17905      16.2845        21.8245
   17906      16.3127        21.1182
   17907      16.3865        21.8130
   17908      16.3318        21.5129
   17909      16.3297        20.7780
   17910      16.3332        21.3570
   17911      16.3212        20.5720
   17912      16.4059        20.5230
   17913      16.3222        20.0134
   17914      16.3413        20.2996
   17915      16.4324        21.5747
   17916      16.4015        22.3843
   17917      16.3209        22.3650
   17918      16.3569        22.9679
   17919      16.2970        21.0685
   17920      16.2597        20.9261
   17921      16.3137        21.6661
   17922      16.4047        20.3198
   17923      16.2820        20.3179
   17924      16.2734        20.1792
   17925      16.2959        20.0915
   17926      16.3640        20.5872
   17927      16.3498        20.2121
   17928      16.4052        20.5938
   17929      16.3614        20.8150
   17930      16.4408        20.8571
   17931      16.3063        20.2624
   17932      16.4320        21.3553
   17933      16.3183        20.4397
   17934      16.3384        20.9354
   17935      16.3430        20.6770
   17936      16.3409        20.3448
   17937      16.2935        23.0360
   17938      16.2861        20.3269
   17939      16.2980        20.6297
   17940      16.3132        21.7708
   17941      16.2461        22.2414
   17942      16.2999        22.5493
   17943      16.3056        22.7816
   17944      16.3514        21.0577
   17945      16.3714        21.2869
   17946      16.3183        21.7126
   17947      16.3797        22.5825
   17948      16.3758        22.4728
   17949      16.3684        21.8016
   17950      16.3252        21.1765
   17951      16.3490        21.3863
   17952      16.3544        20.7017
   17953      16.3321        20.8557
   17954      16.3170        20.5231
   17955      16.2583        20.0954
   17956      16.3771        20.2930
   17957      16.2721        21.4250
   17958      16.3118        20.3676
   17959      16.3706        20.7377
   17960      16.3830        20.7512
   17961      16.4383        21.2344
   17962      16.3530        20.4204
   17963      16.4189        20.5705
   17964      16.4214        20.7694
   17965      16.3581        20.7756
   17966      16.3738        21.2326
   17967      16.3565        20.5732
   17968      16.4491        20.7991
   17969      16.4029        20.4341
   17970      16.4235        20.6008
   17971      16.3377        21.1073
   17972      16.3631        20.1951
   17973      16.3891        20.5397
   17974      16.3566        20.9457
   17975      16.3350        20.6666
   17976      16.3416        20.9209
   17977      16.4060        21.0897
   17978      16.4242        21.1376
   17979      16.4225        20.4649
   17980      16.3275        19.8658
   17981      16.4371        21.1438
   17982      16.3201        20.3843
   17983      16.3219        20.4199
   17984      16.4009        20.3999
   17985      16.3050        20.0097
   17986      16.3503        20.7570
   17987      16.2971        20.2181
   17988      16.3048        20.9944
   17989      16.3386        20.8557
   17990      16.3703        20.7739
   17991      16.3483        21.1210
   17992      16.3673        20.2145
   17993      16.2883        19.9113
   17994      16.3052        20.5013
   17995      16.2956        20.2089
   17996      16.3186        20.1206
   17997      16.3607        19.8458
   17998      16.3439        20.6232
   17999      16.3358        20.6767
   18000      16.3136        19.8587
   18001      16.4084        20.7178
   18002      16.3596        20.7997
   18003      16.3082        20.3348
   18004      16.3536        20.1879
   18005      16.3552        20.6705
   18006      16.3301        20.6196
   18007      16.3254        20.3535
   18008      16.3412        20.8212
   18009      16.3136        20.7104
   18010      16.4300        20.7199
   18011      16.3365        20.4034
   18012      16.3924        20.7921
   18013      16.4373        20.5817
   18014      16.3731        20.7191
   18015      16.3539        20.4502
   18016      16.3673        21.0277
   18017      16.3956        20.8395
   18018      16.4259        21.3475
   18019      16.4045        21.2838
   18020      16.4679        21.5975
   18021      16.5160        21.2981
   18022      16.4349        20.4368
   18023      16.4314        29.1323
   18024      16.3462        20.7210
   18025      16.3725        20.8760
   18026      16.4191        21.2555
   18027      16.4016        20.3479
   18028      16.3332        21.1253
   18029      16.4078        21.2988
   18030      16.4263        21.7106
   18031      16.4446        21.4323
   18032      16.3718        21.1986
   18033      16.3948        21.3661
   18034      16.3930        20.7175
   18035      16.4105        20.8622
   18036      16.4272        20.9356
   18037      16.3470        20.7830
   18038      16.3821        21.2839
   18039      16.4191        20.6372
   18040      16.3598        20.6636
   18041      16.3802        20.8882
   18042      16.3827        20.6569
   18043      16.3980        20.8510
   18044      16.3696        21.2897
   18045      16.3314        20.8339
   18046      16.3749        21.1012
   18047      16.3842        21.1066
   18048      16.4145        20.7117
   18049      16.4038        20.7479
   18050      16.4549        20.5473
   18051      16.3819        20.5741
   18052      16.4190        20.7862
   18053      16.4362        20.9033
   18054      16.4275        20.6452
   18055      16.4024        21.1697
   18056      16.3740        21.0162
   18057      16.3465        21.5380
   18058      16.3488        20.7337
   18059      16.3858        20.9905
   18060      16.3651        22.0226
   18061      16.4287        22.9326
   18062      16.3941        22.0461
   18063      16.3938        21.8026
   18064      16.3924        21.1053
   18065      16.3386        22.3322
   18066      16.3495        21.4833
   18067      16.3373        21.1130
   18068      16.4027        23.1148
   18069      16.3717        22.1311
   18070      16.3749        21.7345
   18071      16.4034        21.5972
   18072      16.3577        22.1951
   18073      16.3054        20.2670
   18074      16.3650        21.1051
   18075      16.3258        22.6757
   18076      16.3699        20.8216
   18077      16.4227        21.7449
   18078      16.3368        21.5745
   18079      16.3341        20.7267
   18080      16.3639        21.1826
   18081      16.3807        21.3874
   18082      16.3829        23.1561
   18083      16.3772        22.9123
   18084      16.3948        22.9797
   18085      16.4103        23.8294
   18086      16.4432        23.0018
   18087      16.5021        23.8266
   18088      16.5124        22.5914
   18089      16.4545        22.8404
   18090      16.5093        22.5311
   18091      16.4605        22.3962
   18092      16.4108        22.0684
   18093      16.4425        22.9415
   18094      16.4534        24.2119
   18095      16.3746        20.9539
   18096      16.3269        21.4102
   18097      16.4000        21.7508
   18098      16.4372        21.1636
   18099      16.3746        21.5409
   18100      16.4614        21.8812
   18101      16.4305        22.0087
   18102      16.4510        20.9201
   18103      16.3674        22.3629
   18104      16.4080        21.9842
   18105      16.4058        20.8735
   18106      16.4208        21.0404
   18107      16.3686        21.0706
   18108      16.4471        21.4170
   18109      16.3977        21.4516
   18110      16.4337        21.2961
   18111      16.3595        20.5160
   18112      16.4532        20.9586
   18113      16.3621        21.4195
   18114      16.3488        22.2083
   18115      16.4303        21.6386
   18116      16.3181        20.4940
   18117      16.3780        21.3388
   18118      16.4749        22.2181
   18119      16.4259        21.0760
   18120      16.4573        20.9690
   18121      16.4279        21.5714
   18122      16.4006        20.9812
   18123      16.3600        20.6590
   18124      16.4073        21.0853
   18125      16.4945        21.1813
   18126      16.5109        22.0141
   18127      16.4217        20.7581
   18128      16.4411        21.1233
   18129      16.4491        21.2868
   18130      16.4234        21.9846
   18131      16.4098        21.7983
   18132      16.4368        21.9393
   18133      16.4531        21.3126
   18134      16.3961        20.8264
   18135      16.4190        21.3562
   18136      16.4478        21.2787
   18137      16.4210        21.5421
   18138      16.3354        21.0983
   18139      16.4021        20.9681
   18140      16.3776        20.5675
   18141      16.3666        21.5538
   18142      16.3731        20.5336
   18143      16.3757        20.5266
   18144      16.4517        21.2447
   18145      16.4026        21.4316
   18146      16.3768        20.9788
   18147      16.3902        20.2726
   18148      16.3844        20.9279
   18149      16.3506        21.9419
   18150      16.4967        22.1481
   18151      16.4415        22.4455
   18152      16.4607        23.0538
   18153      16.4622        22.5293
   18154      16.3823        22.8996
   18155      16.3705        21.3893
   18156      16.4432        21.8469
   18157      16.4279        21.1485
   18158      16.4134        20.9980
   18159      16.4147        20.8997
   18160      16.4266        21.9527
   18161      16.4053        21.9633
   18162      16.3690        22.5479
   18163      16.4042        21.2785
   18164      16.3853        21.5475
   18165      16.3384        21.3401
   18166      16.3462        21.0494
   18167      16.4428        21.1346
   18168      16.4383        20.8877
   18169      16.4740        21.0187
   18170      16.4714        21.1242
   18171      16.4191        21.6750
   18172      16.3436        21.0994
   18173      16.4300        21.8274
   18174      16.4433        21.2258
   18175      16.3795        21.1984
   18176      16.3916        20.9961
   18177      16.3401        20.5008
   18178      16.4836        21.9392
   18179      16.4449        21.8662
   18180      16.4206        21.2489
   18181      16.3623        20.5995
   18182      16.4353        20.7786
   18183      16.4498        22.5660
   18184      16.4296        21.5590
   18185      16.4358        22.3724
   18186      16.4634        21.5500
   18187      16.3598        22.2280
   18188      16.3268        22.7426
   18189      16.3961        22.3179
   18190      16.3787        22.2165
   18191      16.3100        21.8808
   18192      16.3817        21.6764
   18193      16.4339        22.1938
   18194      16.4456        21.2586
   18195      16.4409        21.1966
   18196      16.3929        21.2805
   18197      16.3704        20.5172
   18198      16.4558        21.5191
   18199      16.4124        21.1556
   18200      16.3223        21.1059
   18201      16.3542        20.7120
   18202      16.3848        21.4469
   18203      16.2997        20.6677
   18204      16.3067        21.0589
   18205      16.4223        20.9760
   18206      16.3361        20.7622
   18207      16.3598        20.8829
   18208      16.2978        20.7185
   18209      16.2728        20.8729
   18210      16.3351        20.8730
   18211      16.3374        20.7040
   18212      16.2971        20.7604
   18213      16.2402        20.7953
   18214      16.3158        20.6964
   18215      16.2854        20.9334
   18216      16.2574        20.3421
   18217      16.3120        20.6779
   18218      16.3229        20.3927
   18219      16.3548        21.4737
   18220      16.3972        21.5815
   18221      16.2551        20.4390
   18222      16.2965        20.6246
   18223      16.2931        20.4289
   18224      16.2981        21.2536
   18225      16.3029        21.3557
   18226      16.2850        21.0312
   18227      16.4054        20.9019
   18228      16.3237        21.6884
   18229      16.4059        21.4851
   18230      16.3335        20.8171
   18231      16.2982        21.6201
   18232      16.3505        21.2554
   18233      16.4092        21.4191
   18234      16.3742        21.7862
   18235      16.3919        22.2988
   18236      16.3160        21.0989
   18237      16.3240        21.3537
   18238      16.3874        21.4064
   18239      16.2932        20.9896
   18240      16.2929        20.9641
   18241      16.3346        21.1392
   18242      16.3366        20.8568
   18243      16.3186        20.6459
   18244      16.3307        20.8699
   18245      16.3776        20.8383
   18246      16.3201        21.1761
   18247      16.4050        21.0273
   18248      16.3638        20.9820
   18249      16.3543        20.8918
   18250      16.3962        20.4290
   18251      16.4406        21.7035
   18252      16.4021        21.5307
   18253      16.3490        21.3842
   18254      16.3022        21.3028
   18255      16.3926        21.4056
   18256      16.3590        20.4574
   18257      16.4272        21.0743
   18258      16.3685        20.7939
   18259      16.4084        20.6192
   18260      16.3616        20.3359
   18261      16.3129        20.6104
   18262      16.3234        20.2733
   18263      16.3351        20.9136
   18264      16.3721        21.6056
   18265      16.3180        20.7872
   18266      16.2931        21.0987
   18267      16.3166        21.3100
   18268      16.3439        20.9482
   18269      16.1851        21.7459
   18270      16.3398        21.4661
   18271      16.3709        22.1983
   18272      16.3278        21.7169
   18273      16.3318        22.1542
   18274      16.3103        22.2127
   18275      16.2569        21.2964
   18276      16.2895        21.9910
   18277      16.3720        22.5295
   18278      16.4029        21.4164
   18279      16.3170        20.4617
   18280      16.4111        21.4058
   18281      16.3359        21.9339
   18282      16.3015        20.6515
   18283      16.3531        20.6067
   18284      16.3715        21.1413
   18285      16.3338        20.8185
   18286      16.3767        23.0310
   18287      16.2841        21.2606
   18288      16.3607        21.3536
   18289      16.4246        21.1473
   18290      16.3336        20.1874
   18291      16.3781        20.6123
   18292      16.3703        20.7752
   18293      16.4152        20.7304
   18294      16.3800        20.4672
   18295      16.3619        20.4114
   18296      16.3258        20.6697
   18297      16.2749        20.4411
   18298      16.3759        20.9248
   18299      16.3591        20.4439
   18300      16.3467        20.6467
   18301      16.3347        20.6342
   18302      16.3356        20.4816
   18303      16.3211        20.3952
   18304      16.2749        20.4803
   18305      16.2858        20.4492
   18306      16.3563        20.7274
   18307      16.3551        20.4995
   18308      16.3277        20.5913
   18309      16.2553        20.7457
   18310      16.3296        20.9391
   18311      16.2817        20.6625
   18312      16.3200        20.7391
   18313      16.3675        20.9803
   18314      16.4112        20.8054
   18315      16.3584        20.5972
   18316      16.3263        20.3927
   18317      16.3268        20.6332
   18318      16.2439        20.8246
   18319      16.2560        20.6439
   18320      16.3132        20.5104
   18321      16.3746        21.0474
   18322      16.3475        22.4049
   18323      16.3328        22.2130
   18324      16.3709        21.1800
   18325      16.3080        22.4877
   18326      16.3013        21.7971
   18327      16.3386        20.7923
   18328      16.4072        20.9194
   18329      16.3899        21.9053
   18330      16.3476        20.8395
   18331      16.3512        21.3573
   18332      16.3944        21.1086
   18333      16.3923        20.7835
   18334      16.3181        21.3459
   18335      16.4012        21.0960
   18336      16.3235        21.6449
   18337      16.3140        20.9663
   18338      16.4481        22.4356
   18339      16.3975        22.6593
   18340      16.4440        23.3593
   18341      16.4084        22.3056
   18342      16.4262        20.7323
   18343      16.3802        21.2458
   18344      16.3593        22.7976
   18345      16.2942        22.7671
   18346      16.3669        22.0076
   18347      16.2936        21.6360
   18348      16.3250        20.6960
   18349      16.2942        20.7174
   18350      16.3841        22.3120
   18351      16.3703        21.2732
   18352      16.3930        21.7933
   18353      16.3657        21.9071
   18354      16.3178        21.2645
   18355      16.3865        21.1666
   18356      16.3400        21.0409
   18357      16.4355        22.4373
   18358      16.4450        22.0077
   18359      16.4077        21.7378
   18360      16.3995        21.7914
   18361      16.5025        22.5403
   18362      16.4168        20.7350
   18363      16.4040        20.9778
   18364      16.4521        22.0081
   18365      16.4262        21.2474
   18366      16.4479        21.9335
   18367      16.3262        20.6976
   18368      16.2967        20.7606
   18369      16.3763        21.3969
   18370      16.3176        20.7570
   18371      16.3444        21.6651
   18372      16.2736        20.4531
   18373      16.3027        20.8251
   18374      16.2697        20.0418
   18375      16.2773        21.6218
   18376      16.2786        20.6817
   18377      16.3186        20.5264
   18378      16.3158        20.6992
   18379      16.3162        20.8375
   18380      16.3486        20.4597
   18381      16.3049        20.5322
   18382      16.3686        20.3188
   18383      16.4025        20.8283
   18384      16.4268        20.8144
   18385      16.3735        20.1803
   18386      16.3155        20.1725
   18387      16.3213        20.8134
   18388      16.3557        20.5952
   18389      16.3386        20.2393
   18390      16.3891        20.7574
   18391      16.3235        20.5788
   18392      16.3765        20.6811
   18393      16.3622        20.5039
   18394      16.3670        20.6664
   18395      16.3378        20.5856
   18396      16.3535        21.0156
   18397      16.3496        20.6833
   18398      16.3360        20.7416
   18399      16.3663        20.7897
   18400      16.3267        20.4909
   18401      16.3837        20.7099
   18402      16.4362        20.7677
   18403      16.3154        20.8035
   18404      16.3241        20.6315
   18405      16.3469        20.5903
   18406      16.3203        20.4963
   18407      16.3201        20.7114
   18408      16.2996        20.6878
   18409      16.3993        20.8575
   18410      16.3507        20.5057
   18411      16.3665        20.6614
   18412      16.3356        20.8435
   18413      16.3203        20.3765
   18414      16.3044        20.4897
   18415      16.3217        20.7136
   18416      16.3911        21.3240
   18417      16.4170        20.8095
   18418      16.3651        20.9907
   18419      16.4238        21.0079
   18420      16.2972        20.6303
   18421      16.2968        20.5161
   18422      16.3338        20.7343
   18423      16.3560        20.8934
   18424      16.3916        20.9217
   18425      16.3459        20.8494
   18426      16.3874        21.1780
   18427      16.3961        20.8159
   18428      16.3886        20.2427
   18429      16.3541        20.9971
   18430      16.3642        20.8472
   18431      16.3738        20.6533
   18432      16.4611        20.8370
   18433      16.3506        20.5702
   18434      16.3608        20.9952
   18435      16.4015        20.9655
   18436      16.3974        20.7650
   18437      16.4584        20.6928
   18438      16.4084        20.7124
   18439      16.3683        20.7547
   18440      16.3042        20.3984
   18441      16.3921        20.6010
   18442      16.4175        20.6274
   18443      16.3740        21.2661
   18444      16.4098        21.1383
   18445      16.4460        20.6442
   18446      16.3785        21.0788
   18447      16.3849        20.6990
   18448      16.2809        20.6151
   18449      16.3561        21.1801
   18450      16.4560        21.1073
   18451      16.4035        21.3695
   18452      16.3744        21.1498
   18453      16.3620        20.4953
   18454      16.3929        20.6429
   18455      16.4372        20.8257
   18456      16.3546        20.8954
   18457      16.5425        21.5159
   18458      16.4090        20.8748
   18459      16.4245        21.0026
   18460      16.3912        20.7083
   18461      16.4618        20.8527
   18462      16.3732        21.3544
   18463      16.4195        20.8144
   18464      16.4223        22.3762
   18465      16.3594        21.1078
   18466      16.3267        21.6889
   18467      16.3474        22.2429
   18468      16.4589        22.3085
   18469      16.4139        20.9008
   18470      16.3631        21.9091
   18471      16.3613        20.7694
   18472      16.3613        21.2630
   18473      16.3337        21.8854
   18474      16.3447        20.9971
   18475      16.3605        20.6422
   18476      16.3226        20.3641
   18477      16.4302        21.1829
   18478      16.4166        21.1686
   18479      16.3322        21.1571
   18480      16.4260        21.1892
   18481      16.2872        22.5649
   18482      16.3203        21.6007
   18483      16.3826        22.8922
   18484      16.3714        22.1985
   18485      16.3668        21.8849
   18486      16.3490        21.5710
   18487      16.3736        21.2979
   18488      16.3585        21.8010
   18489      16.3299        21.1962
   18490      16.3124        20.6343
   18491      16.4162        20.9252
   18492      16.4052        22.2600
   18493      16.3547        22.3221
   18494      16.3927        21.1947
   18495      16.3559        20.9405
   18496      16.3100        20.6393
   18497      16.3116        20.3732
   18498      16.3586        20.6902
   18499      16.3893        22.6374
   18500      16.3158        22.3302
   18501      16.3724        22.0425
   18502      16.4129        22.5928
   18503      16.3634        22.2834
   18504      16.3723        21.4380
   18505      16.3590        20.9656
   18506      16.3250        23.0520
   18507      16.4224        22.1493
   18508      16.3240        21.1023
   18509      16.3189        22.0683
   18510      16.4447        21.2133
   18511      16.3467        21.3568
   18512      16.2933        20.5567
   18513      16.3676        21.3620
   18514      16.3614        21.3875
   18515      16.4196        22.4117
   18516      16.3109        21.7215
   18517      16.4154        22.0903
   18518      16.3305        21.4487
   18519      16.3248        21.4401
   18520      16.3985        21.7114
   18521      16.3913        22.0162
   18522      16.4027        20.8956
   18523      16.4139        21.2804
   18524      16.3737        21.2697
   18525      16.3461        21.2154
   18526      16.3851        21.0215
   18527      16.3527        20.9481
   18528      16.3389        20.9512
   18529      16.4105        20.7265
   18530      16.2881        20.8621
   18531      16.4107        20.9750
   18532      16.3262        21.0301
   18533      16.3913        20.9241
   18534      16.4390        21.3371
   18535      16.3715        20.9078
   18536      16.3380        20.7087
   18537      16.3528        20.7300
   18538      16.4021        21.0118
   18539      16.3854        21.1885
   18540      16.2972        21.0703
   18541      16.3407        20.6257
   18542      16.3397        20.5730
   18543      16.3499        20.5425
   18544      16.3387        20.8847
   18545      16.3135        21.0295
   18546      16.3645        20.5222
   18547      16.3372        22.0965
   18548      16.2669        20.8797
   18549      16.2746        21.9032
   18550      16.3779        22.3939
   18551      16.3906        21.2588
   18552      16.4139        23.5888
   18553      16.3303        23.1373
   18554      16.3782        21.0359
   18555      16.3294        20.7488
   18556      16.3141        21.4779
   18557      16.3604        20.6682
   18558      16.2059        20.8847
   18559      16.3065        21.5600
   18560      16.3446        21.8860
   18561      16.3837        21.8755
   18562      16.3151        21.1369
   18563      16.3227        21.9307
   18564      16.3880        22.5867
   18565      16.3255        22.1520
   18566      16.3393        20.5275
   18567      16.3769        21.3365
   18568      16.3414        21.4912
   18569      16.3323        21.8423
   18570      16.2747        22.4717
   18571      16.3372        22.6865
   18572      16.3278        22.4658
   18573      16.3242        21.5046
   18574      16.3169        21.8290
   18575      16.3218        21.1717
   18576      16.3169        20.2948
   18577      16.2666        20.6865
   18578      16.2743        20.4578
   18579      16.3611        20.5167
   18580      16.3762        21.0054
   18581      16.3544        20.8979
   18582      16.3144        20.6349
   18583      16.3882        20.3372
   18584      16.3081        20.4176
   18585      16.4024        21.6256
   18586      16.2727        21.2309
   18587      16.3196        21.0878
   18588      16.3379        22.0672
   18589      16.3675        21.1148
   18590      16.3672        20.7464
   18591      16.3292        20.9474
   18592      16.3099        20.7391
   18593      16.2898        20.6210
   18594      16.3169        20.7737
   18595      16.3068        21.1187
   18596      16.3210        21.3949
   18597      16.2518        21.2461
   18598      16.2903        21.7867
   18599      16.3106        21.8503
   18600      16.2866        20.8759
   18601      16.3795        20.8912
   18602      16.3064        21.4708
   18603      16.3645        21.6095
   18604      16.3288        21.6211
   18605      16.2912        21.4974
   18606      16.3604        21.2322
   18607      16.2399        21.6380
   18608      16.3198        20.7816
   18609      16.3315        20.9495
   18610      16.3265        21.7333
   18611      16.3267        20.5683
   18612      16.4324        22.1005
   18613      16.4055        21.8277
   18614      16.2704        21.7935
   18615      16.3094        20.7212
   18616      16.2514        21.8823
   18617      16.3263        21.0499
   18618      16.2768        21.1439
   18619      16.3638        22.1553
   18620      16.4077        22.2388
   18621      16.3454        22.3118
   18622      16.4217        21.0630
   18623      16.3426        21.3936
   18624      16.3856        22.0885
   18625      16.3397        21.3454
   18626      16.3144        22.0270
   18627      16.3808        20.9642
   18628      16.4624        22.5608
   18629      16.2964        21.2284
   18630      16.3657        21.1500
   18631      16.3732        21.0097
   18632      16.3116        21.3816
   18633      16.3706        20.8382
   18634      16.3739        21.4955
   18635      16.3213        21.2443
   18636      16.2861        21.2069
   18637      16.3599        20.7848
   18638      16.3167        21.9302
   18639      16.3058        21.5064
   18640      16.3907        21.2384
   18641      16.3460        21.3168
   18642      16.3497        21.4535
   18643      16.3616        22.4556
   18644      16.3298        21.9803
   18645      16.3435        20.8650
   18646      16.3599        20.9729
   18647      16.2913        22.4151
   18648      16.3979        21.7833
   18649      16.3187        21.0784
   18650      16.3531        21.7557
   18651      16.3028        22.2059
   18652      16.3561        21.2523
   18653      16.3586        21.1101
   18654      16.3220        21.7371
   18655      16.3383        21.5122
   18656      16.4192        21.3821
   18657      16.3497        21.9888
   18658      16.3156        20.9787
   18659      16.3663        21.4120
   18660      16.3507        22.1697
   18661      16.3382        20.7737
   18662      16.3199        21.4170
   18663      16.3256        22.5759
   18664      16.3565        20.8853
   18665      16.3153        20.9714
   18666      16.2981        20.9998
   18667      16.3374        20.9852
   18668      16.3158        20.8545
   18669      16.3218        21.7594
   18670      16.3295        20.7093
   18671      16.3501        21.1508
   18672      16.3428        21.7360
   18673      16.2663        21.4947
   18674      16.1994        21.1113
   18675      16.3395        20.7256
   18676      16.3500        21.3092
   18677      16.3360        23.2639
   18678      16.2526        20.8812
   18679      16.3102        21.6082
   18680      16.3574        20.7894
   18681      16.4080        22.3495
   18682      16.3235        22.2338
   18683      16.3508        22.0732
   18684      16.2467        21.4495
   18685      16.3286        20.7747
   18686      16.2912        22.4847
   18687      16.3364        21.6787
   18688      16.3930        21.3504
   18689      16.3971        22.1055
   18690      16.3705        21.5626
   18691      16.3319        21.8205
   18692      16.2497        20.6045
   18693      16.2482        21.2412
   18694      16.2679        20.8666
   18695      16.2978        22.3740
   18696      16.3039        22.5759
   18697      16.3034        21.5960
   18698      16.3535        21.7419
   18699      16.3489        21.8500
   18700      16.3015        20.9442
   18701      16.2506        21.0832
   18702      16.2526        20.7380
   18703      16.3130        20.8680
   18704      16.2928        20.5957
   18705      16.3021        20.9581
   18706      16.3873        20.8107
   18707      16.3232        21.0454
   18708      16.4077        21.0896
   18709      16.4138        21.2379
   18710      16.3521        21.1283
   18711      16.2842        20.5903
   18712      16.2807        22.0029
   18713      16.2918        20.9720
   18714      16.3333        21.1872
   18715      16.3040        21.3769
   18716      16.3226        22.0025
   18717      16.2736        21.1925
   18718      16.4299        21.7610
   18719      16.3735        21.0736
   18720      16.3569        21.3316
   18721      16.3464        21.1693
   18722      16.3969        21.6308
   18723      16.3746        21.4511
   18724      16.4060        22.5034
   18725      16.3329        21.4639
   18726      16.3925        22.1379
   18727      16.4114        21.8766
   18728      16.4103        20.9943
   18729      16.4019        21.7555
   18730      16.4232        21.3105
   18731      16.4503        21.2585
   18732      16.3624        20.8316
   18733      16.4286        21.0670
   18734      16.4077        21.2142
   18735      16.4014        20.5740
   18736      16.4018        21.6133
   18737      16.4353        21.4646
   18738      16.4403        21.1092
   18739      16.3824        20.5092
   18740      16.3806        21.2143
   18741      16.3012        20.9825
   18742      16.2910        20.9472
   18743      16.3614        21.1914
   18744      16.3579        20.5287
   18745      16.3686        20.9676
   18746      16.3732        21.2903
   18747      16.3085        20.9624
   18748      16.3291        21.2961
   18749      16.3741        21.0328
   18750      16.3613        20.9803
   18751      16.2676        20.0858
   18752      16.3608        20.5541
   18753      16.2730        21.0450
   18754      16.3032        20.9033
   18755      16.3086        20.8331
   18756      16.3164        20.8409
   18757      16.3226        21.1611
   18758      16.3092        21.1205
   18759      16.3705        20.9290
   18760      16.3480        21.1612
   18761      16.3264        20.9572
   18762      16.3867        22.1852
   18763      16.3348        21.0507
   18764      16.3747        21.4173
   18765      16.3896        21.4841
   18766      16.3347        20.9189
   18767      16.3730        21.0310
   18768      16.3162        21.1898
   18769      16.3659        21.2502
   18770      16.3968        21.1375
   18771      16.4394        20.8066
   18772      16.4017        22.0864
   18773      16.3565        22.1795
   18774      16.3668        21.6995
   18775      16.3689        21.1940
   18776      16.3689        21.4339
   18777      16.3827        21.2520
   18778      16.3490        21.1477
   18779      16.3123        21.2991
   18780      16.3554        20.9473
   18781      16.3201        21.1019
   18782      16.3601        20.8037
   18783      16.3267        20.9834
   18784      16.3404        21.4399
   18785      16.4094        21.3057
   18786      16.3932        20.8745
   18787      16.3565        21.6192
   18788      16.3243        21.0591
   18789      16.3480        20.5018
   18790      16.4629        21.9564
   18791      16.2651        20.6890
   18792      16.2750        20.6940
   18793      16.3631        21.1525
   18794      16.3510        20.8550
   18795      16.3302        20.7794
   18796      16.3248        20.4206
   18797      16.4125        21.5211
   18798      16.3515        20.8438
   18799      16.3807        21.4741
   18800      16.3863        21.0354
   18801      16.3604        21.0675
   18802      16.4210        21.3452
   18803      16.4836        21.3178
   18804      16.3587        21.1365
   18805      16.4299        21.0344
   18806      16.4662        21.1462
   18807      16.3853        21.0842
   18808      16.4045        21.1373
   18809      16.3694        20.9506
   18810      16.4613        21.5767
   18811      16.4018        21.0731
   18812      16.4099        21.2658
   18813      16.3543        21.2048
   18814      16.3257        21.1126
   18815      16.3622        21.4627
   18816      16.3816        21.1494
   18817      16.4282        21.5142
   18818      16.3962        21.2789
   18819      16.4057        21.2864
   18820      16.3545        21.1450
   18821      16.3128        20.9443
   18822      16.2773        21.1363
   18823      16.3439        21.3666
   18824      16.3452        20.9189
   18825      16.3749        21.2772
   18826      16.3461        20.5840
   18827      16.3670        20.7958
   18828      16.3536        20.7434
   18829      16.3984        21.3379
   18830      16.4189        21.1479
   18831      16.4195        21.4760
   18832      16.3757        21.6467
   18833      16.4424        22.3895
   18834      16.4247        21.3894
   18835      16.3530        21.3896
   18836      16.3489        20.8689
   18837      16.3983        21.8097
   18838      16.2332        21.6570
   18839      16.3272        20.1795
   18840      16.4066        20.9233
   18841      16.3638        21.8219
   18842      16.3806        21.0445
   18843      16.3494        22.1227
   18844      16.3394        21.7421
   18845      16.3909        21.4531
   18846      16.3678        21.2964
   18847      16.3846        21.0095
   18848      16.3516        20.8155
   18849      16.3131        20.7670
   18850      16.3186        20.9419
   18851      16.3929        21.1445
   18852      16.2988        20.5874
   18853      16.3329        21.2108
   18854      16.3343        20.9879
   18855      16.4131        21.2503
   18856      16.3641        21.0416
   18857      16.3614        21.1218
   18858      16.3347        21.1707
   18859      16.2986        20.8760
   18860      16.4007        20.5638
   18861      16.3563        20.8533
   18862      16.3937        20.7280
   18863      16.3605        21.3029
   18864      16.4208        20.9786
   18865      16.3354        20.8857
   18866      16.4054        20.8395
   18867      16.3812        20.8958
   18868      16.3247        20.7352
   18869      16.3830        20.9199
   18870      16.4429        21.6028
   18871      16.3506        21.3684
   18872      16.3994        21.0706
   18873      16.4362        21.1491
   18874      16.3683        20.8261
   18875      16.3438        20.3706
   18876      16.3526        20.5367
   18877      16.4027        21.4552
   18878      16.4237        21.1903
   18879      16.4396        21.1652
   18880      16.4057        21.2379
   18881      16.3275        21.7168
   18882      16.3855        21.5123
   18883      16.3342        21.2723
   18884      16.3421        20.9437
   18885      16.3706        21.2184
   18886      16.3285        20.9944
   18887      16.3297        20.8572
   18888      16.3453        21.0808
   18889      16.4221        21.4855
   18890      16.4153        21.2796
   18891      16.3896        21.3532
   18892      16.3586        22.0508
   18893      16.3895        20.7696
   18894      16.3857        21.4725
   18895      16.3852        20.9106
   18896      16.3825        20.9724
   18897      16.2834        20.8293
   18898      16.4240        20.9752
   18899      16.2984        21.3787
   18900      16.3500        20.7277
   18901      16.4056        21.3498
   18902      16.3282        20.9781
   18903      16.3376        21.2888
   18904      16.3419        21.1595
   18905      16.2836        21.2261
   18906      16.3244        21.7836
   18907      16.3851        21.0842
   18908      16.3518        21.0229
   18909      16.3898        21.3989
   18910      16.4258        21.3522
   18911      16.5123        21.1919
   18912      16.3677        21.1979
   18913      16.3362        21.3439
   18914      16.3906        20.9915
   18915      16.3176        20.9035
   18916      16.3564        20.7835
   18917      16.3587        20.9302
   18918      16.4125        21.5845
   18919      16.4480        21.2375
   18920      16.4541        21.6232
   18921      16.3407        21.6771
   18922      16.3942        21.0471
   18923      16.3026        20.9939
   18924      16.3595        20.8946
   18925      16.3743        21.1805
   18926      16.2983        20.4502
   18927      16.2837        20.9418
   18928      16.3945        21.0443
   18929      16.3273        20.9723
   18930      16.3767        21.5067
   18931      16.3190        21.0249
   18932      16.4235        21.3438
   18933      16.3702        20.9396
   18934      16.4192        21.8897
   18935      16.5028        21.1670
   18936      16.3696        21.7308
   18937      16.4559        21.7614
   18938      16.4192        22.1695
   18939      16.3725        21.1476
   18940      16.4334        21.9736
   18941      16.3940        21.0550
   18942      16.3574        22.1884
   18943      16.4478        21.4595
   18944      16.3947        21.3205
   18945      16.4201        21.0775
   18946      16.3095        21.0472
   18947      16.3338        20.9872
   18948      16.3744        22.7702
   18949      16.3577        21.2167
   18950      16.4401        21.9608
   18951      16.4233        22.9433
   18952      16.3165        21.1576
   18953      16.3943        21.1144
   18954      16.3803        21.1736
   18955      16.4218        21.3043
   18956      16.3855        21.7968
   18957      16.4087        21.2491
   18958      16.3393        21.0856
   18959      16.3076        21.3950
   18960      16.3322        21.2506
   18961      16.3470        20.9171
   18962      16.3898        21.1252
   18963      16.3704        21.2585
   18964      16.3546        20.8534
   18965      16.3771        20.8039
   18966      16.3682        21.1164
   18967      16.3045        20.5100
   18968      16.3779        21.0563
   18969      16.3161        20.8607
   18970      16.3816        21.4815
   18971      16.3101        20.5384
   18972      16.3992        20.9073
   18973      16.4127        20.7696
   18974      16.4172        21.4888
   18975      16.3814        20.5687
   18976      16.3827        21.4549
   18977      16.3630        21.3430
   18978      16.4074        20.6854
   18979      16.3374        20.7695
   18980      16.3002        20.8517
   18981      16.3637        21.1418
   18982      16.3389        20.5222
   18983      16.3462        20.8885
   18984      16.3667        20.6475
   18985      16.3724        21.1168
   18986      16.3935        20.7080
   18987      16.3825        20.8262
   18988      16.3343        21.0228
   18989      16.3902        21.0337
   18990      16.4499        21.0898
   18991      16.4371        21.2104
   18992      16.4396        20.7608
   18993      16.3777        21.3923
   18994      16.3955        21.1656
   18995      16.3835        20.9536
   18996      16.3517        20.8529
   18997      16.3886        21.3469
   18998      16.3312        21.1387
   18999      16.4912        20.6668
   19000      16.4601        21.1548
   19001      16.3801        20.5801
   19002      16.4707        21.0880
   19003      16.3656        20.9559
   19004      16.3860        21.2050
   19005      16.4237        20.6851
   19006      16.3883        20.6588
   19007      16.4748        21.5887
   19008      16.3926        21.4772
   19009      16.3222        21.2834
   19010      16.2862        22.5392
   19011      16.2692        21.7033
   19012      16.3698        21.1237
   19013      16.3765        20.7150
   19014      16.3378        20.7638
   19015      16.3592        21.1380
   19016      16.3749        20.7042
   19017      16.3715        20.8877
   19018      16.4355        21.0357
   19019      16.3920        21.5231
   19020      16.3379        21.0762
   19021      16.3683        20.8178
   19022      16.2984        21.1535
   19023      16.3450        21.4289
   19024      16.3765        20.8109
   19025      16.3201        20.8226
   19026      16.3449        20.3766
   19027      16.2706        20.6206
   19028      16.3452        21.2766
   19029      16.3400        20.8857
   19030      16.3935        20.8604
   19031      16.3813        21.0645
   19032      16.3390        21.8147
   19033      16.4187        22.5513
   19034      16.4056        21.2114
   19035      16.4130        21.3426
   19036      16.4483        21.8572
   19037      16.3508        20.8777
   19038      16.3924        21.0805
   19039      16.3387        21.1186
   19040      16.4089        20.8216
   19041      16.3548        20.7422
   19042      16.3434        21.8090
   19043      16.3651        21.3904
   19044      16.3443        21.5087
   19045      16.3628        20.9292
   19046      16.3572        20.8438
   19047      16.3494        20.8504
   19048      16.3737        20.9618
   19049      16.4375        21.0680
   19050      16.3356        20.6653
   19051      16.3199        20.7440
   19052      16.3355        20.5772
   19053      16.3473        21.1047
   19054      16.3558        20.8428
   19055      16.3173        20.6722
   19056      16.3242        20.5874
   19057      16.4092        20.8172
   19058      16.3620        21.0933
   19059      16.3088        20.4064
   19060      16.3114        20.9386
   19061      16.3422        20.9386
   19062      16.3511        21.0242
   19063      16.2842        21.2333
   19064      16.3643        21.4858
   19065      16.3482        20.4944
   19066      16.3694        20.7930
   19067      16.3224        20.3752
   19068      16.3423        21.4333
   19069      16.3399        21.1731
   19070      16.3935        21.0614
   19071      16.2881        20.7401
   19072      16.3212        21.0210
   19073      16.3206        20.8231
   19074      16.3212        20.6293
   19075      16.3584        20.4466
   19076      16.3148        21.3510
   19077      16.3518        20.8415
   19078      16.3115        21.4652
   19079      16.3391        20.6977
   19080      16.3409        21.5248
   19081      16.2889        21.6943
   19082      16.2626        21.0784
   19083      16.2604        20.8394
   19084      16.3524        21.9329
   19085      16.3168        21.6536
   19086      16.2921        21.5080
   19087      16.2984        20.3805
   19088      16.2506        21.5465
   19089      16.2775        20.7327
   19090      16.3397        20.6216
   19091      16.3589        20.1562
   19092      16.3021        20.7042
   19093      16.3426        21.3256
   19094      16.3414        20.7712
   19095      16.3347        21.2390
   19096      16.3744        20.8318
   19097      16.2914        21.2386
   19098      16.3393        21.2714
   19099      16.2956        20.6580
   19100      16.2672        20.8891
   19101      16.3609        21.4550
   19102      16.4665        21.1108
   19103      16.3675        20.9451
   19104      16.3966        20.9046
   19105      16.3701        20.7638
   19106      16.3439        21.1195
   19107      16.4190        21.6822
   19108      16.3414        21.6088
   19109      16.4320        22.2175
   19110      16.3912        23.2796
   19111      16.3537        21.9697
   19112      16.4266        22.7795
   19113      16.3749        21.3540
   19114      16.3115        21.0278
   19115      16.3430        21.3072
   19116      16.2963        20.9073
   19117      16.3375        21.3847
   19118      16.3314        20.9749
   19119      16.3782        21.4580
   19120      16.3394        21.2261
   19121      16.3334        21.0566
   19122      16.3432        20.7698
   19123      16.3143        20.8551
   19124      16.4268        21.2837
   19125      16.3489        21.5656
   19126      16.3955        21.4861
   19127      16.4158        20.8593
   19128      16.4583        21.1339
   19129      16.4212        21.3968
   19130      16.4035        22.2507
   19131      16.4034        21.4583
   19132      16.4082        21.2023
   19133      16.4507        21.0034
   19134      16.4043        21.8067
   19135      16.4513        20.9371
   19136      16.3878        20.9243
   19137      16.4135        21.1106
   19138      16.4247        21.1551
   19139      16.3948        20.7094
   19140      16.3535        21.2789
   19141      16.3234        21.7129
   19142      16.3458        20.6910
   19143      16.3542        21.2998
   19144      16.3703        20.9332
   19145      16.4087        21.2199
   19146      16.3926        21.3965
   19147      16.4414        21.1746
   19148      16.4549        21.5208
   19149      16.3250        21.4478
   19150      16.4059        22.8025
   19151      16.5105        22.0015
   19152      16.3753        21.6196
   19153      16.4006        21.8690
   19154      16.3652        21.1961
   19155      16.4080        21.4416
   19156      16.3606        21.8128
   19157      16.4495        21.3489
   19158      16.4161        20.9545
   19159      16.4639        22.3302
   19160      16.4341        21.9392
   19161      16.3155        21.8559
   19162      16.4301        22.0726
   19163      16.4159        21.4531
   19164      16.3478        20.9685
   19165      16.3933        21.6184
   19166      16.4743        21.5496
   19167      16.4077        20.9765
   19168      16.4017        21.3108
   19169      16.3524        21.2168
   19170      16.3726        21.6016
   19171      16.2879        20.8078
   19172      16.4123        21.8476
   19173      16.2578        21.5100
   19174      16.3250        21.4091
   19175      16.3271        20.6928
   19176      16.3574        20.8601
   19177      16.3615        20.8025
   19178      16.2933        21.3416
   19179      16.3118        20.6243
   19180      16.3063        21.2197
   19181      16.3270        21.0424
   19182      16.2840        21.2437
   19183      16.3125        21.3171
   19184      16.3681        20.8614
   19185      16.4167        21.0053
   19186      16.4173        20.5580
   19187      16.2950        20.5285
   19188      16.2856        20.4324
   19189      16.3510        20.6381
   19190      16.3567        21.0375
   19191      16.3955        21.1551
   19192      16.4350        21.8756
   19193      16.3435        22.1624
   19194      16.3992        21.2240
   19195      16.3666        20.9312
   19196      16.3875        21.0605
   19197      16.3701        21.2527
   19198      16.3519        20.6912
   19199      16.2991        20.8950
   19200      16.3693        21.2203
   19201      16.2093        20.8152
   19202      16.2781        20.7155
   19203      16.3117        20.6019
   19204      16.3109        20.6748
   19205      16.3177        20.6682
   19206      16.3078        21.4236
   19207      16.3265        21.0092
   19208      16.3878        21.4781
   19209      16.3404        21.1231
   19210      16.2787        20.8770
   19211      16.3110        21.0728
   19212      16.2951        20.9303
   19213      16.3721        20.5722
   19214      16.2856        20.1076
   19215      16.2990        21.0162
   19216      16.3554        20.7652
   19217      16.3001        20.5072
   19218      16.3006        20.7311
   19219      16.3786        21.1791
   19220      16.3052        20.8578
   19221      16.3941        20.3052
   19222      16.3281        21.3421
   19223      16.2535        20.6647
   19224      16.2517        20.7132
   19225      16.3421        20.7085
   19226      16.3421        21.4243
   19227      16.2790        20.7307
   19228      16.3129        20.6661
   19229      16.3079        20.8952
   19230      16.3403        20.0819
   19231      16.3512        20.3675
   19232      16.3021        20.3334
   19233      16.2846        20.1535
   19234      16.2778        20.1254
   19235      16.2788        20.5470
   19236      16.1974        20.5610
   19237      16.3354        20.5465
   19238      16.3392        20.7720
   19239      16.3478        20.7379
   19240      16.3479        20.2326
   19241      16.2721        20.5839
   19242      16.3040        20.8764
   19243      16.2682        20.7836
   19244      16.2807        20.4876
   19245      16.2920        21.0852
   19246      16.2474        21.4474
   19247      16.2563        21.1116
   19248      16.3221        21.4256
   19249      16.2368        21.1000
   19250      16.2875        21.4164
   19251      16.2503        22.0506
   19252      16.3431        21.9117
   19253      16.3618        21.7040
   19254      16.2939        21.6209
   19255      16.3004        21.5597
   19256      16.2875        21.7124
   19257      16.2508        21.4409
   19258      16.2201        20.3649
   19259      16.2812        21.8516
   19260      16.2465        21.3734
   19261      16.2956        21.3528
   19262      16.2358        22.4283
   19263      16.2530        22.1187
   19264      16.3484        21.4621
   19265      16.3141        21.1782
   19266      16.3062        21.1932
   19267      16.2830        21.6079
   19268      16.2826        22.3496
   19269      16.3401        20.7227
   19270      16.2959        22.4166
   19271      16.3355        21.7153
   19272      16.2637        21.6641
   19273      16.2914        21.7565
   19274      16.3248        21.2533
   19275      16.2994        21.6048
   19276      16.3105        21.1145
   19277      16.3069        23.0061
   19278      16.3185        21.8133
   19279      16.2673        21.0436
   19280      16.2950        20.9215
   19281      16.3434        22.2684
   19282      16.3300        20.8788
   19283      16.2944        21.6148
   19284      16.2186        21.3134
   19285      16.2809        21.3679
   19286      16.3121        21.2582
   19287      16.2578        22.1037
   19288      16.3434        22.0402
   19289      16.3995        21.5293
   19290      16.3947        21.8103
   19291      16.2756        21.7716
   19292      16.2897        20.8711
   19293      16.3355        21.6510
   19294      16.3172        21.0085
   19295      16.3367        20.9078
   19296      16.2558        20.4659
   19297      16.3420        20.7824
   19298      16.2598        21.1674
   19299      16.3985        21.0714
   19300      16.2988        20.5523
   19301      16.2489        21.1122
   19302      16.3548        20.5537
   19303      16.3555        20.7682
   19304      16.2971        21.1949
   19305      16.3259        20.8025
   19306      16.3598        20.9216
   19307      16.3220        20.5459
   19308      16.2486        20.4834
   19309      16.3526        21.0527
   19310      16.3555        20.4079
   19311      16.3068        20.4354
   19312      16.3490        20.8809
   19313      16.3379        20.8720
   19314      16.3400        20.5996
   19315      16.2935        20.9600
   19316      16.3555        20.8279
   19317      16.3307        20.7515
   19318      16.2927        20.8672
   19319      16.2710        20.2908
   19320      16.2731        20.9797
   19321      16.2950        20.4964
   19322      16.2644        20.2299
   19323      16.3084        20.5428
   19324      16.3343        20.9136
   19325      16.3670        21.3238
   19326      16.3117        20.6641
   19327      16.3091        20.5070
   19328      16.3369        21.1680
   19329      16.2639        22.6180
   19330      16.2917        22.4528
   19331      16.3160        21.1339
   19332      16.3315        20.4923
   19333      16.2879        20.0306
   19334      16.3675        21.1323
   19335      16.3186        21.2691
   19336      16.3214        21.0568
   19337      16.3688        21.6952
   19338      16.3398        22.5511
   19339      16.3518        22.2815
   19340      16.3425        22.9569
   19341      16.3198        20.8996
   19342      16.2446        20.4846
   19343      16.3444        20.5011
   19344      16.3126        21.5728
   19345      16.3319        21.9632
   19346      16.3480        21.8879
   19347      16.3529        21.1242
   19348      16.3532        20.8160
   19349      16.2970        20.9193
   19350      16.3246        20.8040
   19351      16.3208        21.0208
   19352      16.3637        21.5934
   19353      16.3203        20.9827
   19354      16.3342        20.7096
   19355      16.3547        21.3447
   19356      16.2570        21.1352
   19357      16.3391        22.1406
   19358      16.3516        21.5480
   19359      16.4141        22.1065
   19360      16.3790        21.6452
   19361      16.3366        22.3540
   19362      16.3807        20.8459
   19363      16.4435        20.6921
   19364      16.3006        21.2484
   19365      16.3641        21.3357
   19366      16.3053        20.6807
   19367      16.3241        20.3704
   19368      16.2685        20.9690
   19369      16.3079        20.8433
   19370      16.2587        20.8693
   19371      16.3035        20.6121
   19372      16.2955        20.4996
   19373      16.2915        20.9593
   19374      16.3006        20.5687
   19375      16.3056        21.1350
   19376      16.3288        21.2253
   19377      16.2950        20.6038
   19378      16.3097        20.7968
   19379      16.3237        21.2579
   19380      16.2823        21.0079
   19381      16.2556        20.6219
   19382      16.3216        21.8779
   19383      16.3055        21.3784
   19384      16.2366        21.0772
   19385      16.2919        21.0798
   19386      16.3612        21.0376
   19387      16.2645        20.3845
   19388      16.2877        20.8867
   19389      16.3243        21.1456
   19390      16.3473        21.0456
   19391      16.2867        20.6453
   19392      16.3197        21.3892
   19393      16.2934        20.7227
   19394      16.2909        21.0313
   19395      16.3569        21.2304
   19396      16.2419        22.2461
   19397      16.2682        22.5065
   19398      16.2801        21.4080
   19399      16.3112        21.2758
   19400      16.2702        21.3430
   19401      16.2177        22.0692
   19402      16.2703        21.9632
   19403      16.2940        21.5653
   19404      16.2667        21.4143
   19405      16.3714        21.9146
   19406      16.2767        22.2864
   19407      16.3103        21.8223
   19408      16.3451        21.9667
   19409      16.2828        21.9437
   19410      16.2702        21.1419
   19411      16.2568        20.7162
   19412      16.3158        21.7045
   19413      16.2380        21.4247
   19414      16.2896        21.7374
   19415      16.3389        22.0256
   19416      16.2856        21.8749
   19417      16.3515        20.7949
   19418      16.3502        21.2912
   19419      16.3066        21.1854
   19420      16.3131        21.5561
   19421      16.3786        21.3689
   19422      16.2622        21.4518
   19423      16.2630        21.3613
   19424      16.3015        21.8905
   19425      16.2934        22.2765
   19426      16.3121        21.4407
   19427      16.4088        21.5211
   19428      16.2557        21.4797
   19429      16.3321        21.5762
   19430      16.3496        21.1200
   19431      16.3656        21.9263
   19432      16.3854        22.0910
   19433      16.2729        20.9482
   19434      16.2703        21.7495
   19435      16.2902        21.2021
   19436      16.3641        21.0833
   19437      16.2984        21.6641
   19438      16.2486        20.8589
   19439      16.2944        21.2258
   19440      16.3236        22.9485
   19441      16.2575        21.4267
   19442      16.2704        20.7096
   19443      16.2915        20.4926
   19444      16.2946        21.1679
   19445      16.3155        22.0393
   19446      16.4254        21.6245
   19447      16.3021        20.6903
   19448      16.3076        22.0515
   19449      16.2742        21.3759
   19450      16.2066        21.2363
   19451      16.2924        22.2115
   19452      16.2658        22.5660
   19453      16.2221        21.3448
   19454      16.3554        21.5430
   19455      16.2628        20.9108
   19456      16.2848        21.0672
   19457      16.3510        21.7961
   19458      16.3546        21.8730
   19459      16.3249        21.9293
   19460      16.2963        21.4306
   19461      16.3363        22.5410
   19462      16.2387        21.0615
   19463      16.3507        21.2359
   19464      16.3368        21.9589
   19465      16.3181        20.8511
   19466      16.3543        20.5083
   19467      16.3302        20.5437
   19468      16.2934        21.0274
   19469      16.3025        20.9831
   19470      16.3058        21.1426
   19471      16.2855        20.5104
   19472      16.3120        20.3853
   19473      16.3217        21.0783
   19474      16.3241        21.4950
   19475      16.2971        20.3141
   19476      16.3338        21.2323
   19477      16.3304        20.6384
   19478      16.3075        20.8560
   19479      16.3273        20.6608
   19480      16.3110        20.7547
   19481      16.2887        20.7110
   19482      16.2782        21.0162
   19483      16.1965        20.5887
   19484      16.2774        20.6694
   19485      16.3401        21.8574
   19486      16.2852        20.9644
   19487      16.3123        20.5912
   19488      16.2825        20.9514
   19489      16.2610        20.5051
   19490      16.2526        20.4950
   19491      16.2386        20.9727
   19492      16.2579        21.0558
   19493      16.3207        20.6388
   19494      16.3597        21.4276
   19495      16.2912        21.3670
   19496      16.3552        21.2241
   19497      16.3147        20.9361
   19498      16.3810        21.0283
   19499      16.3711        21.4697
   19500      16.3277        20.9601
   19501      16.3563        20.8752
   19502      16.4032        20.9007
   19503      16.3556        20.7091
   19504      16.3876        20.7736
   19505      16.3660        20.7510
   19506      16.4130        21.3622
   19507      16.3330        20.8643
   19508      16.3760        20.9699
   19509      16.4106        21.0261
   19510      16.3178        20.6666
   19511      16.3631        21.0941
   19512      16.4192        20.9555
   19513      16.3999        21.1389
   19514      16.3534        20.9964
   19515      16.3604        20.7238
   19516      16.3336        21.0185
   19517      16.3841        21.4752
   19518      16.3848        21.3505
   19519      16.3551        20.6086
   19520      16.3665        21.2181
   19521      16.2986        21.0243
   19522      16.3780        21.0270
   19523      16.3940        20.7058
   19524      16.3708        21.5375
   19525      16.2928        20.5177
   19526      16.3588        20.8561
   19527      16.3535        21.1538
   19528      16.4043        21.4141
   19529      16.3240        21.0535
   19530      16.3203        20.6313
   19531      16.3230        21.0965
   19532      16.3372        21.0803
   19533      16.3146        21.0110
   19534      16.3261        20.8344
   19535      16.2811        21.1563
   19536      16.3433        20.7023
   19537      16.3727        21.0236
   19538      16.2958        20.6435
   19539      16.3539        20.7350
   19540      16.3654        21.0877
   19541      16.3321        21.4822
   19542      16.3755        20.6432
   19543      16.4020        21.1728
   19544      16.4173        20.6735
   19545      16.4226        21.0240
   19546      16.3321        20.6273
   19547      16.3837        21.0892
   19548      16.3170        21.0074
   19549      16.4032        21.4820
   19550      16.3425        20.8653
   19551      16.3733        21.1090
   19552      16.3085        20.5893
   19553      16.4130        21.2854
   19554      16.4261        21.0517
   19555      16.3513        20.8170
   19556      16.3658        20.5697
   19557      16.4163        21.0961
   19558      16.3727        20.5720
   19559      16.4306        20.6288
   19560      16.2819        20.6845
   19561      16.4501        20.6126
   19562      16.3455        20.7897
   19563      16.4592        20.9165
   19564      16.3850        21.0052
   19565      16.3740        20.3474
   19566      16.4084        20.7535
   19567      16.4620        20.9731
   19568      16.4690        20.7897
   19569      16.3946        20.5613
   19570      16.3860        20.7377
   19571      16.4115        20.9879
   19572      16.3829        20.5044
   19573      16.3954        21.3983
   19574      16.4290        21.0823
   19575      16.4696        20.7875
   19576      16.4728        20.6433
   19577      16.4271        21.0314
   19578      16.3712        20.8505
   19579      16.4319        20.7535
   19580      16.4123        21.0471
   19581      16.4765        21.0887
   19582      16.5057        21.6373
   19583      16.4647        21.8836
   19584      16.4439        21.0100
   19585      16.3918        20.7558
   19586      16.4105        20.9916
   19587      16.5179        21.4313
   19588      16.5016        21.2349
   19589      16.4140        21.2307
   19590      16.3258        21.2560
   19591      16.3102        20.8036
   19592      16.3973        21.1819
   19593      16.3164        20.9436
   19594      16.3653        20.8307
   19595      16.3645        20.9143
   19596      16.3644        21.1515
   19597      16.3997        21.0970
   19598      16.3896        21.6171
   19599      16.3427        21.2049
   19600      16.3588        20.7671
   19601      16.3746        20.9327
   19602      16.3581        20.8840
   19603      16.4018        21.4289
   19604      16.3436        20.5066
   19605      16.4103        20.9876
   19606      16.4248        21.0227
   19607      16.3062        20.5047
   19608      16.3666        20.7376
   19609      16.3317        20.6414
   19610      16.3409        20.9168
   19611      16.4086        20.7121
   19612      16.4017        22.6170
   19613      16.3390        20.9331
   19614      16.4013        21.1891
   19615      16.3502        20.6579
   19616      16.4306        20.5488
   19617      16.3631        20.8537
   19618      16.4034        22.2654
   19619      16.2988        21.5539
   19620      16.3131        22.0253
   19621      16.3955        21.0048
   19622      16.4847        21.1808
   19623      16.3795        21.1781
   19624      16.3463        21.6322
   19625      16.3736        22.3282
   19626      16.3373        21.2511
   19627      16.3646        21.4599
   19628      16.3379        21.3900
   19629      16.2818        20.8057
   19630      16.3404        21.6517
   19631      16.4247        21.7787
   19632      16.3432        21.6673
   19633      16.3158        21.3493
   19634      16.3792        22.1260
   19635      16.3076        20.8811
   19636      16.2794        20.5515
   19637      16.3081        21.6743
   19638      16.3222        21.0034
   19639      16.3729        20.5964
   19640      16.3969        21.2728
   19641      16.3786        21.9384
   19642      16.3655        20.8249
   19643      16.3997        20.1968
   19644      16.2885        20.3788
   19645      16.4562        20.3090
   19646      16.4345        20.4115
   19647      16.4658        21.3818
   19648      16.3704        20.7526
   19649      16.4216        20.6691
   19650      16.3308        20.4614
   19651      16.3629        20.5241
   19652      16.3869        20.5356
   19653      16.4555        20.8427
   19654      16.5115        20.7532
   19655      16.4366        20.8537
   19656      16.4544        20.8808
   19657      16.4200        21.2520
   19658      16.4365        20.8826
   19659      16.3395        20.5647
   19660      16.4057        21.0011
   19661      16.4172        21.0799
   19662      16.4352        21.0816
   19663      16.3416        20.7809
   19664      16.4192        20.7534
   19665      16.3078        20.5940
   19666      16.3360        20.6288
   19667      16.3828        20.6959
   19668      16.3224        20.8090
   19669      16.3588        20.3455
   19670      16.2849        20.8292
   19671      16.3236        20.7899
   19672      16.3528        20.3548
   19673      16.2516        19.9802
   19674      16.2517        20.5045
   19675      16.2811        20.3073
   19676      16.3806        20.4602
   19677      16.3617        20.4853
   19678      16.2647        20.9588
   19679      16.3670        21.3211
   19680      16.3103        21.6787
   19681      16.3049        22.6853
   19682      16.3142        22.8948
   19683      16.3756        21.9159
   19684      16.3662        21.8575
   19685      16.3362        21.3079
   19686      16.3559        21.2573
   19687      16.3395        21.8407
   19688      16.3722        21.5715
   19689      16.3833        22.0826
   19690      16.3620        21.6384
   19691      16.4898        22.3282
   19692      16.3401        22.2539
   19693      16.3238        22.2325
   19694      16.3356        20.1520
   19695      16.3786        20.7425
   19696      16.2850        20.5446
   19697      16.2678        20.3928
   19698      16.3077        20.5018
   19699      16.3700        20.3160
   19700      16.2936        21.0755
   19701      16.2601        20.5235
   19702      16.2398        20.4621
   19703      16.3102        21.0752
   19704      16.2726        21.1353
   19705      16.4156        21.2333
   19706      16.3361        20.6443
   19707      16.3365        21.5723
   19708      16.3079        20.8141
   19709      16.3466        20.6823
   19710      16.3691        21.2548
   19711      16.3517        21.1082
   19712      16.2694        21.6072
   19713      16.2963        20.9918
   19714      16.3750        21.0450
   19715      16.4145        20.7852
   19716      16.3588        21.1053
   19717      16.4040        21.4331
   19718      16.3281        20.9672
   19719      16.4150        22.0384
   19720      16.3635        21.6523
   19721      16.3710        21.6536
   19722      16.3572        22.4342
   19723      16.3688        21.0068
   19724      16.4597        21.1475
   19725      16.3950        20.4381
   19726      16.3542        20.5772
   19727      16.3273        20.2348
   19728      16.3746        21.4643
   19729      16.3900        21.0005
   19730      16.3245        20.9804
   19731      16.2834        20.2190
   19732      16.3273        20.2665
   19733      16.2789        20.2198
   19734      16.3450        20.5521
   19735      16.3365        20.6330
   19736      16.3442        20.2129
   19737      16.4313        20.8189
   19738      16.4000        20.2477
   19739      16.4358        21.1354
   19740      16.3556        20.8248
   19741      16.3463        20.2345
   19742      16.4496        21.2044
   19743      16.3948        20.4437
   19744      16.4203        21.1482
   19745      16.3130        21.4865
   19746      16.3668        21.5872
   19747      16.3227        21.2176
   19748      16.3222        22.6231
   19749      16.3558        21.3032
   19750      16.2762        20.9276
   19751      16.4039        21.3966
   19752      16.3660        21.0596
   19753      16.3586        21.0484
   19754      16.3740        21.9896
   19755      16.3932        22.2959
   19756      16.4054        22.2447
   19757      16.3321        21.0336
   19758      16.3037        22.0184
   19759      16.3715        21.8053
   19760      16.2963        21.6798
   19761      16.3019        21.6610
   19762      16.4604        21.6172
   19763      16.3448        22.2408
   19764      16.4093        21.7652
   19765      16.3634        22.7447
   19766      16.3770        21.6768
   19767      16.3559        20.7479
   19768      16.3792        22.4982
   19769      16.4140        21.1517
   19770      16.3886        20.7649
   19771      16.3939        21.3568
   19772      16.3402        21.2479
   19773      16.3198        20.9529
   19774      16.3462        20.6390
   19775      16.3696        21.4386
   19776      16.3677        20.9859
   19777      16.4061        20.6560
   19778      16.4036        20.8894
   19779      16.3803        21.6233
   19780      16.3344        20.7742
   19781      16.4164        21.4895
   19782      16.3509        20.6574
   19783      16.3389        20.9700
   19784      16.3457        20.9951
   19785      16.3480        20.9417
   19786      16.4125        20.3542
   19787      16.3428        20.7120
   19788      16.3631        20.7184
   19789      16.4357        20.9067
   19790      16.4048        20.9496
   19791      16.4234        21.1634
   19792      16.4001        21.1124
   19793      16.4404        20.6231
   19794      16.4164        20.7708
   19795      16.4244        21.2698
   19796      16.4029        20.7389
   19797      16.3503        20.4882
   19798      16.4583        21.0569
   19799      16.3855        20.7555
   19800      16.3430        20.9754
   19801      16.3790        20.8062
   19802      16.3702        20.4702
   19803      16.4864        20.9051
   19804      16.3937        19.9722
   19805      16.4140        20.7525
   19806      16.4457        21.3104
   19807      16.3911        21.0026
   19808      16.4526        21.3661
   19809      16.2902        21.5734
   19810      16.4275        21.3412
   19811      16.3461        20.3421
   19812      16.3637        20.5662
   19813      16.3900        20.5941
   19814      16.3709        20.6641
   19815      16.4350        20.9442
   19816      16.3352        20.9883
   19817      16.4530        21.0216
   19818      16.4869        20.6429
   19819      16.4547        20.7351
   19820      16.3602        20.6119
   19821      16.3481        20.6697
   19822      16.4169        20.6255
   19823      16.3119        20.5509
   19824      16.3391        20.4181
   19825      16.3471        20.6883
   19826      16.3401        20.6435
   19827      16.3499        20.9759
   19828      16.3098        21.3926
   19829      16.3542        20.7022
   19830      16.4189        21.0832
   19831      16.2617        20.9084
   19832      16.3149        20.5479
   19833      16.4203        21.4860
   19834      16.2447        20.3390
   19835      16.4134        21.0065
   19836      16.3115        20.5057
   19837      16.3121        20.4133
   19838      16.3329        20.3601
   19839      16.3605        20.3073
   19840      16.3481        20.3118
   19841      16.3294        20.2469
   19842      16.2688        20.4886
   19843      16.3139        20.9788
   19844      16.2959        20.4960
   19845      16.2880        20.5003
   19846      16.2905        20.3135
   19847      16.3398        20.2220
   19848      16.2571        20.2054
   19849      16.3231        20.6827
   19850      16.3354        21.1499
   19851      16.3154        20.5047
   19852      16.3102        20.4794
   19853      16.3285        20.6610
   19854      16.3397        20.4730
   19855      16.3694        20.5490
   19856      16.4273        20.9623
   19857      16.3420        20.5719
   19858      16.2855        20.9489
   19859      16.3422        21.1220
   19860      16.4084        21.0237
   19861      16.3827        20.7985
   19862      16.3688        20.7812
   19863      16.4098        20.3102
   19864      16.3821        20.5000
   19865      16.3000        20.0485
   19866      16.4137        20.8686
   19867      16.2896        20.6458
   19868      16.3390        21.0252
   19869      16.3560        20.5633
   19870      16.3327        20.3448
   19871      16.3483        20.4777
   19872      16.3599        20.7975
   19873      16.3524        20.7110
   19874      16.3960        20.5397
   19875      16.3620        20.6202
   19876      16.3991        21.6099
   19877      16.3643        21.3991
   19878      16.3308        20.7350
   19879      16.4180        21.2809
   19880      16.4379        21.2677
   19881      16.4335        21.3189
   19882      16.4444        20.8595
   19883      16.4264        21.0625
   19884      16.3517        21.3724
   19885      16.4286        21.2046
   19886      16.3960        21.1880
   19887      16.4648        21.0051
   19888      16.4402        21.1676
   19889      16.3822        21.0476
   19890      16.3659        21.0757
   19891      16.3902        20.6531
   19892      16.4243        21.1894
   19893      16.3843        21.4573
   19894      16.3888        21.9857
   19895      16.4783        21.9151
   19896      16.3920        21.7879
   19897      16.4376        21.3377
   19898      16.4085        20.9714
   19899      16.5583        21.5028
   19900      16.4900        21.1924
   19901      16.5000        22.0813
   19902      16.4443        22.1713
   19903      16.4516        21.0196
   19904      16.4975        21.2444
   19905      16.4472        21.0954
   19906      16.5015        23.0428
   19907      16.4207        21.8391
   19908      16.4725        21.1532
   19909      16.4309        20.7935
   19910      16.4340        21.1867
   19911      16.4087        20.7027
   19912      16.4534        20.9358
   19913      16.4259        20.7982
   19914      16.4119        20.5101
   19915      16.4311        20.9686
   19916      16.5067        20.9563
   19917      16.4301        20.3410
   19918      16.4681        21.1996
   19919      16.4145        21.4192
   19920      16.5259        20.8325
   19921      16.4384        20.7535
   19922      16.5002        20.7009
   19923      16.5429        21.2410
   19924      16.5188        20.2180
   19925      16.4750        20.4318
   19926      16.4300        21.1661
   19927      16.5100        21.3335
   19928      16.5111        21.1003
   19929      16.4753        21.3369
   19930      16.3915        20.4408
   19931      16.4056        20.6522
   19932      16.4638        20.9278
   19933      16.4240        21.2001
   19934      16.4998        22.2651
   19935      16.4201        22.4752
   19936      16.4006        20.9477
   19937      16.4066        21.1467
   19938      16.4297        21.0592
   19939      16.4984        21.6833
   19940      16.5453        22.0789
   19941      16.5375        21.5996
   19942      16.4892        21.2329
   19943      16.3828        20.8051
   19944      16.4660        20.9845
   19945      16.5551        21.0927
   19946      16.4503        21.2501
   19947      16.4478        21.0035
   19948      16.4292        21.0699
   19949      16.3912        21.4957
   19950      16.4251        21.2060
   19951      16.3788        21.6463
   19952      16.4022        20.9356
   19953      16.4244        20.9661
   19954      16.4015        20.4722
   19955      16.3774        21.0753
   19956      16.3905        21.1238
   19957      16.4148        21.2229
   19958      16.3293        21.0131
   19959      16.3602        21.0557
   19960      16.4516        21.4600
   19961      16.3941        21.3277
   19962      16.3843        21.0390
   19963      16.3863        21.5814
   19964      16.4215        21.1972
   19965      16.3828        20.8037
   19966      16.4939        21.4439
   19967      16.4400        20.7939
   19968      16.4286        20.9752
   19969      16.4298        20.9718
   19970      16.3686        20.8784
   19971      16.3525        20.6420
   19972      16.4603        21.4600
   19973      16.4841        20.5505
   19974      16.3956        21.5281
   19975      16.4536        21.1500
   19976      16.3722        20.8549
   19977      16.3890        20.7177
   19978      16.3984        21.1275
   19979      16.4175        21.1348
   19980      16.5204        22.2638
   19981      16.4665        21.6620
   19982      16.4612        21.4334
   19983      16.4592        21.1157
   19984      16.4277        21.0244
   19985      16.4032        20.8772
   19986      16.4088        21.2572
   19987      16.3916        20.8237
   19988      16.4616        21.1890
   19989      16.4411        21.4319
   19990      16.4074        20.8211
   19991      16.4688        21.2149
   19992      16.4244        21.1315
   19993      16.4458        21.0261
   19994      16.5489        21.2130
   19995      16.5340        21.1138
   19996      16.4560        21.2883
   19997      16.4820        21.1119
   19998      16.4755        21.3151
   19999      16.4245        21.9500
   20000      16.5526        21.7587
   20001      16.5193        21.3484
   20002      16.5079        21.8751
   20003      16.4995        21.6427
   20004      16.5077        20.8850
   20005      16.5231        21.5076
   20006      16.5073        21.3873
   20007      16.4813        20.8139
   20008      16.5055        21.3485
   20009      16.4767        21.7890
   20010      16.4630        21.2059
   20011      16.4797        23.1198
   20012      16.4934        23.4394
   20013      16.4064        23.8769
   20014      16.4549        23.0820
   20015      16.4214        21.3884
   20016      16.3802        20.5016
   20017      16.3842        20.6606
   20018      16.4687        20.8685
   20019      16.4530        21.7658
   20020      16.4345        20.6735
   20021      16.4967        21.0482
   20022      16.4370        20.6945
   20023      16.4442        21.6226
   20024      16.4184        21.1568
   20025      16.4866        20.9861
   20026      16.4403        20.8438
   20027      16.4822        21.0918
   20028      16.4335        20.9548
   20029      16.4105        21.4317
   20030      16.4195        20.4466
   20031      16.4305        20.9996
   20032      16.4792        20.8954
   20033      16.4134        20.8499
   20034      16.4774        20.7898
   20035      16.4466        21.0171
   20036      16.4772        20.4529
   20037      16.4368        21.6088
   20038      16.5439        20.7019
   20039      16.5070        21.0823
   20040      16.5018        20.6981
   20041      16.3834        20.6434
   20042      16.4227        20.8078
   20043      16.4964        20.9409
   20044      16.4307        20.5306
   20045      16.4624        20.2460
   20046      16.4481        20.8053
   20047      16.4040        21.2932
   20048      16.4070        21.0217
   20049      16.3676        20.8769
   20050      16.3560        21.3522
   20051      16.3835        20.7107
   20052      16.3964        20.7487
   20053      16.4622        20.8129
   20054      16.4295        21.6690
   20055      16.4439        21.0605
   20056      16.4257        20.8652
   20057      16.4484        20.6639
   20058      16.5285        21.3208
   20059      16.4363        20.5309
   20060      16.5216        21.0778
   20061      16.5381        21.3243
   20062      16.5051        21.2826
   20063      16.5273        21.2199
   20064      16.4729        21.1302
   20065      16.4582        21.1294
   20066      16.4426        20.6645
   20067      16.4678        20.8056
   20068      16.5565        21.2264
   20069      16.4627        20.9631
   20070      16.4517        20.5966
   20071      16.4447        20.7459
   20072      16.4628        20.9286
   20073      16.5438        20.7485
   20074      16.4353        21.0455
   20075      16.4957        20.7864
   20076      16.4561        21.1913
   20077      16.5039        20.8282
   20078      16.5865        21.3229
   20079      16.4370        21.4909
   20080      16.5293        21.5882
   20081      16.5058        29.3441
   20082      16.4704        21.7472
   20083      16.4863        20.7302
   20084      16.4991        21.1253
   20085      16.4927        21.0105
   20086      16.5281        21.5207
   20087      16.5249        21.6440
   20088      16.5358        21.0156
   20089      16.5491        21.3344
   20090      16.5700        21.3090
   20091      16.5408        21.1473
   20092      16.6119        21.7348
   20093      16.5805        21.5014
   20094      16.5494        21.7879
   20095      16.5474        21.1741
   20096      16.5355        22.0608
   20097      16.5922        21.5662
   20098      16.5335        21.7614
   20099      16.6192        21.7733
   20100      16.5353        21.5679
   20101      16.6012        21.3123
   20102      16.5252        23.4223
   20103      16.5262        22.8413
   20104      16.5689        23.1231
   20105      16.4978        23.4785
   20106      16.5728        21.5621
   20107      16.4697        21.1074
   20108      16.5052        21.4009
   20109      16.4705        21.1070
   20110      16.4560        21.4373
   20111      16.4006        21.4336
   20112      16.4125        21.3646
   20113      16.3868        21.6816
   20114      16.4311        20.7260
   20115      16.3925        20.5829
   20116      16.4011        21.3160
   20117      16.3758        20.7240
   20118      16.3106        20.7668
   20119      16.3838        21.0813
   20120      16.3907        20.7293
   20121      16.4343        21.1229
   20122      16.3751        20.5286
   20123      16.3518        20.5370
   20124      16.3455        20.4838
   20125      16.4300        20.6083
   20126      16.4684        20.5641
   20127      16.4481        20.8060
   20128      16.5052        21.6910
   20129      16.4817        21.4215
   20130      16.4774        21.5728
   20131      16.4595        21.2345
   20132      16.3747        21.1509
   20133      16.4255        21.0790
   20134      16.3866        21.2057
   20135      16.4901        20.6628
   20136      16.4884        20.6745
   20137      16.3797        20.6910
   20138      16.5031        20.4751
   20139      16.4541        20.6101
   20140      16.4361        20.6669
   20141      16.4494        20.9217
   20142      16.4188        20.9425
   20143      16.4114        20.6705
   20144      16.3648        20.6647
   20145      16.4596        21.2131
   20146      16.3971        20.7742
   20147      16.3780        20.9583
   20148      16.4099        20.4812
   20149      16.4602        21.2529
   20150      16.4403        20.5797
   20151      16.3583        20.6889
   20152      16.4703        20.9017
   20153      16.3693        20.5698
   20154      16.4135        20.8268
   20155      16.3790        21.0270
   20156      16.3231        20.7065
   20157      16.3960        20.5308
   20158      16.4389        20.7831
   20159      16.4965        21.6437
   20160      16.3928        20.9261
   20161      16.4488        20.9939
   20162      16.3788        20.4571
   20163      16.4592        20.8667
   20164      16.4302        21.0892
   20165      16.4631        20.9864
   20166      16.4334        20.8279
   20167      16.4032        21.0420
   20168      16.4785        20.8620
   20169      16.4663        20.7093
   20170      16.3703        21.0849
   20171      16.4125        20.3513
   20172      16.3779        20.5595
   20173      16.3853        20.4845
   20174      16.3913        20.2392
   20175      16.3863        21.2832
   20176      16.3410        20.9667
   20177      16.3919        21.2038
   20178      16.3696        20.6381
   20179      16.3298        20.6399
   20180      16.3055        20.3699
   20181      16.3867        20.8470
   20182      16.3210        20.8825
   20183      16.3574        20.3565
   20184      16.3198        20.3749
   20185      16.4147        20.7531
   20186      16.3724        28.2340
   20187      16.3170        20.3187
   20188      16.3427        20.7151
   20189      16.3970        20.6932
   20190      16.3453        19.9096
   20191      16.3745        20.5631
   20192      16.3242        20.5797
   20193      16.2657        19.8074
   20194      16.3859        20.4752
   20195      16.4628        20.9534
   20196      16.3626        20.6449
   20197      16.3794        20.5381
   20198      16.4196        20.5954
   20199      16.4424        20.8275
   20200      16.4528        20.9653
   20201      16.4394        21.0354
   20202      16.3887        20.7207
   20203      16.3659        20.2818
   20204      16.3721        20.8943
   20205      16.4127        20.3576
   20206      16.3215        21.6737
   20207      16.4433        22.2637
   20208      16.3719        20.7632
   20209      16.3843        22.1526
   20210      16.3962        21.0467
   20211      16.4423        20.7142
   20212      16.4673        21.0931
   20213      16.4479        21.0377
   20214      16.3638        23.5004
   20215      16.4030        23.0108
   20216      16.4088        22.2850
   20217      16.3985        22.7197
   20218      16.3908        22.3890
   20219      16.4525        22.8714
   20220      16.4057        22.3599
   20221      16.4473        22.9315
   20222      16.4153        22.6155
   20223      16.3768        23.0605
   20224      16.4264        21.3589
   20225      16.3200        20.7580
   20226      16.3516        20.7682
   20227      16.3949        20.7898
   20228      16.3241        20.5697
   20229      16.4059        20.5512
   20230      16.3675        21.0907
   20231      16.3470        20.6316
   20232      16.4145        20.9754
   20233      16.3592        20.6925
   20234      16.3512        21.0013
   20235      16.3559        20.8737
   20236      16.3370        20.9127
   20237      16.3661        20.6902
   20238      16.2688        19.8712
   20239      16.2825        20.2419
   20240      16.3310        20.5004
   20241      16.3116        20.7001
   20242      16.2862        20.3228
   20243      16.3212        20.6440
   20244      16.3551        20.0467
   20245      16.3547        20.4139
   20246      16.3145        20.4363
   20247      16.3368        20.5119
   20248      16.3527        21.2749
   20249      16.2766        20.1982
   20250      16.3879        20.7398
   20251      16.3832        20.7227
   20252      16.2822        20.3529
   20253      16.4042        20.8510
   20254      16.2615        20.1058
   20255      16.3271        20.3006
   20256      16.3669        20.9350
   20257      16.3748        20.9714
   20258      16.3789        21.0860
   20259      16.3903        19.8022
   20260      16.3009        20.5622
   20261      16.3225        19.9758
   20262      16.2930        20.2005
   20263      16.4064        20.6116
   20264      16.3349        20.6987
   20265      16.3618        20.1868
   20266      16.3055        20.8350
   20267      16.2582        20.4043
   20268      16.3027        20.1628
   20269      16.3341        20.9934
   20270      16.3946        20.9537
   20271      16.3661        20.6765
   20272      16.3621        20.6866
   20273      16.2988        20.3872
   20274      16.3676        20.0947
   20275      16.3664        20.1760
   20276      16.3569        20.0507
   20277      16.3380        20.7500
   20278      16.3482        20.0833
   20279      16.3720        20.4480
   20280      16.3522        20.2539
   20281      16.4221        20.3938
   20282      16.3644        20.4468
   20283      16.3408        20.0104
   20284      16.4017        20.8115
   20285      16.3291        20.0171
   20286      16.3449        20.7880
   20287      16.4426        20.2780
   20288      16.4267        28.7602
   20289      16.4169        20.6914
   20290      16.3483        20.7446
   20291      16.3719        20.6344
   20292      16.4299        21.2289
   20293      16.3987        20.9135
   20294      16.3652        20.6367
   20295      16.3427        20.7748
   20296      16.4243        20.1446
   20297      16.3855        20.5170
   20298      16.3827        21.3708
   20299      16.4490        22.5450
   20300      16.3323        20.2578
   20301      16.4084        21.8524
   20302      16.4242        20.6114
   20303      16.3723        20.1737
   20304      16.4718        20.5978
   20305      16.5243        22.1842
   20306      16.4062        22.0052
   20307      16.4142        22.2343
   20308      16.4163        23.1117
   20309      16.4334        21.3007
   20310      16.4174        22.6449
   20311      16.3572        20.8332
   20312      16.4029        21.3261
   20313      16.3943        23.2830
   20314      16.4258        22.2994
   20315      16.3828        22.3567
   20316      16.4343        23.3262
   20317      16.4095        22.4364
   20318      16.4159        22.7362
   20319      16.3697        22.1682
   20320      16.5008        23.6714
   20321      16.3767        21.1544
   20322      16.3254        20.7903
   20323      16.4275        20.9906
   20324      16.4285        21.1895
   20325      16.3241        20.8460
   20326      16.3585        20.5426
   20327      16.3403        20.7108
   20328      16.4070        20.8326
   20329      16.3917        20.6607
   20330      16.3431        20.5372
   20331      16.3368        20.3085
   20332      16.3886        21.8018
   20333      16.3652        20.8868
   20334      16.4909        21.5710
   20335      16.4009        21.1801
   20336      16.4175        21.0253
   20337      16.3509        20.7729
   20338      16.3173        20.7171
   20339      16.4117        22.7926
   20340      16.3361        22.3432
   20341      16.3716        23.4488
   20342      16.3736        22.5643
   20343      16.3282        22.7129
   20344      16.3916        22.3697
   20345      16.3285        21.8222
   20346      16.3307        22.5481
   20347      16.3095        22.5393
   20348      16.3085        22.1484
   20349      16.3981        20.6313
   20350      16.4057        20.8860
   20351      16.3249        20.8941
   20352      16.3091        21.3220
   20353      16.4057        21.0356
   20354      16.3038        20.6832
   20355      16.3441        20.9916
   20356      16.4059        21.0605
   20357      16.3988        20.9514
   20358      16.4053        21.5419
   20359      16.3485        20.5626
   20360      16.3512        20.7352
   20361      16.3570        20.7628
   20362      16.4200        21.2647
   20363      16.3133        20.3049
   20364      16.4284        23.0614
   20365      16.3476        21.6976
   20366      16.3552        22.0806
   20367      16.3298        22.0166
   20368      16.3844        21.2452
   20369      16.3719        20.4475
   20370      16.3698        22.4673
   20371      16.3972        20.8283
   20372      16.2758        20.5887
   20373      16.3827        20.4460
   20374      16.3320        20.7804
   20375      16.3902        20.3616
   20376      16.4405        21.2137
   20377      16.4398        20.9905
   20378      16.3600        20.9358
   20379      16.3729        20.6715
   20380      16.3695        21.5403
   20381      16.4645        20.9429
   20382      16.3891        20.6834
   20383      16.3824        21.0047
   20384      16.3629        21.5981
   20385      16.3939        21.1236
   20386      16.4235        21.4081
   20387      16.4400        21.2359
   20388      16.4556        21.0974
   20389      16.4319        21.1992
   20390      16.4476        21.2468
   20391      16.4383        21.4169
   20392      16.4520        21.4628
   20393      16.4208        20.7193
   20394      16.4029        20.6454
   20395      16.3356        20.7531
   20396      16.3247        20.6927
   20397      16.3155        20.9329
   20398      16.3989        21.2145
   20399      16.3707        21.0332
   20400      16.3757        21.0265
   20401      16.3367        20.7890
   20402      16.4725        21.2997
   20403      16.4049        21.0473
   20404      16.4300        21.0737
   20405      16.3584        21.2375
   20406      16.3779        20.7975
   20407      16.3832        21.3183
   20408      16.4313        21.4639
   20409      16.3116        20.7877
   20410      16.4042        20.9601
   20411      16.3692        20.8069
   20412      16.2927        21.3035
   20413      16.3392        21.0601
   20414      16.3215        21.2002
   20415      16.3449        21.5068
   20416      16.3819        20.8578
   20417      16.3128        21.1417
   20418      16.3859        21.2162
   20419      16.3673        21.4692
   20420      16.2979        21.9230
   20421      16.3647        22.1672
   20422      16.2969        20.8787
   20423      16.3801        22.1526
   20424      16.2692        21.0665
   20425      16.3280        21.4654
   20426      16.3320        23.4366
   20427      16.3320        22.1840
   20428      16.3562        21.0051
   20429      16.3135        20.3647
   20430      16.4024        21.3722
   20431      16.3574        21.5423
   20432      16.4238        20.3454
   20433      16.3405        20.4639
   20434      16.2624        20.3322
   20435      16.3490        20.4925
   20436      16.4518        21.4702
   20437      16.3709        20.6385
   20438      16.4212        20.7525
   20439      16.3515        22.1712
   20440      16.4476        21.3314
   20441      16.4341        20.9045
   20442      16.3434        21.1456
   20443      16.4015        21.1020
   20444      16.3505        20.4318
   20445      16.4488        21.1259
   20446      16.2807        20.7027
   20447      16.3305        21.1666
   20448      16.4026        22.8017
   20449      16.4154        21.8013
   20450      16.4093        21.1348
   20451      16.4619        22.0121
   20452      16.4993        21.1448
   20453      16.4170        21.3963
   20454      16.3823        20.8042
   20455      16.4566        21.5665
   20456      16.4432        21.3417
   20457      16.4469        21.3202
   20458      16.4873        21.6178
   20459      16.5096        21.1132
   20460      16.4108        21.4949
   20461      16.4886        22.0919
   20462      16.4501        21.9114
   20463      16.4221        22.2753
   20464      16.3384        21.4605
   20465      16.4685        20.7461
   20466      16.3685        21.2581
   20467      16.3920        20.5126
   20468      16.3902        20.8652
   20469      16.4147        21.5168
   20470      16.4103        20.8304
   20471      16.3427        20.4855
   20472      16.3740        21.0589
   20473      16.3659        20.7991
   20474      16.3128        20.8420
   20475      16.4248        20.6590
   20476      16.3589        20.1655
   20477      16.4772        20.8563
   20478      16.3777        20.3249
   20479      16.2914        20.3465
   20480      16.3481        20.3655
   20481      16.3248        21.0077
   20482      16.3494        20.8418
   20483      16.3933        20.5643
   20484      16.3344        19.6068
   20485      16.3280        20.0827
   20486      16.4285        20.6888
   20487      16.3002        20.2022
   20488      16.3963        20.4290
   20489      16.3789        20.8946
   20490      16.4182        20.9603
   20491      16.4031        20.6424
   20492      16.4389        21.1069
   20493      16.4036        21.0967
   20494      16.4065        20.9719
   20495      16.4521        21.2607
   20496      16.5082        21.0191
   20497      16.5200        21.4798
   20498      16.4272        21.7484
   20499      16.4737        20.9082
   20500      16.4181        21.6653
   20501      16.3810        20.8999
   20502      16.3678        20.8808
   20503      16.4021        20.5238
   20504      16.4251        20.3115
   20505      16.4061        20.0917
   20506      16.3782        21.0094
   20507      16.4271        20.7774
   20508      16.3947        20.1824
   20509      16.4727        21.2186
   20510      16.4590        20.9644
   20511      16.4511        20.6939
   20512      16.4298        20.7540
   20513      16.4178        21.1392
   20514      16.4006        21.1626
   20515      16.4671        20.4226
   20516      16.4477        20.4111
   20517      16.4779        21.2325
   20518      16.4790        20.9783
   20519      16.5012        20.8396
   20520      16.4509        20.7820
   20521      16.5042        20.8036
   20522      16.5126        21.4746
   20523      16.4883        20.9386
   20524      16.4502        20.9655
   20525      16.3368        20.5262
   20526      16.4448        21.0215
   20527      16.4355        20.6756
   20528      16.3617        20.7019
   20529      16.4319        20.6304
   20530      16.3279        20.5277
   20531      16.3949        20.7580
   20532      16.3554        20.4752
   20533      16.3372        20.7665
   20534      16.4716        21.5280
   20535      16.2803        20.6207
   20536      16.3656        21.0858
   20537      16.3803        20.8521
   20538      16.4038        21.2408
   20539      16.3819        20.8776
   20540      16.3892        20.6039
   20541      16.4074        21.0298
   20542      16.3786        20.6682
   20543      16.4466        21.0388
   20544      16.4243        21.4103
   20545      16.4367        21.3558
   20546      16.4992        21.4724
   20547      16.4096        21.3306
   20548      16.4035        21.2743
   20549      16.4098        21.1332
   20550      16.4181        20.9092
   20551      16.3765        21.1699
   20552      16.3734        21.7576
   20553      16.3634        20.6594
   20554      16.3804        21.1520
   20555      16.4405        21.0792
   20556      16.3500        22.1936
   20557      16.3730        20.6902
   20558      16.3595        21.0166
   20559      16.3840        21.3350
   20560      16.3999        20.7078
   20561      16.3782        20.9438
   20562      16.4467        20.8209
   20563      16.4134        20.7826
   20564      16.4011        21.2741
   20565      16.3621        20.5529
   20566      16.3555        20.5832
   20567      16.3462        21.2040
   20568      16.4712        21.2308
   20569      16.4673        21.3542
   20570      16.4799        20.9911
   20571      16.3861        20.3503
   20572      16.3979        21.1987
   20573      16.3609        21.3008
   20574      16.4191        20.4155
   20575      16.3737        20.3008
   20576      16.3678        21.2116
   20577      16.3198        20.2046
   20578      16.2743        21.0820
   20579      16.3191        20.4846
   20580      16.2825        20.7271
   20581      16.3647        20.2273
   20582      16.3597        20.6275
   20583      16.4039        21.7744
   20584      16.3096        20.9636
   20585      16.3855        22.0617
   20586      16.4400        21.3668
   20587      16.4189        21.0729
   20588      16.4553        22.1437
   20589      16.4165        22.1066
   20590      16.4074        21.1345
   20591      16.3841        20.8719
   20592      16.3693        20.7746
   20593      16.3892        21.3511
   20594      16.3843        20.3520
   20595      16.3659        21.2736
   20596      16.3874        20.8780
   20597      16.3381        20.5446
   20598      16.3243        21.3066
   20599      16.4130        20.8119
   20600      16.3580        21.1203
   20601      16.3497        20.5640
   20602      16.3407        21.1567
   20603      16.4243        21.5282
   20604      16.4868        21.8255
   20605      16.4240        20.5719
   20606      16.5065        21.1151
   20607      16.4448        21.0946
   20608      16.4172        20.9725
   20609      16.3947        21.1291
   20610      16.4486        21.1445
   20611      16.3870        21.2509
   20612      16.3557        21.9215
   20613      16.4426        20.8639
   20614      16.5024        21.5805
   20615      16.4488        20.8674
   20616      16.3573        20.6456
   20617      16.4238        20.9234
   20618      16.4367        21.4891
   20619      16.4448        20.8138
   20620      16.4628        21.6050
   20621      16.4839        22.4318
   20622      16.4309        22.7027
   20623      16.4360        21.2031
   20624      16.4417        21.5629
   20625      16.5093        20.8232
   20626      16.3553        20.8836
   20627      16.4861        20.9407
   20628      16.4554        21.1921
   20629      16.4284        22.6300
   20630      16.3878        21.5835
   20631      16.3541        21.4794
   20632      16.4027        21.0728
   20633      16.3525        20.9997
   20634      16.3162        20.6936
   20635      16.3007        20.8560
   20636      16.3198        21.5286
   20637      16.3795        20.7989
   20638      16.3817        21.1837
   20639      16.4109        21.8440
   20640      16.3851        22.9685
   20641      16.3557        22.4714
   20642      16.3523        21.8120
   20643      16.3285        20.8398
   20644      16.3883        22.4585
   20645      16.3910        21.6388
   20646      16.3085        21.6003
   20647      16.3618        22.4108
   20648      16.4001        21.6153
   20649      16.4039        21.6448
   20650      16.4373        21.9340
   20651      16.4012        21.6111
   20652      16.4353        21.2914
   20653      16.4573        21.6660
   20654      16.3570        20.9825
   20655      16.3806        20.7075
   20656      16.4591        20.9070
   20657      16.4459        20.9639
   20658      16.4128        21.0257
   20659      16.3015        20.6880
   20660      16.3860        20.5971
   20661      16.2948        20.3468
   20662      16.3648        20.5419
   20663      16.4107        20.0950
   20664      16.3305        20.8933
   20665      16.3884        20.5228
   20666      16.4433        21.2164
   20667      16.3549        21.1116
   20668      16.3405        22.0706
   20669      16.3655        21.3837
   20670      16.3397        21.3238
   20671      16.4167        21.4589
   20672      16.3728        21.2246
   20673      16.3938        21.5322
   20674      16.3734        21.3882
   20675      16.3995        21.0349
   20676      16.3299        21.3920
   20677      16.3627        21.1753
   20678      16.3201        21.4923
   20679      16.4284        21.5330
   20680      16.3203        23.9958
   20681      16.3763        21.8586
   20682      16.3188        21.2308
   20683      16.3617        20.8816
   20684      16.3513        21.5803
   20685      16.3736        21.6983
   20686      16.3643        21.2595
   20687      16.3610        21.7703
   20688      16.4037        22.2323
   20689      16.3725        21.4074
   20690      16.3750        22.6499
   20691      16.3386        22.8909
   20692      16.4332        22.8035
   20693      16.3496        22.5888
   20694      16.4710        21.0052
   20695      16.4380        21.2045
   20696      16.4169        21.3483
   20697      16.4401        21.3187
   20698      16.4038        21.4482
   20699      16.4434        22.1168
   20700      16.3808        23.3216
   20701      16.4838        23.0899
   20702      16.4538        23.9775
   20703      16.4247        23.9262
   20704      16.4227        23.0282
   20705      16.4358        22.3759
   20706      16.4770        23.4945
   20707      16.5089        23.0426
   20708      16.5230        24.0956
   20709      16.4782        22.2762
   20710      16.3960        21.8286
   20711      16.4195        22.4241
   20712      16.4000        21.9716
   20713      16.3888        22.3152
   20714      16.3340        21.2282
   20715      16.4528        20.8865
   20716      16.3422        20.6534
   20717      16.3809        21.7612
   20718      16.4159        23.0089
   20719      16.4426        21.7555
   20720      16.2638        20.9222
   20721      16.3539        20.9727
   20722      16.3811        21.8192
   20723      16.3442        21.1265
   20724      16.3552        21.1667
   20725      16.3186        20.8869
   20726      16.2815        20.9644
   20727      16.3214        20.6699
   20728      16.2936        20.6908
   20729      16.3134        20.5327
   20730      16.3139        20.7145
   20731      16.2478        20.6856
   20732      16.3591        20.7597
   20733      16.3721        20.6503
   20734      16.3967        21.1049
   20735      16.4116        21.4077
   20736      16.3781        22.4990
   20737      16.4077        23.2852
   20738      16.2779        22.5540
   20739      16.3029        22.1665
   20740      16.2830        22.0986
   20741      16.3654        21.5755
   20742      16.3688        21.0389
   20743      16.3693        21.9789
   20744      16.3243        21.3310
   20745      16.4189        21.0343
   20746      16.4036        21.3056
   20747      16.3829        21.4359
   20748      16.3575        20.9726
   20749      16.4624        21.3550
   20750      16.3550        21.5282
   20751      16.3806        21.9080
   20752      16.3625        20.9613
   20753      16.3585        21.0310
   20754      16.4684        22.8220
   20755      16.4096        21.0404
   20756      16.4064        20.7599
   20757      16.3922        21.0105
   20758      16.5017        20.9228
   20759      16.4027        20.9701
   20760      16.4349        20.6937
   20761      16.4772        21.5059
   20762      16.6058        21.8695
   20763      16.5684        21.2040
   20764      16.4651        21.2835
   20765      16.4647        21.2627
   20766      16.4559        21.1576
   20767      16.5619        21.6339
   20768      16.5326        21.1916
   20769      16.5206        22.0134
   20770      16.5328        21.9965
   20771      16.4952        21.0938
   20772      16.4783        21.1992
   20773      16.4615        21.5791
   20774      16.4575        21.5904
   20775      16.4052        21.9594
   20776      16.4424        20.9981
   20777      16.4223        21.2006
   20778      16.4384        20.7740
   20779      16.4133        20.7689
   20780      16.4859        20.7345
   20781      16.3695        21.1519
   20782      16.3708        21.2987
   20783      16.4315        21.0610
   20784      16.4703        21.1520
   20785      16.3438        21.0495
   20786      16.4586        21.0403
   20787      16.4562        21.6933
   20788      16.4657        21.7470
   20789      16.4446        21.6257
   20790      16.3673        20.5586
   20791      16.4163        20.8012
   20792      16.3698        21.8276
   20793      16.2820        20.7148
   20794      16.3390        20.7536
   20795      16.3308        21.0564
   20796      16.4794        21.0230
   20797      16.4364        21.6494
   20798      16.5771        21.4520
   20799      16.5156        21.5017
   20800      16.4950        21.3077
   20801      16.4301        20.8828
   20802      16.4807        21.6490
   20803      16.4643        21.5750
   20804      16.4368        21.3093
   20805      16.4681        22.3251
   20806      16.4369        20.8730
   20807      16.4576        20.9039
   20808      16.4381        21.5563
   20809      16.3499        21.3814
   20810      16.3659        21.3877
   20811      16.4016        21.1862
   20812      16.4332        21.2103
   20813      16.5195        21.1743
   20814      16.4729        22.4286
   20815      16.4692        21.8775
   20816      16.4250        21.5778
   20817      16.4466        21.3358
   20818      16.4782        20.3831
   20819      16.4483        21.2334
   20820      16.5110        20.6484
   20821      16.3810        20.7897
   20822      16.4135        20.9165
   20823      16.4111        20.4727
   20824      16.3190        20.6774
   20825      16.3580        21.2355
   20826      16.3604        20.7626
   20827      16.3230        21.0603
   20828      16.3413        20.9081
   20829      16.3515        21.1470
   20830      16.3816        20.5964
   20831      16.4450        21.6873
   20832      16.3296        20.2271
   20833      16.3644        20.6741
   20834      16.4223        21.2761
   20835      16.3175        22.0083
   20836      16.4043        21.2956
   20837      16.3069        21.8226
   20838      16.4659        23.0312
   20839      16.4812        23.3908
   20840      16.3798        22.5939
   20841      16.4154        22.1363
   20842      16.3903        21.2355
   20843      16.3652        21.6872
   20844      16.3827        21.2174
   20845      16.3866        20.9073
   20846      16.3137        20.8716
   20847      16.3667        20.7988
   20848      16.3810        20.5416
   20849      16.4925        21.0569
   20850      16.4659        21.0525
   20851      16.4195        21.7365
   20852      16.2849        20.5405
   20853      16.3850        21.1352
   20854      16.4029        21.2309
   20855      16.3844        20.5330
   20856      16.3298        20.6623
   20857      16.4182        20.9022
   20858      16.3547        21.0720
   20859      16.4922        21.5874
   20860      16.4273        21.6028
   20861      16.4391        21.3523
   20862      16.4278        20.9244
   20863      16.3819        20.7478
   20864      16.4528        21.8055
   20865      16.4125        20.9974
   20866      16.3350        20.6328
   20867      16.4208        21.4856
   20868      16.4478        21.8729
   20869      16.4344        21.2886
   20870      16.4581        21.4363
   20871      16.4412        21.3255
   20872      16.4676        21.0796
   20873      16.4053        21.1323
   20874      16.4227        20.9328
   20875      16.3940        20.7466
   20876      16.4162        20.6864
   20877      16.3990        21.2488
   20878      16.4076        20.9635
   20879      16.3549        21.1283
   20880      16.2804        20.8123
   20881      16.3467        21.2594
   20882      16.3719        20.9012
   20883      16.4046        21.3926
   20884      16.3600        21.2585
   20885      16.3203        22.2422
   20886      16.3826        23.4341
   20887      16.4193        22.0114
   20888      16.3584        21.1258
   20889      16.3873        20.2464
   20890      16.3876        20.8760
   20891      16.4069        21.1022
   20892      16.3836        21.9592
   20893      16.4168        21.4800
   20894      16.4517        21.6712
   20895      16.3823        21.1144
   20896      16.3200        22.1466
   20897      16.3403        22.9664
   20898      16.4197        23.4711
   20899      16.4120        23.2167
   20900      16.3436        21.9295
   20901      16.3887        21.9571
   20902      16.4255        21.5600
   20903      16.3268        20.9159
   20904      16.3636        21.1608
   20905      16.3156        20.5977
   20906      16.3859        21.4454
   20907      16.3386        22.1748
   20908      16.3899        21.0489
   20909      16.4471        21.0893
   20910      16.3866        22.5021
   20911      16.3737        22.3663
   20912      16.4207        23.1442
   20913      16.4405        21.0169
   20914      16.4324        21.3675
   20915      16.4068        21.4131
   20916      16.3670        21.0768
   20917      16.4067        20.8252
   20918      16.4213        21.4158
   20919      16.4444        20.8067
   20920      16.3843        20.7699
   20921      16.4097        21.4664
   20922      16.3893        21.0738
   20923      16.4235        21.6290
   20924      16.4350        21.5369
   20925      16.3816        21.0432
   20926      16.3750        20.8324
   20927      16.3378        20.9314
   20928      16.3330        21.3905
   20929      16.3561        21.5567
   20930      16.3163        22.6629
   20931      16.3150        20.9468
   20932      16.3678        21.6316
   20933      16.3709        21.7802
   20934      16.3728        21.3029
   20935      16.3752        21.3263
   20936      16.3825        21.1188
   20937      16.3558        21.1641
   20938      16.4781        22.0838
   20939      16.4106        21.2069
   20940      16.3831        20.8891
   20941      16.3866        21.8101
   20942      16.4065        21.1476
   20943      16.3098        20.6683
   20944      16.3502        20.8390
   20945      16.3777        20.7068
   20946      16.3347        20.1989
   20947      16.4218        20.6766
   20948      16.4126        20.7175
   20949      16.3314        21.0957
   20950      16.3371        20.6581
   20951      16.4107        21.0498
   20952      16.4023        20.7282
   20953      16.4062        20.6975
   20954      16.4253        20.9943
   20955      16.4294        21.1071
   20956      16.3037        20.8648
   20957      16.2511        20.4884
   20958      16.3992        21.4286
   20959      16.4647        22.0723
   20960      16.3768        21.6322
   20961      16.3443        20.9111
   20962      16.3502        20.5346
   20963      16.3802        20.5865
   20964      16.3577        20.9429
   20965      16.2818        20.2435
   20966      16.3741        20.9141
   20967      16.3423        20.5005
   20968      16.3792        21.0643
   20969      16.3570        20.9126
   20970      16.3239        21.0061
   20971      16.3968        21.0320
   20972      16.4430        21.0577
   20973      16.3760        20.9059
   20974      16.3505        20.5267
   20975      16.3543        20.7455
   20976      16.3353        20.7878
   20977      16.3252        20.4927
   20978      16.3361        21.1607
   20979      16.3196        20.7093
   20980      16.3286        20.7716
   20981      16.3744        21.0400
   20982      16.3590        20.6674
   20983      16.2625        20.3798
   20984      16.3691        20.7025
   20985      16.3477        20.3488
   20986      16.4151        21.0437
   20987      16.3451        21.3481
   20988      16.3925        20.6107
   20989      16.3079        20.7544
   20990      16.3079        21.1136
   20991      16.3373        21.1624
   20992      16.3956        21.0757
   20993      16.3213        20.9051
   20994      16.3072        21.1987
   20995      16.4103        21.0438
   20996      16.3471        21.1784
   20997      16.4306        21.2113
   20998      16.3114        21.8484
   20999      16.3180        22.0273
   21000      16.4295        22.0030
   21001      16.3924        20.5753
   21002      16.3924        20.3941
   21003      16.2702        20.2653
   21004      16.3410        21.3307
   21005      16.3394        20.3778
   21006      16.3191        20.3318
   21007      16.3064        20.1591
   21008      16.3565        20.4120
   21009      16.3574        28.9222
   21010      16.4552        20.7949
   21011      16.3702        20.4201
   21012      16.4563        20.2729
   21013      16.3834        20.9274
   21014      16.4557        21.1614
   21015      16.3423        20.4152
   21016      16.3885        21.0254
   21017      16.3790        20.3887
   21018      16.4164        20.5186
   21019      16.4325        20.3240
   21020      16.3852        21.3645
   21021      16.4237        21.1039
   21022      16.4391        20.3386
   21023      16.3773        20.8625
   21024      16.3623        21.0528
   21025      16.3532        21.1911
   21026      16.3826        21.4454
   21027      16.3791        21.2143
   21028      16.3041        21.0004
   21029      16.3645        21.2035
   21030      16.3572        20.7799
   21031      16.4537        20.7829
   21032      16.3598        20.6552
   21033      16.3656        20.9458
   21034      16.3763        22.5789
   21035      16.4155        21.4287
   21036      16.2891        21.2919
   21037      16.3359        21.5385
   21038      16.2910        20.1140
   21039      16.3073        20.5023
   21040      16.2814        20.4041
   21041      16.3830        21.0905
   21042      16.3397        20.8809
   21043      16.3957        20.6797
   21044      16.3831        20.9662
   21045      16.3944        20.8465
   21046      16.3086        20.3600
   21047      16.3527        20.6084
   21048      16.3593        21.0043
   21049      16.3434        20.5385
   21050      16.3993        21.7381
   21051      16.3295        20.5883
   21052      16.3785        21.7420
   21053      16.4006        22.1048
   21054      16.3725        21.6755
   21055      16.3835        21.5186
   21056      16.3722        21.2597
   21057      16.4696        22.2031
   21058      16.3786        20.7278
   21059      16.3384        22.0839
   21060      16.4119        19.9742
   21061      16.3800        21.1639
   21062      16.3989        20.8404
   21063      16.3913        20.6905
   21064      16.3712        20.8005
   21065      16.3605        20.8744
   21066      16.3362        20.5638
   21067      16.3853        21.1756
   21068      16.4001        20.7953
   21069      16.4278        20.9272
   21070      16.3758        20.3866
   21071      16.4300        20.7148
   21072      16.4179        20.5888
   21073      16.4039        20.2738
   21074      16.4626        20.9752
   21075      16.4678        20.6932
   21076      16.4740        21.1906
   21077      16.4071        20.6400
   21078      16.3909        20.4518
   21079      16.3993        20.4996
   21080      16.4212        20.9747
   21081      16.3754        21.1971
   21082      16.4582        20.7163
   21083      16.4173        21.2753
   21084      16.4673        20.6521
   21085      16.3605        20.4116
   21086      16.3704        21.0948
   21087      16.4013        20.8725
   21088      16.4551        20.8656
   21089      16.4190        20.9095
   21090      16.4656        20.0295
   21091      16.3587        20.4570
   21092      16.4416        21.4243
   21093      16.4496        20.8553
   21094      16.4103        20.6426
   21095      16.4558        22.2880
   21096      16.4232        21.3614
   21097      16.3964        20.6112
   21098      16.4407        20.9918
   21099      16.4267        20.6942
   21100      16.4956        20.4816
   21101      16.4352        20.9780
   21102      16.4485        20.6415
   21103      16.4533        20.9480
   21104      16.4601        21.4534
   21105      16.3868        21.5399
   21106      16.4437        20.5612
   21107      16.4656        21.0058
   21108      16.4530        21.3889
   21109      16.4009        21.9217
   21110      16.4459        20.9157
   21111      16.4518        20.8885
   21112      16.4379        20.6491
   21113      16.3787        20.7050
   21114      16.4170        20.8630
   21115      16.4638        20.6290
   21116      16.4631        20.9216
   21117      16.4124        21.9215
   21118      16.4108        21.1033
   21119      16.4400        21.0112
   21120      16.4003        21.1870
   21121      16.3771        20.1867
   21122      16.3745        20.7619
   21123      16.3731        20.5279
   21124      16.3671        20.5676
   21125      16.4209        20.4429
   21126      16.3200        20.1650
   21127      16.3495        20.2424
   21128      16.3997        19.8906
   21129      16.3818        19.8971
   21130      16.3551        19.8151
   21131      16.3251        20.3025
   21132      16.2943        20.2369
   21133      16.3084        20.4420
   21134      16.3816        21.1394
   21135      16.3738        20.6650
   21136      16.4085        20.1615
   21137      16.4870        21.0693
   21138      16.4175        19.9533
   21139      16.4598        20.4129
   21140      16.3639        20.0629
   21141      16.3658        20.0433
   21142      16.4568        20.0970
   21143      16.3703        20.9759
   21144      16.4392        20.7833
   21145      16.3359        20.3985
   21146      16.3956        20.8790
   21147      16.4552        20.1155
   21148      16.5046        20.5750
   21149      16.3656        20.7492
   21150      16.4144        20.3814
   21151      16.4431        20.1566
   21152      16.3802        20.1742
   21153      16.4492        19.9018
   21154      16.4269        20.6681
   21155      16.3776        19.8024
   21156      16.4426        20.4949
   21157      16.4678        21.4029
   21158      16.4901        19.8742
   21159      16.3334        20.0274
   21160      16.3877        20.4663
   21161      16.3936        21.4288
   21162      16.4060        21.5891
   21163      16.3459        20.8714
   21164      16.3352        20.8494
   21165      16.3037        21.2957
   21166      16.3682        20.0117
   21167      16.3779        20.2238
   21168      16.3252        20.3101
   21169      16.3616        20.7676
   21170      16.2662        19.6342
   21171      16.2984        20.0186
   21172      16.3823        20.3499
   21173      16.3217        20.1864
   21174      16.3546        20.3278
   21175      16.4220        20.3566
   21176      16.3722        21.2970
   21177      16.3591        20.7015
   21178      16.3205        20.2798
   21179      16.3680        20.6832
   21180      16.4341        20.4044
   21181      16.4865        19.9814
   21182      16.4303        20.0187
   21183      16.4614        20.2722
   21184      16.4079        20.7062
   21185      16.4364        20.6026
   21186      16.4336        20.9951
   21187      16.5032        20.4599
   21188      16.4660        20.8798
   21189      16.4347        20.3360
   21190      16.4268        20.2538
   21191      16.4800        20.0387
   21192      16.4380        20.2011
   21193      16.5499        21.3731
   21194      16.5979        21.2640
   21195      16.5033        20.3862
   21196      16.4312        20.5100
   21197      16.4134        20.1026
   21198      16.5061        20.5014
   21199      16.4495        20.6424
   21200      16.5040        20.7761
   21201      16.4621        20.6587
   21202      16.4683        22.0236
   21203      16.4028        21.5414
   21204      16.3883        19.6835
   21205      16.4383        20.4568
   21206      16.5029        20.2686
   21207      16.3673        19.4581
   21208      16.4932        19.8761
   21209      16.5246        20.7234
   21210      16.5063        20.8269
   21211      16.4309        21.7013
   21212      16.4488        20.4072
   21213      16.4159        20.0624
   21214      16.4588        19.9696
   21215      16.3608        19.7599
   21216      16.4009        20.2099
   21217      16.4361        20.5316
   21218      16.4443        20.6056
   21219      16.4703        20.9976
   21220      16.5225        21.0007
   21221      16.4266        21.3180
   21222      16.4602        21.5013
   21223      16.4931        20.9324
   21224      16.4485        21.0110
   21225      16.4512        21.0211
   21226      16.4717        20.7743
   21227      16.3961        20.5750
   21228      16.4632        20.6757
   21229      16.4675        20.6757
   21230      16.4680        20.8206
   21231      16.4874        21.4594
   21232      16.4595        21.4715
   21233      16.4025        20.6900
   21234      16.5032        21.0990
   21235      16.4085        20.5839
   21236      16.4653        20.5730
   21237      16.4929        21.9657
   21238      16.4935        20.0703
   21239      16.5068        21.2476
   21240      16.4794        22.8083
   21241      16.4150        22.3618
   21242      16.3982        23.4480
   21243      16.4034        23.4382
   21244      16.3500        22.7695
   21245      16.4096        22.3887
   21246      16.4809        21.5327
   21247      16.4280        21.5738
   21248      16.4920        21.2540
   21249      16.4368        21.4299
   21250      16.5101        21.3021
   21251      16.4499        20.9729
   21252      16.4162        21.1730
   21253      16.3968        20.7163
   21254      16.4245        20.8914
   21255      16.4756        21.3272
   21256      16.5042        21.1743
   21257      16.4276        21.1486
   21258      16.4047        20.4724
   21259      16.4646        21.4816
   21260      16.3955        20.7232
   21261      16.4398        20.8542
   21262      16.4777        20.7518
   21263      16.4323        20.5737
   21264      16.4896        20.8204
   21265      16.5032        22.0162
   21266      16.4541        21.1929
   21267      16.4363        20.6173
   21268      16.4380        20.5559
   21269      16.4264        19.5983
   21270      16.4513        19.9933
   21271      16.4043        19.6582
   21272      16.4094        20.3118
   21273      16.4140        21.3988
   21274      16.3637        21.2175
   21275      16.3709        21.4882
   21276      16.4401        22.6938
   21277      16.3954        22.8422
   21278      16.4068        21.9425
   21279      16.4200        21.5288
   21280      16.3697        21.0651
   21281      16.3705        19.8775
   21282      16.3450        20.5206
   21283      16.4182        20.9351
   21284      16.3602        20.5456
   21285      16.4261        20.1720
   21286      16.4191        19.5387
   21287      16.3580        19.8676
   21288      16.3678        21.2051
   21289      16.4085        21.9168
   21290      16.3790        20.9532
   21291      16.4005        21.5325
   21292      16.4097        21.5300
   21293      16.3948        21.1251
   21294      16.3539        21.4543
   21295      16.3921        21.7542
   21296      16.4265        20.6952
   21297      16.3161        20.2437
   21298      16.4248        20.6578
   21299      16.4095        21.2365
   21300      16.3629        21.5088
   21301      16.3030        21.0177
   21302      16.3630        20.9115
   21303      16.3246        20.2567
   21304      16.4161        21.1687
   21305      16.4385        20.9970
   21306      16.3550        21.1744
   21307      16.4191        21.4424
   21308      16.3764        21.8055
   21309      16.3703        21.3248
   21310      16.4034        21.2746
   21311      16.3708        21.4785
   21312      16.3492        21.7505
   21313      16.2592        21.2798
   21314      16.3438        21.4035
   21315      16.4207        21.5675
   21316      16.3539        21.0631
   21317      16.3197        21.8834
   21318      16.3334        21.0973
   21319      16.3229        20.6338
   21320      16.3609        21.7871
   21321      16.4009        21.3184
   21322      16.3418        20.8148
   21323      16.3669        20.9935
   21324      16.3472        20.7779
   21325      16.4213        21.4748
   21326      16.3512        21.4560
   21327      16.3612        22.3586
   21328      16.3529        21.9637
   21329      16.3576        21.1289
   21330      16.3344        21.4057
   21331      16.3762        21.1489
   21332      16.3989        21.3032
   21333      16.3599        21.1353
   21334      16.3291        22.5782
   21335      16.4242        21.6035
   21336      16.3409        20.9967
   21337      16.3796        21.1955
   21338      16.4061        20.7049
   21339      16.3908        20.8413
   21340      16.4104        21.9216
   21341      16.4527        21.0966
   21342      16.4228        20.8779
   21343      16.3323        20.3953
   21344      16.3866        21.0268
   21345      16.3629        21.1708
   21346      16.4640        21.0398
   21347      16.4189        20.7685
   21348      16.3699        20.6352
   21349      16.3573        21.0692
   21350      16.4658        21.1467
   21351      16.4675        21.5144
   21352      16.4182        21.0332
   21353      16.3932        21.0050
   21354      16.4106        22.6011
   21355      16.3835        21.5296
   21356      16.3448        21.3319
   21357      16.3543        20.6947
   21358      16.4244        21.9267
   21359      16.3323        20.7871
   21360      16.3990        21.2976
   21361      16.3446        20.9330
   21362      16.3153        21.3122
   21363      16.2819        21.7833
   21364      16.4045        21.8579
   21365      16.4208        20.8572
   21366      16.3146        21.3978
   21367      16.3440        21.1154
   21368      16.4132        21.9144
   21369      16.3376        21.5902
   21370      16.3295        21.0623
   21371      16.4349        21.0220
   21372      16.4337        21.2602
   21373      16.3085        20.6891
   21374      16.3888        21.7524
   21375      16.3375        21.7352
   21376      16.3326        21.0781
   21377      16.3108        19.8588
   21378      16.2834        21.0499
   21379      16.3690        20.5369
   21380      16.4100        20.9125
   21381      16.4277        21.3568
   21382      16.4156        20.6260
   21383      16.3550        21.2191
   21384      16.3848        21.2433
   21385      16.3050        21.3519
   21386      16.3323        20.2339
   21387      16.3469        20.2577
   21388      16.3986        20.2912
   21389      16.2969        20.4560
   21390      16.3635        20.5586
   21391      16.3917        21.2717
   21392      16.3323        21.0791
   21393      16.3524        20.6456
   21394      16.3430        21.4649
   21395      16.4120        20.4854
   21396      16.4125        21.2793
   21397      16.3217        21.0039
   21398      16.3606        21.1372
   21399      16.4094        22.5788
   21400      16.3947        23.1380
   21401      16.4808        22.4537
   21402      16.4844        22.1691
   21403      16.3621        21.8796
   21404      16.3841        21.6531
   21405      16.3757        20.9459
   21406      16.4021        20.7466
   21407      16.4054        22.8458
   21408      16.3783        20.3615
   21409      16.4290        20.2195
   21410      16.4461        22.6056
   21411      16.4065        21.5433
   21412      16.3989        21.2498
   21413      16.3336        21.4612
   21414      16.4273        20.4469
   21415      16.4125        21.2034
   21416      16.3748        20.8946
   21417      16.3643        20.9562
   21418      16.4014        20.6916
   21419      16.4018        20.4582
   21420      16.4166        21.1911
   21421      16.4041        20.6189
   21422      16.3629        21.4283
   21423      16.3361        20.6134
   21424      16.4191        20.3952
   21425      16.4044        21.1452
   21426      16.4145        20.7775
   21427      16.3914        20.9556
   21428      16.3245        20.4484
   21429      16.3896        21.0826
   21430      16.4352        21.0606
   21431      16.3727        21.4673
   21432      16.3380        21.0561
   21433      16.4381        21.2224
   21434      16.3986        20.9153
   21435      16.4026        20.6942
   21436      16.4092        21.5510
   21437      16.4174        20.6156
   21438      16.4353        20.7583
   21439      16.4623        20.5267
   21440      16.3969        20.6265
   21441      16.4329        20.1812
   21442      16.4408        20.9571
   21443      16.4278        20.0812
   21444      16.3908        20.2800
   21445      16.3239        20.0169
   21446      16.3320        20.6525
   21447      16.4171        20.4576
   21448      16.4245        20.5345
   21449      16.4397        20.6475
   21450      16.3741        20.5341
   21451      16.3832        20.8331
   21452      16.3405        20.3432
   21453      16.3473        20.4109
   21454      16.3423        20.2767
   21455      16.3921        20.2350
   21456      16.4150        20.4616
   21457      16.4193        21.1871
   21458      16.4626        20.3062
   21459      16.3929        20.3900
   21460      16.3780        20.1381
   21461      16.4257        20.2390
   21462      16.5027        20.3413
   21463      16.3360        19.7338
   21464      16.4030        19.7199
   21465      16.3947        19.9284
   21466      16.3993        20.6005
   21467      16.4228        20.8900
   21468      16.4003        21.6125
   21469      16.3366        21.4803
   21470      16.3863        21.3606
   21471      16.4250        20.5007
   21472      16.4015        20.3488
   21473      16.4623        20.5970
   21474      16.4150        21.1457
   21475      16.3947        21.7543
   21476      16.3401        21.9171
   21477      16.3527        19.6428
   21478      16.4557        20.5744
   21479      16.3775        21.9035
   21480      16.4025        22.7256
   21481      16.5401        22.4753
   21482      16.4715        22.6205
   21483      16.4568        22.2426
   21484      16.4581        21.6060
   21485      16.4237        20.8472
   21486      16.4293        21.2375
   21487      16.3794        20.2740
   21488      16.2842        20.6720
   21489      16.3943        20.7208
   21490      16.4609        21.4231
   21491      16.4233        21.8934
   21492      16.4596        21.6508
   21493      16.4351        21.3496
   21494      16.4553        21.0798
   21495      16.3707        20.5722
   21496      16.3897        20.6647
   21497      16.3951        21.2547
   21498      16.3631        20.9945
   21499      16.3811        21.0123
   21500      16.4175        21.1221
   21501      16.4480        21.4013
   21502      16.4610        20.2802
   21503      16.5371        20.2871
   21504      16.4014        20.5778
   21505      16.3708        20.2808
   21506      16.4143        20.3809
   21507      16.4110        21.2796
   21508      16.4454        21.6051
   21509      16.4142        20.3561
   21510      16.4278        20.9931
   21511      16.3971        20.5881
   21512      16.3170        19.9380
   21513      16.4233        21.6696
   21514      16.4351        20.4955
   21515      16.4548        21.3092
   21516      16.4163        22.0137
   21517      16.3944        21.0919
   21518      16.4771        21.6991
   21519      16.4216        21.0068
   21520      16.3800        21.2152
   21521      16.4468        21.4029
   21522      16.5031        21.5461
   21523      16.4562        21.4971
   21524      16.4280        20.0568
   21525      16.5075        20.5225
   21526      16.4760        20.5380
   21527      16.5074        20.2048
   21528      16.4579        19.7732
   21529      16.4338        20.6468
   21530      16.4337        20.2344
   21531      16.5143        19.9923
   21532      16.5167        19.9844
   21533      16.5429        20.6060
   21534      16.5086        20.5621
   21535      16.4439        20.1726
   21536      16.4769        20.0618
   21537      16.4487        20.4888
   21538      16.4743        20.2623
   21539      16.4735        20.1273
   21540      16.5429        20.5079
   21541      16.4956        20.3355
   21542      16.3905        19.8922
   21543      16.5088        19.6851
   21544      16.4467        28.1531
   21545      16.3923        19.8832
   21546      16.4485        20.9568
   21547      16.4437        20.6599
   21548      16.4570        20.5580
   21549      16.4279        20.5678
   21550      16.3807        19.8889
   21551      16.4598        19.7823
   21552      16.4033        19.8364
   21553      16.3927        20.0538
   21554      16.3940        20.0944
   21555      16.4240        19.6274
   21556      16.4201        20.3801
   21557      16.3632        19.8462
   21558      16.3924        20.3001
   21559      16.4137        20.4676
   21560      16.3999        19.3149
   21561      16.4178        20.0975
   21562      16.3512        19.7476
   21563      16.3928        20.5590
   21564      16.3924        19.7078
   21565      16.3257        19.9224
   21566      16.3284        20.3084
   21567      16.3635        19.9807
   21568      16.4070        19.9928
   21569      16.3657        19.4838
   21570      16.4057        19.6800
   21571      16.3094        19.8419
   21572      16.3241        20.0827
   21573      16.2979        19.5766
   21574      16.3493        19.9689
   21575      16.4063        19.8812
   21576      16.3468        20.2698
   21577      16.3096        20.1299
   21578      16.3651        20.1859
   21579      16.3493        20.1037
   21580      16.4255        20.5530
   21581      16.4071        20.0315
   21582      16.3940        19.3955
   21583      16.3597        26.9120
   21584      16.3312        19.2824
   21585      16.3000        19.4643
   21586      16.3745        20.1740
   21587      16.3373        19.3743
   21588      16.3436        20.0665
   21589      16.3439        20.4173
   21590      16.3006        19.6928
   21591      16.3238        19.6295
   21592      16.3798        20.4574
   21593      16.3449        19.7656
   21594      16.3942        20.5858
   21595      16.3480        19.8421
   21596      16.2870        19.4354
   21597      16.3251        20.5639
   21598      16.2996        19.6503
   21599      16.3526        20.6511
   21600      16.3489        20.1004
   21601      16.3565        20.7371
   21602      16.4359        20.6435
   21603      16.3559        19.9992
   21604      16.3391        21.4326
   21605      16.2840        20.4845
   21606      16.3228        19.3614
   21607      16.3715        20.6718
   21608      16.4236        20.6931
   21609      16.4278        20.4677
   21610      16.3164        19.9706
   21611      16.2970        20.0809
   21612      16.2810        20.0813
   21613      16.3415        19.7697
   21614      16.4870        20.7571
   21615      16.3604        19.5202
   21616      16.3285        19.8931
   21617      16.4372        19.8968
   21618      16.4327        19.6660
   21619      16.4100        27.2988
   21620      16.4303        20.0820
   21621      16.3235        19.4198
   21622      16.4395        19.4858
   21623      16.3394        19.8023
   21624      16.3750        20.0933
   21625      16.3570        19.8907
   21626      16.4608        20.8245
   21627      16.4406        20.1948
   21628      16.3471        19.8633
   21629      16.4255        19.9312
   21630      16.3837        19.6462
   21631      16.3710        20.2253
   21632      16.4170        19.9242
   21633      16.3100        20.4106
   21634      16.2898        20.3457
   21635      16.3943        20.6031
   21636      16.3234        20.0423
   21637      16.3290        20.6747
   21638      16.3541        20.6762
   21639      16.3808        20.0314
   21640      16.3046        20.4750
   21641      16.3761        20.5677
   21642      16.4123        21.0837
   21643      16.3963        20.5013
   21644      16.2853        20.4708
   21645      16.3178        20.6588
   21646      16.3155        20.3011
   21647      16.3540        20.1549
   21648      16.4103        21.5704
   21649      16.3661        21.0509
   21650      16.3122        20.4376
   21651      16.3820        21.4071
   21652      16.3949        21.0993
   21653      16.4133        20.4045
   21654      16.3355        20.3742
   21655      16.3974        20.8692
   21656      16.4503        20.6744
   21657      16.3862        20.5883
   21658      16.3821        20.5559
   21659      16.3676        20.1959
   21660      16.3619        20.6434
   21661      16.3585        20.4629
   21662      16.2937        20.7045
   21663      16.3606        20.5605
   21664      16.3640        20.5900
   21665      16.3519        19.9676
   21666      16.4035        20.6511
   21667      16.4176        20.4120
   21668      16.4082        20.8174
   21669      16.3789        20.5863
   21670      16.3849        21.3412
   21671      16.2865        21.0456
   21672      16.3459        20.7731
   21673      16.2919        21.5746
   21674      16.4556        22.0135
   21675      16.4012        21.5669
   21676      16.3532        20.5863
   21677      16.4287        20.4340
   21678      16.3868        20.7643
   21679      16.4228        20.2017
   21680      16.4229        20.6221
   21681      16.4075        20.4834
   21682      16.3391        20.3393
   21683      16.3779        21.0131
   21684      16.3513        20.5283
   21685      16.3890        19.9687
   21686      16.3838        20.8317
   21687      16.4481        21.1837
   21688      16.3918        20.5267
   21689      16.4479        21.4675
   21690      16.3625        21.8401
   21691      16.3458        22.1735
   21692      16.4010        21.3022
   21693      16.3655        21.9371
   21694      16.3702        21.6389
   21695      16.3650        21.4301
   21696      16.3645        20.9408
   21697      16.3797        20.9944
   21698      16.3376        20.7860
   21699      16.3659        21.9035
   21700      16.3108        21.1642
   21701      16.4084        20.6903
   21702      16.3212        21.3546
   21703      16.3416        21.4453
   21704      16.3171        21.5084
   21705      16.2903        21.2169
   21706      16.3303        22.3217
   21707      16.4035        20.9413
   21708      16.3650        21.4357
   21709      16.4502        21.2655
   21710      16.4245        21.2383
   21711      16.3131        21.0671
   21712      16.4172        21.3705
   21713      16.3509        20.7958
   21714      16.4118        20.5240
   21715      16.3776        20.5061
   21716      16.3994        20.6774
   21717      16.3977        20.9911
   21718      16.3705        20.7936
   21719      16.3186        20.7402
   21720      16.3894        20.5723
   21721      16.4028        20.6093
   21722      16.4025        20.5127
   21723      16.3477        21.0352
   21724      16.4328        20.0203
   21725      16.4931        20.7200
   21726      16.3448        21.0422
   21727      16.4207        20.8694
   21728      16.5039        21.6794
   21729      16.4447        21.0378
   21730      16.4025        20.8512
   21731      16.4201        20.4254
   21732      16.4687        21.3888
   21733      16.4512        21.8999
   21734      16.3685        21.2293
   21735      16.3862        21.3451
   21736      16.3855        21.4767
   21737      16.3826        21.4793
   21738      16.4904        21.8138
   21739      16.3558        21.0438
   21740      16.4043        21.5059
   21741      16.4387        21.2974
   21742      16.4508        21.1786
   21743      16.4350        21.2250
   21744      16.3829        21.2671
   21745      16.4015        21.0132
   21746      16.3949        21.7346
   21747      16.3650        21.1555
   21748      16.4407        21.5916
   21749      16.3643        20.1733
   21750      16.3686        21.7897
   21751      16.3562        20.5617
   21752      16.3965        21.1625
   21753      16.3865        22.7404
   21754      16.3903        22.1822
   21755      16.4789        20.9261
   21756      16.4159        21.6297
   21757      16.3889        21.8495
   21758      16.3791        22.5086
   21759      16.4099        20.7537
   21760      16.3949        21.7875
   21761      16.3475        21.6475
   21762      16.3518        20.9101
   21763      16.4136        21.4024
   21764      16.3989        21.1481
   21765      16.4623        20.9429
   21766      16.4219        21.3947
   21767      16.4096        21.3539
   21768      16.3992        20.9800
   21769      16.3736        20.5484
   21770      16.3706        20.5864
   21771      16.3109        20.2432
   21772      16.4537        20.2490
   21773      16.3657        20.3498
   21774      16.4214        20.2261
   21775      16.3902        20.1783
   21776      16.3953        20.7035
   21777      16.3723        20.2709
   21778      16.3143        20.8225
   21779      16.3365        20.2938
   21780      16.3539        19.8657
   21781      16.3195        20.1998
   21782      16.4753        20.3485
   21783      16.4035        20.1673
   21784      16.4603        20.3683
   21785      16.4424        20.2203
   21786      16.4514        20.6582
   21787      16.4598        20.6070
   21788      16.3931        20.5876
   21789      16.4196        20.3638
   21790      16.3963        21.1782
   21791      16.3934        20.3139
   21792      16.4138        20.4349
   21793      16.4322        20.8549
   21794      16.3966        21.9293
   21795      16.4300        20.3634
   21796      16.4938        20.4685
   21797      16.4228        21.1284
   21798      16.4808        21.0870
   21799      16.4833        20.9774
   21800      16.4224        20.6258
   21801      16.3774        20.5701
   21802      16.4723        20.2803
   21803      16.4418        20.4093
   21804      16.4312        20.9192
   21805      16.3099        20.4300
   21806      16.4307        20.6682
   21807      16.4015        20.4831
   21808      16.4539        21.6786
   21809      16.4385        20.0157
   21810      16.4460        20.3325
   21811      16.3652        19.6479
   21812      16.4777        20.6226
   21813      16.4435        20.0570
   21814      16.4313        20.9659
   21815      16.4322        20.9466
   21816      16.4136        20.5898
   21817      16.5499        28.7071
   21818      16.4742        20.4379
   21819      16.4464        20.6406
   21820      16.3888        20.5409
   21821      16.3656        20.8012
   21822      16.4382        20.0119
   21823      16.4513        21.9590
   21824      16.4767        21.7368
   21825      16.4801        21.0524
   21826      16.4574        22.6502
   21827      16.4259        21.7840
   21828      16.4330        21.2318
   21829      16.4137        21.8126
   21830      16.4105        21.4768
   21831      16.5212        21.3737
   21832      16.4510        20.6673
   21833      16.4905        19.7259
   21834      16.4424        19.9527
   21835      16.5269        20.6632
   21836      16.4388        20.6972
   21837      16.4000        20.8157
   21838      16.4633        20.2587
   21839      16.4129        20.5077
   21840      16.4344        20.5523
   21841      16.4129        20.8702
   21842      16.4311        21.0682
   21843      16.5073        20.8962
   21844      16.4937        20.7954
   21845      16.4250        20.6250
   21846      16.3694        20.6538
   21847      16.4374        20.7596
   21848      16.4748        20.6010
   21849      16.4725        21.0407
   21850      16.4006        20.8737
   21851      16.4475        21.6201
   21852      16.4231        20.5858
   21853      16.4203        20.6746
   21854      16.4556        22.1509
   21855      16.4123        22.6185
   21856      16.4473        21.4686
   21857      16.4404        22.2776
   21858      16.3862        21.6742
   21859      16.4209        21.3274
   21860      16.4660        22.1919
   21861      16.4162        21.3807
   21862      16.3714        21.5812
   21863      16.3869        21.9398
   21864      16.3590        20.4245
   21865      16.4121        20.4854
   21866      16.4552        21.5740
   21867      16.4127        20.8209
   21868      16.3824        20.6805
   21869      16.4095        21.3504
   21870      16.4867        20.7945
   21871      16.4426        21.4928
   21872      16.3790        20.7912
   21873      16.4277        21.8120
   21874      16.3643        21.3112
   21875      16.4124        21.1484
   21876      16.3962        21.4031
   21877      16.4776        22.1880
   21878      16.3969        21.5010
   21879      16.4633        22.2798
   21880      16.4134        21.4198
   21881      16.4285        21.5991
   21882      16.4288        20.9385
   21883      16.4966        20.9419
   21884      16.4347        21.9481
   21885      16.4486        21.2382
   21886      16.3517        21.4446
   21887      16.4620        20.9197
   21888      16.4978        20.9718
   21889      16.4378        22.2056
   21890      16.4337        20.6352
   21891      16.4759        21.2792
   21892      16.4406        20.3106
   21893      16.3845        20.7714
   21894      16.4508        20.7160
   21895      16.3554        20.4473
   21896      16.4068        20.0848
   21897      16.3958        20.5521
   21898      16.4391        21.0065
   21899      16.4001        21.0636
   21900      16.4135        21.6957
   21901      16.3798        21.8613
   21902      16.3947        21.5517
   21903      16.3361        20.8581
   21904      16.3932        20.7234
   21905      16.3945        21.6733
   21906      16.4260        21.1292
   21907      16.4328        22.3032
   21908      16.3687        21.9011
   21909      16.3584        21.5136
   21910      16.3826        20.5022
   21911      16.3731        21.4471
   21912      16.3943        21.4086
   21913      16.4002        21.2484
   21914      16.4516        20.8374
   21915      16.4549        20.5315
   21916      16.3877        22.0401
   21917      16.4575        21.6298
   21918      16.4392        20.6150
   21919      16.4341        20.6592
   21920      16.4937        21.0676
   21921      16.4467        21.1955
   21922      16.3746        22.3444
   21923      16.5162        23.0082
   21924      16.4579        24.4858
   21925      16.4745        24.4896
   21926      16.4134        24.8142
   21927      16.4140        24.2173
   21928      16.4197        24.1835
   21929      16.4517        20.7035
   21930      16.4166        21.8937
   21931      16.3577        21.3716
   21932      16.4399        21.8438
   21933      16.4276        23.0147
   21934      16.3906        21.5186
   21935      16.4528        20.2329
   21936      16.4016        21.1913
   21937      16.4194        21.4961
   21938      16.3659        20.9741
   21939      16.4203        21.8221
   21940      16.4370        21.6104
   21941      16.3683        21.1200
   21942      16.4593        21.1904
   21943      16.3585        21.3327
   21944      16.3701        21.0530
   21945      16.3292        19.9576
   21946      16.4121        19.3727
   21947      16.4193        19.8319
   21948      16.3794        20.2570
   21949      16.3699        20.4617
   21950      16.3888        19.9661
   21951      16.3370        20.2227
   21952      16.3892        20.4274
   21953      16.3496        20.9105
   21954      16.3797        20.8385
   21955      16.4063        20.0657
   21956      16.3606        19.8731
   21957      16.3393        20.4929
   21958      16.3783        20.6505
   21959      16.4405        20.4955
   21960      16.4202        20.7700
   21961      16.3453        20.1166
   21962      16.4942        20.9447
   21963      16.4117        20.6662
   21964      16.4993        20.5760
   21965      16.3739        20.3147
   21966      16.3918        20.6484
   21967      16.4395        20.3341
   21968      16.3510        20.3939
   21969      16.4443        20.0761
   21970      16.4576        20.2995
   21971      16.4627        21.0741
   21972      16.4553        20.3138
   21973      16.4207        20.1905
   21974      16.4382        20.3056
   21975      16.3924        20.7433
   21976      16.4849        20.8216
   21977      16.4229        20.7112
   21978      16.3866        20.2861
   21979      16.4336        20.9412
   21980      16.3788        19.9538
   21981      16.3399        20.1169
   21982      16.4157        20.1777
   21983      16.3349        20.4251
   21984      16.4832        20.4154
   21985      16.4409        20.8508
   21986      16.3904        20.2124
   21987      16.3863        20.2375
   21988      16.4158        20.3968
   21989      16.4392        20.3788
   21990      16.3908        20.2640
   21991      16.3878        20.7977
   21992      16.3939        20.1331
   21993      16.4333        22.0344
   21994      16.4775        20.6460
   21995      16.3975        20.3143
   21996      16.3678        22.0195
   21997      16.4996        20.8471
   21998      16.4668        21.8564
   21999      16.4111        20.5144
   22000      16.3979        21.1254
   22001      16.4257        21.3052
   22002      16.3830        20.9611
   22003      16.3818        21.6298
   22004      16.4392        22.0882
   22005      16.3749        20.6397
   22006      16.4228        21.0905
   22007      16.5002        22.1659
   22008      16.5103        22.1790
   22009      16.4616        21.7743
   22010      16.4019        20.7773
   22011      16.4352        20.2744
   22012      16.3640        21.4122
   22013      16.4282        21.5345
   22014      16.4472        21.0373
   22015      16.4350        20.8176
   22016      16.4156        21.0314
   22017      16.3877        22.3385
   22018      16.3819        21.6691
   22019      16.3902        20.4131
   22020      16.3775        22.2333
   22021      16.4244        20.4744
   22022      16.4015        20.0599
   22023      16.3378        21.1558
   22024      16.4054        20.9337
   22025      16.3679        21.3714
   22026      16.3627        20.5327
   22027      16.4347        22.4722
   22028      16.4173        22.8180
   22029      16.4991        20.6794
   22030      16.4557        22.0080
   22031      16.4127        21.6055
   22032      16.4136        21.6140
   22033      16.4189        21.1409
   22034      16.3643        20.3562
   22035      16.4258        20.7923
   22036      16.5226        21.4413
   22037      16.4324        21.3638
   22038      16.4531        20.4748
   22039      16.4128        20.8535
   22040      16.4650        20.5356
   22041      16.4885        21.5911
   22042      16.3911        21.7353
   22043      16.3802        20.9686
   22044      16.4387        21.0543
   22045      16.4051        20.3038
   22046      16.4739        22.1297
   22047      16.4508        20.9315
   22048      16.4688        21.6156
   22049      16.5129        21.0082
   22050      16.4060        20.4421
   22051      16.4253        20.4615
   22052      16.4473        21.5348
   22053      16.4115        21.6438
   22054      16.4426        21.8026
   22055      16.4283        21.8868
   22056      16.4298        20.8912
   22057      16.4411        21.0600
   22058      16.3357        22.2319
   22059      16.4267        20.9195
   22060      16.4144        20.8509
   22061      16.4048        21.1843
   22062      16.4027        21.8852
   22063      16.4374        21.2491
   22064      16.4586        21.2255
   22065      16.3924        20.9317
   22066      16.4321        20.6146
   22067      16.3787        20.3512
   22068      16.3577        21.7788
   22069      16.4715        21.5538
   22070      16.4084        21.7008
   22071      16.3443        21.9196
   22072      16.4460        21.1291
   22073      16.4130        21.4994
   22074      16.4257        21.8165
   22075      16.3707        21.8818
   22076      16.3686        21.5077
   22077      16.3749        21.5739
   22078      16.3051        22.0393
   22079      16.4046        21.4096
   22080      16.3714        21.1607
   22081      16.4538        21.3419
   22082      16.2995        21.3259
   22083      16.3576        20.3790
   22084      16.2859        20.2023
   22085      16.2410        20.1079
   22086      16.2213        20.4984
   22087      16.3916        20.2236
   22088      16.3476        19.5476
   22089      16.3258        19.7885
   22090      16.3482        19.5488
   22091      16.3650        19.5397
   22092      16.3289        19.3949
   22093      16.2731        20.0608
   22094      16.3197        19.5814
   22095      16.3700        19.7750
   22096      16.3845        19.6648
   22097      16.3516        20.1696
   22098      16.3821        19.7061
   22099      16.3501        20.4578
   22100      16.4098        20.3532
   22101      16.3801        19.8129
   22102      16.3335        19.3694
   22103      16.3004        19.8197
   22104      16.3683        20.1639
   22105      16.3280        20.3785
   22106      16.3333        21.8482
   22107      16.3859        21.5209
   22108      16.3586        22.1800
   22109      16.2619        20.7896
   22110      16.3342        19.9608
   22111      16.3391        21.1935
   22112      16.4397        22.9670
   22113      16.3417        21.9859
   22114      16.4423        21.6634
   22115      16.3850        20.9940
   22116      16.3950        21.9847
   22117      16.3591        21.4377
   22118      16.3820        21.0680
   22119      16.4357        21.7441
   22120      16.3462        22.1457
   22121      16.3782        21.8955
   22122      16.3889        20.8716
   22123      16.4350        20.9117
   22124      16.4572        20.2761
   22125      16.3764        22.3364
   22126      16.4457        21.3319
   22127      16.3944        20.1064
   22128      16.3678        20.5523
   22129      16.4065        20.6114
   22130      16.4018        20.7471
   22131      16.4188        21.2694
   22132      16.3797        20.0511
   22133      16.3528        21.8898
   22134      16.3851        22.0513
   22135      16.4461        22.1546
   22136      16.4095        20.7295
   22137      16.3790        21.2557
   22138      16.4258        20.5714
   22139      16.4024        20.7698
   22140      16.4508        20.6114
   22141      16.4404        20.2127
   22142      16.3978        21.1816
   22143      16.4515        20.3853
   22144      16.4463        21.1027
   22145      16.3697        20.3683
   22146      16.4151        21.0496
   22147      16.3610        20.6996
   22148      16.3802        21.0308
   22149      16.3997        20.6857
   22150      16.4231        21.1427
   22151      16.3619        20.2716
   22152      16.3525        20.7511
   22153      16.4066        20.4885
   22154      16.3794        20.9314
   22155      16.4304        21.3083
   22156      16.3715        20.4368
   22157      16.3758        20.4239
   22158      16.4704        20.9594
   22159      16.4401        20.6107
   22160      16.3654        21.1514
   22161      16.3713        21.2075
   22162      16.3541        21.2967
   22163      16.3707        21.2057
   22164      16.3491        21.1036
   22165      16.4400        20.6802
   22166      16.4078        20.8925
   22167      16.4082        21.1140
   22168      16.4428        20.8031
   22169      16.3994        20.6218
   22170      16.4161        21.3584
   22171      16.3515        20.7910
   22172      16.4056        20.4991
   22173      16.4575        21.0355
   22174      16.2973        20.2718
   22175      16.3498        20.9506
   22176      16.3696        20.5775
   22177      16.3488        21.1647
   22178      16.3890        20.7396
   22179      16.3978        20.9681
   22180      16.3122        20.3366
   22181      16.3707        20.8672
   22182      16.4312        21.0195
   22183      16.4447        21.1913
   22184      16.4113        21.9183
   22185      16.3326        21.7214
   22186      16.3411        22.5821
   22187      16.3722        21.1038
   22188      16.2661        20.9987
   22189      16.3637        21.1668
   22190      16.3114        20.3174
   22191      16.3818        20.5108
   22192      16.4501        20.6720
   22193      16.3519        20.6582
   22194      16.4799        20.4322
   22195      16.4259        20.2419
   22196      16.3468        20.0180
   22197      16.3412        21.1283
   22198      16.3786        20.7951
   22199      16.3720        21.0014
   22200      16.4088        21.0290
   22201      16.3729        21.3859
   22202      16.4496        20.7043
   22203      16.3688        21.3610
   22204      16.3965        20.8966
   22205      16.3704        20.8534
   22206      16.4074        20.4612
   22207      16.3942        20.8684
   22208      16.3725        20.0868
   22209      16.4144        20.4310
   22210      16.4253        20.6835
   22211      16.4114        21.1869
   22212      16.3309        20.3261
   22213      16.4053        20.8134
   22214      16.4080        21.5404
   22215      16.3530        21.3051
   22216      16.3328        20.0824
   22217      16.4079        21.6084
   22218      16.3709        20.9579
   22219      16.3363        20.4058
   22220      16.3878        21.2052
   22221      16.3740        21.4258
   22222      16.4252        20.9312
   22223      16.4083        20.6854
   22224      16.4680        21.7005
   22225      16.4179        21.1979
   22226      16.4648        21.5896
   22227      16.4214        20.7071
   22228      16.3716        21.6297
   22229      16.4609        21.7807
   22230      16.4169        20.8431
   22231      16.4309        21.3887
   22232      16.4647        21.0919
   22233      16.3883        20.9060
   22234      16.3721        20.8552
   22235      16.4617        21.1652
   22236      16.4068        21.0684
   22237      16.3965        21.1586
   22238      16.3946        20.7073
   22239      16.3596        20.3865
   22240      16.3542        21.6469
   22241      16.4173        20.5819
   22242      16.3695        19.8937
   22243      16.4009        20.5398
   22244      16.2984        20.8321
   22245      16.3417        20.7953
   22246      16.4437        20.6021
   22247      16.3065        20.8677
   22248      16.3300        20.3043
   22249      16.3657        20.4694
   22250      16.4147        20.8082
   22251      16.4510        22.7741
   22252      16.3735        22.3694
   22253      16.4467        21.9981
   22254      16.3607        20.4069
   22255      16.4411        20.8980
   22256      16.4023        21.3135
   22257      16.4312        21.6895
   22258      16.3875        20.8753
   22259      16.4147        20.4942
   22260      16.4495        21.8309
   22261      16.3873        20.9313
   22262      16.4429        21.1925
   22263      16.3990        20.3611
   22264      16.4002        20.9108
   22265      16.3646        21.2604
   22266      16.4529        21.7577
   22267      16.3538        21.2399
   22268      16.3431        21.9115
   22269      16.3221        21.4734
   22270      16.3470        20.2082
   22271      16.2664        20.2966
   22272      16.2928        21.3165
   22273      16.4312        21.6636
   22274      16.3694        21.6646
   22275      16.4857        21.8468
   22276      16.4071        21.7341
   22277      16.4705        21.2815
   22278      16.4182        21.3941
   22279      16.4208        20.7727
   22280      16.3664        20.7326
   22281      16.3739        20.9085
   22282      16.3617        21.1042
   22283      16.3211        21.0080
   22284      16.3466        21.2151
   22285      16.4171        22.2780
   22286      16.3786        20.3212
   22287      16.3436        20.1794
   22288      16.4616        20.7546
   22289      16.3831        19.7671
   22290      16.3719        21.2317
   22291      16.3920        20.7377
   22292      16.3959        21.1910
   22293      16.3576        20.4429
   22294      16.4340        21.7712
   22295      16.3516        21.7204
   22296      16.4194        21.2504
   22297      16.4079        21.4361
   22298      16.3464        21.0476
   22299      16.4264        22.0413
   22300      16.3657        21.5302
   22301      16.3487        19.9627
   22302      16.3140        20.7784
   22303      16.3990        20.5256
   22304      16.3828        20.4049
   22305      16.3383        22.2248
   22306      16.3102        20.3422
   22307      16.3980        21.8482
   22308      16.4822        21.0114
   22309      16.4354        21.2366
   22310      16.3867        21.0199
   22311      16.3207        20.5118
   22312      16.4064        20.7851
   22313      16.4247        20.1765
   22314      16.4541        20.1020
   22315      16.4752        20.8403
   22316      16.3846        20.4505
   22317      16.4775        21.2395
   22318      16.3978        20.8546
   22319      16.4487        20.7889
   22320      16.4385        20.8190
   22321      16.4432        20.4504
   22322      16.4944        21.0755
   22323      16.4828        20.3553
   22324      16.5451        20.8800
   22325      16.4890        20.2051
   22326      16.4941        20.3867
   22327      16.4606        20.1801
   22328      16.4228        20.3362
   22329      16.4132        20.1362
   22330      16.3839        20.7158
   22331      16.4343        20.6923
   22332      16.4287        20.6070
   22333      16.4473        20.7709
   22334      16.5057        20.9546
   22335      16.5169        20.8863
   22336      16.5092        20.5949
   22337      16.5384        20.5991
   22338      16.3883        20.8242
   22339      16.4581        20.9558
   22340      16.4457        21.0422
   22341      16.3949        21.2675
   22342      16.3981        21.4345
   22343      16.3762        20.6789
   22344      16.3536        20.7647
   22345      16.3829        20.4230
   22346      16.4399        21.1994
   22347      16.3864        20.8747
   22348      16.3090        21.1008
   22349      16.4018        20.2122
   22350      16.3272        19.9716
   22351      16.3272        20.9854
   22352      16.3324        21.7865
   22353      16.3978        21.5331
   22354      16.4265        21.7183
   22355      16.3984        22.2452
   22356      16.4353        21.5413
   22357      16.3182        21.3227
   22358      16.2624        21.2678
   22359      16.3291        21.9991
   22360      16.3031        20.5371
   22361      16.3787        20.3144
   22362      16.3012        20.5444
   22363      16.3637        21.0014
   22364      16.2624        20.4426
   22365      16.4101        20.2913
   22366      16.3696        20.7570
   22367      16.3538        20.4575
   22368      16.4480        21.3949
   22369      16.3505        21.2517
   22370      16.4137        21.2355
   22371      16.3033        20.7838
   22372      16.2908        20.7619
   22373      16.3862        20.7801
   22374      16.3919        21.0963
   22375      16.3768        20.4814
   22376      16.3971        19.8451
   22377      16.4005        20.7109
   22378      16.4030        21.1463
   22379      16.4212        21.7253
   22380      16.4118        21.2098
   22381      16.4030        20.5393
   22382      16.4459        20.7922
   22383      16.3064        20.7751
   22384      16.3741        20.4647
   22385      16.3015        21.1498
   22386      16.3921        21.3871
   22387      16.3659        21.2846
   22388      16.3602        20.8676
   22389      16.3630        20.6922
   22390      16.3353        21.3958
   22391      16.3835        21.1939
   22392      16.3613        20.6216
   22393      16.3996        20.7213
   22394      16.4053        20.6580
   22395      16.3100        20.4826
   22396      16.4045        20.7942
   22397      16.3676        20.5457
   22398      16.2825        20.2597
   22399      16.3529        20.9448
   22400      16.2960        20.9322
   22401      16.3871        20.8956
   22402      16.3973        20.3967
   22403      16.3297        20.7220
   22404      16.4018        20.7260
   22405      16.3209        20.4747
   22406      16.3478        21.2024
   22407      16.3632        21.3806
   22408      16.3811        21.8403
   22409      16.4207        21.4026
   22410      16.3826        20.2660
   22411      16.4623        20.9819
   22412      16.3942        21.2922
   22413      16.3980        20.4144
   22414      16.4383        21.0439
   22415      16.4276        20.7097
   22416      16.4060        22.0172
   22417      16.4136        21.2088
   22418      16.4757        22.3328
   22419      16.4190        20.9026
   22420      16.3240        20.5598
   22421      16.3147        22.1055
   22422      16.3614        22.1008
   22423      16.4469        21.2131
   22424      16.3455        22.6186
   22425      16.3139        22.3994
   22426      16.3561        22.3054
   22427      16.3375        21.3988
   22428      16.3499        21.8034
   22429      16.3882        20.5370
   22430      16.3481        20.9449
   22431      16.4378        20.6623
   22432      16.3794        21.1905
   22433      16.3832        21.9356
   22434      16.3716        21.5988
   22435      16.3550        21.4383
   22436      16.3995        22.5906
   22437      16.4393        21.3758
   22438      16.3917        20.9542
   22439      16.3525        21.6988
   22440      16.3531        22.0759
   22441      16.2732        21.2494
   22442      16.3490        21.3270
   22443      16.3165        21.5777
   22444      16.3754        22.5541
   22445      16.3533        21.4570
   22446      16.4339        22.2650
   22447      16.3487        21.3384
   22448      16.3798        21.6002
   22449      16.3855        22.0276
   22450      16.4127        22.7095
   22451      16.4427        22.4763
   22452      16.3752        21.1785
   22453      16.3007        21.6711
   22454      16.3553        21.5307
   22455      16.4044        23.0828
   22456      16.4300        22.7464
   22457      16.3804        22.0571
   22458      16.3471        21.8617
   22459      16.3822        21.4992
   22460      16.3896        22.3585
   22461      16.3634        22.0547
   22462      16.2854        20.2059
   22463      16.3404        19.9311
   22464      16.3432        20.5361
   22465      16.3011        20.8678
   22466      16.3760        20.5684
   22467      16.4237        20.4035
   22468      16.4085        20.3635
   22469      16.4386        20.9784
   22470      16.4561        20.2900
   22471      16.3817        19.9347
   22472      16.3908        21.0054
   22473      16.3413        20.9660
   22474      16.4454        20.8638
   22475      16.4063        20.7526
   22476      16.4466        20.2823
   22477      16.3864        20.1022
   22478      16.4761        20.4745
   22479      16.3870        20.8845
   22480      16.4682        20.9478
   22481      16.4157        20.9507
   22482      16.4134        21.2793
   22483      16.4010        21.2697
   22484      16.4820        21.8784
   22485      16.4436        20.7369
   22486      16.4570        20.9510
   22487      16.4408        21.0881
   22488      16.3673        22.1359
   22489      16.4477        21.7238
   22490      16.4666        20.9545
   22491      16.4860        21.2370
   22492      16.4100        20.7168
   22493      16.4735        20.9263
   22494      16.4384        21.0760
   22495      16.4082        20.5615
   22496      16.4452        21.2771
   22497      16.4265        21.2625
   22498      16.4452        20.6551
   22499      16.5024        21.1948
   22500      16.4299        20.6623
   22501      16.5257        20.8042
   22502      16.4841        20.9103
   22503      16.4015        20.2970
   22504      16.4272        21.2562
   22505      16.4536        20.9072
   22506      16.4495        20.4694
   22507      16.4676        21.1779
   22508      16.4989        20.5920
   22509      16.5186        20.5003
   22510      16.4383        20.1860
   22511      16.4611        20.5800
   22512      16.5149        20.6328
   22513      16.5668        20.7381
   22514      16.5564        20.2356
   22515      16.5159        20.4753
   22516      16.4653        20.2900
   22517      16.6445        20.4984
   22518      16.5125        21.3238
   22519      16.5156        21.6013
   22520      16.5334        21.8893
   22521      16.5128        21.3354
   22522      16.4986        21.5848
   22523      16.4265        21.9441
   22524      16.4997        21.4962
   22525      16.4821        21.0969
   22526      16.5450        21.4824
   22527      16.4549        21.1103
   22528      16.4837        23.3890
   22529      16.5217        21.2015
   22530      16.4634        20.5031
   22531      16.4542        20.9707
   22532      16.4694        20.5027
   22533      16.4886        21.4366
   22534      16.4365        20.5096
   22535      16.5476        20.9989
   22536      16.4471        21.0880
   22537      16.4323        20.9219
   22538      16.4542        21.0337
   22539      16.4439        21.2127
   22540      16.4045        21.3596
   22541      16.4857        21.2915
   22542      16.4454        21.1885
   22543      16.4246        21.6353
   22544      16.4657        21.0842
   22545      16.4557        21.2791
   22546      16.4353        21.1916
   22547      16.4714        20.0740
   22548      16.4333        20.7331
   22549      16.4470        20.0246
   22550      16.4198        20.3361
   22551      16.4608        21.1666
   22552      16.4511        20.7896
   22553      16.5024        21.5595
   22554      16.4699        21.0122
   22555      16.4381        21.0618
   22556      16.3857        21.2742
   22557      16.4154        20.7735
   22558      16.4119        21.7561
   22559      16.3412        21.0721
   22560      16.3445        20.8514
   22561      16.3917        19.9176
   22562      16.3638        20.5465
   22563      16.4570        20.9523
   22564      16.3785        20.7378
   22565      16.4384        20.5788
   22566      16.3768        20.6412
   22567      16.4191        21.2917
   22568      16.4348        20.5230
   22569      16.4353        20.7499
   22570      16.5526        21.0471
   22571      16.4393        20.9166
   22572      16.5003        20.9922
   22573      16.4629        20.4829
   22574      16.4015        20.7882
   22575      16.4571        21.2552
   22576      16.3727        20.4730
   22577      16.4641        20.2684
   22578      16.4571        20.1142
   22579      16.4169        20.4388
   22580      16.4153        20.8016
   22581      16.4200        20.1080
   22582      16.4582        20.7969
   22583      16.4482        21.6544
   22584      16.4866        21.2578
   22585      16.4774        20.3027
   22586      16.4291        20.6966
   22587      16.3976        20.7593
   22588      16.3720        20.6400
   22589      16.4197        20.2869
   22590      16.4680        20.4482
   22591      16.4990        20.5529
   22592      16.4673        20.7344
   22593      16.4987        21.1637
   22594      16.4629        20.9111
   22595      16.4196        21.1708
   22596      16.4464        20.4748
   22597      16.3481        20.5787
   22598      16.3487        20.9361
   22599      16.4030        20.5770
   22600      16.3516        19.9794
   22601      16.4641        21.2213
   22602      16.4817        21.1307
   22603      16.5191        21.1709
   22604      16.4120        20.5742
   22605      16.3827        20.7145
   22606      16.4607        20.8117
   22607      16.4402        20.9826
   22608      16.3901        20.7247
   22609      16.4690        21.1346
   22610      16.4513        21.0843
   22611      16.4268        20.6096
   22612      16.4792        21.0777
   22613      16.4149        20.9895
   22614      16.4390        20.6652
   22615      16.4604        21.2366
   22616      16.5219        20.8895
   22617      16.5544        21.0502
   22618      16.4516        21.2224
   22619      16.4703        21.2061
   22620      16.4170        20.9537
   22621      16.4110        20.7053
   22622      16.4131        20.6312
   22623      16.3893        20.8954
   22624      16.5012        21.3510
   22625      16.4307        21.2763
   22626      16.4326        20.4715
   22627      16.4856        21.2334
   22628      16.3610        20.1603
   22629      16.4826        20.8487
   22630      16.4497        20.5883
   22631      16.4003        20.4238
   22632      16.4101        21.1655
   22633      16.4889        20.2970
   22634      16.3894        20.1216
   22635      16.4531        20.7141
   22636      16.4901        20.7402
   22637      16.3939        20.1567
   22638      16.4500        20.1093
   22639      16.4723        20.2189
   22640      16.3943        20.3933
   22641      16.4568        20.9319
   22642      16.4216        20.0142
   22643      16.4542        20.9224
   22644      16.4528        20.1110
   22645      16.4974        20.2916
   22646      16.4921        20.7599
   22647      16.4025        20.6252
   22648      16.3899        21.0833
   22649      16.4347        20.8811
   22650      16.4022        20.1087
   22651      16.4419        20.8233
   22652      16.3933        21.1381
   22653      16.3994        20.7934
   22654      16.4721        21.8307
   22655      16.3838        20.3359
   22656      16.4193        19.9746
   22657      16.4422        20.1868
   22658      16.3874        20.1197
   22659      16.4560        20.1624
   22660      16.4622        20.3209
   22661      16.3753        20.1955
   22662      16.3882        20.2716
   22663      16.3856        20.3787
   22664      16.3157        20.6877
   22665      16.4456        20.2826
   22666      16.4646        20.7852
   22667      16.4260        20.4068
   22668      16.4563        20.6629
   22669      16.4389        20.3262
   22670      16.4191        21.0249
   22671      16.4428        21.0342
   22672      16.3668        20.8873
   22673      16.4455        20.5842
   22674      16.3420        20.4228
   22675      16.4032        20.8591
   22676      16.3848        20.4464
   22677      16.3708        19.9968
   22678      16.4151        20.6327
   22679      16.4117        20.0868
   22680      16.4076        20.1855
   22681      16.4796        20.6868
   22682      16.3952        20.0740
   22683      16.4622        19.9447
   22684      16.4650        20.6432
   22685      16.4658        20.6822
   22686      16.4194        20.2967
   22687      16.4006        20.1348
   22688      16.4286        19.5503
   22689      16.4276        20.4968
   22690      16.4528        20.0430
   22691      16.3816        20.4570
   22692      16.4378        20.0382
   22693      16.2952        21.1893
   22694      16.3721        19.6092
   22695      16.3806        19.5290
   22696      16.3942        20.8555
   22697      16.4619        20.7319
   22698      16.4252        20.1502
   22699      16.4792        21.1369
   22700      16.4177        20.0843
   22701      16.4336        20.1248
   22702      16.4765        21.9917
   22703      16.5221        21.5471
   22704      16.4143        21.1867
   22705      16.4438        20.5698
   22706      16.5295        21.7376
   22707      16.4662        20.0134
   22708      16.4544        20.2117
   22709      16.4061        19.9922
   22710      16.4486        20.1068
   22711      16.3622        19.8532
   22712      16.4720        19.8462
   22713      16.4352        20.4968
   22714      16.4189        19.9732
   22715      16.4339        20.8357
   22716      16.4703        20.3624
   22717      16.4805        20.9065
   22718      16.4286        20.1464
   22719      16.4496        19.9179
   22720      16.4546        20.5890
   22721      16.4491        20.7367
   22722      16.3990        20.2296
   22723      16.4177        19.8509
   22724      16.4427        20.6750
   22725      16.3987        20.7101
   22726      16.5012        20.6438
   22727      16.4720        20.9177
   22728      16.4412        20.2638
   22729      16.4129        20.0646
   22730      16.4035        19.9020
   22731      16.4872        20.9132
   22732      16.4480        20.2641
   22733      16.4723        20.7914
   22734      16.4067        20.6262
   22735      16.4721        19.9708
   22736      16.3307        20.0969
   22737      16.4493        20.5410
   22738      16.3852        20.0422
   22739      16.4266        20.3681
   22740      16.3738        20.1355
   22741      16.4209        21.0056
   22742      16.3639        20.3077
   22743      16.4861        20.3733
   22744      16.4445        19.9181
   22745      16.3682        20.0498
   22746      16.4845        20.2232
   22747      16.4285        19.7094
   22748      16.4193        20.1958
   22749      16.4649        20.2759
   22750      16.4161        20.0220
   22751      16.3884        20.3970
   22752      16.4789        20.8876
   22753      16.4179        20.1734
   22754      16.3568        20.1284
   22755      16.5002        20.3519
   22756      16.4443        20.3742
   22757      16.4430        20.0747
   22758      16.3949        20.5351
   22759      16.4487        20.2148
   22760      16.4493        20.4533
   22761      16.4907        20.4186
   22762      16.4606        20.3830
   22763      16.4642        20.4021
   22764      16.4990        20.1528
   22765      16.4931        20.5538
   22766      16.4842        20.5956
   22767      16.3570        20.6734
   22768      16.4316        20.5328
   22769      16.4200        20.5446
   22770      16.3794        21.1888
   22771      16.3533        20.6906
   22772      16.3086        20.5860
   22773      16.4151        20.4522
   22774      16.4251        20.4296
   22775      16.3952        21.0867
   22776      16.4780        20.0890
   22777      16.4905        20.8113
   22778      16.3541        20.1367
   22779      16.3348        20.2978
   22780      16.3272        20.4911
   22781      16.3538        20.7518
   22782      16.3783        20.2505
   22783      16.3084        20.0966
   22784      16.3828        20.6015
   22785      16.3999        20.2583
   22786      16.3818        20.2362
   22787      16.3156        19.8065
   22788      16.3352        21.0793
   22789      16.3387        21.5975
   22790      16.4530        21.4108
   22791      16.4528        22.3456
   22792      16.4065        22.3846
   22793      16.4490        21.9675
   22794      16.4462        20.4388
   22795      16.5095        22.1665
   22796      16.4771        21.1011
   22797      16.3609        21.7713
   22798      16.4107        22.0474
   22799      16.4444        20.9759
   22800      16.4716        21.1613
   22801      16.4645        21.1082
   22802      16.4603        20.6818
   22803      16.3471        20.5258
   22804      16.3973        20.7026
   22805      16.4046        20.4096
   22806      16.4107        20.8238
   22807      16.4541        20.3876
   22808      16.4077        20.2344
   22809      16.3443        19.9126
   22810      16.3886        20.3016
   22811      16.3326        20.5632
   22812      16.3572        21.2242
   22813      16.3731        21.1030
   22814      16.4096        21.2176
   22815      16.4759        22.2474
   22816      16.4167        21.1711
   22817      16.4120        21.3275
   22818      16.3637        21.4463
   22819      16.4401        21.1798
   22820      16.4305        20.8745
   22821      16.4068        20.2598
   22822      16.3981        20.9565
   22823      16.3595        20.3376
   22824      16.3524        21.2406
   22825      16.4325        21.5947
   22826      16.4058        21.1422
   22827      16.4321        20.2353
   22828      16.3793        20.4276
   22829      16.4315        20.2085
   22830      16.4548        20.8213
   22831      16.3833        20.1256
   22832      16.4463        20.8985
   22833      16.4320        20.8222
   22834      16.4639        22.9255
   22835      16.4260        21.8660
   22836      16.3611        20.6747
   22837      16.3847        21.4674
   22838      16.4193        21.8074
   22839      16.3674        21.9481
   22840      16.2864        21.5263
   22841      16.4168        21.5888
   22842      16.4132        21.4162
   22843      16.3562        21.1277
   22844      16.3504        21.0300
   22845      16.4065        20.7773
   22846      16.3800        20.4301
   22847      16.4003        20.7724
   22848      16.3207        20.2640
   22849      16.2852        20.3020
   22850      16.3584        21.3040
   22851      16.3675        21.5145
   22852      16.3256        21.3796
   22853      16.3841        21.5357
   22854      16.4310        20.3909
   22855      16.4095        21.2804
   22856      16.4179        21.9900
   22857      16.3810        20.7342
   22858      16.4375        20.7581
   22859      16.5513        21.5271
   22860      16.4286        22.9596
   22861      16.4016        22.3216
   22862      16.4663        22.6498
   22863      16.4958        21.5449
   22864      16.3606        21.4378
   22865      16.3665        20.5778
   22866      16.3589        21.5034
   22867      16.3276        21.7947
   22868      16.4715        21.6287
   22869      16.3977        22.6859
   22870      16.4196        22.3105
   22871      16.4286        20.4862
   22872      16.3775        20.8834
   22873      16.4289        20.7967
   22874      16.4629        21.0240
   22875      16.4068        20.8061
   22876      16.3731        19.4341
   22877      16.3582        19.4439
   22878      16.3891        19.3838
   22879      16.4146        19.7764
   22880      16.3653        19.9634
   22881      16.3873        19.5924
   22882      16.4288        20.2106
   22883      16.4660        20.8461
   22884      16.3945        20.2354
   22885      16.4019        20.3197
   22886      16.4986        20.5627
   22887      16.4547        20.5340
   22888      16.4175        20.7952
   22889      16.3837        20.8646
   22890      16.4132        20.9172
   22891      16.4644        20.0993
   22892      16.4592        20.6001
   22893      16.3972        20.4539
   22894      16.3138        20.2520
   22895      16.4100        20.6092
   22896      16.4396        20.6076
   22897      16.3874        20.2877
   22898      16.3602        20.3914
   22899      16.4315        20.4210
   22900      16.4092        20.0247
   22901      16.3799        20.5441
   22902      16.3412        19.6491
   22903      16.4550        20.2988
   22904      16.4221        20.3008
   22905      16.3961        20.9240
   22906      16.4121        21.0152
   22907      16.3921        20.4469
   22908      16.3628        19.9375
   22909      16.4397        20.7787
   22910      16.3520        20.6586
   22911      16.3435        19.9021
   22912      16.3722        20.5058
   22913      16.3968        20.7545
   22914      16.4369        20.3041
   22915      16.4199        20.2824
   22916      16.4683        20.4045
   22917      16.4099        20.2802
   22918      16.3262        19.4418
   22919      16.4304        20.1909
   22920      16.3638        20.3506
   22921      16.3896        19.9436
   22922      16.4463        19.5540
   22923      16.4186        20.0289
   22924      16.4270        21.4472
   22925      16.3016        20.2431
   22926      16.3372        20.1462
   22927      16.3729        19.6178
   22928      16.3488        20.2024
   22929      16.3784        19.7877
   22930      16.4655        20.0374
   22931      16.4026        19.5990
   22932      16.4068        19.4862
   22933      16.3913        21.0521
   22934      16.4030        19.9294
   22935      16.3727        20.0197
   22936      16.3978        19.7431
   22937      16.4851        19.8802
   22938      16.4147        20.1448
   22939      16.4242        20.0247
   22940      16.4439        20.2837
   22941      16.4223        20.4095
   22942      16.4026        20.2436
   22943      16.4144        20.3070
   22944      16.3981        20.4882
   22945      16.3868        20.4160
   22946      16.3935        20.2925
   22947      16.4571        20.5994
   22948      16.4108        20.6806
   22949      16.4295        20.6189
   22950      16.4150        22.0981
   22951      16.4489        20.5157
   22952      16.4512        20.0152
   22953      16.4508        20.5770
   22954      16.5059        20.8093
   22955      16.5038        19.9571
   22956      16.4318        20.4728
   22957      16.4814        19.8389
   22958      16.5174        20.2425
   22959      16.4139        20.6776
   22960      16.4709        19.8994
   22961      16.4608        20.9814
   22962      16.4112        20.0448
   22963      16.3998        21.2112
   22964      16.3777        20.4280
   22965      16.4534        20.5421
   22966      16.4393        20.9971
   22967      16.3823        20.5311
   22968      16.4115        20.1922
   22969      16.4035        20.9682
   22970      16.4360        20.6899
   22971      16.4094        19.6084
   22972      16.3984        20.7924
   22973      16.4078        20.4391
   22974      16.4366        20.6602
   22975      16.4629        20.3293
   22976      16.4265        20.6082
   22977      16.4351        21.3995
   22978      16.4844        20.8476
   22979      16.4292        20.8871
   22980      16.4232        20.9608
   22981      16.4235        20.5793
   22982      16.4198        20.0659
   22983      16.3942        19.8009
   22984      16.5079        21.6075
   22985      16.4482        21.3346
   22986      16.4355        20.5902
   22987      16.4401        21.1064
   22988      16.3667        20.1765
   22989      16.4335        20.5036
   22990      16.3946        20.8985
   22991      16.4180        20.5043
   22992      16.4500        20.5085
   22993      16.4236        20.5192
   22994      16.4423        20.2751
   22995      16.3979        20.0713
   22996      16.3144        19.8175
   22997      16.3839        20.1394
   22998      16.4708        20.6351
   22999      16.4731        20.1745
   23000      16.4525        20.8729
   23001      16.4830        20.6345
   23002      16.4013        27.7230
   23003      16.4716        20.3985
   23004      16.4766        20.3453
   23005      16.4585        20.3482
   23006      16.4030        20.3468
   23007      16.4418        21.2313
   23008      16.4965        20.8442
   23009      16.4881        20.8724
   23010      16.3351        20.7082
   23011      16.4583        20.8677
   23012      16.4397        20.6150
   23013      16.4223        20.5485
   23014      16.4465        20.7017
   23015      16.3997        20.4614
   23016      16.3932        20.5895
   23017      16.3950        20.0052
   23018      16.4557        20.4480
   23019      16.4534        21.0214
   23020      16.4266        20.5984
   23021      16.4243        20.0018
   23022      16.3951        19.8699
   23023      16.4208        19.9945
   23024      16.3795        20.1021
   23025      16.4230        20.4035
   23026      16.4128        20.0869
   23027      16.3932        19.7271
   23028      16.4439        19.9378
   23029      16.4607        20.4388
   23030      16.4395        20.5064
   23031      16.4275        20.3043
   23032      16.4608        20.5453
   23033      16.5057        20.1087
   23034      16.5616        21.3087
   23035      16.5424        21.7665
   23036      16.5296        20.9647
   23037      16.5471        21.2031
   23038      16.4744        20.2842
   23039      16.4770        19.9487
   23040      16.4263        21.1440
   23041      16.4313        20.2745
   23042      16.4606        20.3001
   23043      16.5089        21.0743
   23044      16.4829        20.3620
   23045      16.5009        20.2334
   23046      16.5019        20.4322
   23047      16.4451        20.6186
   23048      16.4424        20.5568
   23049      16.3924        20.6481
   23050      16.3603        20.3212
   23051      16.3615        20.5446
   23052      16.4037        20.5752
   23053      16.3832        20.5292
   23054      16.3967        20.6040
   23055      16.4234        20.1464
   23056      16.3918        20.3609
   23057      16.3001        19.8301
   23058      16.4296        19.9991
   23059      16.4316        21.2656
   23060      16.4387        20.8449
   23061      16.4142        20.1080
   23062      16.3786        20.2370
   23063      16.3624        19.8848
   23064      16.3373        20.8623
   23065      16.3698        20.5505
   23066      16.3357        20.6521
   23067      16.4252        21.2667
   23068      16.3810        20.6361
   23069      16.3959        20.2461
   23070      16.4794        21.2260
   23071      16.4494        20.4314
   23072      16.3140        20.0500
   23073      16.3905        20.7037
   23074      16.4183        19.7006
   23075      16.3564        19.7800
   23076      16.3231        20.1412
   23077      16.3670        20.5906
   23078      16.3690        20.4912
   23079      16.3388        27.4841
   23080      16.3723        20.2776
   23081      16.3602        19.6184
   23082      16.4112        19.6825
   23083      16.4207        20.0442
   23084      16.4230        20.7242
   23085      16.4648        20.2912
   23086      16.4017        20.2714
   23087      16.4218        19.8526
   23088      16.4254        20.2087
   23089      16.3878        20.3975
   23090      16.3629        20.6487
   23091      16.4363        20.8458
   23092      16.3631        20.6561
   23093      16.3245        19.7411
   23094      16.3670        19.8771
   23095      16.3192        20.3950
   23096      16.4177        20.3005
   23097      16.4003        20.6145
   23098      16.3291        20.6296
   23099      16.3864        20.2554
   23100      16.3720        20.1473
   23101      16.3478        19.9554
   23102      16.3963        20.4116
   23103      16.3024        20.4040
   23104      16.3905        20.2161
   23105      16.3671        19.7997
   23106      16.3298        27.5907
   23107      16.3236        20.5851
   23108      16.4233        20.1417
   23109      16.3363        20.5775
   23110      16.3555        21.7872
   23111      16.3840        22.0727
   23112      16.4514        21.5152
   23113      16.5110        22.3046
   23114      16.4472        21.3896
   23115      16.4964        21.0898
   23116      16.4181        21.2250
   23117      16.3361        22.0737
   23118      16.4369        22.3909
   23119      16.3748        21.0186
   23120      16.4236        20.8762
   23121      16.3661        21.0294
   23122      16.4374        21.3921
   23123      16.4239        20.0261
   23124      16.3823        20.4571
   23125      16.3711        19.9838
   23126      16.3941        20.3592
   23127      16.4165        20.2606
   23128      16.3818        20.3210
   23129      16.3721        20.0840
   23130      16.3461        20.5146
   23131      16.3253        20.0730
   23132      16.3353        20.4723
   23133      16.2353        20.2941
   23134      16.3724        20.3367
   23135      16.3239        19.9871
   23136      16.3510        19.7773
   23137      16.3026        19.9825
   23138      16.4049        20.2957
   23139      16.2798        19.6743
   23140      16.3224        19.9157
   23141      16.3943        19.9216
   23142      16.3489        20.1379
   23143      16.3770        19.5557
   23144      16.4647        20.3163
   23145      16.4471        20.1402
   23146      16.4001        20.3894
   23147      16.4212        20.3336
   23148      16.3690        20.7915
   23149      16.3910        20.9820
   23150      16.4045        20.0161
   23151      16.4317        20.8402
   23152      16.4349        20.7483
   23153      16.3365        20.6162
   23154      16.3947        20.6573
   23155      16.3563        20.6234
   23156      16.4219        21.0201
   23157      16.4225        19.9334
   23158      16.4106        20.8022
   23159      16.3698        20.8188
   23160      16.3828        20.3374
   23161      16.3193        20.4737
   23162      16.3111        20.3379
   23163      16.3309        19.9499
   23164      16.3612        19.9765
   23165      16.3594        20.5054
   23166      16.3480        19.9230
   23167      16.3946        20.8872
   23168      16.4615        20.6806
   23169      16.4637        27.6692
   23170      16.4832        19.9879
   23171      16.4857        20.6451
   23172      16.4962        21.2101
   23173      16.3963        20.6472
   23174      16.3981        19.8677
   23175      16.4594        20.0965
   23176      16.4476        20.3692
   23177      16.4216        20.8317
   23178      16.3794        20.3993
   23179      16.4150        20.6394
   23180      16.4542        20.7734
   23181      16.3696        19.8630
   23182      16.5014        21.3302
   23183      16.4571        21.0260
   23184      16.4071        20.5822
   23185      16.4776        20.7492
   23186      16.4965        20.6734
   23187      16.4028        20.6978
   23188      16.4114        21.3511
   23189      16.3676        20.4340
   23190      16.4582        20.7249
   23191      16.4516        20.8182
   23192      16.4831        22.1494
   23193      16.5764        21.6276
   23194      16.5581        21.8130
   23195      16.5088        21.2343
   23196      16.4796        21.6002
   23197      16.4391        20.7997
   23198      16.4510        21.1724
   23199      16.4098        20.7241
   23200      16.4460        20.8987
   23201      16.4421        20.9573
   23202      16.4814        21.5888
   23203      16.4613        21.1823
   23204      16.4303        21.6710
   23205      16.4468        21.9147
   23206      16.4782        21.7899
   23207      16.4810        21.0770
   23208      16.4366        21.4724
   23209      16.4433        21.6555
   23210      16.5460        20.9501
   23211      16.4699        21.3984
   23212      16.4607        21.2763
   23213      16.3906        21.7843
   23214      16.4113        21.7003
   23215      16.4927        21.3940
   23216      16.4530        21.1300
   23217      16.5376        21.0767
   23218      16.4759        21.0460
   23219      16.5629        22.8358
   23220      16.5435        21.4745
   23221      16.5412        20.8178
   23222      16.4340        20.6443
   23223      16.5013        20.7576
   23224      16.5102        21.6065
   23225      16.4753        21.2920
   23226      16.4940        21.3505
   23227      16.5584        21.5435
   23228      16.3756        21.1094
   23229      16.5001        21.0081
   23230      16.4863        21.8344
   23231      16.4202        20.5438
   23232      16.4812        21.1594
   23233      16.4890        21.3628
   23234      16.4456        22.1412
   23235      16.3712        20.7712
   23236      16.4617        20.8453
   23237      16.4452        21.3002
   23238      16.4865        21.5854
   23239      16.3823        21.4376
   23240      16.3691        21.0392
   23241      16.4250        20.9143
   23242      16.4756        21.2076
   23243      16.4141        20.9959
   23244      16.4469        21.6295
   23245      16.4150        21.0240
   23246      16.5064        20.8907
   23247      16.4737        22.6109
   23248      16.4455        21.7394
   23249      16.4771        21.7045
   23250      16.4078        22.3655
   23251      16.4548        20.9874
   23252      16.5192        20.6024
   23253      16.5305        20.8369
   23254      16.4289        20.4337
   23255      16.4793        20.3103
   23256      16.4930        20.8329
   23257      16.4860        20.9300
   23258      16.4875        20.6471
   23259      16.4785        20.2252
   23260      16.4536        20.3851
   23261      16.4628        20.3626
   23262      16.4804        20.2545
   23263      16.5418        21.3526
   23264      16.5198        20.6666
   23265      16.4025        21.3862
   23266      16.4473        20.5613
   23267      16.4688        20.7589
   23268      16.3436        20.3284
   23269      16.4126        20.7017
   23270      16.4919        21.1917
   23271      16.4043        20.2062
   23272      16.5023        20.7107
   23273      16.4909        21.2106
   23274      16.4904        21.0441
   23275      16.4856        20.4042
   23276      16.4356        21.0442
   23277      16.4327        20.2201
   23278      16.3860        20.1091
   23279      16.4102        20.1102
   23280      16.4386        20.4993
   23281      16.4588        20.8762
   23282      16.3666        20.5608
   23283      16.4358        20.3226
   23284      16.4514        20.7716
   23285      16.4463        20.4524
   23286      16.4053        20.4417
   23287      16.3809        19.9615
   23288      16.4110        21.2753
   23289      16.3316        20.0767
   23290      16.4445        20.1773
   23291      16.4639        20.3241
   23292      16.4651        20.4738
   23293      16.4822        20.1922
   23294      16.3916        20.4406
   23295      16.4095        20.4032
   23296      16.4235        20.6507
   23297      16.4344        19.8286
   23298      16.4872        20.6820
   23299      16.4078        20.5141
   23300      16.4488        20.2864
   23301      16.3944        20.4521
   23302      16.4559        21.1850
   23303      16.4553        20.5919
   23304      16.4541        19.9221
   23305      16.4364        20.5294
   23306      16.4482        20.3995
   23307      16.4448        20.8477
   23308      16.4344        20.2180
   23309      16.4413        20.3333
   23310      16.4476        21.1563
   23311      16.4206        20.8626
   23312      16.4001        19.8809
   23313      16.4440        19.9936
   23314      16.4413        20.2641
   23315      16.4800        20.5396
   23316      16.3774        20.1996
   23317      16.5105        20.8815
   23318      16.4546        21.0243
   23319      16.4205        19.9424
   23320      16.4335        20.0073
   23321      16.4792        20.6038
   23322      16.4417        20.4203
   23323      16.4225        21.2035
   23324      16.5458        21.5737
   23325      16.5171        20.2962
   23326      16.3718        20.3268
   23327      16.3704        20.4450
   23328      16.3890        19.7773
   23329      16.3913        20.7139
   23330      16.4207        20.4482
   23331      16.4115        20.8395
   23332      16.4619        21.3525
   23333      16.5141        20.9901
   23334      16.4518        20.8951
   23335      16.3365        20.2007
   23336      16.3848        20.6002
   23337      16.3459        20.4999
   23338      16.4396        20.2723
   23339      16.4080        20.2918
   23340      16.3640        19.7974
   23341      16.4136        21.0022
   23342      16.4518        21.0853
   23343      16.4036        20.9696
   23344      16.3855        19.8034
   23345      16.4374        20.9466
   23346      16.3607        20.0606
   23347      16.3372        20.4617
   23348      16.3717        20.2720
   23349      16.4212        20.6310
   23350      16.4298        20.6134
   23351      16.4346        20.5727
   23352      16.4096        21.0017
   23353      16.5121        20.9747
   23354      16.4108        21.1444
   23355      16.3883        19.9338
   23356      16.3878        20.3464
   23357      16.3762        20.4862
   23358      16.3878        20.4817
   23359      16.4650        20.6301
   23360      16.3938        20.3992
   23361      16.3387        20.2402
   23362      16.4325        20.8994
   23363      16.3780        20.8388
   23364      16.3844        21.0224
   23365      16.3606        20.4119
   23366      16.4716        20.5764
   23367      16.3505        21.9886
   23368      16.5299        22.4458
   23369      16.4478        21.5811
   23370      16.3914        21.1990
   23371      16.4125        22.0475
   23372      16.3455        20.6225
   23373      16.4505        20.4040
   23374      16.4205        20.6524
   23375      16.4462        21.4284
   23376      16.3997        21.1362
   23377      16.3442        20.3486
   23378      16.4086        20.3289
   23379      16.4139        20.7561
   23380      16.4652        20.0430
   23381      16.4138        20.2980
   23382      16.3781        21.0812
   23383      16.3843        20.6844
   23384      16.4476        20.7992
   23385      16.4384        20.7589
   23386      16.3916        21.1637
   23387      16.4516        22.5984
   23388      16.4042        21.9890
   23389      16.3698        22.0206
   23390      16.4427        22.5766
   23391      16.4828        22.7069
   23392      16.4634        23.5711
   23393      16.4276        22.7168
   23394      16.3990        22.6021
   23395      16.4797        23.4014
   23396      16.4651        21.6509
   23397      16.3697        20.7794
   23398      16.4559        21.0686
   23399      16.4087        20.7982
   23400      16.3714        19.8341
   23401      16.4050        20.5732
   23402      16.3854        20.6896
   23403      16.4549        20.5873
   23404      16.3547        20.7946
   23405      16.3972        20.9460
   23406      16.3940        20.5302
   23407      16.4268        20.5463
   23408      16.4070        20.8196
   23409      16.3923        21.3963
   23410      16.4496        21.7026
   23411      16.4703        20.9983
   23412      16.4967        20.6961
   23413      16.4877        21.7104
   23414      16.4218        21.0165
   23415      16.5063        20.9780
   23416      16.3954        20.7322
   23417      16.4859        20.6853
   23418      16.4516        21.1103
   23419      16.5162        20.3929
   23420      16.4269        21.0958
   23421      16.4318        21.3379
   23422      16.4533        21.3528
   23423      16.4393        22.0852
   23424      16.4700        21.5165
   23425      16.4950        21.5139
   23426      16.6132        22.4854
   23427      16.5584        22.1059
   23428      16.4847        21.9358
   23429      16.5960        21.3984
   23430      16.5153        22.2714
   23431      16.5408        21.0061
   23432      16.4753        20.8283
   23433      16.4092        21.1668
   23434      16.4558        21.0019
   23435      16.4352        20.7849
   23436      16.4254        21.4498
   23437      16.5110        21.3534
   23438      16.4748        20.7193
   23439      16.4745        20.6458
   23440      16.5206        21.3290
   23441      16.4308        20.9946
   23442      16.5188        20.8759
   23443      16.4799        21.3058
   23444      16.3880        19.9849
   23445      16.4899        20.9821
   23446      16.5189        20.9358
   23447      16.4889        20.8641
   23448      16.4724        20.7605
   23449      16.4834        20.6121
   23450      16.4994        20.8302
   23451      16.4903        20.6891
   23452      16.4871        21.8048
   23453      16.4853        21.2982
   23454      16.4828        21.1447
   23455      16.4745        20.6131
   23456      16.4154        20.2969
   23457      16.5168        20.9421
   23458      16.4837        21.0710
   23459      16.5458        20.9275
   23460      16.4594        20.8897
   23461      16.4515        21.4237
   23462      16.4392        21.6654
   23463      16.4921        21.4488
   23464      16.4602        21.5348
   23465      16.4584        20.6530
   23466      16.5130        20.5659
   23467      16.4478        20.5535
   23468      16.4216        20.8861
   23469      16.4025        20.8380
   23470      16.3381        20.4521
   23471      16.4330        20.4718
   23472      16.4449        20.8043
   23473      16.4414        21.4639
   23474      16.4335        21.3042
   23475      16.4610        20.6876
   23476      16.4486        20.6819
   23477      16.4697        20.4424
   23478      16.4727        20.8649
   23479      16.4606        20.8181
   23480      16.5211        21.1367
   23481      16.4456        21.5570
   23482      16.5244        21.8266
   23483      16.5066        20.8167
   23484      16.4861        20.8005
   23485      16.4546        20.6746
   23486      16.4501        20.6408
   23487      16.4295        20.7997
   23488      16.3846        20.8447
   23489      16.5419        20.8288
   23490      16.4582        20.3428
   23491      16.4255        20.9725
   23492      16.3703        20.6326
   23493      16.4657        20.7073
   23494      16.4468        21.0298
   23495      16.4834        20.5418
   23496      16.4048        20.4272
   23497      16.4288        20.4631
   23498      16.4481        21.2374
   23499      16.4283        21.1043
   23500      16.3870        20.5857
   23501      16.3900        21.2016
   23502      16.4315        20.5487
   23503      16.4130        20.3492
   23504      16.4253        20.2907
   23505      16.4210        20.6686
   23506      16.3462        20.1953
   23507      16.3814        20.1724
   23508      16.4528        20.2720
   23509      16.3914        20.2921
   23510      16.4050        20.4622
   23511      16.3973        20.3648
   23512      16.4503        20.4539
   23513      16.4686        20.1697
   23514      16.4336        20.4992
   23515      16.4245        20.7747
   23516      16.4725        20.6968
   23517      16.4927        21.0655
   23518      16.4522        20.6189
   23519      16.4862        20.0907
   23520      16.4969        20.3442
   23521      16.5224        20.8389
   23522      16.4120        19.5394
   23523      16.4750        20.7296
   23524      16.5133        21.9892
   23525      16.4416        22.7082
   23526      16.4104        20.8396
   23527      16.4215        20.6007
   23528      16.3302        20.4975
   23529      16.4097        21.8927
   23530      16.4588        22.3473
   23531      16.4548        22.0612
   23532      16.4146        21.9310
   23533      16.4534        22.0848
   23534      16.4704        21.9306
   23535      16.4543        22.5601
   23536      16.3754        20.9790
   23537      16.3778        20.8742
   23538      16.4597        20.6242
   23539      16.4184        21.1921
   23540      16.4269        21.1143
   23541      16.4152        20.1345
   23542      16.4736        21.1976
   23543      16.4073        21.2330
   23544      16.4064        21.6882
   23545      16.4789        22.3417
   23546      16.4839        20.6578
   23547      16.4911        22.2713
   23548      16.4967        22.1431
   23549      16.4473        22.7660
   23550      16.4037        23.2320
   23551      16.4026        21.6502
   23552      16.5451        22.9946
   23553      16.4905        22.9236
   23554      16.4698        22.2647
   23555      16.3654        21.1298
   23556      16.3963        20.9638
   23557      16.4151        21.5623
   23558      16.4198        22.0275
   23559      16.4222        20.9500
   23560      16.4040        22.3235
   23561      16.4679        20.7346
   23562      16.3853        21.6539
   23563      16.4603        20.8798
   23564      16.4018        20.3210
   23565      16.4068        20.7023
   23566      16.4266        21.5321
   23567      16.4217        21.1970
   23568      16.4228        20.8187
   23569      16.3880        20.3689
   23570      16.4444        20.8397
   23571      16.4494        20.5207
   23572      16.4133        19.5314
   23573      16.4563        20.5604
   23574      16.4199        20.5243
   23575      16.4269        19.8304
   23576      16.4431        20.7017
   23577      16.4124        19.5645
   23578      16.5955        19.9802
   23579      16.4082        20.0194
   23580      16.5052        20.0811
   23581      16.5275        20.6461
   23582      16.5336        20.1351
   23583      16.4106        20.4819
   23584      16.3968        20.1256
   23585      16.5142        20.7005
   23586      16.4823        19.8141
   23587      16.5496        21.1072
   23588      16.4949        20.0940
   23589      16.5020        20.5984
   23590      16.5396        20.2287
   23591      16.4776        20.9881
   23592      16.4616        20.6583
   23593      16.4400        20.0888
   23594      16.4014        20.0968
   23595      16.4216        20.4505
   23596      16.4692        20.7297
   23597      16.4852        19.9510
   23598      16.3877        20.2877
   23599      16.4187        20.6094
   23600      16.4274        20.4715
   23601      16.4234        20.2263
   23602      16.4382        20.4692
   23603      16.4716        20.7914
   23604      16.4320        20.8500
   23605      16.4990        20.2330
   23606      16.4955        20.8940
   23607      16.4558        20.8708
   23608      16.4882        20.4378
   23609      16.4540        20.4797
   23610      16.4851        21.0053
   23611      16.4012        20.4504
   23612      16.5115        20.0820
   23613      16.4440        20.6198
   23614      16.3901        28.5807
   23615      16.4904        20.1385
   23616      16.5203        20.5223
   23617      16.4280        28.4205
   23618      16.5782        20.1929
   23619      16.4776        28.5635
   23620      16.4379        28.4213
   23621      16.4613        20.6738
   23622      16.4239        20.6366
   23623      16.4671        20.7012
   23624      16.3854        20.1780
   23625      16.4134        20.5115
   23626      16.5166        20.4514
   23627      16.4516        20.5195
   23628      16.5225        20.5855
   23629      16.4917        20.4856
   23630      16.4333        20.3543
   23631      16.4850        21.0034
   23632      16.4501        20.1621
   23633      16.3867        20.5013
   23634      16.4741        20.3132
   23635      16.4061        20.0492
   23636      16.4385        20.7236
   23637      16.4475        20.6918
   23638      16.5043        20.3916
   23639      16.4986        20.6108
   23640      16.4495        21.3073
   23641      16.4514        20.4712
   23642      16.4302        20.1061
   23643      16.4826        28.3604
   23644      16.4450        20.1100
   23645      16.4418        20.3326
   23646      16.4848        20.5771
   23647      16.5341        20.4275
   23648      16.5223        20.1807
   23649      16.4438        20.1526
   23650      16.4681        19.8802
   23651      16.5108        20.2911
   23652      16.4157        19.9912
   23653      16.4604        20.4881
   23654      16.4199        19.9350
   23655      16.4614        20.1962
   23656      16.3991        20.5600
   23657      16.5079        20.7692
   23658      16.4326        19.9856
   23659      16.4190        20.1187
   23660      16.4450        19.7437
   23661      16.4151        20.1790
   23662      16.3853        20.2649
   23663      16.4193        20.2501
   23664      16.4711        20.4633
   23665      16.4942        20.0491
   23666      16.4387        20.9557
   23667      16.4205        21.3863
   23668      16.4094        21.0567
   23669      16.4479        20.6087
   23670      16.4393        20.6276
   23671      16.4469        19.9066
   23672      16.4582        20.8310
   23673      16.4578        21.7340
   23674      16.4465        21.5620
   23675      16.4755        22.7356
   23676      16.5035        21.7023
   23677      16.4061        20.4849
   23678      16.4337        21.5441
   23679      16.4896        21.9501
   23680      16.4459        20.1179
   23681      16.4388        21.0729
   23682      16.3987        20.3884
   23683      16.4180        20.9025
   23684      16.3520        20.3507
   23685      16.4100        21.6465
   23686      16.4375        22.4428
   23687      16.4692        20.8795
   23688      16.3873        20.8953
   23689      16.4483        21.5988
   23690      16.4621        21.0227
   23691      16.4787        21.1732
   23692      16.4553        21.5710
   23693      16.4816        21.3519
   23694      16.4867        20.5972
   23695      16.4816        21.0462
   23696      16.3845        20.4170
   23697      16.3718        20.2760
   23698      16.4495        21.9368
   23699      16.4590        20.7216
   23700      16.4090        21.8014
   23701      16.4045        27.8166
   23702      16.4455        19.9478
   23703      16.4381        20.3122
   23704      16.4398        21.6321
   23705      16.4246        22.1036
   23706      16.4617        21.3450
   23707      16.4064        20.4227
   23708      16.4079        20.9312
   23709      16.4606        21.4201
   23710      16.3997        22.0339
   23711      16.3894        20.9393
   23712      16.4511        20.3116
   23713      16.3795        21.5422
   23714      16.5082        21.0222
   23715      16.4572        20.8589
   23716      16.4618        20.8754
   23717      16.5026        20.9203
   23718      16.4723        21.9817
   23719      16.4884        21.8733
   23720      16.4547        20.8533
   23721      16.5012        20.9500
   23722      16.4563        22.3549
   23723      16.4772        23.2074
   23724      16.4477        20.8248
   23725      16.4517        21.3122
   23726      16.5946        21.4167
   23727      16.6005        21.0097
   23728      16.5265        21.8730
   23729      16.5188        21.0745
   23730      16.5467        21.7465
   23731      16.4897        20.5255
   23732      16.4753        20.7924
   23733      16.4804        20.1635
   23734      16.5389        21.0110
   23735      16.5492        21.5475
   23736      16.4817        22.5989
   23737      16.4884        21.1661
   23738      16.5645        21.0295
   23739      16.4918        20.3807
   23740      16.5293        21.1826
   23741      16.4786        20.4041
   23742      16.5125        20.7985
   23743      16.4986        21.7272
   23744      16.4327        20.5707
   23745      16.4277        20.7391
   23746      16.4463        20.7326
   23747      16.5056        20.6243
   23748      16.3989        19.7194
   23749      16.5016        20.5726
   23750      16.3895        20.2987
   23751      16.4883        22.1579
   23752      16.5055        19.9790
   23753      16.5869        21.2474
   23754      16.5295        20.5797
   23755      16.3673        20.5049
   23756      16.4349        21.8770
   23757      16.5194        22.1988
   23758      16.4845        20.6491
   23759      16.4292        21.3905
   23760      16.4487        20.9519
   23761      16.5280        21.5920
   23762      16.5868        20.3402
   23763      16.4909        20.7050
   23764      16.5084        21.2401
   23765      16.4773        21.2451
   23766      16.4844        21.5211
   23767      16.4434        21.6476
   23768      16.4388        21.4345
   23769      16.4491        21.4391
   23770      16.4382        21.9249
   23771      16.4486        21.4951
   23772      16.5147        22.1263
   23773      16.4542        21.3281
   23774      16.4614        20.9212
   23775      16.4598        21.3091
   23776      16.4776        22.4875
   23777      16.3393        22.5310
   23778      16.4655        22.4913
   23779      16.4696        21.4462
   23780      16.4811        21.6988
   23781      16.4347        21.3239
   23782      16.4736        20.9664
   23783      16.5194        22.2524
   23784      16.4288        21.8592
   23785      16.4822        21.3926
   23786      16.5133        21.9344
   23787      16.4458        20.6680
   23788      16.4246        20.2602
   23789      16.5318        20.7776
   23790      16.5285        20.7892
   23791      16.4388        20.7383
   23792      16.3962        20.5059
   23793      16.3493        19.6856
   23794      16.4063        20.0182
   23795      16.4945        20.1777
   23796      16.4394        20.3697
   23797      16.4576        20.8652
   23798      16.5450        21.9508
   23799      16.4525        21.3706
   23800      16.4524        21.2548
   23801      16.4443        21.4636
   23802      16.4549        21.3919
   23803      16.4553        21.1164
   23804      16.4875        21.2314
   23805      16.4390        21.6520
   23806      16.3971        21.3192
   23807      16.4474        21.4497
   23808      16.4231        21.2089
   23809      16.4215        21.3084
   23810      16.3283        21.5564
   23811      16.3862        20.9881
   23812      16.3556        20.9202
   23813      16.3895        20.8893
   23814      16.3645        20.4434
   23815      16.3812        20.3960
   23816      16.3856        21.1506
   23817      16.5410        20.5697
   23818      16.4986        20.2713
   23819      16.4659        20.1404
   23820      16.4314        20.1913
   23821      16.4506        20.7187
   23822      16.4545        20.2259
   23823      16.5066        20.9042
   23824      16.5518        21.1130
   23825      16.5214        21.1602
   23826      16.4332        20.9363
   23827      16.4271        21.0000
   23828      16.4292        21.1518
   23829      16.4599        20.0080
   23830      16.4767        20.8408
   23831      16.4488        20.9256
   23832      16.4157        20.3062
   23833      16.4443        20.9305
   23834      16.4424        21.3562
   23835      16.4614        21.4124
   23836      16.4949        22.1562
   23837      16.4479        22.5400
   23838      16.4688        22.2108
   23839      16.4328        21.6493
   23840      16.4847        22.3266
   23841      16.4347        23.1715
   23842      16.5095        21.5314
   23843      16.4649        21.0619
   23844      16.3909        20.0581
   23845      16.4864        20.9575
   23846      16.4837        20.7350
   23847      16.5143        20.4472
   23848      16.4391        20.8972
   23849      16.4972        20.4049
   23850      16.4793        20.7259
   23851      16.4468        20.6969
   23852      16.4859        20.3882
   23853      16.4561        20.4458
   23854      16.4387        20.8182
   23855      16.5149        21.4723
   23856      16.5221        20.8000
   23857      16.5064        21.0964
   23858      16.5028        21.0905
   23859      16.4747        20.5427
   23860      16.4736        21.4527
   23861      16.4937        20.1871
   23862      16.5131        21.1507
   23863      16.4869        20.2688
   23864      16.5315        19.7640
   23865      16.4779        21.4169
   23866      16.4759        21.7974
   23867      16.4006        21.0812
   23868      16.5002        20.8102
   23869      16.5337        21.6653
   23870      16.5227        21.0081
   23871      16.4380        20.5966
   23872      16.4968        21.0189
   23873      16.4325        19.9638
   23874      16.4612        20.7325
   23875      16.5141        21.1729
   23876      16.4401        20.7863
   23877      16.4973        21.0809
   23878      16.5253        22.4288
   23879      16.4255        22.3984
   23880      16.5067        22.2560
   23881      16.5343        22.6680
   23882      16.5055        21.6534
   23883      16.4248        20.1746
   23884      16.4800        20.4654
   23885      16.4877        20.7943
   23886      16.4790        20.8515
   23887      16.5114        20.5863
   23888      16.4374        20.1785
   23889      16.5461        21.7203
   23890      16.6062        21.5803
   23891      16.5465        21.9383
   23892      16.5182        22.1461
   23893      16.5294        21.2758
   23894      16.4956        21.5099
   23895      16.4885        22.0984
   23896      16.4302        21.0758
   23897      16.5049        22.1026
   23898      16.5258        22.2521
   23899      16.4940        21.6377
   23900      16.4780        21.2152
   23901      16.3987        21.2779
   23902      16.4691        21.5592
   23903      16.4558        21.4157
   23904      16.4937        22.0885
   23905      16.5032        21.3176
   23906      16.5877        20.8669
   23907      16.5096        21.5904
   23908      16.5015        21.4120
   23909      16.4869        20.9483
   23910      16.4724        20.6209
   23911      16.4823        20.8341
   23912      16.4442        22.0398
   23913      16.5033        22.3520
   23914      16.5555        22.2735
   23915      16.6255        21.4223
   23916      16.5427        21.9019
   23917      16.5739        20.9423
   23918      16.5118        20.9505
   23919      16.5130        20.9216
   23920      16.5058        20.6270
   23921      16.5273        20.8355
   23922      16.4764        21.3710
   23923      16.5469        20.2572
   23924      16.5371        27.9378
   23925      16.4615        19.9654
   23926      16.4757        19.4312
   23927      16.4802        20.6737
   23928      16.4950        20.7609
   23929      16.4715        20.1385
   23930      16.5445        20.4952
   23931      16.4170        19.8260
   23932      16.4667        19.9458
   23933      16.4753        20.4396
   23934      16.4257        20.1420
   23935      16.4098        20.2200
   23936      16.4638        20.4334
   23937      16.4064        19.4320
   23938      16.5338        20.0631
   23939      16.4145        19.7097
   23940      16.4869        19.6516
   23941      16.4458        19.5280
   23942      16.4499        19.6990
   23943      16.4737        20.3465
   23944      16.4485        19.8162
   23945      16.4411        20.3666
   23946      16.4696        20.5934
   23947      16.4870        20.1361
   23948      16.4492        20.3514
   23949      16.4401        20.2970
   23950      16.4598        19.5556
   23951      16.4790        21.0444
   23952      16.5018        22.0968
   23953      16.4966        20.7145
   23954      16.4874        20.5111
   23955      16.5188        20.6113
   23956      16.4439        21.0536
   23957      16.4577        20.1556
   23958      16.4083        20.1741
   23959      16.4451        20.6130
   23960      16.4833        20.6819
   23961      16.3994        20.3098
   23962      16.4129        21.4962
   23963      16.3967        21.7287
   23964      16.3805        22.3351
   23965      16.4339        21.3508
   23966      16.4256        20.7504
   23967      16.4003        20.3345
   23968      16.4371        21.9202
   23969      16.4957        21.8845
   23970      16.4467        22.7936
   23971      16.4823        20.1093
   23972      16.4506        19.9180
   23973      16.4846        20.4868
   23974      16.4110        20.4623
   23975      16.4291        20.5877
   23976      16.3955        19.5906
   23977      16.4297        20.3175
   23978      16.3860        20.1189
   23979      16.3963        20.6574
   23980      16.4353        20.3987
   23981      16.3959        20.2968
   23982      16.4027        27.9708
   23983      16.4799        20.2108
   23984      16.5070        20.3871
   23985      16.4548        20.5787
   23986      16.4737        20.5357
   23987      16.5190        20.6474
   23988      16.4225        19.6940
   23989      16.4377        20.7102
   23990      16.4101        20.3134
   23991      16.4890        20.5265
   23992      16.4352        20.9523
   23993      16.4113        20.8185
   23994      16.4042        21.9546
   23995      16.3955        21.8994
   23996      16.3520        19.7424
   23997      16.4791        20.9485
   23998      16.4536        28.2383
   23999      16.4548        20.8734
   24000      16.4173        20.5080
   24001      16.4321        20.3367
   24002      16.4150        19.8462
   24003      16.4602        19.8993
   24004      16.5381        20.7306
   24005      16.4750        21.0083
   24006      16.4837        21.3311
   24007      16.4613        19.9272
   24008      16.4495        20.9188
   24009      16.4405        20.4000
   24010      16.4481        20.6876
   24011      16.4288        21.2554
   24012      16.4501        21.9042
   24013      16.3873        20.4328
   24014      16.4279        20.2623
   24015      16.3315        20.0398
   24016      16.4362        20.6706
   24017      16.4530        20.1609
   24018      16.4322        20.5598
   24019      16.3766        21.3692
   24020      16.4507        20.6531
   24021      16.3816        20.4065
   24022      16.4672        20.4895
   24023      16.5169        20.7900
   24024      16.5306        20.6783
   24025      16.4934        21.2260
   24026      16.5128        21.1882
   24027      16.4106        20.6372
   24028      16.3919        21.4555
   24029      16.4558        21.4128
   24030      16.4890        21.8049
   24031      16.5109        20.6227
   24032      16.4961        21.3876
   24033      16.4757        20.9879
   24034      16.4173        21.1478
   24035      16.4854        21.0439
   24036      16.4181        20.9578
   24037      16.4476        20.3715
   24038      16.5147        21.1455
   24039      16.4106        19.6623
   24040      16.4194        20.6440
   24041      16.4369        21.3210
   24042      16.4494        20.0170
   24043      16.4730        20.9282
   24044      16.5655        21.1650
   24045      16.4828        21.0948
   24046      16.6372        22.8311
   24047      16.4374        20.9766
   24048      16.4809        20.3321
   24049      16.5060        21.7045
   24050      16.4720        21.3922
   24051      16.4889        21.2011
   24052      16.4970        21.8469
   24053      16.5059        22.0076
   24054      16.5788        21.6555
   24055      16.4801        22.5358
   24056      16.5370        21.8443
   24057      16.4722        20.9533
   24058      16.5317        22.1969
   24059      16.5257        22.4927
   24060      16.5057        21.6373
   24061      16.4885        20.9528
   24062      16.4318        20.4616
   24063      16.4309        20.7259
   24064      16.4784        20.8425
   24065      16.4476        21.1103
   24066      16.4749        20.4121
   24067      16.4328        20.6181
   24068      16.4577        20.7307
   24069      16.4665        20.4130
   24070      16.4814        21.1315
   24071      16.5239        21.2478
   24072      16.4420        21.2449
   24073      16.4480        20.8296
   24074      16.5032        20.6065
   24075      16.4783        21.6710
   24076      16.5070        21.4026
   24077      16.4786        21.6444
   24078      16.4296        21.1007
   24079      16.4627        21.8551
   24080      16.4394        21.8507
   24081      16.3859        21.0106
   24082      16.4460        20.8840
   24083      16.3919        20.4137
   24084      16.4626        20.9014
   24085      16.4798        21.5935
   24086      16.4669        21.0798
   24087      16.5714        22.3141
   24088      16.5318        20.8347
   24089      16.4788        19.9585
   24090      16.4707        20.2907
   24091      16.4193        21.2751
   24092      16.4274        21.0438
   24093      16.4473        20.4229
   24094      16.4260        20.8887
   24095      16.4952        19.8581
   24096      16.4200        20.7283
   24097      16.4369        20.2196
   24098      16.4478        20.7737
   24099      16.4747        20.3280
   24100      16.4034        20.3542
   24101      16.4437        21.1295
   24102      16.5000        20.9072
   24103      16.5202        20.4924
   24104      16.5179        20.9049
   24105      16.4758        20.5713
   24106      16.5439        20.7312
   24107      16.5001        20.4315
   24108      16.4793        20.7475
   24109      16.4071        20.4163
   24110      16.4573        20.4190
   24111      16.4414        21.2742
   24112      16.4466        20.6046
   24113      16.5785        21.0476
   24114      16.5302        22.3672
   24115      16.4513        21.6663
   24116      16.4314        21.3044
   24117      16.4716        20.8148
   24118      16.4685        21.0984
   24119      16.5076        20.0479
   24120      16.4127        20.2120
   24121      16.4928        20.1863
   24122      16.3895        20.5511
   24123      16.3912        20.2403
   24124      16.4954        21.0375
   24125      16.4894        20.1523
   24126      16.4581        20.8612
   24127      16.4925        20.6102
   24128      16.5108        20.8642
   24129      16.5285        21.0066
   24130      16.4044        20.9768
   24131      16.4780        20.4449
   24132      16.4624        21.5599
   24133      16.5871        20.6498
   24134      16.4330        20.5778
   24135      16.4921        20.1767
   24136      16.4668        20.2576
   24137      16.4633        20.1310
   24138      16.5574        20.6004
   24139      16.5439        20.8277
   24140      16.4319        20.1492
   24141      16.4375        20.3663
   24142      16.4627        21.7235
   24143      16.5789        22.3748
   24144      16.5573        22.7530
   24145      16.5575        21.0480
   24146      16.5205        21.9708
   24147      16.4749        21.4793
   24148      16.5383        22.1484
   24149      16.4941        22.0714
   24150      16.5176        21.7600
   24151      16.5446        21.7660
   24152      16.4270        21.5222
   24153      16.4335        20.9442
   24154      16.4675        22.0376
   24155      16.4643        20.6666
   24156      16.4479        22.4571
   24157      16.4596        21.2768
   24158      16.4519        21.0334
   24159      16.5043        20.6965
   24160      16.5260        20.4815
   24161      16.4749        20.2629
   24162      16.3852        20.3632
   24163      16.5508        20.7645
   24164      16.4913        20.8674
   24165      16.4644        20.4242
   24166      16.4473        20.6241
   24167      16.4738        20.2231
   24168      16.4110        21.5487
   24169      16.4434        21.3737
   24170      16.4818        21.4475
   24171      16.4818        21.1202
   24172      16.4982        20.8163
   24173      16.5200        20.4347
   24174      16.4745        20.4390
   24175      16.4213        20.4049
   24176      16.4428        20.0233
   24177      16.4319        20.2790
   24178      16.4625        20.4517
   24179      16.4427        20.2970
   24180      16.4207        19.8086
   24181      16.4959        19.9933
   24182      16.5229        20.4083
   24183      16.4780        20.0767
   24184      16.5240        20.6111
   24185      16.5044        20.1318
   24186      16.5066        20.3289
   24187      16.4921        20.5239
   24188      16.4657        20.2957
   24189      16.4867        20.3338
   24190      16.4278        20.9112
   24191      16.4648        20.7542
   24192      16.4660        20.9132
   24193      16.5343        20.8594
   24194      16.3828        20.6393
   24195      16.4457        20.7044
   24196      16.4714        21.1939
   24197      16.4553        20.9804
   24198      16.3866        21.1260
   24199      16.4157        20.3188
   24200      16.3389        20.6525
   24201      16.4409        21.2741
   24202      16.3856        20.3002
   24203      16.4047        20.5748
   24204      16.3979        20.5673
   24205      16.5083        20.7370
   24206      16.5026        20.8403
   24207      16.4669        20.7200
   24208      16.4154        20.5888
   24209      16.3807        20.4083
   24210      16.4881        20.2076
   24211      16.4326        20.4403
   24212      16.4465        20.6897
   24213      16.3840        20.4690
   24214      16.4549        21.1051
   24215      16.5000        20.6453
   24216      16.4977        20.6898
   24217      16.4892        21.5380
   24218      16.5219        20.8756
   24219      16.4366        21.0236
   24220      16.4031        20.3458
   24221      16.4361        21.1611
   24222      16.4597        20.4529
   24223      16.4588        20.4621
   24224      16.4631        20.9850
   24225      16.4428        20.8780
   24226      16.3954        20.2165
   24227      16.4626        20.5961
   24228      16.4999        20.1016
   24229      16.5369        20.8916
   24230      16.3977        20.1541
   24231      16.4603        20.4037
   24232      16.3898        20.5721
   24233      16.4481        20.9474
   24234      16.4826        20.6099
   24235      16.4866        20.0650
   24236      16.4886        19.7445
   24237      16.4286        19.8292
   24238      16.4930        20.6766
   24239      16.4854        20.5370
   24240      16.4228        20.2943
   24241      16.4488        20.0817
   24242      16.5528        20.8316
   24243      16.4291        21.2858
   24244      16.4747        21.7169
   24245      16.4937        20.9725
   24246      16.4600        21.8175
   24247      16.4400        21.7094
   24248      16.3693        21.4619
   24249      16.3974        21.9126
   24250      16.3957        22.3819
   24251      16.4747        21.3165
   24252      16.4109        21.8576
   24253      16.3829        21.3931
   24254      16.3778        20.8534
   24255      16.4019        20.8906
   24256      16.3708        20.2073
   24257      16.4670        20.3770
   24258      16.4788        20.7005
   24259      16.4320        21.4566
   24260      16.4608        20.9341
   24261      16.4302        20.5118
   24262      16.4327        20.6514
   24263      16.5055        21.0487
   24264      16.5132        21.0009
   24265      16.4238        20.2497
   24266      16.4278        19.8113
   24267      16.3900        20.5918
   24268      16.3950        21.4427
   24269      16.3499        20.0082
   24270      16.4640        20.3796
   24271      16.4650        20.5418
   24272      16.4360        21.2517
   24273      16.4868        19.9716
   24274      16.4198        20.7138
   24275      16.3484        20.5673
   24276      16.4076        20.3779
   24277      16.3614        20.7195
   24278      16.3327        19.8555
   24279      16.3993        20.0059
   24280      16.3220        21.1572
   24281      16.3663        20.7550
   24282      16.3728        20.2649
   24283      16.4595        20.4041
   24284      16.4256        20.4892
   24285      16.4225        20.8829
   24286      16.4122        21.5568
   24287      16.4086        20.4642
   24288      16.4538        20.5197
   24289      16.3777        20.8260
   24290      16.3452        20.6437
   24291      16.3439        20.6899
   24292      16.4356        20.3157
   24293      16.3532        20.7514
   24294      16.3583        20.9241
   24295      16.3159        20.4614
   24296      16.3835        21.5050
   24297      16.4045        20.5269
   24298      16.3755        20.3188
   24299      16.4222        22.5458
   24300      16.3713        23.0385
   24301      16.3238        22.6188
   24302      16.3698        22.5506
   24303      16.3516        20.4621
   24304      16.3120        20.3002
   24305      16.3408        21.3626
   24306      16.3657        21.9003
   24307      16.3761        21.6546
   24308      16.4555        21.2976
   24309      16.3616        21.4765
   24310      16.3687        21.2709
   24311      16.4539        22.6727
   24312      16.5055        23.8785
   24313      16.3753        21.1696
   24314      16.4862        22.6114
   24315      16.4249        21.0064
   24316      16.4145        22.3666
   24317      16.3972        20.8864
   24318      16.4561        21.5705
   24319      16.4364        20.6000
   24320      16.3351        21.8313
   24321      16.3533        22.2024
   24322      16.4403        23.0422
   24323      16.4603        22.4602
   24324      16.4612        20.9647
   24325      16.4752        20.6577
   24326      16.4692        20.9514
   24327      16.3751        20.0872
   24328      16.4509        20.1770
   24329      16.4034        20.2936
   24330      16.3899        20.1575
   24331      16.4164        20.7627
   24332      16.3885        19.8808
   24333      16.3165        19.9182
   24334      16.3233        20.2040
   24335      16.3127        20.1028
   24336      16.3732        20.7226
   24337      16.3772        20.1894
   24338      16.3242        20.1726
   24339      16.3526        20.7064
   24340      16.4355        20.6274
   24341      16.3959        20.6330
   24342      16.4422        20.6570
   24343      16.3875        20.6810
   24344      16.3910        20.5322
   24345      16.4348        20.6157
   24346      16.3833        20.6921
   24347      16.3586        20.4489
   24348      16.3842        20.5611
   24349      16.3653        20.7098
   24350      16.3080        20.3835
   24351      16.3211        20.0825
   24352      16.3533        19.8482
   24353      16.3641        19.7223
   24354      16.4121        20.2028
   24355      16.3742        20.1851
   24356      16.3891        19.8932
   24357      16.4051        20.7421
   24358      16.4103        20.5349
   24359      16.3949        20.0645
   24360      16.3575        20.4149
   24361      16.3652        20.1584
   24362      16.4020        20.2540
   24363      16.4074        20.0474
   24364      16.4149        20.6325
   24365      16.3894        20.5060
   24366      16.3314        20.2461
   24367      16.4986        20.2271
   24368      16.4455        19.8279
   24369      16.4911        20.2880
   24370      16.4407        20.6873
   24371      16.4240        20.5996
   24372      16.4134        20.6794
   24373      16.3368        20.3937
   24374      16.4062        20.3984
   24375      16.4310        19.7288
   24376      16.3024        19.8425
   24377      16.3297        19.5281
   24378      16.3784        20.2331
   24379      16.3054        20.1309
   24380      16.3552        19.7332
   24381      16.3660        20.5141
   24382      16.4027        20.4555
   24383      16.3865        20.3463
   24384      16.3937        20.2392
   24385      16.4424        20.0852
   24386      16.4888        20.1145
   24387      16.4862        20.2728
   24388      16.4651        20.2085
   24389      16.4166        20.3001
   24390      16.4684        21.0173
   24391      16.4218        20.1863
   24392      16.4884        20.1442
   24393      16.4979        20.1787
   24394      16.5013        20.8693
   24395      16.4994        20.8383
   24396      16.5610        21.5008
   24397      16.4347        21.2034
   24398      16.4636        20.4464
   24399      16.4387        20.5731
   24400      16.5319        19.8108
   24401      16.4317        19.9409
   24402      16.3549        20.7930
   24403      16.3349        20.5810
   24404      16.3784        20.8028
   24405      16.3364        21.4853
   24406      16.3803        20.3631
   24407      16.3432        21.0407
   24408      16.2873        19.8380
   24409      16.3047        19.7791
   24410      16.3795        20.4289
   24411      16.3925        20.7464
   24412      16.4333        20.0676
   24413      16.3905        20.4970
   24414      16.4039        19.7858
   24415      16.3799        20.0948
   24416      16.3822        20.6128
   24417      16.3654        20.0080
   24418      16.3927        20.0999
   24419      16.3272        19.9712
   24420      16.3633        20.2658
   24421      16.3241        20.4451
   24422      16.3226        19.8704
   24423      16.4171        20.2623
   24424      16.3633        20.0305
   24425      16.3954        20.8510
   24426      16.3822        20.1814
   24427      16.4325        19.5025
   24428      16.3714        20.6322
   24429      16.2759        19.5987
   24430      16.3548        20.5184
   24431      16.3478        20.5656
   24432      16.4025        20.5448
   24433      16.3517        19.9251
   24434      16.4050        20.3976
   24435      16.4303        20.7482
   24436      16.3869        20.5712
   24437      16.3867        21.1680
   24438      16.4279        20.0343
   24439      16.3866        19.9731
   24440      16.4705        20.4141
   24441      16.4202        20.2280
   24442      16.4575        19.9715
   24443      16.3755        19.4714
   24444      16.3582        19.6580
   24445      16.3760        20.3156
   24446      16.3720        19.9064
   24447      16.4376        20.6884
   24448      16.3631        20.1101
   24449      16.4328        20.2212
   24450      16.3871        20.2225
   24451      16.3840        20.6109
   24452      16.3727        20.7691
   24453      16.3733        19.9120
   24454      16.3271        20.1410
   24455      16.3750        21.0763
   24456      16.3708        20.7872
   24457      16.3167        20.2066
   24458      16.3768        20.5867
   24459      16.3257        20.3484
   24460      16.3100        19.9750
   24461      16.2772        19.7455
   24462      16.3316        20.8897
   24463      16.2997        20.4065
   24464      16.3794        20.9124
   24465      16.3543        20.1181
   24466      16.3122        20.2740
   24467      16.3704        21.3911
   24468      16.4106        20.5748
   24469      16.3502        20.7136
   24470      16.3982        20.6719
   24471      16.3622        20.0892
   24472      16.3601        19.9926
   24473      16.3032        20.7682
   24474      16.3641        20.6525
   24475      16.3266        20.2058
   24476      16.3735        20.2166
   24477      16.3128        20.8949
   24478      16.3405        21.8955
   24479      16.3146        22.9788
   24480      16.2166        21.5884
   24481      16.3136        20.6366
   24482      16.3417        21.1641
   24483      16.3910        21.5413
   24484      16.4246        21.9034
   24485      16.3697        21.9684
   24486      16.3841        21.6282
   24487      16.3595        22.1166
   24488      16.3608        20.1412
   24489      16.3469        21.2173
   24490      16.3559        21.2236
   24491      16.3321        22.2090
   24492      16.4072        21.1512
   24493      16.3434        22.0116
   24494      16.3332        21.2153
   24495      16.3518        21.4647
   24496      16.3755        21.2178
   24497      16.3513        21.3564
   24498      16.3470        21.1431
   24499      16.3263        20.4535
   24500      16.3686        21.0173
   24501      16.3893        21.0616
   24502      16.4296        21.4851
   24503      16.4084        21.0566
   24504      16.3590        21.3395
   24505      16.3637        21.3758
   24506      16.3834        21.9872
   24507      16.3497        22.0956
   24508      16.4496        21.8972
   24509      16.4178        20.4191
   24510      16.4075        20.2230
   24511      16.4372        22.0865
   24512      16.2994        22.1035
   24513      16.3443        20.3342
   24514      16.2774        20.4420
   24515      16.3983        20.2038
   24516      16.3780        21.1190
   24517      16.3151        20.1620
   24518      16.3220        20.5786
   24519      16.3851        20.4973
   24520      16.4486        20.7629
   24521      16.3601        20.1162
   24522      16.3494        20.7767
   24523      16.3457        20.4029
   24524      16.3960        21.1710
   24525      16.3907        19.7299
   24526      16.3267        21.0434
   24527      16.4207        22.6191
   24528      16.3696        20.3353
   24529      16.3883        22.5150
   24530      16.4520        21.4802
   24531      16.3744        21.4799
   24532      16.4583        22.5946
   24533      16.4701        21.3941
   24534      16.4015        21.8678
   24535      16.3545        21.5174
   24536      16.4388        19.8572
   24537      16.3990        20.0447
   24538      16.3652        20.2532
   24539      16.3035        19.7793
   24540      16.3724        20.4586
   24541      16.3373        19.9148
   24542      16.4430        20.1557
   24543      16.3387        20.3777
   24544      16.3769        20.3537
   24545      16.4613        20.4368
   24546      16.3846        19.9540
   24547      16.4088        20.2231
   24548      16.3651        19.9571
   24549      16.3975        20.2040
   24550      16.4073        20.1757
   24551      16.4894        20.6624
   24552      16.3817        20.1340
   24553      16.3589        19.2249
   24554      16.4740        20.1729
   24555      16.3607        20.4226
   24556      16.4092        20.1347
   24557      16.4657        20.3863
   24558      16.4926        20.4035
   24559      16.4351        20.4663
   24560      16.4395        20.4143
   24561      16.4038        20.6992
   24562      16.4669        20.6377
   24563      16.4644        21.0449
   24564      16.4452        20.5374
   24565      16.5810        21.2451
   24566      16.4452        20.4458
   24567      16.4599        20.2577
   24568      16.4995        20.7149
   24569      16.5012        20.3970
   24570      16.4749        20.6738
   24571      16.4140        21.0050
   24572      16.3910        21.0429
   24573      16.4220        20.2411
   24574      16.3977        20.3994
   24575      16.3985        21.0996
   24576      16.4662        21.5670
   24577      16.4250        21.6317
   24578      16.4287        21.2091
   24579      16.4839        21.4512
   24580      16.5365        22.0381
   24581      16.4340        21.4246
   24582      16.4451        21.5625
   24583      16.5086        20.8937
   24584      16.4123        21.6838
   24585      16.5010        22.2779
   24586      16.4328        22.0948
   24587      16.5058        21.9283
   24588      16.4099        21.6136
   24589      16.3658        21.3987
   24590      16.4411        21.6896
   24591      16.4858        20.7703
   24592      16.4250        20.9801
   24593      16.4303        20.9888
   24594      16.4181        21.7487
   24595      16.4086        21.8010
   24596      16.4715        22.1093
   24597      16.4237        21.8287
   24598      16.4544        21.7797
   24599      16.4028        22.1531
   24600      16.4461        21.4982
   24601      16.4531        22.0392
   24602      16.4678        20.9071
   24603      16.3997        21.0966
   24604      16.4583        21.6596
   24605      16.4293        22.1247
   24606      16.4525        20.7631
   24607      16.4210        20.3147
   24608      16.4041        22.0158
   24609      16.4222        21.8740
   24610      16.4215        23.3725
   24611      16.4549        22.9892
   24612      16.3492        23.2786
   24613      16.4140        24.3769
   24614      16.5402        23.0661
   24615      16.4474        22.8681
   24616      16.4627        23.7555
   24617      16.5331        22.2779
   24618      16.4988        22.6041
   24619      16.4198        22.1582
   24620      16.4135        21.7025
   24621      16.4429        21.3855
   24622      16.4600        20.9520
   24623      16.4200        21.1798
   24624      16.4413        21.5015
   24625      16.4454        22.2856
   24626      16.5364        21.4824
   24627      16.4913        20.3045
   24628      16.3913        21.2498
   24629      16.4047        20.8993
   24630      16.3973        20.9166
   24631      16.4474        20.6048
   24632      16.4268        20.2037
   24633      16.3768        21.9638
   24634      16.4697        21.4950
   24635      16.4298        20.6829
   24636      16.3957        21.4538
   24637      16.3600        21.3733
   24638      16.4225        21.0883
   24639      16.4839        20.9265
   24640      16.4644        20.7684
   24641      16.4405        20.8023
   24642      16.4031        19.8586
   24643      16.4163        20.3231
   24644      16.3501        20.6786
   24645      16.4150        21.6965
   24646      16.4291        21.8234
   24647      16.4480        21.2921
   24648      16.3811        21.3931
   24649      16.4820        21.1151
   24650      16.4465        21.9378
   24651      16.4090        22.0515
   24652      16.4305        21.4465
   24653      16.5001        21.1533
   24654      16.4027        21.2600
   24655      16.4350        21.6111
   24656      16.3527        22.0795
   24657      16.4599        21.4862
   24658      16.4706        21.2687
   24659      16.4022        21.2398
   24660      16.4182        21.7051
   24661      16.4592        20.0410
   24662      16.5321        21.4207
   24663      16.5330        21.7122
   24664      16.4428        21.3046
   24665      16.3575        20.8596
   24666      16.3933        21.0889
   24667      16.3220        21.3292
   24668      16.3819        20.1948
   24669      16.2826        19.5804
   24670      16.3407        20.3853
   24671      16.3936        19.8312
   24672      16.3188        20.3921
   24673      16.3984        20.3912
   24674      16.4437        21.2335
   24675      16.4334        21.8002
   24676      16.5000        21.7959
   24677      16.4665        20.8377
   24678      16.4617        20.2844
   24679      16.3920        20.5253
   24680      16.3948        20.7188
   24681      16.3744        20.4081
   24682      16.4465        20.5734
   24683      16.4592        20.1265
   24684      16.3902        20.0651
   24685      16.3839        19.8290
   24686      16.3381        20.5676
   24687      16.3489        20.0069
   24688      16.3544        20.5916
   24689      16.3395        20.2223
   24690      16.3381        20.8733
   24691      16.3249        20.9045
   24692      16.3325        20.3283
   24693      16.3691        21.2139
   24694      16.3579        19.8959
   24695      16.2991        20.5447
   24696      16.2932        20.9202
   24697      16.3373        21.3680
   24698      16.3586        20.2954
   24699      16.3294        20.4084
   24700      16.3826        20.9715
   24701      16.3391        20.7768
   24702      16.4191        21.4037
   24703      16.4058        23.3267
   24704      16.4563        23.2624
   24705      16.4586        21.4537
   24706      16.4550        21.7652
   24707      16.4205        21.0634
   24708      16.4098        20.9093
   24709      16.4447        20.6933
   24710      16.4692        20.5179
   24711      16.4755        20.9321
   24712      16.4215        21.3120
   24713      16.4341        20.5988
   24714      16.4653        20.5651
   24715      16.4898        20.9480
   24716      16.4344        20.9740
   24717      16.3771        21.0874
   24718      16.4300        21.3713
   24719      16.3592        21.2461
   24720      16.4243        21.3418
   24721      16.4412        20.4781
   24722      16.4280        20.6665
   24723      16.4260        21.2250
   24724      16.4357        21.5274
   24725      16.4274        20.8142
   24726      16.5027        20.8865
   24727      16.4441        20.7996
   24728      16.4407        20.8230
   24729      16.4329        20.7227
   24730      16.4670        21.3704
   24731      16.5113        21.7649
   24732      16.4369        21.4527
   24733      16.4558        20.5966
   24734      16.3796        20.9262
   24735      16.4419        21.2867
   24736      16.4365        20.8823
   24737      16.4333        21.0506
   24738      16.4938        21.1979
   24739      16.4102        21.5407
   24740      16.4446        22.0993
   24741      16.3596        21.5528
   24742      16.4198        21.0624
   24743      16.4491        21.1905
   24744      16.4597        21.5824
   24745      16.4480        20.9587
   24746      16.4680        21.1828
   24747      16.4468        21.4897
   24748      16.4499        21.8148
   24749      16.3776        21.4545
   24750      16.4287        20.8707
   24751      16.3934        21.6097
   24752      16.4095        21.2042
   24753      16.3838        20.9427
   24754      16.3720        20.7265
   24755      16.3227        19.8971
   24756      16.3605        20.6744
   24757      16.3602        20.1193
   24758      16.3552        20.4049
   24759      16.4343        20.3129
   24760      16.4367        20.6284
   24761      16.3948        20.8631
   24762      16.4851        21.1282
   24763      16.4223        21.6174
   24764      16.4189        21.4713
   24765      16.4478        21.7308
   24766      16.4615        20.9815
   24767      16.3857        21.8249
   24768      16.3341        21.5911
   24769      16.3579        21.2248
   24770      16.3581        21.8385
   24771      16.3958        22.2671
   24772      16.4249        21.5754
   24773      16.3564        20.0262
   24774      16.3967        21.5902
   24775      16.3537        21.7872
   24776      16.3104        22.0744
   24777      16.2635        21.2416
   24778      16.3441        20.5067
   24779      16.3578        21.1032
   24780      16.3187        21.8010
   24781      16.3571        20.2097
   24782      16.2794        20.2135
   24783      16.3189        20.9412
   24784      16.3982        21.1623
   24785      16.3514        20.3268
   24786      16.3473        20.3845
   24787      16.3380        20.4337
   24788      16.3778        20.7194
   24789      16.3263        20.7493
   24790      16.3817        20.2890
   24791      16.3723        19.7889
   24792      16.3446        20.0687
   24793      16.3447        20.3929
   24794      16.3376        20.7435
   24795      16.3130        21.4061
   24796      16.3639        20.4223
   24797      16.3288        20.5788
   24798      16.3254        21.1432
   24799      16.3113        21.5572
   24800      16.3819        22.8764
   24801      16.3566        22.2647
   24802      16.3326        21.9592
   24803      16.4115        22.1662
   24804      16.4461        23.5033
   24805      16.3677        22.1667
   24806      16.4008        21.4664
   24807      16.4064        21.2127
   24808      16.4282        21.2057
   24809      16.4060        22.0838
   24810      16.4687        21.4340
   24811      16.3347        21.5508
   24812      16.4069        21.2067
   24813      16.3988        21.4701
   24814      16.3193        21.6749
   24815      16.4895        21.3226
   24816      16.4064        21.3682
   24817      16.4207        22.0721
   24818      16.4052        22.0450
   24819      16.3090        21.5186
   24820      16.4370        21.4341
   24821      16.4135        21.1704
   24822      16.3670        22.3891
   24823      16.3687        21.5601
   24824      16.3776        20.8076
   24825      16.3497        20.8326
   24826      16.3962        21.8622
   24827      16.4047        22.4362
   24828      16.4497        22.4366
   24829      16.4630        21.6626
   24830      16.4612        20.9724
   24831      16.4949        21.0334
   24832      16.5428        21.6604
   24833      16.5686        21.8614
   24834      16.5889        22.0301
   24835      16.5380        21.5616
   24836      16.4800        21.2496
   24837      16.4070        21.1277
   24838      16.4931        21.2004
   24839      16.5230        23.5253
   24840      16.5466        23.5796
   24841      16.5401        21.0494
   24842      16.4607        22.1853
   24843      16.5083        21.1801
   24844      16.4762        23.0379
   24845      16.5179        22.2165
   24846      16.4325        21.4088
   24847      16.4749        21.3319
   24848      16.5346        22.1244
   24849      16.4921        21.4567
   24850      16.4552        21.4890
   24851      16.4636        20.7421
   24852      16.4093        20.9515
   24853      16.4636        22.2751
   24854      16.4352        22.7233
   24855      16.3988        22.7931
   24856      16.4053        22.9611
   24857      16.4534        21.7650
   24858      16.4139        21.5635
   24859      16.4797        21.4121
   24860      16.5081        22.1655
   24861      16.4362        21.7152
   24862      16.5307        21.6229
   24863      16.4050        21.0412
   24864      16.4182        21.3612
   24865      16.4349        21.1676
   24866      16.4252        21.2389
   24867      16.4078        21.1823
   24868      16.4678        21.4308
   24869      16.4402        21.3245
   24870      16.5085        21.1824
   24871      16.4627        20.6112
   24872      16.4122        20.8550
   24873      16.3978        20.6706
   24874      16.3704        20.8238
   24875      16.3771        20.8858
   24876      16.4060        21.5702
   24877      16.4040        22.0583
   24878      16.4218        21.8195
   24879      16.4368        21.2219
   24880      16.4883        22.1987
   24881      16.4638        21.7152
   24882      16.3700        21.4125
   24883      16.4260        21.9283
   24884      16.3970        21.4981
   24885      16.3841        21.8221
   24886      16.4051        21.6567
   24887      16.4389        21.3323
   24888      16.4262        21.4837
   24889      16.4434        21.8178
   24890      16.4919        22.5443
   24891      16.4333        23.0672
   24892      16.4272        22.2887
   24893      16.4350        23.3131
   24894      16.4735        22.1838
   24895      16.3923        22.1713
   24896      16.5119        23.5130
   24897      16.5202        22.5483
   24898      16.5170        23.1033
   24899      16.4734        22.9452
   24900      16.5755        22.6717
   24901      16.4119        22.3426
   24902      16.4037        23.2396
   24903      16.4524        22.3259
   24904      16.3966        22.4490
   24905      16.4409        21.2040
   24906      16.4187        22.4515
   24907      16.3991        21.7148
   24908      16.3986        20.6021
   24909      16.4162        20.5434
   24910      16.4885        22.1985
   24911      16.4533        22.2884
   24912      16.3336        20.9818
   24913      16.4163        21.4812
   24914      16.4455        22.0490
   24915      16.4906        21.6409
   24916      16.4347        21.4437
   24917      16.4687        22.0137
   24918      16.5061        21.9116
   24919      16.5594        22.2417
   24920      16.3952        21.5577
   24921      16.4366        21.8925
   24922      16.4149        21.6867
   24923      16.4099        22.1565
   24924      16.4717        22.8262
   24925      16.4590        21.9133
   24926      16.3610        21.1871
   24927      16.3634        21.1829
   24928      16.4756        21.2172
   24929      16.4389        20.7753
   24930      16.3306        20.7371
   24931      16.4166        20.9962
   24932      16.4418        21.1946
   24933      16.3438        21.0986
   24934      16.4055        21.9030
   24935      16.3835        21.8607
   24936      16.4186        21.2216
   24937      16.4299        21.1048
   24938      16.3879        21.4045
   24939      16.4392        20.9041
   24940      16.4490        20.1852
   24941      16.4431        21.3592
   24942      16.4479        21.5734
   24943      16.3779        21.0277
   24944      16.4158        21.0746
   24945      16.4656        21.3773
   24946      16.5439        21.6551
   24947      16.4169        22.5312
   24948      16.4283        21.6253
   24949      16.4294        20.8117
   24950      16.4571        20.9562
   24951      16.4388        20.8618
   24952      16.3877        20.5342
   24953      16.5202        20.9817
   24954      16.5178        21.1627
   24955      16.3973        20.8692
   24956      16.5170        21.4715
   24957      16.4493        21.8031
   24958      16.5418        21.2996
   24959      16.5042        21.5730
   24960      16.3626        21.2483
   24961      16.4314        20.9944
   24962      16.3710        20.7721
   24963      16.3803        21.5220
   24964      16.3620        21.0707
   24965      16.4181        20.8655
   24966      16.3962        20.9076
   24967      16.4261        21.2187
   24968      16.3857        21.6554
   24969      16.4316        20.9896
   24970      16.4514        21.1713
   24971      16.5329        21.5746
   24972      16.5109        21.8043
   24973      16.5285        21.7320
   24974      16.4707        21.0102
   24975      16.5052        21.4537
   24976      16.4876        21.7101
   24977      16.4598        22.3680
   24978      16.4463        20.9139
   24979      16.5216        22.2194
   24980      16.4198        21.3852
   24981      16.4981        21.3915
   24982      16.4717        22.2632
   24983      16.4321        21.3332
   24984      16.4873        22.4446
   24985      16.4674        21.4058
   24986      16.3965        21.6451
   24987      16.4112        21.6729
   24988      16.4340        21.5861
   24989      16.4907        21.9674
   24990      16.4437        21.7026
   24991      16.3589        21.6208
   24992      16.4196        20.8421
   24993      16.3919        20.6263
   24994      16.4435        20.1232
   24995      16.3995        20.3015
   24996      16.3496        19.9565
   24997      16.4194        20.1759
   24998      16.3930        21.0852
   24999      16.3851        21.1458
   25000      16.4914        20.9552
