#Frame     MyAvg.rst7
       1       0.7970
       2       0.9197
       3       0.8560
       4       0.9035
       5       0.8932
       6       0.8990
       7       0.8429
       8       0.8110
       9       1.0692
      10       0.9353
      11       0.9516
      12       0.9542
      13       1.0553
      14       0.9346
      15       0.9606
      16       0.8405
      17       0.9421
      18       0.9269
      19       0.9882
      20       0.8011
      21       0.9240
      22       0.8926
      23       0.8681
      24       0.8859
      25       0.8782
      26       0.9051
      27       0.8025
      28       0.8059
      29       0.8941
      30       0.8521
      31       0.7870
      32       0.7714
      33       0.7968
      34       0.8969
      35       0.8005
      36       0.7716
      37       0.8057
      38       0.8153
      39       0.8915
      40       0.8303
      41       0.7939
      42       0.7765
      43       0.8003
      44       0.7301
      45       0.7106
      46       0.8111
      47       0.7623
      48       0.7556
      49       0.8751
      50       0.7575
      51       0.8383
      52       0.7834
      53       0.7905
      54       0.8561
      55       1.0356
      56       0.8923
      57       0.8371
      58       0.8278
      59       0.7479
      60       0.7354
      61       0.7581
      62       0.7642
      63       0.8214
      64       0.7493
      65       0.8215
      66       0.8069
      67       0.8634
      68       0.8389
      69       0.7814
      70       0.8854
      71       0.8941
      72       0.8247
      73       0.9717
      74       0.8329
      75       0.8266
      76       0.7947
      77       0.6986
      78       0.8221
      79       0.8429
      80       0.7536
      81       0.8504
      82       0.7763
      83       0.7578
      84       0.8064
      85       0.7969
      86       0.8116
      87       0.9011
      88       0.8756
      89       0.8817
      90       0.8776
      91       0.8967
      92       0.9347
      93       0.8623
      94       0.8541
      95       0.9123
      96       0.8670
      97       0.8867
      98       0.8757
      99       0.8723
     100       0.8724
     101       0.8572
     102       0.9274
     103       0.7846
     104       0.7999
     105       0.8759
     106       0.8321
     107       0.8731
     108       0.9161
     109       1.0040
     110       1.0115
     111       0.8790
     112       0.9413
     113       1.0123
     114       0.8773
     115       0.9994
     116       1.0337
     117       1.0424
     118       1.0389
     119       0.9332
     120       0.9436
     121       0.9360
     122       0.9463
     123       0.8688
     124       0.9151
     125       0.8296
     126       0.8901
     127       0.9798
     128       0.9306
     129       0.9186
     130       0.8851
     131       0.8740
     132       0.9359
     133       0.9674
     134       0.8809
     135       0.9160
     136       0.9982
     137       0.9812
     138       0.8555
     139       0.9115
     140       0.9509
     141       0.9214
     142       0.9429
     143       0.9193
     144       0.9326
     145       0.9356
     146       0.8670
     147       0.8304
     148       0.8855
     149       0.8603
     150       0.8992
     151       0.8957
     152       0.9238
     153       0.8080
     154       0.8763
     155       0.9677
     156       0.8545
     157       0.8339
     158       0.8557
     159       0.8629
     160       0.8603
     161       0.9160
     162       0.9588
     163       0.8482
     164       0.8252
     165       0.8988
     166       0.8705
     167       1.0294
     168       0.9018
     169       0.8811
     170       0.9037
     171       0.9499
     172       0.8925
     173       0.9200
     174       0.8214
     175       0.7386
     176       0.8217
     177       0.9134
     178       0.8289
     179       0.7464
     180       0.7231
     181       0.8196
     182       0.7400
     183       0.8416
     184       0.8037
     185       0.8623
     186       0.8738
     187       0.8339
     188       0.8217
     189       0.8375
     190       0.8495
     191       0.8007
     192       0.8612
     193       0.8453
     194       0.9656
     195       0.8618
     196       0.9351
     197       0.8612
     198       0.8491
     199       0.8191
     200       0.8979
     201       0.8591
     202       0.8721
     203       0.8306
     204       0.8704
     205       0.8420
     206       0.8744
     207       0.9471
     208       0.9069
     209       0.9812
     210       0.8984
     211       0.9061
     212       0.7977
     213       0.7971
     214       0.8369
     215       0.7865
     216       0.7958
     217       0.8146
     218       0.8178
     219       0.7446
     220       0.7326
     221       0.7945
     222       0.8598
     223       0.8372
     224       0.8750
     225       0.8118
     226       0.7871
     227       0.7351
     228       0.8012
     229       0.7024
     230       0.7615
     231       0.8318
     232       0.7634
     233       0.7875
     234       0.8107
     235       0.8498
     236       0.7102
     237       0.7203
     238       0.7192
     239       0.8736
     240       0.8089
     241       0.8361
     242       0.8147
     243       0.8461
     244       0.8787
     245       0.8701
     246       0.8461
     247       0.9335
     248       0.8133
     249       0.8555
     250       0.8510
     251       0.8034
     252       0.9380
     253       0.9888
     254       0.9957
     255       0.8550
     256       0.9068
     257       0.8200
     258       0.8698
     259       0.8552
     260       0.9195
     261       0.8048
     262       0.7217
     263       0.7718
     264       0.8679
     265       0.8547
     266       0.8042
     267       0.7774
     268       0.8490
     269       0.8561
     270       0.8199
     271       0.8582
     272       0.8909
     273       0.8831
     274       0.9088
     275       0.8996
     276       0.9124
     277       0.8039
     278       0.8444
     279       0.8586
     280       0.8839
     281       0.9007
     282       0.9225
     283       0.9019
     284       0.8842
     285       0.8088
     286       0.8209
     287       1.0050
     288       0.9065
     289       0.8508
     290       0.8526
     291       0.7619
     292       0.8007
     293       0.8166
     294       0.8417
     295       0.8714
     296       0.8474
     297       0.7396
     298       0.8050
     299       0.8366
     300       0.8172
     301       0.8500
     302       0.7677
     303       0.7215
     304       0.8546
     305       0.8394
     306       0.8436
     307       0.9000
     308       0.9054
     309       0.9905
     310       0.8950
     311       0.9011
     312       0.9946
     313       1.0017
     314       0.8849
     315       0.8903
     316       0.7814
     317       0.8060
     318       0.8274
     319       0.9062
     320       0.8473
     321       0.7368
     322       0.7573
     323       0.8805
     324       0.8715
     325       0.8235
     326       0.8876
     327       0.9118
     328       0.8041
     329       0.8357
     330       0.9042
     331       0.9085
     332       0.8842
     333       0.8836
     334       0.8838
     335       0.7684
     336       0.8629
     337       0.8109
     338       0.9313
     339       0.7839
     340       0.7492
     341       0.7115
     342       0.7438
     343       0.7834
     344       0.8384
     345       0.7869
     346       0.8500
     347       0.9346
     348       0.8688
     349       0.9090
     350       0.9773
     351       0.8475
     352       0.8224
     353       0.7777
     354       0.8010
     355       0.8199
     356       0.7791
     357       0.8266
     358       0.7744
     359       0.8349
     360       0.8574
     361       0.8583
     362       0.9180
     363       0.9257
     364       0.8783
     365       0.9102
     366       0.8665
     367       0.8551
     368       0.8596
     369       0.7853
     370       0.8646
     371       0.7743
     372       0.7536
     373       0.8353
     374       0.7377
     375       0.8863
     376       0.8394
     377       0.7558
     378       0.7492
     379       0.7836
     380       0.7827
     381       0.6504
     382       0.7663
     383       0.7815
     384       0.7931
     385       0.8657
     386       0.8114
     387       0.8494
     388       0.8370
     389       0.7881
     390       0.8052
     391       0.7362
     392       0.7484
     393       0.8484
     394       0.8838
     395       0.8396
     396       0.7369
     397       0.7958
     398       0.7410
     399       0.7458
     400       0.8362
     401       0.8618
     402       0.9592
     403       0.8956
     404       0.7984
     405       0.8170
     406       0.7884
     407       0.7262
     408       0.7253
     409       0.6738
     410       0.7928
     411       0.7754
     412       0.7779
     413       0.7183
     414       0.8060
     415       0.7764
     416       0.7225
     417       0.8012
     418       0.8026
     419       0.8256
     420       0.7303
     421       0.8154
     422       0.8157
     423       0.7436
     424       0.8272
     425       0.7688
     426       0.8527
     427       0.8424
     428       0.7736
     429       0.6867
     430       0.7787
     431       0.8721
     432       0.7523
     433       0.7727
     434       0.8475
     435       0.8942
     436       0.8067
     437       0.7940
     438       0.8744
     439       0.8079
     440       0.7919
     441       0.7997
     442       0.6904
     443       0.7017
     444       0.6922
     445       0.6852
     446       0.7481
     447       0.7519
     448       0.8253
     449       0.7386
     450       0.7748
     451       0.7417
     452       0.7294
     453       0.8068
     454       0.8051
     455       0.7615
     456       0.8176
     457       0.8155
     458       0.8795
     459       0.8131
     460       0.8658
     461       0.8808
     462       0.7776
     463       0.7871
     464       0.8016
     465       0.8922
     466       0.8729
     467       0.8508
     468       0.8374
     469       0.7592
     470       0.7996
     471       0.8798
     472       0.9131
     473       0.8552
     474       0.7893
     475       0.7761
     476       0.8703
     477       0.8365
     478       0.7913
     479       0.7366
     480       0.6868
     481       0.7592
     482       0.7432
     483       0.7893
     484       0.9198
     485       0.9969
     486       0.8666
     487       0.9142
     488       0.9961
     489       0.8529
     490       0.9051
     491       0.8148
     492       0.8601
     493       0.9283
     494       0.7683
     495       0.8561
     496       0.8442
     497       0.9106
     498       0.8398
     499       1.0665
     500       1.1160
     501       0.8936
     502       0.8816
     503       0.9457
     504       0.8084
     505       0.8255
     506       0.7612
     507       0.8511
     508       0.9457
     509       0.8200
     510       0.8457
     511       0.7998
     512       0.7809
     513       0.8948
     514       0.7534
     515       0.8652
     516       0.7942
     517       0.8325
     518       0.8105
     519       0.8089
     520       0.8205
     521       0.7083
     522       0.6632
     523       0.8560
     524       0.7601
     525       0.7711
     526       0.7520
     527       0.7291
     528       0.8603
     529       0.8524
     530       0.8539
     531       0.7922
     532       0.8376
     533       0.8316
     534       0.8797
     535       0.7109
     536       0.7701
     537       0.8115
     538       0.9414
     539       0.8508
     540       0.7694
     541       0.9105
     542       0.8682
     543       0.7704
     544       0.8304
     545       0.7784
     546       0.7963
     547       0.7833
     548       0.7218
     549       0.8247
     550       0.8030
     551       0.9698
     552       0.8423
     553       0.9141
     554       0.8319
     555       0.9135
     556       0.9063
     557       0.8705
     558       0.7998
     559       0.9128
     560       0.9044
     561       0.8384
     562       0.7453
     563       0.8167
     564       0.8356
     565       0.8661
     566       0.8883
     567       0.9409
     568       0.8653
     569       0.8648
     570       0.8779
     571       0.8893
     572       0.9067
     573       0.9054
     574       0.9466
     575       0.8928
     576       1.0064
     577       0.9653
     578       0.9020
     579       0.8212
     580       0.8384
     581       0.9377
     582       1.0279
     583       0.9607
     584       0.7707
     585       0.8502
     586       0.7910
     587       0.8326
     588       0.8778
     589       0.8681
     590       0.8610
     591       0.8625
     592       0.8173
     593       0.9371
     594       0.8859
     595       0.9635
     596       0.8356
     597       0.8911
     598       0.8401
     599       0.9132
     600       0.8887
     601       0.9236
     602       0.8059
     603       0.9370
     604       0.9250
     605       0.8384
     606       0.9164
     607       0.9749
     608       0.8290
     609       0.8684
     610       0.8140
     611       0.8082
     612       0.8280
     613       0.9648
     614       0.8555
     615       0.8244
     616       0.7540
     617       0.8383
     618       0.8746
     619       0.8521
     620       0.9584
     621       0.9636
     622       0.9639
     623       0.8649
     624       0.7683
     625       0.7255
     626       0.8295
     627       0.8614
     628       0.8991
     629       0.8016
     630       0.9203
     631       0.7904
     632       0.8713
     633       0.8594
     634       0.8315
     635       0.8569
     636       0.8200
     637       0.9024
     638       0.8083
     639       0.9512
     640       0.8161
     641       0.8761
     642       0.8570
     643       0.7854
     644       0.8288
     645       0.9004
     646       0.8190
     647       0.7612
     648       0.8252
     649       0.8243
     650       0.8130
     651       0.7716
     652       0.8815
     653       1.0046
     654       0.9547
     655       0.9047
     656       0.8106
     657       0.8386
     658       0.8265
     659       0.7994
     660       0.9057
     661       0.8954
     662       0.7722
     663       0.7591
     664       0.7443
     665       0.7952
     666       0.8149
     667       0.8575
     668       0.8927
     669       0.8155
     670       0.8364
     671       0.8418
     672       0.8014
     673       0.8419
     674       0.7597
     675       0.8995
     676       0.9731
     677       0.9255
     678       0.8792
     679       0.8560
     680       0.8648
     681       0.9027
     682       0.8532
     683       0.7697
     684       0.7104
     685       0.7519
     686       0.8569
     687       0.8118
     688       0.7881
     689       0.8770
     690       0.7901
     691       0.8060
     692       0.8726
     693       0.8876
     694       0.8308
     695       0.7597
     696       0.8584
     697       0.7919
     698       0.8839
     699       0.9489
     700       0.8581
     701       0.9284
     702       0.8242
     703       0.8671
     704       0.8661
     705       0.7889
     706       0.7616
     707       0.7921
     708       0.8662
     709       0.8243
     710       0.9570
     711       0.8973
     712       0.9055
     713       0.8643
     714       0.8277
     715       0.9434
     716       0.8845
     717       0.8376
     718       0.8207
     719       0.8466
     720       0.9255
     721       0.7983
     722       1.0205
     723       0.9314
     724       0.9338
     725       0.8829
     726       0.8257
     727       0.7776
     728       0.9674
     729       0.8631
     730       0.9858
     731       0.8526
     732       0.8191
     733       0.8209
     734       0.8893
     735       0.7834
     736       0.9677
     737       0.8094
     738       0.8126
     739       0.8773
     740       0.8364
     741       0.7733
     742       0.7573
     743       0.8185
     744       0.7805
     745       0.9191
     746       0.7655
     747       0.8118
     748       0.7106
     749       0.8504
     750       0.7231
     751       0.7465
     752       0.8030
     753       0.7302
     754       0.7420
     755       0.8296
     756       0.8571
     757       0.6991
     758       0.9613
     759       0.8064
     760       0.7734
     761       0.7425
     762       0.8226
     763       0.7393
     764       0.7894
     765       0.7249
     766       0.7820
     767       0.8265
     768       0.8108
     769       0.8371
     770       0.9191
     771       0.8668
     772       0.8959
     773       0.7867
     774       0.8147
     775       0.7777
     776       0.8198
     777       0.7458
     778       0.7853
     779       0.7679
     780       0.8145
     781       0.7771
     782       0.8226
     783       0.8786
     784       0.9268
     785       0.8786
     786       0.8226
     787       0.8189
     788       0.9009
     789       0.8155
     790       0.8148
     791       0.8450
     792       0.7765
     793       0.8026
     794       0.8475
     795       0.8459
     796       0.8116
     797       0.8302
     798       0.8321
     799       0.7901
     800       0.8203
     801       0.8211
     802       0.7917
     803       0.7877
     804       0.8228
     805       0.8320
     806       0.7053
     807       0.7718
     808       0.8170
     809       0.7837
     810       0.8130
     811       0.9255
     812       0.8389
     813       0.8167
     814       0.9217
     815       0.8039
     816       0.7139
     817       0.7958
     818       0.8465
     819       0.7730
     820       0.8015
     821       0.7515
     822       0.7982
     823       0.7865
     824       0.8326
     825       0.7621
     826       0.6919
     827       0.7363
     828       0.7002
     829       0.8480
     830       0.7954
     831       0.8384
     832       0.9634
     833       0.8709
     834       0.8120
     835       0.8411
     836       0.8719
     837       0.7848
     838       0.8132
     839       0.8071
     840       1.0085
     841       0.8481
     842       0.7415
     843       0.8712
     844       0.8279
     845       0.8574
     846       0.8640
     847       0.7556
     848       0.8163
     849       0.8029
     850       0.8170
     851       0.8817
     852       0.8529
     853       0.8580
     854       0.7942
     855       0.7488
     856       0.8025
     857       0.8085
     858       0.8178
     859       0.8057
     860       0.8225
     861       0.7781
     862       0.8149
     863       0.8046
     864       0.8140
     865       0.8314
     866       0.8257
     867       0.8168
     868       0.7775
     869       0.8060
     870       0.8840
     871       0.9301
     872       0.8044
     873       0.8412
     874       0.7581
     875       0.8778
     876       0.7714
     877       0.8125
     878       0.7835
     879       0.7846
     880       0.8110
     881       0.7149
     882       0.9272
     883       0.7433
     884       0.7568
     885       0.8218
     886       0.8476
     887       0.9067
     888       0.7926
     889       0.8335
     890       0.7597
     891       0.7147
     892       0.7438
     893       0.6928
     894       0.6907
     895       0.7040
     896       0.7283
     897       0.7795
     898       0.7406
     899       0.7578
     900       0.7590
     901       0.7159
     902       0.8525
     903       0.7555
     904       0.8195
     905       0.7686
     906       0.7422
     907       0.8049
     908       0.7358
     909       0.7814
     910       0.7095
     911       0.7283
     912       0.7534
     913       0.8431
     914       0.7977
     915       0.7802
     916       0.7953
     917       0.8804
     918       0.8330
     919       0.7923
     920       0.7273
     921       0.7954
     922       0.7405
     923       0.8069
     924       0.8729
     925       0.7847
     926       0.9178
     927       0.9044
     928       0.7845
     929       0.8060
     930       0.8299
     931       0.8719
     932       0.8195
     933       0.8904
     934       0.8366
     935       0.8553
     936       0.8530
     937       0.7556
     938       0.8396
     939       0.7583
     940       0.8483
     941       0.8785
     942       0.8271
     943       0.7894
     944       0.8956
     945       1.0170
     946       0.8959
     947       0.9769
     948       0.9898
     949       0.8094
     950       0.8327
     951       0.8780
     952       1.0064
     953       0.8822
     954       0.8365
     955       0.9532
     956       1.0091
     957       0.9011
     958       0.8387
     959       0.9095
     960       0.8103
     961       0.8602
     962       0.9015
     963       0.9042
     964       0.7797
     965       0.8377
     966       0.8105
     967       0.8710
     968       0.8011
     969       0.7769
     970       0.7581
     971       0.7240
     972       0.7682
     973       0.7932
     974       0.8286
     975       0.6989
     976       0.7682
     977       0.8023
     978       0.7838
     979       0.8027
     980       0.8615
     981       0.8409
     982       0.8470
     983       0.8204
     984       0.7340
     985       0.7357
     986       0.7355
     987       0.7970
     988       0.8131
     989       0.7716
     990       0.7730
     991       0.7407
     992       0.8453
     993       0.7275
     994       0.9205
     995       0.8981
     996       0.8468
     997       0.7421
     998       0.8032
     999       0.7217
    1000       0.7268
    1001       0.7163
    1002       0.7785
    1003       0.8066
    1004       0.7246
    1005       0.6709
    1006       0.7121
    1007       0.6485
    1008       0.8335
    1009       0.7617
    1010       0.8154
    1011       0.7627
    1012       0.8601
    1013       0.9598
    1014       0.7383
    1015       0.7294
    1016       0.7227
    1017       0.8318
    1018       0.8214
    1019       0.8303
    1020       0.8620
    1021       0.8364
    1022       0.7768
    1023       0.7836
    1024       0.7873
    1025       0.7849
    1026       0.8682
    1027       0.8908
    1028       0.8689
    1029       0.8270
    1030       0.7341
    1031       0.8235
    1032       0.7794
    1033       0.8640
    1034       0.7062
    1035       0.7743
    1036       0.7861
    1037       0.7846
    1038       0.7719
    1039       0.6308
    1040       0.7111
    1041       0.8115
    1042       0.7906
    1043       0.7241
    1044       0.8266
    1045       0.9537
    1046       0.8126
    1047       0.7800
    1048       0.8078
    1049       0.7867
    1050       0.7965
    1051       0.7934
    1052       0.7592
    1053       0.8474
    1054       0.7464
    1055       0.8056
    1056       0.7311
    1057       0.7962
    1058       0.8184
    1059       0.7746
    1060       0.7323
    1061       0.6948
    1062       0.8154
    1063       0.7411
    1064       0.7603
    1065       0.7777
    1066       0.7438
    1067       0.8294
    1068       0.7568
    1069       0.7872
    1070       0.9157
    1071       0.7853
    1072       0.8031
    1073       0.8251
    1074       0.6688
    1075       0.7138
    1076       0.8080
    1077       0.7299
    1078       0.7656
    1079       0.7743
    1080       0.7388
    1081       0.7266
    1082       0.7489
    1083       0.8063
    1084       0.7236
    1085       0.7069
    1086       0.7368
    1087       0.7732
    1088       0.8214
    1089       0.6898
    1090       0.7214
    1091       0.8244
    1092       0.7371
    1093       0.7317
    1094       0.8087
    1095       0.7197
    1096       0.8843
    1097       0.8909
    1098       0.7887
    1099       0.7507
    1100       0.8151
    1101       0.7681
    1102       0.6848
    1103       0.7778
    1104       0.8070
    1105       0.7621
    1106       0.9133
    1107       0.8783
    1108       0.7446
    1109       0.7099
    1110       0.8734
    1111       0.8578
    1112       0.8012
    1113       0.9384
    1114       0.6976
    1115       0.7371
    1116       0.8489
    1117       0.7208
    1118       0.8389
    1119       0.8206
    1120       0.7794
    1121       0.8642
    1122       0.7232
    1123       0.8838
    1124       0.7502
    1125       0.7587
    1126       0.7790
    1127       0.8046
    1128       0.7242
    1129       0.7191
    1130       0.7943
    1131       0.8139
    1132       0.7195
    1133       0.7218
    1134       0.7585
    1135       0.7670
    1136       0.8010
    1137       0.6883
    1138       0.8184
    1139       0.8493
    1140       0.8136
    1141       0.8559
    1142       0.8866
    1143       0.8177
    1144       0.8692
    1145       0.7599
    1146       0.7840
    1147       0.8143
    1148       0.7853
    1149       0.8597
    1150       0.7239
    1151       0.8311
    1152       0.8771
    1153       0.8621
    1154       0.8430
    1155       0.7693
    1156       0.7513
    1157       0.8124
    1158       0.8533
    1159       0.6881
    1160       0.7236
    1161       0.7712
    1162       0.8442
    1163       0.7652
    1164       0.8274
    1165       0.8128
    1166       0.7348
    1167       0.7367
    1168       0.8102
    1169       0.9359
    1170       0.7847
    1171       0.7370
    1172       0.7406
    1173       0.7936
    1174       0.7815
    1175       0.7508
    1176       0.7529
    1177       0.7549
    1178       0.7401
    1179       0.7270
    1180       0.8110
    1181       0.7022
    1182       0.6595
    1183       0.8324
    1184       0.7003
    1185       0.8049
    1186       0.8109
    1187       0.7486
    1188       0.7572
    1189       0.7460
    1190       0.7685
    1191       0.8047
    1192       0.7971
    1193       0.7742
    1194       0.7445
    1195       0.7837
    1196       0.6653
    1197       0.7791
    1198       0.7786
    1199       0.8154
    1200       0.8667
    1201       0.6933
    1202       0.8891
    1203       0.7324
    1204       0.8929
    1205       0.7799
    1206       0.7292
    1207       0.8064
    1208       0.8540
    1209       0.8775
    1210       0.7165
    1211       0.8465
    1212       0.7486
    1213       0.6928
    1214       0.7175
    1215       0.7274
    1216       0.8666
    1217       0.8278
    1218       0.7763
    1219       0.8608
    1220       0.7656
    1221       0.7414
    1222       0.7584
    1223       0.8227
    1224       0.8841
    1225       0.8526
    1226       0.8068
    1227       0.8200
    1228       0.8210
    1229       0.7042
    1230       0.7619
    1231       0.8363
    1232       0.8294
    1233       0.8673
    1234       0.7694
    1235       0.7504
    1236       0.7368
    1237       0.6469
    1238       0.7574
    1239       0.7595
    1240       0.7655
    1241       0.6979
    1242       0.8072
    1243       0.7786
    1244       0.9143
    1245       0.7860
    1246       0.7946
    1247       0.8312
    1248       0.7884
    1249       0.6227
    1250       0.7230
    1251       0.7794
    1252       0.7871
    1253       0.7820
    1254       0.7508
    1255       0.8080
    1256       0.6610
    1257       0.6680
    1258       0.7363
    1259       0.7547
    1260       0.8439
    1261       0.7308
    1262       0.7878
    1263       0.8191
    1264       0.8124
    1265       0.7763
    1266       0.7453
    1267       0.7865
    1268       0.6854
    1269       0.7683
    1270       0.8171
    1271       0.6477
    1272       0.7027
    1273       0.7029
    1274       0.7962
    1275       0.7916
    1276       0.8305
    1277       0.7843
    1278       0.7332
    1279       0.7922
    1280       0.7678
    1281       0.7290
    1282       0.7065
    1283       0.7396
    1284       0.7886
    1285       0.7240
    1286       0.7583
    1287       0.7149
    1288       0.6822
    1289       0.8679
    1290       0.7902
    1291       0.6739
    1292       0.7512
    1293       0.8691
    1294       0.8236
    1295       0.8169
    1296       0.7614
    1297       0.7724
    1298       0.9725
    1299       0.8612
    1300       0.8850
    1301       0.8710
    1302       0.8792
    1303       0.7973
    1304       0.8833
    1305       0.7962
    1306       0.9448
    1307       1.0131
    1308       0.8773
    1309       0.8827
    1310       0.8415
    1311       0.7511
    1312       0.8242
    1313       0.7952
    1314       0.7760
    1315       0.8275
    1316       0.7365
    1317       0.7712
    1318       0.8410
    1319       0.7824
    1320       0.9014
    1321       0.8095
    1322       0.8282
    1323       0.7654
    1324       0.8243
    1325       0.6638
    1326       0.7690
    1327       0.7435
    1328       0.7514
    1329       0.7911
    1330       0.7264
    1331       0.8722
    1332       0.7609
    1333       0.7769
    1334       0.7557
    1335       0.7694
    1336       0.8004
    1337       0.7665
    1338       0.7090
    1339       0.7601
    1340       0.8382
    1341       0.7748
    1342       0.8745
    1343       0.6864
    1344       0.7583
    1345       0.8228
    1346       0.8808
    1347       0.8138
    1348       0.7455
    1349       0.7695
    1350       0.7221
    1351       0.7848
    1352       0.8303
    1353       0.8297
    1354       0.8054
    1355       0.8610
    1356       0.8237
    1357       0.8593
    1358       0.8447
    1359       0.7952
    1360       0.6947
    1361       0.6743
    1362       0.7261
    1363       0.6893
    1364       0.8365
    1365       0.8010
    1366       0.7110
    1367       0.8861
    1368       0.8007
    1369       0.7306
    1370       0.6818
    1371       0.7836
    1372       0.8045
    1373       0.8634
    1374       0.7198
    1375       0.7530
    1376       0.7212
    1377       0.7265
    1378       0.7378
    1379       0.6695
    1380       0.7979
    1381       0.8123
    1382       0.7310
    1383       0.7537
    1384       0.6938
    1385       0.7935
    1386       0.7709
    1387       0.8481
    1388       0.7490
    1389       0.8502
    1390       0.8304
    1391       0.7854
    1392       0.7240
    1393       0.9011
    1394       0.9686
    1395       0.8429
    1396       0.9289
    1397       0.9195
    1398       0.8942
    1399       0.8804
    1400       0.8999
    1401       0.8073
    1402       0.8772
    1403       0.8270
    1404       0.8118
    1405       0.8692
    1406       0.8693
    1407       0.9106
    1408       0.7786
    1409       0.8097
    1410       0.9302
    1411       0.9651
    1412       1.0136
    1413       1.0505
    1414       0.8917
    1415       0.9532
    1416       0.8119
    1417       0.9907
    1418       0.8022
    1419       0.8669
    1420       0.9325
    1421       0.8550
    1422       0.9116
    1423       0.9026
    1424       0.8717
    1425       0.9479
    1426       0.9346
    1427       0.9669
    1428       0.8617
    1429       0.8898
    1430       0.9115
    1431       0.8221
    1432       0.8929
    1433       0.8538
    1434       0.8866
    1435       0.7989
    1436       0.8164
    1437       0.8596
    1438       0.9353
    1439       0.8401
    1440       0.9316
    1441       0.9095
    1442       0.8261
    1443       0.8149
    1444       0.8456
    1445       0.8786
    1446       0.8837
    1447       0.9204
    1448       0.9548
    1449       0.9547
    1450       0.9830
    1451       0.9179
    1452       1.0064
    1453       0.9231
    1454       1.1153
    1455       0.9196
    1456       0.9700
    1457       0.9562
    1458       1.0654
    1459       1.0205
    1460       1.0064
    1461       0.9892
    1462       1.0553
    1463       1.0267
    1464       1.0210
    1465       1.0912
    1466       1.0604
    1467       0.9980
    1468       1.0130
    1469       1.0878
    1470       0.8411
    1471       0.8065
    1472       0.9071
    1473       1.0075
    1474       0.7679
    1475       0.9164
    1476       0.8503
    1477       0.7572
    1478       0.9142
    1479       0.8034
    1480       0.9002
    1481       0.8997
    1482       0.9343
    1483       0.9588
    1484       0.8476
    1485       0.9172
    1486       0.9125
    1487       0.8837
    1488       0.9076
    1489       0.9498
    1490       1.0352
    1491       0.9970
    1492       0.8632
    1493       0.9744
    1494       0.8857
    1495       0.8618
    1496       0.8925
    1497       0.9265
    1498       0.8162
    1499       0.8525
    1500       1.0094
    1501       1.0037
    1502       0.8352
    1503       1.0191
    1504       0.8693
    1505       0.7464
    1506       0.7322
    1507       0.7604
    1508       0.7788
    1509       0.8381
    1510       0.9321
    1511       0.7589
    1512       0.7937
    1513       0.8323
    1514       0.7644
    1515       0.7493
    1516       0.7945
    1517       0.8168
    1518       0.7755
    1519       0.8176
    1520       0.7881
    1521       0.8874
    1522       0.8941
    1523       0.8977
    1524       0.9060
    1525       0.8807
    1526       0.8173
    1527       0.8803
    1528       0.8774
    1529       0.9012
    1530       0.9393
    1531       0.9156
    1532       0.8095
    1533       0.8036
    1534       0.8663
    1535       0.8753
    1536       0.8859
    1537       0.8343
    1538       0.9159
    1539       0.8867
    1540       0.8606
    1541       0.9145
    1542       0.8820
    1543       0.9763
    1544       0.9750
    1545       0.8429
    1546       0.8185
    1547       0.8669
    1548       0.8684
    1549       0.8109
    1550       0.8556
    1551       0.9102
    1552       0.9710
    1553       0.8435
    1554       0.9933
    1555       0.8494
    1556       0.9033
    1557       0.9778
    1558       0.8413
    1559       0.7597
    1560       0.8763
    1561       0.8872
    1562       1.0214
    1563       1.0106
    1564       0.8951
    1565       0.8967
    1566       0.8612
    1567       0.8695
    1568       0.8999
    1569       0.8978
    1570       0.8490
    1571       0.9116
    1572       0.8892
    1573       0.8530
    1574       0.8197
    1575       0.8872
    1576       0.8764
    1577       0.9003
    1578       0.8345
    1579       0.8291
    1580       0.8931
    1581       0.7419
    1582       0.8013
    1583       0.8389
    1584       0.8886
    1585       0.8166
    1586       0.8951
    1587       0.7891
    1588       0.8453
    1589       0.8408
    1590       0.9508
    1591       0.8982
    1592       0.9576
    1593       0.8152
    1594       0.7882
    1595       0.8377
    1596       0.8651
    1597       0.9482
    1598       0.8812
    1599       0.9669
    1600       0.8804
    1601       0.9827
    1602       1.0191
    1603       1.1486
    1604       0.9858
    1605       0.8190
    1606       0.8961
    1607       0.9699
    1608       0.9909
    1609       0.9078
    1610       0.9284
    1611       0.9533
    1612       0.9663
    1613       0.9933
    1614       0.9799
    1615       1.0211
    1616       1.0004
    1617       0.8684
    1618       0.9612
    1619       0.8464
    1620       0.8095
    1621       0.9315
    1622       0.8766
    1623       0.8359
    1624       0.8746
    1625       0.8830
    1626       0.9673
    1627       0.8748
    1628       0.9320
    1629       0.8717
    1630       1.0138
    1631       0.9057
    1632       0.8852
    1633       0.9172
    1634       1.0007
    1635       1.0610
    1636       0.9632
    1637       0.9153
    1638       0.9570
    1639       0.9384
    1640       0.9788
    1641       0.8844
    1642       0.8760
    1643       0.8986
    1644       0.9476
    1645       0.8561
    1646       0.8043
    1647       0.9008
    1648       0.8490
    1649       0.8150
    1650       0.8528
    1651       0.8760
    1652       0.9444
    1653       0.8229
    1654       0.8081
    1655       0.8503
    1656       0.8618
    1657       0.7422
    1658       0.7835
    1659       0.9300
    1660       0.7674
    1661       0.7528
    1662       0.7648
    1663       0.7848
    1664       0.8226
    1665       0.7240
    1666       0.8134
    1667       0.8271
    1668       0.7816
    1669       0.8013
    1670       0.7315
    1671       0.7235
    1672       0.7067
    1673       0.7199
    1674       0.7605
    1675       0.7115
    1676       0.7632
    1677       0.7278
    1678       0.7573
    1679       0.7824
    1680       0.8088
    1681       0.8083
    1682       0.7963
    1683       0.7627
    1684       0.7974
    1685       0.7243
    1686       0.7542
    1687       0.7573
    1688       0.8034
    1689       0.8531
    1690       0.7975
    1691       0.8714
    1692       0.7547
    1693       0.8461
    1694       0.7740
    1695       0.6682
    1696       0.7367
    1697       0.8407
    1698       0.8283
    1699       0.8624
    1700       0.8619
    1701       0.7305
    1702       0.7270
    1703       0.7862
    1704       0.7062
    1705       0.7206
    1706       0.7070
    1707       0.6743
    1708       0.6559
    1709       0.6628
    1710       0.6887
    1711       0.6333
    1712       0.8332
    1713       0.7467
    1714       0.7699
    1715       0.8310
    1716       0.8740
    1717       0.7128
    1718       0.6265
    1719       0.8455
    1720       0.7441
    1721       0.6666
    1722       0.6313
    1723       0.6250
    1724       0.7548
    1725       0.7111
    1726       0.6508
    1727       0.6805
    1728       0.7298
    1729       0.8774
    1730       0.7638
    1731       0.8002
    1732       0.7656
    1733       0.6956
    1734       0.7440
    1735       0.7860
    1736       0.7435
    1737       0.6157
    1738       0.6651
    1739       0.6375
    1740       0.6402
    1741       0.8431
    1742       0.6538
    1743       0.6838
    1744       0.7266
    1745       0.6955
    1746       0.7098
    1747       0.6906
    1748       0.7101
    1749       0.7248
    1750       0.6667
    1751       0.8470
    1752       0.7830
    1753       0.8420
    1754       0.7256
    1755       0.7028
    1756       0.6458
    1757       0.6799
    1758       0.6632
    1759       0.6656
    1760       0.7413
    1761       0.7485
    1762       0.7977
    1763       0.7010
    1764       0.7834
    1765       0.8656
    1766       0.8277
    1767       0.7381
    1768       0.7172
    1769       0.7375
    1770       0.7441
    1771       0.7072
    1772       0.7074
    1773       0.8095
    1774       0.8388
    1775       0.8028
    1776       0.7659
    1777       0.7374
    1778       0.7878
    1779       0.7932
    1780       0.7013
    1781       0.7943
    1782       0.7414
    1783       0.6830
    1784       0.6777
    1785       0.7134
    1786       0.8370
    1787       0.7295
    1788       0.7104
    1789       0.7338
    1790       0.7125
    1791       0.6463
    1792       0.6922
    1793       0.7544
    1794       0.6841
    1795       0.6563
    1796       0.7804
    1797       0.6923
    1798       0.6908
    1799       0.7269
    1800       0.6671
    1801       0.7561
    1802       0.6972
    1803       0.6195
    1804       0.6466
    1805       0.6615
    1806       0.7648
    1807       0.6551
    1808       0.7362
    1809       0.7383
    1810       0.7257
    1811       0.8455
    1812       0.7999
    1813       0.6896
    1814       0.6773
    1815       0.7666
    1816       0.7136
    1817       0.6430
    1818       0.7089
    1819       0.6823
    1820       0.6809
    1821       0.7586
    1822       0.7295
    1823       0.7480
    1824       0.8175
    1825       0.7452
    1826       0.6343
    1827       0.6782
    1828       0.6524
    1829       0.6495
    1830       0.7167
    1831       0.6021
    1832       0.7516
    1833       0.7969
    1834       0.7973
    1835       0.7248
    1836       0.8439
    1837       0.7265
    1838       0.8165
    1839       0.7486
    1840       0.7984
    1841       0.7773
    1842       0.8515
    1843       0.8915
    1844       0.8670
    1845       0.9349
    1846       0.8637
    1847       0.7051
    1848       0.8126
    1849       0.8921
    1850       0.8185
    1851       0.7781
    1852       0.8566
    1853       0.8126
    1854       0.7785
    1855       0.6944
    1856       0.6525
    1857       0.7125
    1858       0.7358
    1859       0.7142
    1860       0.7799
    1861       0.8064
    1862       0.8159
    1863       0.7344
    1864       0.7201
    1865       0.7923
    1866       0.7006
    1867       0.6735
    1868       0.6839
    1869       0.7924
    1870       0.7270
    1871       0.7443
    1872       0.6933
    1873       0.6517
    1874       0.8385
    1875       0.9339
    1876       0.8128
    1877       0.7671
    1878       0.7449
    1879       0.8127
    1880       0.7068
    1881       0.6846
    1882       0.6874
    1883       0.7816
    1884       0.7081
    1885       0.6925
    1886       0.7510
    1887       0.7344
    1888       0.7111
    1889       0.6311
    1890       0.6807
    1891       0.6570
    1892       0.7228
    1893       0.7392
    1894       0.6792
    1895       0.7444
    1896       0.8873
    1897       0.7722
    1898       0.7133
    1899       0.6368
    1900       0.6867
    1901       0.6221
    1902       0.6911
    1903       0.6981
    1904       0.8208
    1905       0.7822
    1906       0.6637
    1907       0.6690
    1908       0.6926
    1909       0.7685
    1910       0.7730
    1911       0.8160
    1912       0.7093
    1913       0.6602
    1914       0.5960
    1915       0.6838
    1916       0.7328
    1917       0.6437
    1918       0.7594
    1919       0.8272
    1920       0.7372
    1921       0.7907
    1922       0.8139
    1923       0.7539
    1924       0.7732
    1925       0.6980
    1926       0.7161
    1927       0.8260
    1928       0.7492
    1929       0.8192
    1930       0.7456
    1931       0.7664
    1932       0.8278
    1933       0.7187
    1934       0.7573
    1935       0.8066
    1936       0.7666
    1937       0.7795
    1938       0.8610
    1939       0.8207
    1940       0.8460
    1941       0.7639
    1942       0.7533
    1943       0.7572
    1944       0.8933
    1945       0.8431
    1946       0.8032
    1947       0.7913
    1948       0.7651
    1949       0.7941
    1950       0.7100
    1951       0.8063
    1952       0.7862
    1953       0.6785
    1954       0.8567
    1955       0.8730
    1956       0.7488
    1957       0.7764
    1958       0.7398
    1959       0.7690
    1960       0.7669
    1961       0.8117
    1962       0.7551
    1963       0.7559
    1964       0.8224
    1965       0.7656
    1966       0.8023
    1967       0.7729
    1968       0.7167
    1969       0.6482
    1970       0.7962
    1971       0.6215
    1972       0.6738
    1973       0.7052
    1974       0.8208
    1975       0.7549
    1976       0.8766
    1977       0.8044
    1978       0.8532
    1979       1.0193
    1980       0.8663
    1981       0.8337
    1982       0.7462
    1983       0.7249
    1984       0.8447
    1985       0.9641
    1986       0.9451
    1987       0.8054
    1988       0.8494
    1989       0.9664
    1990       1.0027
    1991       0.8394
    1992       1.0172
    1993       0.9945
    1994       0.9841
    1995       1.1351
    1996       1.1437
    1997       1.1244
    1998       1.1914
    1999       1.2019
    2000       1.1530
    2001       1.1114
    2002       1.0891
    2003       1.0080
    2004       1.0749
    2005       1.1421
    2006       1.0964
    2007       0.9832
    2008       1.1157
    2009       1.1961
    2010       1.1695
    2011       1.0657
    2012       1.0313
    2013       1.0357
    2014       1.1211
    2015       1.1775
    2016       1.1726
    2017       1.1390
    2018       1.0923
    2019       1.0831
    2020       1.0167
    2021       1.1371
    2022       1.0803
    2023       1.0249
    2024       1.0319
    2025       1.0137
    2026       1.0067
    2027       1.0330
    2028       0.9420
    2029       0.8564
    2030       0.9457
    2031       0.8388
    2032       0.8077
    2033       0.8241
    2034       0.8631
    2035       0.9284
    2036       0.8209
    2037       0.7268
    2038       0.8117
    2039       0.8927
    2040       0.8176
    2041       0.7421
    2042       0.8491
    2043       0.7576
    2044       0.7578
    2045       0.7011
    2046       0.6815
    2047       0.7065
    2048       0.7159
    2049       0.7436
    2050       0.7029
    2051       0.6441
    2052       0.6732
    2053       0.7376
    2054       0.7606
    2055       0.6765
    2056       0.6362
    2057       0.6838
    2058       0.7420
    2059       0.6519
    2060       0.6895
    2061       0.6733
    2062       0.6082
    2063       0.6085
    2064       0.6723
    2065       0.6865
    2066       0.6365
    2067       0.7016
    2068       0.7230
    2069       0.7468
    2070       0.6740
    2071       0.7229
    2072       0.7510
    2073       0.7375
    2074       0.7853
    2075       0.7595
    2076       0.8963
    2077       0.8355
    2078       0.8595
    2079       0.7732
    2080       0.8804
    2081       0.8310
    2082       0.7991
    2083       0.8333
    2084       0.8391
    2085       0.8535
    2086       0.7779
    2087       0.8281
    2088       0.8052
    2089       0.8151
    2090       0.7375
    2091       0.8077
    2092       0.7383
    2093       0.7695
    2094       0.8417
    2095       1.2169
    2096       1.1009
    2097       0.9081
    2098       0.9223
    2099       0.9280
    2100       0.9723
    2101       0.9459
    2102       0.8669
    2103       0.8299
    2104       0.7591
    2105       0.7318
    2106       0.9205
    2107       0.7594
    2108       0.7774
    2109       0.8216
    2110       0.7250
    2111       0.9247
    2112       0.7927
    2113       0.8040
    2114       0.7434
    2115       0.7545
    2116       0.8978
    2117       0.7329
    2118       0.7557
    2119       0.7401
    2120       0.7096
    2121       0.7715
    2122       0.7751
    2123       0.7097
    2124       0.6801
    2125       0.7308
    2126       0.7298
    2127       0.7436
    2128       0.7489
    2129       0.7518
    2130       0.7468
    2131       0.7783
    2132       0.7849
    2133       0.6912
    2134       0.7444
    2135       0.8515
    2136       0.8725
    2137       0.7393
    2138       0.8248
    2139       0.8418
    2140       0.7595
    2141       0.7587
    2142       0.7817
    2143       0.8248
    2144       0.7293
    2145       0.7755
    2146       0.7453
    2147       0.7737
    2148       0.8286
    2149       0.7558
    2150       0.8084
    2151       0.7657
    2152       0.8005
    2153       0.7454
    2154       0.7667
    2155       0.7335
    2156       0.7244
    2157       0.6706
    2158       0.9277
    2159       0.7655
    2160       0.7634
    2161       0.8718
    2162       0.7639
    2163       0.9127
    2164       0.7375
    2165       0.7462
    2166       0.7957
    2167       0.7821
    2168       0.7806
    2169       0.7925
    2170       0.7076
    2171       0.7404
    2172       0.6751
    2173       0.8311
    2174       0.8208
    2175       0.7926
    2176       0.7690
    2177       0.7771
    2178       0.8125
    2179       0.8303
    2180       0.8011
    2181       0.8629
    2182       0.7918
    2183       0.8723
    2184       0.8359
    2185       0.7663
    2186       0.8001
    2187       0.8412
    2188       0.8422
    2189       0.7850
    2190       0.8137
    2191       0.7197
    2192       0.7137
    2193       0.8056
    2194       0.7308
    2195       0.7914
    2196       0.7149
    2197       0.8887
    2198       0.8933
    2199       0.7773
    2200       0.7599
    2201       0.8632
    2202       0.7225
    2203       0.7349
    2204       0.7448
    2205       0.7455
    2206       0.8180
    2207       0.7719
    2208       0.8410
    2209       0.7814
    2210       0.6922
    2211       0.8012
    2212       0.8262
    2213       0.8714
    2214       0.8110
    2215       0.8019
    2216       0.8047
    2217       0.7615
    2218       0.7007
    2219       0.7357
    2220       0.7467
    2221       0.7982
    2222       0.7888
    2223       0.7305
    2224       0.7217
    2225       0.8079
    2226       0.7188
    2227       0.8128
    2228       0.7319
    2229       0.7009
    2230       0.8871
    2231       0.7248
    2232       0.6665
    2233       0.6707
    2234       0.7261
    2235       0.7752
    2236       0.7494
    2237       0.7463
    2238       0.7337
    2239       0.7467
    2240       0.6621
    2241       0.7027
    2242       0.7340
    2243       0.8020
    2244       0.8254
    2245       0.6770
    2246       0.6782
    2247       0.7493
    2248       0.8289
    2249       0.7951
    2250       0.7258
    2251       0.8748
    2252       0.8218
    2253       0.8563
    2254       0.7946
    2255       0.8502
    2256       0.9647
    2257       0.9189
    2258       0.7386
    2259       0.7883
    2260       0.7819
    2261       0.7638
    2262       0.7320
    2263       0.7226
    2264       0.8189
    2265       0.7161
    2266       0.7808
    2267       0.8611
    2268       0.7723
    2269       0.8614
    2270       0.7971
    2271       0.7616
    2272       0.7337
    2273       0.7414
    2274       0.7938
    2275       0.7874
    2276       0.7364
    2277       0.8088
    2278       0.8059
    2279       0.8794
    2280       0.7580
    2281       0.7396
    2282       0.7344
    2283       0.8289
    2284       0.8083
    2285       0.8654
    2286       0.7163
    2287       0.8863
    2288       0.8333
    2289       0.9816
    2290       0.7898
    2291       0.7458
    2292       0.7360
    2293       0.8978
    2294       0.7335
    2295       0.7219
    2296       0.8545
    2297       0.8747
    2298       0.7907
    2299       0.7580
    2300       0.7466
    2301       0.7696
    2302       0.8538
    2303       0.8242
    2304       0.8895
    2305       0.8771
    2306       0.9133
    2307       0.8000
    2308       0.8379
    2309       0.9005
    2310       0.9617
    2311       0.9233
    2312       0.9326
    2313       0.8374
    2314       0.6953
    2315       0.7637
    2316       0.8624
    2317       0.8435
    2318       0.8904
    2319       0.8554
    2320       0.7736
    2321       0.8203
    2322       0.8881
    2323       0.8722
    2324       0.7805
    2325       0.8185
    2326       0.8009
    2327       0.7972
    2328       0.7707
    2329       0.7926
    2330       0.7839
    2331       0.7462
    2332       0.7523
    2333       0.8132
    2334       0.7011
    2335       0.7527
    2336       0.8320
    2337       0.8493
    2338       0.7948
    2339       0.7536
    2340       0.7230
    2341       0.6991
    2342       0.7029
    2343       0.8117
    2344       0.8015
    2345       0.7649
    2346       0.7467
    2347       0.7914
    2348       0.8050
    2349       0.7825
    2350       0.7786
    2351       0.5934
    2352       0.8172
    2353       0.6985
    2354       0.8816
    2355       0.8707
    2356       0.8531
    2357       0.7913
    2358       0.6742
    2359       0.7123
    2360       0.7537
    2361       0.7182
    2362       0.7180
    2363       0.7446
    2364       0.6927
    2365       0.7769
    2366       0.7625
    2367       0.7755
    2368       0.7691
    2369       0.6967
    2370       0.6566
    2371       0.7053
    2372       0.7621
    2373       0.8170
    2374       0.7903
    2375       0.8608
    2376       0.8467
    2377       0.8478
    2378       0.9666
    2379       0.9367
    2380       0.8740
    2381       0.8939
    2382       0.8684
    2383       0.8074
    2384       0.8064
    2385       0.7693
    2386       0.7972
    2387       0.9082
    2388       0.8382
    2389       0.8302
    2390       0.8815
    2391       0.8394
    2392       0.8953
    2393       0.9332
    2394       0.7397
    2395       0.6432
    2396       0.7352
    2397       0.7842
    2398       0.7404
    2399       0.7921
    2400       0.7970
    2401       0.8304
    2402       0.7589
    2403       0.9194
    2404       0.7487
    2405       0.8144
    2406       0.7770
    2407       0.7243
    2408       0.8331
    2409       0.8339
    2410       0.8884
    2411       0.6925
    2412       0.8513
    2413       0.9265
    2414       0.7346
    2415       0.8201
    2416       0.7155
    2417       0.7695
    2418       0.7501
    2419       0.7418
    2420       0.7926
    2421       0.8642
    2422       0.7943
    2423       0.7344
    2424       0.7341
    2425       0.7742
    2426       0.8626
    2427       0.9023
    2428       0.8618
    2429       0.7143
    2430       0.8478
    2431       0.8808
    2432       0.7429
    2433       0.8158
    2434       0.7954
    2435       0.8680
    2436       0.9025
    2437       0.8749
    2438       0.7928
    2439       0.8922
    2440       0.8364
    2441       0.7886
    2442       0.7279
    2443       0.7504
    2444       0.7974
    2445       0.8037
    2446       0.7911
    2447       0.7192
    2448       0.8199
    2449       0.7299
    2450       0.7146
    2451       0.7071
    2452       0.6984
    2453       0.8203
    2454       0.8229
    2455       0.8464
    2456       0.7291
    2457       0.6679
    2458       0.7197
    2459       0.7762
    2460       0.7146
    2461       0.6986
    2462       0.7275
    2463       0.6560
    2464       0.6827
    2465       0.6479
    2466       0.6547
    2467       0.7212
    2468       0.6725
    2469       0.6535
    2470       0.6673
    2471       0.7648
    2472       0.6624
    2473       0.6780
    2474       0.7579
    2475       0.7805
    2476       0.7370
    2477       0.8469
    2478       0.7036
    2479       0.5727
    2480       0.6944
    2481       0.7359
    2482       0.7660
    2483       0.7918
    2484       0.8191
    2485       0.6617
    2486       0.6372
    2487       0.7167
    2488       0.8061
    2489       0.7818
    2490       0.7488
    2491       0.8688
    2492       0.6628
    2493       0.6290
    2494       0.7504
    2495       0.6761
    2496       0.6508
    2497       0.7111
    2498       0.6740
    2499       0.7399
    2500       0.6850
    2501       0.8041
    2502       0.7746
    2503       0.7642
    2504       0.8802
    2505       0.7660
    2506       0.6995
    2507       0.7698
    2508       0.7126
    2509       0.8116
    2510       0.7389
    2511       0.7400
    2512       0.8167
    2513       0.6847
    2514       0.7215
    2515       0.8094
    2516       0.8970
    2517       0.7772
    2518       0.7532
    2519       0.7634
    2520       0.7613
    2521       0.9503
    2522       0.8750
    2523       0.8805
    2524       0.8887
    2525       0.6504
    2526       0.7867
    2527       0.7627
    2528       0.7755
    2529       0.8160
    2530       0.8536
    2531       0.7959
    2532       0.8183
    2533       0.8788
    2534       0.8229
    2535       0.8078
    2536       0.7617
    2537       0.8762
    2538       0.7411
    2539       0.8066
    2540       0.7682
    2541       0.8930
    2542       0.7762
    2543       0.8407
    2544       0.6995
    2545       0.7005
    2546       0.7413
    2547       0.7789
    2548       0.7356
    2549       0.6708
    2550       0.7179
    2551       0.6525
    2552       0.6599
    2553       0.7923
    2554       0.7057
    2555       0.7149
    2556       0.7710
    2557       0.7215
    2558       0.7025
    2559       0.7211
    2560       0.6671
    2561       0.7204
    2562       0.7275
    2563       0.7415
    2564       0.8145
    2565       0.7721
    2566       0.7872
    2567       0.7229
    2568       0.7845
    2569       0.7192
    2570       0.7928
    2571       0.8116
    2572       0.8382
    2573       0.8530
    2574       0.7069
    2575       0.7458
    2576       0.8670
    2577       0.7660
    2578       0.7633
    2579       0.7357
    2580       0.8382
    2581       0.7907
    2582       0.7790
    2583       0.8246
    2584       0.7445
    2585       0.7783
    2586       0.6946
    2587       0.7511
    2588       0.7609
    2589       0.8385
    2590       0.8205
    2591       0.9455
    2592       0.7251
    2593       0.8341
    2594       0.8432
    2595       0.8332
    2596       0.8192
    2597       0.8154
    2598       0.7764
    2599       0.7515
    2600       0.7418
    2601       0.7719
    2602       0.6944
    2603       0.8325
    2604       0.7812
    2605       0.7417
    2606       0.6634
    2607       0.8058
    2608       0.8049
    2609       0.6938
    2610       0.8277
    2611       0.7546
    2612       0.8618
    2613       0.8421
    2614       0.9033
    2615       0.8721
    2616       0.8162
    2617       0.7831
    2618       0.6544
    2619       0.8664
    2620       0.7748
    2621       0.7834
    2622       0.8044
    2623       0.7337
    2624       0.7053
    2625       0.7807
    2626       0.7024
    2627       0.7286
    2628       0.8502
    2629       0.8201
    2630       0.8800
    2631       0.8465
    2632       0.9355
    2633       0.8089
    2634       0.7999
    2635       0.7869
    2636       0.7001
    2637       0.7707
    2638       0.8675
    2639       0.8563
    2640       0.7997
    2641       0.8188
    2642       0.7877
    2643       0.7278
    2644       0.7858
    2645       0.7848
    2646       0.6785
    2647       0.7134
    2648       0.7056
    2649       0.6851
    2650       0.9006
    2651       0.8047
    2652       0.8348
    2653       0.9395
    2654       0.8706
    2655       0.7609
    2656       0.7300
    2657       0.6810
    2658       0.7762
    2659       0.7424
    2660       0.7919
    2661       0.8045
    2662       0.7421
    2663       0.7360
    2664       0.7080
    2665       0.7223
    2666       0.8425
    2667       0.7817
    2668       0.7928
    2669       0.7655
    2670       0.8855
    2671       0.7773
    2672       0.8052
    2673       0.7814
    2674       0.7577
    2675       0.7471
    2676       0.7650
    2677       0.7400
    2678       0.8460
    2679       0.9043
    2680       0.8224
    2681       0.8120
    2682       0.7165
    2683       0.8482
    2684       0.7348
    2685       0.8997
    2686       0.7939
    2687       0.8533
    2688       0.6940
    2689       0.6798
    2690       0.6768
    2691       0.6932
    2692       0.6194
    2693       0.7962
    2694       0.7334
    2695       0.6649
    2696       0.7544
    2697       0.7370
    2698       0.8056
    2699       0.6738
    2700       0.8510
    2701       0.7397
    2702       0.8502
    2703       0.7659
    2704       0.8054
    2705       0.7237
    2706       0.8740
    2707       0.8357
    2708       0.9096
    2709       0.8343
    2710       0.9112
    2711       0.8568
    2712       0.9425
    2713       0.8550
    2714       0.8665
    2715       0.9573
    2716       0.8330
    2717       0.7326
    2718       0.7689
    2719       0.7423
    2720       0.8474
    2721       0.7758
    2722       0.8185
    2723       0.8682
    2724       0.7782
    2725       0.7969
    2726       0.8477
    2727       0.6922
    2728       0.7539
    2729       0.7000
    2730       0.8317
    2731       0.8423
    2732       0.7742
    2733       0.7994
    2734       0.6833
    2735       0.7874
    2736       0.8497
    2737       0.7133
    2738       0.6995
    2739       0.7165
    2740       0.7216
    2741       0.8096
    2742       0.8865
    2743       0.8029
    2744       0.7601
    2745       0.6759
    2746       0.6818
    2747       0.8276
    2748       0.7324
    2749       0.7019
    2750       0.8098
    2751       0.8499
    2752       0.7650
    2753       0.8345
    2754       0.8937
    2755       0.8820
    2756       0.8195
    2757       0.7624
    2758       0.8062
    2759       0.7321
    2760       0.8831
    2761       0.9685
    2762       0.8173
    2763       0.9019
    2764       0.8030
    2765       0.8701
    2766       0.8029
    2767       0.7835
    2768       0.8772
    2769       0.7901
    2770       0.8750
    2771       0.8732
    2772       0.7592
    2773       0.7974
    2774       0.7749
    2775       0.7845
    2776       0.8756
    2777       0.7359
    2778       0.7336
    2779       0.7831
    2780       0.8648
    2781       0.8931
    2782       0.8937
    2783       1.0124
    2784       0.9228
    2785       0.7824
    2786       0.8316
    2787       0.8836
    2788       0.8652
    2789       0.8878
    2790       0.8207
    2791       0.8218
    2792       0.9549
    2793       0.8985
    2794       0.8208
    2795       0.7059
    2796       0.8719
    2797       0.7775
    2798       0.8301
    2799       0.9079
    2800       0.9144
    2801       0.7978
    2802       0.8914
    2803       0.9367
    2804       0.8821
    2805       0.9099
    2806       0.8392
    2807       0.9832
    2808       0.8553
    2809       0.8809
    2810       1.1335
    2811       0.8535
    2812       0.8920
    2813       0.8571
    2814       0.8310
    2815       0.9396
    2816       0.9367
    2817       0.9371
    2818       0.8784
    2819       0.9996
    2820       0.9475
    2821       0.8897
    2822       0.9082
    2823       0.8477
    2824       0.8033
    2825       1.0234
    2826       0.9624
    2827       0.9209
    2828       0.8954
    2829       0.8738
    2830       0.8557
    2831       0.9569
    2832       0.8915
    2833       0.8746
    2834       0.7159
    2835       0.6683
    2836       0.6461
    2837       0.7428
    2838       0.7170
    2839       0.5564
    2840       0.6709
    2841       0.7809
    2842       0.7888
    2843       0.7132
    2844       0.6990
    2845       0.6497
    2846       0.7604
    2847       0.7794
    2848       0.6960
    2849       0.7486
    2850       0.6956
    2851       0.6873
    2852       0.7362
    2853       0.7848
    2854       0.7896
    2855       0.7331
    2856       0.7413
    2857       0.7031
    2858       0.8188
    2859       0.6770
    2860       0.6837
    2861       0.6506
    2862       0.6020
    2863       0.6334
    2864       0.6640
    2865       0.8227
    2866       0.8266
    2867       0.7650
    2868       0.7307
    2869       0.6979
    2870       0.6693
    2871       0.6945
    2872       0.7989
    2873       0.8089
    2874       0.7535
    2875       0.7560
    2876       0.7765
    2877       0.7122
    2878       0.6630
    2879       0.7642
    2880       0.7610
    2881       0.7480
    2882       0.7515
    2883       0.8009
    2884       0.8174
    2885       0.8462
    2886       0.7784
    2887       0.7535
    2888       0.6621
    2889       0.7297
    2890       0.7497
    2891       0.7846
    2892       0.7849
    2893       0.7003
    2894       0.6783
    2895       0.7612
    2896       0.6790
    2897       0.6772
    2898       0.7438
    2899       0.7732
    2900       0.7147
    2901       0.7205
    2902       0.8167
    2903       0.7520
    2904       0.8385
    2905       0.8489
    2906       0.8009
    2907       0.7708
    2908       0.7737
    2909       0.8165
    2910       0.7149
    2911       0.8371
    2912       0.8173
    2913       0.8009
    2914       0.7641
    2915       0.7954
    2916       0.8379
    2917       0.7385
    2918       0.7345
    2919       0.8000
    2920       0.7522
    2921       0.7193
    2922       0.7782
    2923       0.8085
    2924       0.8086
    2925       0.7738
    2926       0.7781
    2927       0.7395
    2928       0.8472
    2929       0.7993
    2930       0.8991
    2931       0.9101
    2932       0.6809
    2933       0.8140
    2934       0.8524
    2935       0.9273
    2936       0.8097
    2937       0.8508
    2938       0.8111
    2939       0.8114
    2940       0.8421
    2941       0.8745
    2942       0.7987
    2943       0.8944
    2944       0.9191
    2945       0.9842
    2946       0.8852
    2947       0.9556
    2948       0.9097
    2949       1.0188
    2950       1.0167
    2951       0.8769
    2952       0.9768
    2953       0.9064
    2954       0.9330
    2955       0.8024
    2956       0.6981
    2957       0.7747
    2958       0.8036
    2959       0.8604
    2960       0.8153
    2961       0.8722
    2962       0.7943
    2963       0.8028
    2964       0.8115
    2965       0.8356
    2966       0.7748
    2967       0.7869
    2968       0.8665
    2969       0.8686
    2970       0.8856
    2971       0.9751
    2972       0.9069
    2973       0.8717
    2974       0.8721
    2975       0.9238
    2976       0.9928
    2977       0.8624
    2978       0.8691
    2979       0.8957
    2980       0.9769
    2981       1.0274
    2982       0.9225
    2983       0.9229
    2984       0.8699
    2985       0.8222
    2986       0.9078
    2987       0.9002
    2988       0.9056
    2989       1.0211
    2990       0.9571
    2991       0.8705
    2992       0.9123
    2993       0.8648
    2994       0.8384
    2995       0.8668
    2996       0.9172
    2997       0.8497
    2998       0.9153
    2999       0.9084
    3000       0.8643
    3001       0.8682
    3002       0.8897
    3003       0.8766
    3004       0.9483
    3005       1.0584
    3006       0.9545
    3007       0.9749
    3008       0.8619
    3009       0.8868
    3010       0.9581
    3011       0.9291
    3012       0.9166
    3013       0.8593
    3014       0.8475
    3015       1.0202
    3016       0.9439
    3017       0.8985
    3018       0.8075
    3019       0.8811
    3020       0.8718
    3021       0.8448
    3022       0.8191
    3023       0.8601
    3024       0.8200
    3025       0.7919
    3026       0.7832
    3027       0.8238
    3028       0.8040
    3029       0.9020
    3030       0.9963
    3031       0.8179
    3032       0.8535
    3033       0.8099
    3034       0.7977
    3035       0.7295
    3036       0.6468
    3037       0.7511
    3038       0.7634
    3039       0.6882
    3040       0.8964
    3041       0.7210
    3042       0.7372
    3043       0.8785
    3044       0.7940
    3045       0.8583
    3046       0.8475
    3047       0.7530
    3048       0.8440
    3049       0.7911
    3050       0.8723
    3051       0.7228
    3052       0.7609
    3053       0.8056
    3054       0.6939
    3055       0.7818
    3056       0.6908
    3057       0.7289
    3058       0.8390
    3059       0.8223
    3060       0.7894
    3061       0.7240
    3062       0.7655
    3063       0.6840
    3064       0.7998
    3065       0.6662
    3066       0.7385
    3067       0.7784
    3068       0.6909
    3069       0.6666
    3070       0.7955
    3071       0.6813
    3072       0.7153
    3073       0.6813
    3074       0.6700
    3075       0.7076
    3076       0.7232
    3077       0.6719
    3078       0.6974
    3079       0.7074
    3080       0.8103
    3081       0.7687
    3082       0.6870
    3083       0.7273
    3084       0.7471
    3085       0.7065
    3086       0.7437
    3087       0.6859
    3088       0.6784
    3089       0.6968
    3090       0.6484
    3091       0.8117
    3092       0.7326
    3093       0.6897
    3094       0.7248
    3095       0.6606
    3096       0.6999
    3097       0.7104
    3098       0.6874
    3099       0.7158
    3100       0.6610
    3101       0.6201
    3102       0.6251
    3103       0.7423
    3104       0.6952
    3105       0.6955
    3106       0.6903
    3107       0.6138
    3108       0.6435
    3109       0.6354
    3110       0.6965
    3111       0.6533
    3112       0.6133
    3113       0.6939
    3114       0.7392
    3115       0.6577
    3116       0.7171
    3117       0.6458
    3118       0.6869
    3119       0.6706
    3120       0.6848
    3121       0.6771
    3122       0.7293
    3123       0.6473
    3124       0.6779
    3125       0.6711
    3126       0.7833
    3127       0.7751
    3128       0.7501
    3129       0.5932
    3130       0.6479
    3131       0.7416
    3132       0.7241
    3133       0.7884
    3134       0.7795
    3135       0.6524
    3136       0.8189
    3137       0.7576
    3138       0.6923
    3139       0.7708
    3140       0.8214
    3141       0.7740
    3142       0.7805
    3143       0.6954
    3144       0.6625
    3145       0.6692
    3146       0.6981
    3147       0.6808
    3148       0.7517
    3149       0.7497
    3150       0.7350
    3151       0.7922
    3152       0.7301
    3153       0.7357
    3154       0.7479
    3155       0.6628
    3156       0.6964
    3157       0.7768
    3158       0.7490
    3159       0.7230
    3160       0.7111
    3161       0.7687
    3162       0.7044
    3163       0.7273
    3164       0.7217
    3165       0.7149
    3166       0.8121
    3167       0.7097
    3168       0.8018
    3169       0.7925
    3170       0.7917
    3171       0.7114
    3172       0.7051
    3173       0.7811
    3174       0.6973
    3175       0.6871
    3176       0.6790
    3177       0.7320
    3178       0.7882
    3179       0.7090
    3180       0.6952
    3181       0.7460
    3182       0.7982
    3183       0.6958
    3184       0.7481
    3185       0.6704
    3186       0.6462
    3187       0.6093
    3188       0.6348
    3189       0.7146
    3190       0.6422
    3191       0.6941
    3192       0.6626
    3193       0.7461
    3194       0.7119
    3195       0.7703
    3196       0.6574
    3197       0.6518
    3198       0.7071
    3199       0.8228
    3200       0.6306
    3201       0.8034
    3202       0.7089
    3203       0.7538
    3204       0.7475
    3205       0.8510
    3206       0.7268
    3207       0.7457
    3208       0.7594
    3209       0.8191
    3210       0.8207
    3211       0.7399
    3212       0.6999
    3213       0.6856
    3214       0.7138
    3215       0.6982
    3216       0.6986
    3217       0.7293
    3218       0.7648
    3219       0.7523
    3220       0.7178
    3221       0.8227
    3222       0.6866
    3223       0.7428
    3224       0.7806
    3225       0.7463
    3226       0.7750
    3227       0.7631
    3228       0.7767
    3229       0.7907
    3230       0.7841
    3231       0.7830
    3232       0.8023
    3233       0.8115
    3234       0.7494
    3235       0.7073
    3236       0.7092
    3237       0.7134
    3238       0.7247
    3239       0.7083
    3240       0.7473
    3241       0.7463
    3242       0.7268
    3243       0.7476
    3244       0.7400
    3245       0.8614
    3246       0.7581
    3247       0.8522
    3248       0.6855
    3249       0.7057
    3250       0.8482
    3251       0.7027
    3252       0.7429
    3253       0.7114
    3254       0.7436
    3255       0.8017
    3256       0.7280
    3257       0.6860
    3258       0.7783
    3259       0.8202
    3260       0.7441
    3261       0.7471
    3262       0.7237
    3263       0.7606
    3264       0.7293
    3265       0.7514
    3266       0.7512
    3267       0.7176
    3268       0.7319
    3269       0.8470
    3270       0.7167
    3271       0.7969
    3272       0.6585
    3273       0.7365
    3274       0.7764
    3275       0.8015
    3276       0.7766
    3277       0.7344
    3278       0.8048
    3279       0.7738
    3280       0.8039
    3281       0.8222
    3282       0.7546
    3283       0.7454
    3284       0.9640
    3285       0.7615
    3286       0.8234
    3287       0.8238
    3288       0.9209
    3289       0.8093
    3290       0.8428
    3291       0.7796
    3292       0.7565
    3293       0.7991
    3294       0.8212
    3295       0.7670
    3296       0.8124
    3297       0.7477
    3298       0.6970
    3299       0.6557
    3300       0.8552
    3301       0.8153
    3302       0.7186
    3303       0.7064
    3304       0.6763
    3305       0.7042
    3306       0.6424
    3307       0.7299
    3308       0.7919
    3309       0.7328
    3310       0.7855
    3311       0.6830
    3312       0.7589
    3313       0.6185
    3314       0.6614
    3315       0.6697
    3316       0.7310
    3317       0.7989
    3318       0.7664
    3319       0.8011
    3320       0.7650
    3321       0.8391
    3322       0.8786
    3323       0.9488
    3324       0.9292
    3325       0.7822
    3326       0.8844
    3327       0.7898
    3328       0.8278
    3329       0.9721
    3330       0.8723
    3331       0.9718
    3332       0.9413
    3333       1.0066
    3334       0.9475
    3335       0.9294
    3336       0.8677
    3337       0.9408
    3338       1.0040
    3339       0.9529
    3340       0.9759
    3341       0.9664
    3342       1.0270
    3343       1.0471
    3344       0.9666
    3345       0.9689
    3346       0.9705
    3347       1.1137
    3348       1.0542
    3349       1.0813
    3350       1.0089
    3351       1.0225
    3352       1.2346
    3353       1.1092
    3354       1.0402
    3355       1.0306
    3356       1.0194
    3357       1.0875
    3358       1.0807
    3359       1.1010
    3360       0.9750
    3361       0.9003
    3362       0.9357
    3363       1.0935
    3364       1.0670
    3365       0.9946
    3366       0.9285
    3367       0.9027
    3368       0.8328
    3369       0.7709
    3370       0.8328
    3371       0.8042
    3372       0.9654
    3373       0.8404
    3374       0.9011
    3375       0.8527
    3376       0.7572
    3377       0.8811
    3378       0.8366
    3379       0.9703
    3380       1.0466
    3381       1.0094
    3382       0.9170
    3383       0.9529
    3384       0.8832
    3385       1.0162
    3386       0.9602
    3387       1.0083
    3388       1.0016
    3389       1.1259
    3390       0.9916
    3391       0.9433
    3392       0.9209
    3393       0.9103
    3394       0.9537
    3395       0.9503
    3396       0.9920
    3397       0.9817
    3398       0.9266
    3399       1.0176
    3400       0.9622
    3401       1.0408
    3402       0.9889
    3403       0.9811
    3404       1.0334
    3405       0.9370
    3406       0.9388
    3407       0.8965
    3408       0.7644
    3409       0.8287
    3410       0.8767
    3411       0.8547
    3412       0.8060
    3413       0.8621
    3414       0.7976
    3415       0.7879
    3416       0.7298
    3417       0.8255
    3418       0.8478
    3419       0.9649
    3420       0.9291
    3421       0.9182
    3422       0.9103
    3423       0.9730
    3424       0.9330
    3425       1.0029
    3426       1.0060
    3427       0.9800
    3428       0.9991
    3429       0.9511
    3430       0.9492
    3431       0.9193
    3432       0.9791
    3433       0.9021
    3434       0.9205
    3435       0.8457
    3436       0.7561
    3437       0.7801
    3438       0.8169
    3439       0.8050
    3440       0.8191
    3441       0.8687
    3442       0.8690
    3443       0.8278
    3444       0.8532
    3445       0.8241
    3446       0.8198
    3447       0.8204
    3448       0.7912
    3449       0.8571
    3450       0.8537
    3451       0.8758
    3452       0.8590
    3453       0.8929
    3454       0.7703
    3455       0.8924
    3456       0.8625
    3457       0.8300
    3458       0.8512
    3459       0.8493
    3460       0.8818
    3461       0.8425
    3462       0.7901
    3463       0.7961
    3464       0.7290
    3465       0.7178
    3466       0.7758
    3467       0.8259
    3468       0.8193
    3469       0.8607
    3470       0.9023
    3471       0.9477
    3472       0.8503
    3473       0.8414
    3474       0.9086
    3475       0.9520
    3476       0.8009
    3477       0.8193
    3478       0.8563
    3479       0.8177
    3480       0.7506
    3481       0.7249
    3482       0.7778
    3483       0.7955
    3484       0.8409
    3485       0.8373
    3486       0.7232
    3487       0.7652
    3488       0.7369
    3489       0.8324
    3490       0.8545
    3491       0.8050
    3492       0.8362
    3493       0.8805
    3494       0.8273
    3495       0.7831
    3496       0.8002
    3497       0.8899
    3498       0.9611
    3499       1.0548
    3500       0.9559
    3501       1.0272
    3502       0.9285
    3503       0.8294
    3504       0.9255
    3505       0.8359
    3506       1.0722
    3507       0.9007
    3508       0.9962
    3509       0.9372
    3510       0.9002
    3511       0.8598
    3512       0.8903
    3513       0.8331
    3514       0.9021
    3515       0.8041
    3516       0.8371
    3517       0.8716
    3518       0.9516
    3519       0.9049
    3520       0.9518
    3521       0.8952
    3522       0.9628
    3523       1.0556
    3524       1.0087
    3525       0.9567
    3526       0.8961
    3527       0.9294
    3528       0.9007
    3529       0.9490
    3530       1.0075
    3531       0.8099
    3532       0.9127
    3533       0.8250
    3534       0.8188
    3535       0.7881
    3536       0.8048
    3537       0.8072
    3538       0.9144
    3539       0.8009
    3540       0.8381
    3541       0.7340
    3542       0.7713
    3543       0.8263
    3544       0.9391
    3545       0.8735
    3546       0.8894
    3547       0.8067
    3548       0.8347
    3549       0.9990
    3550       0.9692
    3551       0.9279
    3552       0.9331
    3553       0.9467
    3554       0.9855
    3555       0.9550
    3556       0.9239
    3557       0.8874
    3558       0.9250
    3559       0.8815
    3560       0.9734
    3561       0.9993
    3562       0.9142
    3563       0.9883
    3564       0.9859
    3565       0.9313
    3566       0.9783
    3567       0.9498
    3568       0.9862
    3569       0.9803
    3570       0.9436
    3571       0.9383
    3572       0.9663
    3573       0.9257
    3574       0.8405
    3575       0.8723
    3576       0.8201
    3577       0.8342
    3578       0.9212
    3579       0.9104
    3580       0.8401
    3581       0.8611
    3582       0.7892
    3583       0.8296
    3584       0.7432
    3585       0.8750
    3586       0.8827
    3587       0.9164
    3588       0.8918
    3589       1.0266
    3590       1.0628
    3591       0.9802
    3592       0.9323
    3593       0.9446
    3594       1.0454
    3595       0.9866
    3596       0.9537
    3597       0.9501
    3598       0.9583
    3599       1.0328
    3600       1.1194
    3601       1.0791
    3602       1.0333
    3603       0.9451
    3604       0.9180
    3605       1.0109
    3606       0.8875
    3607       0.9471
    3608       0.8670
    3609       0.9426
    3610       0.8630
    3611       0.9505
    3612       0.9193
    3613       0.8677
    3614       0.8667
    3615       0.8168
    3616       0.8796
    3617       0.9028
    3618       0.9390
    3619       0.9489
    3620       0.9914
    3621       0.9970
    3622       0.9821
    3623       0.9624
    3624       0.9800
    3625       0.8682
    3626       0.9643
    3627       0.9638
    3628       0.8331
    3629       0.8083
    3630       0.8050
    3631       0.8087
    3632       0.7480
    3633       0.7349
    3634       0.7379
    3635       0.8228
    3636       0.7426
    3637       0.7284
    3638       0.8127
    3639       0.6705
    3640       0.6848
    3641       0.6823
    3642       0.7890
    3643       0.7636
    3644       0.8304
    3645       0.7371
    3646       0.7602
    3647       0.8216
    3648       0.8278
    3649       0.7785
    3650       0.8490
    3651       0.7748
    3652       0.7522
    3653       0.8202
    3654       0.7806
    3655       0.8291
    3656       0.8580
    3657       0.8006
    3658       0.8038
    3659       0.8612
    3660       0.8869
    3661       0.7463
    3662       0.8187
    3663       0.7864
    3664       0.8358
    3665       0.8887
    3666       0.8608
    3667       0.8103
    3668       0.7545
    3669       0.8646
    3670       0.8403
    3671       0.8925
    3672       0.8215
    3673       0.7955
    3674       0.7750
    3675       0.7857
    3676       0.8504
    3677       0.8140
    3678       0.9050
    3679       0.8126
    3680       0.8299
    3681       0.8220
    3682       0.7606
    3683       0.7418
    3684       0.7702
    3685       0.8013
    3686       0.8793
    3687       0.7733
    3688       0.8864
    3689       0.8041
    3690       0.8358
    3691       0.8478
    3692       0.8819
    3693       0.8501
    3694       0.7880
    3695       0.8728
    3696       0.8761
    3697       0.8197
    3698       0.8657
    3699       0.7470
    3700       0.7479
    3701       0.7884
    3702       0.7482
    3703       0.7243
    3704       0.7925
    3705       0.7693
    3706       0.7940
    3707       0.8666
    3708       0.9062
    3709       0.8819
    3710       0.8135
    3711       0.8655
    3712       0.8739
    3713       0.7982
    3714       0.8675
    3715       0.7920
    3716       0.8804
    3717       0.8319
    3718       0.7776
    3719       0.7431
    3720       0.8223
    3721       0.8652
    3722       0.7960
    3723       0.8530
    3724       0.8123
    3725       0.8370
    3726       0.7255
    3727       0.7641
    3728       0.8309
    3729       0.8233
    3730       0.7402
    3731       0.7146
    3732       0.7992
    3733       0.7202
    3734       0.7432
    3735       0.8021
    3736       0.8019
    3737       0.7701
    3738       0.7601
    3739       0.7162
    3740       0.7535
    3741       0.7834
    3742       0.8176
    3743       0.7810
    3744       0.7334
    3745       0.8328
    3746       0.7648
    3747       0.8075
    3748       0.7972
    3749       0.7752
    3750       0.8116
    3751       0.7986
    3752       0.8176
    3753       0.7674
    3754       0.7904
    3755       0.7648
    3756       0.7348
    3757       0.7491
    3758       0.7696
    3759       0.7534
    3760       0.8050
    3761       0.7372
    3762       0.8508
    3763       0.8420
    3764       0.8110
    3765       0.7864
    3766       0.8516
    3767       0.7754
    3768       0.7007
    3769       0.7112
    3770       0.7877
    3771       0.7923
    3772       0.7411
    3773       0.7744
    3774       0.8876
    3775       0.8658
    3776       0.8991
    3777       0.8439
    3778       0.8589
    3779       0.8606
    3780       0.8025
    3781       0.7629
    3782       0.8219
    3783       0.7701
    3784       0.7289
    3785       0.7149
    3786       0.7634
    3787       0.7698
    3788       0.7387
    3789       0.7852
    3790       0.7708
    3791       0.8199
    3792       0.8386
    3793       0.8635
    3794       0.8547
    3795       0.7754
    3796       0.8785
    3797       0.9169
    3798       0.8975
    3799       0.8746
    3800       0.8033
    3801       0.8468
    3802       0.8452
    3803       0.9357
    3804       0.8838
    3805       0.7980
    3806       0.7956
    3807       0.8716
    3808       0.7746
    3809       0.7880
    3810       0.7902
    3811       0.8154
    3812       0.7928
    3813       0.9203
    3814       0.8196
    3815       0.8054
    3816       0.8007
    3817       0.8585
    3818       0.8244
    3819       0.8479
    3820       0.8404
    3821       0.8649
    3822       0.8453
    3823       0.7740
    3824       0.7929
    3825       0.7881
    3826       0.9285
    3827       0.8054
    3828       0.8364
    3829       0.8151
    3830       0.8522
    3831       0.8951
    3832       0.9245
    3833       0.9746
    3834       0.9455
    3835       0.9115
    3836       0.8562
    3837       0.9016
    3838       0.8841
    3839       0.8730
    3840       0.8025
    3841       0.7678
    3842       0.8038
    3843       0.7971
    3844       0.8164
    3845       0.8717
    3846       0.8197
    3847       0.8844
    3848       0.7804
    3849       0.8700
    3850       0.7752
    3851       0.7611
    3852       0.8455
    3853       0.8502
    3854       0.8207
    3855       0.8123
    3856       0.8886
    3857       0.7715
    3858       0.8241
    3859       0.7868
    3860       0.7341
    3861       0.7622
    3862       0.7830
    3863       0.8455
    3864       0.8847
    3865       0.8041
    3866       0.8218
    3867       0.8695
    3868       0.8214
    3869       0.9130
    3870       0.9320
    3871       0.7479
    3872       0.9381
    3873       0.8847
    3874       0.9044
    3875       0.8131
    3876       0.8060
    3877       0.8179
    3878       0.8036
    3879       0.8003
    3880       0.8310
    3881       0.8293
    3882       0.7042
    3883       0.8199
    3884       0.9098
    3885       0.8928
    3886       0.8386
    3887       0.8749
    3888       0.8624
    3889       0.8836
    3890       0.8740
    3891       0.8469
    3892       0.8318
    3893       0.9243
    3894       0.8379
    3895       0.8294
    3896       0.8748
    3897       0.8055
    3898       0.8793
    3899       0.8342
    3900       0.8358
    3901       0.8705
    3902       0.8385
    3903       0.8438
    3904       0.8552
    3905       0.8298
    3906       0.9040
    3907       0.8817
    3908       0.8969
    3909       0.7821
    3910       0.7622
    3911       0.7536
    3912       0.7421
    3913       0.8098
    3914       0.8534
    3915       0.8602
    3916       0.7219
    3917       0.7235
    3918       0.7395
    3919       0.7738
    3920       0.7732
    3921       0.7804
    3922       0.7773
    3923       0.7718
    3924       0.7952
    3925       0.7700
    3926       0.7857
    3927       0.8112
    3928       0.8174
    3929       0.9022
    3930       0.8334
    3931       0.8640
    3932       0.9157
    3933       0.8901
    3934       0.8920
    3935       0.9481
    3936       0.9789
    3937       0.9181
    3938       0.8994
    3939       0.8410
    3940       0.9172
    3941       0.9857
    3942       0.9826
    3943       0.9655
    3944       1.0508
    3945       0.9538
    3946       1.0089
    3947       0.9762
    3948       1.0321
    3949       0.9323
    3950       0.9643
    3951       0.9039
    3952       0.9278
    3953       0.9250
    3954       0.8658
    3955       0.9165
    3956       0.9239
    3957       0.8812
    3958       0.9146
    3959       0.8837
    3960       0.9194
    3961       0.8238
    3962       1.0141
    3963       0.9510
    3964       0.9831
    3965       0.9610
    3966       0.8696
    3967       0.9527
    3968       0.9579
    3969       0.9672
    3970       0.9138
    3971       0.9962
    3972       0.8828
    3973       0.8949
    3974       0.8891
    3975       0.9003
    3976       1.0036
    3977       0.9385
    3978       0.9252
    3979       0.8978
    3980       0.9083
    3981       1.0283
    3982       0.9625
    3983       0.8486
    3984       0.9743
    3985       0.9289
    3986       0.8739
    3987       0.8593
    3988       0.8264
    3989       0.8385
    3990       0.8707
    3991       0.8544
    3992       0.8596
    3993       0.8577
    3994       0.9359
    3995       0.8660
    3996       0.8144
    3997       0.9289
    3998       0.8779
    3999       0.7886
    4000       0.8264
    4001       0.7278
    4002       0.8771
    4003       0.8111
    4004       0.8554
    4005       0.8486
    4006       0.8603
    4007       0.8943
    4008       0.9087
    4009       0.9486
    4010       0.9593
    4011       0.8955
    4012       0.9013
    4013       0.8980
    4014       0.8565
    4015       0.7851
    4016       0.8310
    4017       0.8700
    4018       0.7761
    4019       0.7204
    4020       0.8100
    4021       0.8421
    4022       0.8139
    4023       0.8649
    4024       0.8124
    4025       0.7567
    4026       0.7340
    4027       0.7981
    4028       0.7551
    4029       0.7829
    4030       0.7950
    4031       0.7720
    4032       0.7797
    4033       0.8665
    4034       0.7825
    4035       0.7925
    4036       0.8065
    4037       0.9437
    4038       0.8932
    4039       0.8023
    4040       0.7924
    4041       0.7965
    4042       0.8378
    4043       0.8260
    4044       0.7663
    4045       0.8471
    4046       0.7453
    4047       0.7553
    4048       0.7451
    4049       0.7315
    4050       0.8054
    4051       0.8388
    4052       0.8550
    4053       0.8594
    4054       0.8428
    4055       0.9009
    4056       0.9258
    4057       0.8883
    4058       0.8924
    4059       0.8023
    4060       0.8027
    4061       0.8035
    4062       0.8035
    4063       0.8361
    4064       0.8824
    4065       0.7491
    4066       0.7833
    4067       0.8312
    4068       0.8216
    4069       0.8099
    4070       0.8046
    4071       0.8079
    4072       0.8823
    4073       0.8064
    4074       0.7860
    4075       0.7984
    4076       0.8226
    4077       0.8004
    4078       0.8787
    4079       0.8193
    4080       0.7985
    4081       0.8726
    4082       0.8253
    4083       0.8241
    4084       0.8598
    4085       0.7315
    4086       0.8238
    4087       0.7763
    4088       0.8548
    4089       0.8694
    4090       0.8655
    4091       0.8256
    4092       0.8405
    4093       0.7984
    4094       0.8533
    4095       0.8823
    4096       0.8834
    4097       0.8562
    4098       0.8119
    4099       0.7846
    4100       0.8629
    4101       0.8494
    4102       0.8195
    4103       0.8770
    4104       0.8104
    4105       0.8127
    4106       0.8571
    4107       0.8393
    4108       0.8336
    4109       0.8270
    4110       0.8251
    4111       0.8612
    4112       0.8200
    4113       0.8548
    4114       0.8025
    4115       0.8046
    4116       0.9238
    4117       0.8453
    4118       0.7697
    4119       0.8419
    4120       0.8364
    4121       0.9042
    4122       0.9058
    4123       0.8753
    4124       0.8970
    4125       0.8232
    4126       0.9332
    4127       0.7146
    4128       0.7828
    4129       0.7826
    4130       0.7579
    4131       0.8774
    4132       0.8640
    4133       0.8178
    4134       0.8078
    4135       0.8280
    4136       0.8614
    4137       0.8404
    4138       0.7885
    4139       0.7994
    4140       0.7487
    4141       0.7834
    4142       0.8867
    4143       0.8592
    4144       0.8933
    4145       0.9028
    4146       0.8851
    4147       0.9889
    4148       0.8984
    4149       0.8713
    4150       0.8947
    4151       0.9296
    4152       0.8670
    4153       0.9431
    4154       0.8654
    4155       0.8115
    4156       0.8229
    4157       0.8478
    4158       0.8339
    4159       0.8465
    4160       0.8728
    4161       0.9492
    4162       0.8075
    4163       0.8189
    4164       0.8364
    4165       0.8503
    4166       0.8323
    4167       0.8924
    4168       0.8468
    4169       0.8139
    4170       0.8428
    4171       0.8315
    4172       0.8488
    4173       0.8650
    4174       0.9031
    4175       0.9972
    4176       0.8307
    4177       0.9384
    4178       0.8732
    4179       0.8177
    4180       0.7984
    4181       0.7711
    4182       0.8061
    4183       0.7631
    4184       0.9677
    4185       0.8339
    4186       0.7740
    4187       0.7295
    4188       0.7544
    4189       0.8183
    4190       0.8194
    4191       0.8584
    4192       0.8240
    4193       0.8207
    4194       0.9536
    4195       0.8552
    4196       0.8791
    4197       0.8204
    4198       0.9391
    4199       0.8192
    4200       0.7967
    4201       0.7723
    4202       0.8391
    4203       0.7985
    4204       0.7704
    4205       0.8335
    4206       0.8428
    4207       0.8112
    4208       0.9054
    4209       0.9109
    4210       0.8590
    4211       0.8928
    4212       1.0073
    4213       0.8544
    4214       0.8812
    4215       0.8713
    4216       0.9461
    4217       0.8814
    4218       0.9219
    4219       0.9030
    4220       0.8995
    4221       0.8610
    4222       0.8941
    4223       0.8481
    4224       0.9109
    4225       0.9649
    4226       0.8144
    4227       0.8458
    4228       0.8422
    4229       0.9141
    4230       0.8627
    4231       0.9112
    4232       0.9247
    4233       0.8147
    4234       0.8505
    4235       0.8799
    4236       0.9159
    4237       0.8990
    4238       0.9293
    4239       0.9391
    4240       0.8867
    4241       0.9414
    4242       0.8883
    4243       0.9266
    4244       0.8787
    4245       0.9170
    4246       0.9328
    4247       0.9329
    4248       0.8979
    4249       0.9300
    4250       0.7984
    4251       0.9152
    4252       0.9644
    4253       0.8511
    4254       0.8891
    4255       0.8772
    4256       0.8981
    4257       0.8454
    4258       0.8918
    4259       0.9072
    4260       0.8901
    4261       0.8302
    4262       0.8997
    4263       0.9394
    4264       0.8727
    4265       0.8170
    4266       0.8836
    4267       0.8281
    4268       0.8134
    4269       0.8580
    4270       0.8679
    4271       0.8192
    4272       0.8752
    4273       0.8612
    4274       0.7953
    4275       0.9071
    4276       0.9369
    4277       0.8685
    4278       0.9311
    4279       0.9830
    4280       0.9797
    4281       0.8842
    4282       0.8844
    4283       0.8184
    4284       0.8648
    4285       0.9058
    4286       0.8896
    4287       0.8428
    4288       0.8491
    4289       0.7671
    4290       0.7483
    4291       0.8237
    4292       0.7841
    4293       0.7591
    4294       0.8247
    4295       0.8191
    4296       0.8732
    4297       0.7917
    4298       0.7472
    4299       0.7552
    4300       0.7865
    4301       0.7199
    4302       0.8693
    4303       0.8102
    4304       0.7646
    4305       0.8274
    4306       0.7450
    4307       0.8273
    4308       0.8795
    4309       0.8934
    4310       0.8843
    4311       0.8748
    4312       0.9366
    4313       0.8588
    4314       0.8420
    4315       0.9012
    4316       0.8077
    4317       0.8179
    4318       0.8450
    4319       0.8714
    4320       0.9260
    4321       0.7961
    4322       0.8760
    4323       0.8478
    4324       0.8388
    4325       0.8908
    4326       0.8943
    4327       0.8313
    4328       0.8692
    4329       0.9374
    4330       0.8595
    4331       0.8885
    4332       0.8994
    4333       0.9484
    4334       0.8866
    4335       0.9111
    4336       0.8687
    4337       0.9656
    4338       0.8422
    4339       0.8528
    4340       0.8526
    4341       0.8665
    4342       0.9336
    4343       0.8534
    4344       0.9078
    4345       0.9460
    4346       0.9179
    4347       0.8648
    4348       0.9412
    4349       0.8914
    4350       0.8949
    4351       0.8345
    4352       0.9490
    4353       0.8727
    4354       0.8329
    4355       0.8248
    4356       0.8791
    4357       0.8835
    4358       0.8917
    4359       0.8554
    4360       0.8939
    4361       0.9420
    4362       0.8516
    4363       0.9267
    4364       0.8174
    4365       0.7821
    4366       0.8144
    4367       0.7435
    4368       0.8654
    4369       0.7813
    4370       0.7560
    4371       0.8494
    4372       0.8070
    4373       0.7814
    4374       0.8018
    4375       0.7094
    4376       0.7661
    4377       0.7397
    4378       0.7785
    4379       0.7194
    4380       0.7575
    4381       0.6727
    4382       0.7672
    4383       0.7091
    4384       0.7341
    4385       0.6632
    4386       0.7041
    4387       0.6682
    4388       0.7409
    4389       0.7176
    4390       0.7667
    4391       0.7512
    4392       0.7246
    4393       0.7312
    4394       0.7176
    4395       0.7527
    4396       0.7120
    4397       0.7154
    4398       0.7850
    4399       0.7966
    4400       0.8570
    4401       0.7976
    4402       0.8687
    4403       0.8130
    4404       0.8616
    4405       0.7782
    4406       0.7381
    4407       0.7608
    4408       0.7429
    4409       0.7445
    4410       0.8478
    4411       0.7806
    4412       0.8093
    4413       0.8261
    4414       0.8499
    4415       0.8238
    4416       0.8772
    4417       0.9798
    4418       0.7921
    4419       0.8309
    4420       0.8451
    4421       0.8727
    4422       0.9106
    4423       0.9574
    4424       0.9927
    4425       0.9018
    4426       0.8754
    4427       0.7669
    4428       0.8766
    4429       0.9248
    4430       0.9516
    4431       0.8804
    4432       0.8821
    4433       0.8655
    4434       0.7886
    4435       0.8634
    4436       0.8406
    4437       0.7814
    4438       0.7784
    4439       0.8325
    4440       0.8637
    4441       0.8114
    4442       0.8205
    4443       0.9046
    4444       0.9310
    4445       0.8606
    4446       1.0046
    4447       0.9081
    4448       0.8506
    4449       0.7832
    4450       0.7014
    4451       0.8602
    4452       0.8554
    4453       0.9348
    4454       0.8473
    4455       0.8872
    4456       0.8714
    4457       0.8269
    4458       0.8838
    4459       0.8553
    4460       0.9666
    4461       0.9855
    4462       1.0604
    4463       0.9439
    4464       0.9892
    4465       0.9589
    4466       1.0529
    4467       1.0195
    4468       1.0955
    4469       1.0312
    4470       1.0770
    4471       1.0523
    4472       0.9822
    4473       0.9688
    4474       0.9502
    4475       0.7528
    4476       0.7599
    4477       0.8794
    4478       0.8784
    4479       1.0320
    4480       0.9945
    4481       0.8651
    4482       0.9593
    4483       0.8529
    4484       0.9841
    4485       0.8479
    4486       0.9234
    4487       0.8997
    4488       0.8852
    4489       0.7764
    4490       0.9369
    4491       0.9151
    4492       0.8019
    4493       0.8730
    4494       0.8582
    4495       0.9177
    4496       0.7926
    4497       0.8926
    4498       0.9112
    4499       0.8649
    4500       0.8550
    4501       0.7762
    4502       0.8395
    4503       0.8598
    4504       0.8275
    4505       0.8060
    4506       0.8769
    4507       0.7951
    4508       0.7573
    4509       0.8691
    4510       0.7884
    4511       0.8196
    4512       0.8164
    4513       0.8657
    4514       0.8323
    4515       0.8025
    4516       0.8526
    4517       0.9436
    4518       0.8177
    4519       0.8627
    4520       0.8395
    4521       0.8213
    4522       0.8622
    4523       0.9120
    4524       0.8998
    4525       0.8364
    4526       0.7450
    4527       0.7697
    4528       0.8287
    4529       0.7886
    4530       0.8185
    4531       0.8181
    4532       0.8650
    4533       0.7723
    4534       0.7730
    4535       0.8245
    4536       0.7994
    4537       0.8721
    4538       0.8508
    4539       0.9529
    4540       0.8029
    4541       0.8810
    4542       0.9616
    4543       0.9035
    4544       0.8949
    4545       0.8893
    4546       0.9544
    4547       0.9060
    4548       0.8744
    4549       1.0126
    4550       0.9180
    4551       0.9696
    4552       0.8929
    4553       0.9161
    4554       0.8412
    4555       0.9022
    4556       0.9013
    4557       0.8451
    4558       0.8648
    4559       0.7991
    4560       0.8945
    4561       0.9691
    4562       0.9340
    4563       0.8980
    4564       0.8387
    4565       0.8910
    4566       0.8723
    4567       0.9104
    4568       0.9072
    4569       0.7873
    4570       0.8430
    4571       0.7854
    4572       0.8685
    4573       0.8325
    4574       0.8286
    4575       0.8754
    4576       0.8573
    4577       0.8281
    4578       0.7793
    4579       0.9078
    4580       0.8685
    4581       0.8172
    4582       0.8745
    4583       0.9333
    4584       0.9503
    4585       0.9663
    4586       0.9079
    4587       0.8824
    4588       0.9211
    4589       0.8882
    4590       0.8576
    4591       0.9102
    4592       0.9539
    4593       0.9078
    4594       0.8987
    4595       0.9373
    4596       0.9377
    4597       0.8762
    4598       0.9260
    4599       0.8475
    4600       0.8709
    4601       0.7543
    4602       0.8051
    4603       0.8388
    4604       0.8047
    4605       0.7996
    4606       0.8842
    4607       0.8703
    4608       0.9313
    4609       0.9450
    4610       0.8862
    4611       0.9745
    4612       1.0765
    4613       1.0164
    4614       1.0221
    4615       0.9640
    4616       0.9428
    4617       0.9410
    4618       0.8956
    4619       0.9066
    4620       0.8949
    4621       0.8460
    4622       0.9506
    4623       0.9307
    4624       0.9695
    4625       0.8345
    4626       0.9386
    4627       0.8563
    4628       0.9334
    4629       0.9093
    4630       0.9042
    4631       0.8614
    4632       0.7964
    4633       0.8027
    4634       0.8265
    4635       0.8641
    4636       0.8339
    4637       0.9083
    4638       0.9737
    4639       0.9021
    4640       0.9122
    4641       0.8622
    4642       0.9340
    4643       0.8763
    4644       0.9380
    4645       0.8066
    4646       0.8960
    4647       0.8013
    4648       0.8434
    4649       0.9090
    4650       0.9069
    4651       0.9173
    4652       0.8632
    4653       0.8970
    4654       0.8790
    4655       0.9760
    4656       0.8625
    4657       0.8749
    4658       0.8264
    4659       0.9127
    4660       0.8632
    4661       0.9390
    4662       0.9160
    4663       0.9690
    4664       1.0025
    4665       0.9092
    4666       0.8649
    4667       0.8722
    4668       0.9077
    4669       0.8200
    4670       0.8420
    4671       0.8453
    4672       0.8508
    4673       0.8228
    4674       0.8280
    4675       0.8618
    4676       0.9248
    4677       0.8345
    4678       0.8942
    4679       0.8865
    4680       0.9179
    4681       0.9349
    4682       1.0488
    4683       0.9933
    4684       0.9933
    4685       0.9587
    4686       0.8436
    4687       0.9416
    4688       0.8953
    4689       0.8643
    4690       0.9057
    4691       0.9631
    4692       0.8500
    4693       0.9485
    4694       0.9030
    4695       0.7970
    4696       0.8743
    4697       0.8541
    4698       0.7988
    4699       0.8199
    4700       0.7957
    4701       0.9506
    4702       0.9084
    4703       0.8227
    4704       0.7629
    4705       0.8254
    4706       0.8206
    4707       0.8270
    4708       0.8131
    4709       0.8704
    4710       0.8460
    4711       0.8902
    4712       0.8856
    4713       0.8989
    4714       0.8247
    4715       0.7793
    4716       0.8381
    4717       0.8710
    4718       0.8355
    4719       0.8471
    4720       0.7827
    4721       0.8053
    4722       0.8310
    4723       0.8149
    4724       0.8292
    4725       0.8616
    4726       0.8928
    4727       0.8204
    4728       0.8285
    4729       0.9012
    4730       0.9038
    4731       0.8977
    4732       0.8431
    4733       0.9091
    4734       0.8468
    4735       0.8899
    4736       0.8956
    4737       1.0555
    4738       1.0431
    4739       0.8863
    4740       0.8060
    4741       0.8989
    4742       0.8843
    4743       0.8249
    4744       0.7945
    4745       0.8557
    4746       0.8737
    4747       0.9161
    4748       0.8644
    4749       0.9086
    4750       0.8439
    4751       0.8816
    4752       0.9243
    4753       0.8547
    4754       0.9460
    4755       0.8080
    4756       0.8592
    4757       0.8926
    4758       0.8654
    4759       0.8878
    4760       0.9145
    4761       0.8968
    4762       0.8405
    4763       0.8836
    4764       1.0129
    4765       1.0454
    4766       0.9970
    4767       1.0039
    4768       0.9163
    4769       0.9390
    4770       0.9543
    4771       0.9128
    4772       0.7823
    4773       0.8682
    4774       0.9370
    4775       0.8751
    4776       1.0294
    4777       0.8155
    4778       0.8212
    4779       0.7977
    4780       0.8805
    4781       0.8474
    4782       0.8457
    4783       0.8908
    4784       0.8159
    4785       0.8817
    4786       0.8484
    4787       0.7572
    4788       0.8648
    4789       0.8471
    4790       0.8138
    4791       0.8348
    4792       0.8782
    4793       0.9442
    4794       0.9799
    4795       0.8354
    4796       0.8445
    4797       0.8864
    4798       0.7921
    4799       0.8470
    4800       0.8300
    4801       0.8562
    4802       0.9392
    4803       0.8268
    4804       0.7545
    4805       0.9343
    4806       0.8561
    4807       0.8191
    4808       0.9965
    4809       0.8741
    4810       0.8386
    4811       0.8311
    4812       0.8269
    4813       0.7812
    4814       0.9162
    4815       0.9702
    4816       0.9195
    4817       0.7192
    4818       0.6296
    4819       0.8111
    4820       0.7990
    4821       0.7512
    4822       0.7217
    4823       0.7066
    4824       0.7087
    4825       0.7750
    4826       0.9023
    4827       0.7891
    4828       0.8448
    4829       0.7808
    4830       0.7842
    4831       0.8122
    4832       0.8853
    4833       0.8612
    4834       0.7005
    4835       0.8219
    4836       0.7497
    4837       0.7406
    4838       0.7503
    4839       0.7937
    4840       0.8685
    4841       0.8866
    4842       0.9159
    4843       0.7559
    4844       0.7868
    4845       0.7445
    4846       0.8102
    4847       0.7402
    4848       0.8115
    4849       0.8636
    4850       0.8469
    4851       0.7999
    4852       0.8559
    4853       0.8066
    4854       0.8377
    4855       0.7961
    4856       0.7352
    4857       0.8195
    4858       0.7622
    4859       0.7607
    4860       0.7396
    4861       0.8017
    4862       0.8405
    4863       0.8153
    4864       0.8378
    4865       0.8571
    4866       0.7556
    4867       0.8496
    4868       0.8285
    4869       0.7732
    4870       0.7800
    4871       0.8595
    4872       0.9089
    4873       0.8508
    4874       0.7921
    4875       0.8080
    4876       0.9075
    4877       0.7844
    4878       0.7027
    4879       0.7942
    4880       0.8070
    4881       0.7728
    4882       0.9331
    4883       0.8601
    4884       0.8398
    4885       0.8380
    4886       0.8078
    4887       0.7967
    4888       0.9330
    4889       0.8866
    4890       0.8183
    4891       0.8803
    4892       0.8846
    4893       0.8475
    4894       0.8509
    4895       0.8660
    4896       0.9036
    4897       0.9350
    4898       0.8479
    4899       0.7457
    4900       0.8213
    4901       0.8017
    4902       0.7822
    4903       0.8405
    4904       0.9066
    4905       0.8669
    4906       0.9726
    4907       0.8864
    4908       0.9520
    4909       0.7868
    4910       0.7658
    4911       0.7311
    4912       0.8347
    4913       0.7671
    4914       0.8836
    4915       0.7761
    4916       0.7995
    4917       0.8954
    4918       0.8377
    4919       0.8148
    4920       0.8517
    4921       0.8048
    4922       0.9526
    4923       0.9353
    4924       0.8080
    4925       0.8187
    4926       0.8053
    4927       0.7867
    4928       0.7622
    4929       0.8352
    4930       0.7802
    4931       0.8991
    4932       0.6978
    4933       0.7950
    4934       0.8216
    4935       0.8972
    4936       0.7959
    4937       0.6019
    4938       0.7471
    4939       0.7968
    4940       0.7096
    4941       0.7064
    4942       0.7388
    4943       0.8461
    4944       0.7150
    4945       0.7814
    4946       0.9092
    4947       0.8297
    4948       0.7422
    4949       0.7903
    4950       0.8603
    4951       0.8634
    4952       0.9509
    4953       0.8260
    4954       0.8794
    4955       0.8352
    4956       0.7385
    4957       0.7306
    4958       0.6954
    4959       0.7331
    4960       0.7069
    4961       0.8148
    4962       0.7971
    4963       0.7747
    4964       0.8614
    4965       0.8604
    4966       0.8207
    4967       0.7703
    4968       0.6824
    4969       0.7586
    4970       0.7115
    4971       0.6998
    4972       0.7746
    4973       0.7871
    4974       0.7749
    4975       0.7830
    4976       0.7030
    4977       0.8248
    4978       0.7537
    4979       0.7861
    4980       0.7148
    4981       0.6625
    4982       0.7121
    4983       0.7299
    4984       0.7915
    4985       0.8173
    4986       0.6912
    4987       0.6876
    4988       0.6821
    4989       0.7878
    4990       0.8160
    4991       0.6942
    4992       0.9250
    4993       0.9699
    4994       0.8215
    4995       0.9262
    4996       0.9800
    4997       0.9177
    4998       0.8050
    4999       0.9154
    5000       0.8851
    5001       0.9251
    5002       0.8367
    5003       0.8745
    5004       0.8542
    5005       0.7669
    5006       0.9305
    5007       0.7690
    5008       0.7006
    5009       0.8028
    5010       0.8345
    5011       0.7552
    5012       0.7892
    5013       0.7990
    5014       0.8573
    5015       0.7756
    5016       0.9101
    5017       0.7829
    5018       0.6956
    5019       0.7724
    5020       0.7402
    5021       0.7884
    5022       0.7030
    5023       0.6999
    5024       0.7020
    5025       0.6745
    5026       0.7046
    5027       0.8260
    5028       0.9240
    5029       0.7947
    5030       0.7124
    5031       0.7012
    5032       0.7717
    5033       0.8137
    5034       0.7512
    5035       0.8508
    5036       0.7923
    5037       0.7085
    5038       0.7584
    5039       0.7954
    5040       0.7887
    5041       0.7516
    5042       0.7580
    5043       0.7742
    5044       0.7654
    5045       0.8433
    5046       0.8334
    5047       0.8076
    5048       0.7359
    5049       0.7502
    5050       0.7256
    5051       0.7776
    5052       0.7684
    5053       0.7586
    5054       0.7241
    5055       0.6656
    5056       0.7764
    5057       0.7307
    5058       0.8205
    5059       0.7563
    5060       0.8176
    5061       0.7998
    5062       0.8069
    5063       0.7662
    5064       0.7523
    5065       0.7958
    5066       0.7389
    5067       0.6339
    5068       0.6764
    5069       0.8311
    5070       0.7292
    5071       0.6950
    5072       0.8393
    5073       0.8268
    5074       0.6817
    5075       0.8899
    5076       0.8859
    5077       0.9088
    5078       0.7914
    5079       0.6601
    5080       0.6418
    5081       0.7327
    5082       0.8647
    5083       0.7301
    5084       0.7138
    5085       0.7041
    5086       0.7784
    5087       0.8125
    5088       0.8398
    5089       0.7652
    5090       0.7922
    5091       0.8463
    5092       0.6616
    5093       0.8196
    5094       0.8348
    5095       0.7715
    5096       0.8341
    5097       0.8342
    5098       0.9089
    5099       0.9447
    5100       0.8834
    5101       0.8653
    5102       0.9581
    5103       0.9262
    5104       0.8309
    5105       0.8162
    5106       0.8466
    5107       0.8958
    5108       0.9017
    5109       0.8682
    5110       0.8770
    5111       0.9244
    5112       0.9592
    5113       0.9951
    5114       0.9553
    5115       1.0540
    5116       1.0842
    5117       1.1760
    5118       1.0578
    5119       1.0087
    5120       1.0029
    5121       0.9046
    5122       0.9673
    5123       1.0947
    5124       0.9166
    5125       0.8327
    5126       0.9370
    5127       1.1071
    5128       1.0292
    5129       1.0124
    5130       1.1170
    5131       1.0319
    5132       0.9166
    5133       1.0414
    5134       0.8659
    5135       0.8692
    5136       0.8387
    5137       0.9313
    5138       1.0049
    5139       0.8722
    5140       0.9635
    5141       0.8801
    5142       1.0022
    5143       1.0223
    5144       0.8570
    5145       1.0647
    5146       0.9902
    5147       1.0114
    5148       1.0058
    5149       0.9079
    5150       0.8928
    5151       0.9507
    5152       1.0912
    5153       0.8801
    5154       0.7881
    5155       0.7777
    5156       0.9887
    5157       0.9264
    5158       0.8705
    5159       0.8063
    5160       0.8051
    5161       0.8176
    5162       0.9102
    5163       0.9085
    5164       0.8043
    5165       0.8805
    5166       0.7878
    5167       0.7452
    5168       0.7674
    5169       0.7823
    5170       0.8129
    5171       0.8050
    5172       0.6832
    5173       0.6791
    5174       0.8156
    5175       0.8026
    5176       0.7991
    5177       0.7473
    5178       0.8518
    5179       0.8458
    5180       0.9931
    5181       1.0478
    5182       0.8727
    5183       0.9450
    5184       0.9290
    5185       0.9023
    5186       0.9216
    5187       0.9418
    5188       0.7998
    5189       1.0149
    5190       1.0308
    5191       0.9602
    5192       0.9070
    5193       0.8281
    5194       0.8763
    5195       0.8651
    5196       1.0162
    5197       0.9983
    5198       1.0239
    5199       1.0063
    5200       0.9991
    5201       0.9932
    5202       0.9827
    5203       1.0040
    5204       0.9624
    5205       1.0467
    5206       0.8983
    5207       0.9590
    5208       0.9580
    5209       1.0344
    5210       0.8406
    5211       0.8948
    5212       0.8042
    5213       0.6785
    5214       0.7520
    5215       0.7817
    5216       0.7129
    5217       0.6508
    5218       0.8465
    5219       0.7527
    5220       0.7537
    5221       0.7565
    5222       0.7840
    5223       0.7249
    5224       0.7905
    5225       0.8090
    5226       0.8327
    5227       0.7345
    5228       0.8251
    5229       0.7782
    5230       0.7235
    5231       0.8573
    5232       0.8153
    5233       0.6665
    5234       0.7050
    5235       0.7311
    5236       0.7715
    5237       0.8054
    5238       0.9565
    5239       0.9302
    5240       0.8746
    5241       0.9030
    5242       0.7553
    5243       0.8568
    5244       0.7382
    5245       0.7425
    5246       0.7696
    5247       0.7857
    5248       0.7516
    5249       0.6703
    5250       0.7077
    5251       0.7390
    5252       0.7177
    5253       0.8294
    5254       0.8240
    5255       0.8329
    5256       0.8102
    5257       0.7604
    5258       0.8580
    5259       0.7923
    5260       0.6814
    5261       0.6564
    5262       0.7483
    5263       0.7012
    5264       0.8617
    5265       0.8512
    5266       0.8117
    5267       0.8234
    5268       0.8237
    5269       0.7508
    5270       0.7828
    5271       0.6934
    5272       0.6530
    5273       0.7496
    5274       0.6685
    5275       0.7592
    5276       0.8368
    5277       0.7537
    5278       0.7693
    5279       0.7711
    5280       0.8520
    5281       0.8550
    5282       0.7174
    5283       0.7226
    5284       0.6670
    5285       0.7563
    5286       0.6990
    5287       0.7657
    5288       0.8836
    5289       0.7962
    5290       0.7986
    5291       0.8573
    5292       0.8808
    5293       0.7433
    5294       0.8239
    5295       0.8792
    5296       0.7016
    5297       0.7323
    5298       0.7428
    5299       0.7525
    5300       0.7220
    5301       0.8755
    5302       0.6786
    5303       0.8487
    5304       0.8307
    5305       0.6215
    5306       0.5812
    5307       0.6573
    5308       0.7185
    5309       0.8678
    5310       0.8518
    5311       0.9718
    5312       0.8821
    5313       0.9867
    5314       0.8314
    5315       1.0326
    5316       0.8148
    5317       0.8202
    5318       0.9131
    5319       0.9565
    5320       0.9957
    5321       0.9039
    5322       0.8609
    5323       0.6936
    5324       0.8428
    5325       0.8283
    5326       0.9002
    5327       0.8587
    5328       0.8294
    5329       0.7645
    5330       0.8485
    5331       0.8490
    5332       0.7738
    5333       0.8501
    5334       0.8938
    5335       0.8292
    5336       0.8483
    5337       0.8450
    5338       0.7331
    5339       0.8482
    5340       0.9835
    5341       0.8901
    5342       0.8756
    5343       0.8381
    5344       0.8313
    5345       0.7660
    5346       0.8431
    5347       0.9698
    5348       0.8600
    5349       0.8309
    5350       0.7908
    5351       0.7643
    5352       0.7949
    5353       0.6906
    5354       0.7584
    5355       0.8363
    5356       0.7435
    5357       0.7813
    5358       0.8148
    5359       0.7671
    5360       0.9042
    5361       0.7448
    5362       0.9293
    5363       0.7619
    5364       0.7124
    5365       0.8704
    5366       0.7474
    5367       0.7319
    5368       0.7240
    5369       0.7794
    5370       0.7217
    5371       0.8224
    5372       0.7623
    5373       0.7318
    5374       0.6706
    5375       0.7656
    5376       0.7527
    5377       0.7229
    5378       0.7575
    5379       0.8391
    5380       0.7544
    5381       0.7664
    5382       0.7526
    5383       0.7407
    5384       0.7955
    5385       0.8252
    5386       0.7075
    5387       0.7692
    5388       0.7382
    5389       0.7821
    5390       0.7864
    5391       0.8238
    5392       0.7593
    5393       0.8156
    5394       0.8816
    5395       0.8013
    5396       0.8111
    5397       0.7679
    5398       0.6780
    5399       0.6731
    5400       0.7870
    5401       0.7520
    5402       0.7501
    5403       0.6793
    5404       0.8160
    5405       0.8538
    5406       0.8062
    5407       0.8532
    5408       0.8591
    5409       0.7554
    5410       0.8045
    5411       0.8580
    5412       0.9654
    5413       0.8580
    5414       0.7868
    5415       0.7726
    5416       0.7765
    5417       0.7580
    5418       0.7281
    5419       0.7853
    5420       0.7768
    5421       0.6801
    5422       0.6934
    5423       0.7698
    5424       0.7511
    5425       0.6725
    5426       0.7186
    5427       0.7445
    5428       0.7431
    5429       0.7393
    5430       0.7113
    5431       0.7046
    5432       0.8302
    5433       0.8916
    5434       0.7608
    5435       0.6865
    5436       0.7582
    5437       0.6470
    5438       0.6873
    5439       0.6719
    5440       0.6976
    5441       0.6859
    5442       0.7278
    5443       0.6311
    5444       0.7583
    5445       0.6948
    5446       0.8598
    5447       0.7304
    5448       0.7639
    5449       0.8295
    5450       0.8360
    5451       0.7170
    5452       0.7204
    5453       0.8584
    5454       0.7946
    5455       0.7840
    5456       0.8172
    5457       0.7931
    5458       0.7352
    5459       0.7141
    5460       0.7578
    5461       0.7467
    5462       0.7267
    5463       0.7254
    5464       0.6983
    5465       0.5965
    5466       0.6869
    5467       0.6813
    5468       0.8045
    5469       0.8472
    5470       0.7660
    5471       0.7044
    5472       0.7726
    5473       0.7873
    5474       0.9201
    5475       0.8375
    5476       0.8123
    5477       0.7763
    5478       0.8221
    5479       0.7803
    5480       0.8089
    5481       0.7809
    5482       0.7551
    5483       0.7708
    5484       0.8088
    5485       0.7478
    5486       0.6508
    5487       0.6603
    5488       0.6141
    5489       0.8158
    5490       0.8576
    5491       0.7112
    5492       0.9393
    5493       0.8252
    5494       0.8024
    5495       0.8409
    5496       0.9545
    5497       0.8010
    5498       0.7797
    5499       0.8136
    5500       0.8489
    5501       1.0262
    5502       0.9489
    5503       0.7518
    5504       0.7835
    5505       0.7455
    5506       0.7347
    5507       0.8101
    5508       0.8769
    5509       0.7821
    5510       0.8236
    5511       0.7406
    5512       0.7270
    5513       0.7027
    5514       0.6906
    5515       0.7010
    5516       0.8579
    5517       0.7894
    5518       0.8664
    5519       0.8712
    5520       0.7849
    5521       0.7957
    5522       0.7951
    5523       0.7181
    5524       0.7905
    5525       0.8782
    5526       0.8665
    5527       0.8884
    5528       0.9491
    5529       0.7705
    5530       0.9288
    5531       0.7854
    5532       0.8696
    5533       0.7875
    5534       0.8139
    5535       0.7695
    5536       0.8154
    5537       0.7398
    5538       0.9948
    5539       0.8893
    5540       0.8308
    5541       0.9129
    5542       0.8920
    5543       0.8365
    5544       0.8068
    5545       0.9555
    5546       0.8384
    5547       0.8318
    5548       0.8103
    5549       0.7775
    5550       0.7738
    5551       0.7310
    5552       0.7412
    5553       0.8755
    5554       0.7703
    5555       0.8577
    5556       0.7857
    5557       0.7861
    5558       0.7556
    5559       0.8161
    5560       0.7872
    5561       0.7032
    5562       0.7106
    5563       0.7864
    5564       0.6989
    5565       0.6639
    5566       0.7469
    5567       0.8201
    5568       0.7594
    5569       0.7120
    5570       0.7069
    5571       0.7367
    5572       0.8693
    5573       0.8369
    5574       0.8508
    5575       0.7318
    5576       0.8412
    5577       0.8278
    5578       0.8415
    5579       0.8154
    5580       0.9177
    5581       0.8319
    5582       0.7762
    5583       0.8187
    5584       0.8495
    5585       0.8670
    5586       0.8672
    5587       0.8754
    5588       0.8150
    5589       0.7976
    5590       0.7672
    5591       0.6721
    5592       0.7942
    5593       0.7546
    5594       0.7686
    5595       0.7963
    5596       0.8440
    5597       0.9110
    5598       0.8136
    5599       0.7332
    5600       0.8536
    5601       0.8248
    5602       0.7525
    5603       0.7963
    5604       0.8557
    5605       0.7374
    5606       0.7678
    5607       0.7953
    5608       0.8839
    5609       0.8179
    5610       0.8157
    5611       0.7923
    5612       0.7986
    5613       0.7819
    5614       0.8441
    5615       0.7298
    5616       0.8035
    5617       0.7872
    5618       0.8558
    5619       0.8024
    5620       0.8106
    5621       0.7123
    5622       0.7476
    5623       0.7428
    5624       0.7219
    5625       0.7938
    5626       0.9482
    5627       0.9226
    5628       0.7978
    5629       0.7417
    5630       0.8079
    5631       0.8453
    5632       0.9109
    5633       0.9287
    5634       0.8386
    5635       0.7664
    5636       0.8555
    5637       0.8096
    5638       0.7772
    5639       0.8373
    5640       0.8547
    5641       0.7688
    5642       0.8265
    5643       0.8880
    5644       0.7650
    5645       0.7779
    5646       0.7197
    5647       0.6881
    5648       0.8115
    5649       0.6518
    5650       0.7499
    5651       0.8518
    5652       0.7072
    5653       0.7674
    5654       0.7459
    5655       0.7779
    5656       0.8070
    5657       0.7701
    5658       0.7951
    5659       0.7346
    5660       0.8524
    5661       0.7759
    5662       0.8254
    5663       0.8059
    5664       0.8424
    5665       0.7915
    5666       0.8665
    5667       0.9543
    5668       0.9159
    5669       0.9283
    5670       0.8036
    5671       0.7490
    5672       0.7861
    5673       0.7908
    5674       0.8551
    5675       0.8576
    5676       0.7812
    5677       0.7964
    5678       0.7282
    5679       0.7324
    5680       0.7857
    5681       0.8259
    5682       0.8511
    5683       0.8501
    5684       0.7640
    5685       0.7820
    5686       0.7502
    5687       0.8406
    5688       0.7940
    5689       0.8779
    5690       0.8359
    5691       0.8764
    5692       0.8745
    5693       0.9012
    5694       0.8859
    5695       0.8191
    5696       0.8198
    5697       0.8643
    5698       0.7971
    5699       0.8584
    5700       0.7786
    5701       0.9186
    5702       0.8710
    5703       0.8632
    5704       0.8981
    5705       0.8348
    5706       0.9353
    5707       0.8818
    5708       0.7233
    5709       0.7669
    5710       0.7522
    5711       0.7998
    5712       0.8931
    5713       0.8949
    5714       0.8563
    5715       0.9236
    5716       0.7836
    5717       0.7373
    5718       1.0058
    5719       1.0975
    5720       0.9800
    5721       1.0491
    5722       1.0101
    5723       0.9305
    5724       0.9896
    5725       0.8875
    5726       0.9138
    5727       0.9656
    5728       0.9352
    5729       0.9314
    5730       0.8017
    5731       0.8129
    5732       1.0304
    5733       1.0028
    5734       0.9742
    5735       0.9115
    5736       1.0541
    5737       1.0036
    5738       0.9572
    5739       0.9796
    5740       0.9112
    5741       0.8427
    5742       0.8381
    5743       0.8195
    5744       0.9018
    5745       0.9344
    5746       0.8672
    5747       0.8797
    5748       0.7064
    5749       0.7589
    5750       0.6831
    5751       0.6995
    5752       0.7660
    5753       0.8218
    5754       0.8464
    5755       0.8582
    5756       0.7447
    5757       0.8979
    5758       0.8419
    5759       0.8984
    5760       0.8893
    5761       0.9794
    5762       0.9747
    5763       0.9380
    5764       0.9680
    5765       0.9514
    5766       1.1161
    5767       0.9775
    5768       0.8186
    5769       0.8100
    5770       0.6880
    5771       0.7322
    5772       0.8596
    5773       0.9483
    5774       0.9124
    5775       0.8912
    5776       0.9384
    5777       0.8856
    5778       0.8558
    5779       0.9694
    5780       0.8655
    5781       0.9779
    5782       0.9202
    5783       0.9727
    5784       0.9107
    5785       0.9281
    5786       0.9522
    5787       0.9957
    5788       0.9840
    5789       0.9492
    5790       1.1040
    5791       1.1073
    5792       0.9953
    5793       1.0320
    5794       1.0128
    5795       0.8052
    5796       0.9314
    5797       0.8692
    5798       0.8673
    5799       0.9567
    5800       0.9735
    5801       1.0003
    5802       0.8386
    5803       0.8821
    5804       0.8635
    5805       0.9820
    5806       0.9447
    5807       0.8514
    5808       0.8414
    5809       0.8493
    5810       0.8731
    5811       0.8824
    5812       0.8434
    5813       0.7902
    5814       0.8468
    5815       0.8537
    5816       0.8968
    5817       0.7786
    5818       0.7917
    5819       0.8565
    5820       0.7666
    5821       0.9161
    5822       0.8793
    5823       0.8768
    5824       0.8696
    5825       0.8925
    5826       0.9111
    5827       0.7941
    5828       0.8108
    5829       0.7579
    5830       0.6776
    5831       0.7734
    5832       0.8726
    5833       0.8048
    5834       0.7997
    5835       0.8101
    5836       0.8363
    5837       0.8999
    5838       0.8895
    5839       0.8552
    5840       0.8877
    5841       0.8442
    5842       0.7988
    5843       0.8214
    5844       0.8304
    5845       0.7760
    5846       0.9542
    5847       0.8379
    5848       0.9289
    5849       1.0380
    5850       0.9807
    5851       1.0799
    5852       0.9470
    5853       0.9560
    5854       0.8751
    5855       0.8373
    5856       0.8994
    5857       0.8985
    5858       0.8141
    5859       0.8996
    5860       0.7404
    5861       0.7806
    5862       0.8637
    5863       1.0656
    5864       0.9360
    5865       0.9506
    5866       0.8863
    5867       0.9391
    5868       0.9308
    5869       0.8386
    5870       0.9358
    5871       0.9036
    5872       0.9144
    5873       0.8069
    5874       0.7674
    5875       0.8896
    5876       0.8451
    5877       0.9970
    5878       0.8566
    5879       0.9251
    5880       0.8699
    5881       0.9476
    5882       0.8798
    5883       0.8730
    5884       0.8951
    5885       0.7786
    5886       0.8929
    5887       0.9258
    5888       0.8497
    5889       0.8926
    5890       1.0370
    5891       0.8719
    5892       0.8190
    5893       0.7414
    5894       0.8435
    5895       0.7868
    5896       0.8221
    5897       0.8685
    5898       0.9179
    5899       0.9490
    5900       0.9695
    5901       0.9676
    5902       0.8320
    5903       0.9030
    5904       0.9608
    5905       0.9089
    5906       0.9337
    5907       0.9707
    5908       0.9178
    5909       0.8593
    5910       0.8014
    5911       0.9584
    5912       0.9125
    5913       0.8670
    5914       0.8400
    5915       0.9816
    5916       1.0634
    5917       1.0354
    5918       0.9938
    5919       1.0491
    5920       1.0132
    5921       1.0758
    5922       1.0283
    5923       1.0741
    5924       0.9996
    5925       0.9968
    5926       1.0395
    5927       0.8717
    5928       0.9434
    5929       0.8237
    5930       0.8387
    5931       0.9040
    5932       0.9029
    5933       0.8389
    5934       0.9127
    5935       0.8333
    5936       0.8830
    5937       0.9283
    5938       0.9140
    5939       0.7756
    5940       0.8283
    5941       0.8371
    5942       0.7513
    5943       0.7718
    5944       0.9617
    5945       0.8792
    5946       0.9023
    5947       0.9694
    5948       1.1251
    5949       0.9476
    5950       1.0207
    5951       0.9948
    5952       0.9535
    5953       1.0131
    5954       0.9114
    5955       0.9031
    5956       0.9504
    5957       1.0185
    5958       1.0337
    5959       1.0164
    5960       1.0966
    5961       0.9564
    5962       0.9219
    5963       0.9616
    5964       0.9451
    5965       1.0240
    5966       0.9426
    5967       1.0329
    5968       1.2033
    5969       1.0213
    5970       1.0754
    5971       0.9812
    5972       1.0477
    5973       0.9524
    5974       0.9391
    5975       0.9690
    5976       1.0898
    5977       1.0385
    5978       0.8882
    5979       0.7853
    5980       0.9942
    5981       0.9282
    5982       0.9182
    5983       0.8813
    5984       0.9770
    5985       0.9940
    5986       0.8445
    5987       0.7107
    5988       0.7273
    5989       0.7005
    5990       0.7122
    5991       0.7708
    5992       0.8155
    5993       0.7822
    5994       0.7679
    5995       0.8221
    5996       0.7777
    5997       0.9676
    5998       1.0143
    5999       1.0411
    6000       0.9619
    6001       1.1921
    6002       1.0227
    6003       1.0477
    6004       1.0946
    6005       0.9556
    6006       1.1099
    6007       1.0198
    6008       1.0136
    6009       1.0303
    6010       1.0681
    6011       1.0793
    6012       0.9885
    6013       1.0048
    6014       0.9901
    6015       1.0241
    6016       1.0377
    6017       1.1359
    6018       1.0320
    6019       1.0158
    6020       1.2706
    6021       1.1499
    6022       1.1168
    6023       1.0370
    6024       0.9025
    6025       0.9261
    6026       0.9841
    6027       0.9478
    6028       1.0429
    6029       1.0316
    6030       0.9253
    6031       1.0693
    6032       1.1016
    6033       1.0054
    6034       1.0955
    6035       1.0323
    6036       0.9937
    6037       1.0443
    6038       1.0037
    6039       0.9929
    6040       1.0891
    6041       1.1371
    6042       1.0230
    6043       0.9627
    6044       1.0763
    6045       0.9979
    6046       0.9820
    6047       1.1772
    6048       1.0404
    6049       1.0939
    6050       1.0262
    6051       0.9380
    6052       1.0063
    6053       1.0265
    6054       0.9449
    6055       0.9847
    6056       0.8972
    6057       0.9799
    6058       0.8051
    6059       0.9258
    6060       1.1392
    6061       1.0893
    6062       1.0080
    6063       1.0540
    6064       1.0666
    6065       1.0059
    6066       0.9917
    6067       0.8382
    6068       1.0069
    6069       0.9908
    6070       0.9147
    6071       1.1253
    6072       0.9329
    6073       0.7946
    6074       0.9374
    6075       0.8056
    6076       0.8420
    6077       0.8741
    6078       0.9068
    6079       0.9643
    6080       0.9631
    6081       0.9508
    6082       1.1383
    6083       1.1294
    6084       1.0083
    6085       1.0278
    6086       1.0144
    6087       1.1125
    6088       1.0652
    6089       1.1123
    6090       0.9552
    6091       1.0025
    6092       0.9791
    6093       0.9659
    6094       0.9517
    6095       0.8808
    6096       0.9911
    6097       0.9167
    6098       0.9030
    6099       0.9780
    6100       1.0977
    6101       0.9797
    6102       1.0826
    6103       1.1137
    6104       1.2160
    6105       1.0964
    6106       1.0257
    6107       0.9882
    6108       1.0126
    6109       0.9264
    6110       0.9415
    6111       1.0491
    6112       0.9597
    6113       1.0554
    6114       1.0415
    6115       0.9434
    6116       1.0158
    6117       0.8298
    6118       0.8297
    6119       1.0044
    6120       1.1033
    6121       0.9333
    6122       0.9458
    6123       1.0544
    6124       0.9733
    6125       0.8657
    6126       1.0342
    6127       0.8721
    6128       0.9513
    6129       1.0797
    6130       1.0381
    6131       1.0278
    6132       0.9243
    6133       0.8621
    6134       0.9183
    6135       0.9359
    6136       0.8385
    6137       0.9393
    6138       0.9008
    6139       1.0177
    6140       1.0409
    6141       0.9227
    6142       0.9923
    6143       0.9889
    6144       1.0045
    6145       1.0664
    6146       0.8661
    6147       0.9192
    6148       0.8725
    6149       0.8895
    6150       0.9743
    6151       0.9081
    6152       0.8761
    6153       0.8627
    6154       0.9652
    6155       0.8665
    6156       0.8247
    6157       0.9398
    6158       0.8850
    6159       0.9209
    6160       0.9267
    6161       0.9849
    6162       1.0397
    6163       0.9524
    6164       0.9775
    6165       1.0193
    6166       0.9373
    6167       0.9751
    6168       0.8703
    6169       1.0077
    6170       1.0066
    6171       0.8822
    6172       1.1617
    6173       1.0337
    6174       0.9769
    6175       0.9169
    6176       0.8666
    6177       0.8812
    6178       1.0614
    6179       1.0683
    6180       1.0345
    6181       1.1336
    6182       0.9780
    6183       0.9265
    6184       0.8147
    6185       0.9069
    6186       0.9300
    6187       0.9644
    6188       0.9595
    6189       0.9371
    6190       0.8535
    6191       0.8134
    6192       0.8072
    6193       0.7506
    6194       0.9779
    6195       0.9527
    6196       0.7464
    6197       0.8504
    6198       0.8456
    6199       0.7740
    6200       0.8498
    6201       0.8203
    6202       0.8829
    6203       0.8837
    6204       0.8952
    6205       0.9188
    6206       0.8777
    6207       0.8703
    6208       0.8898
    6209       0.8995
    6210       0.8368
    6211       0.9260
    6212       0.7826
    6213       0.7853
    6214       0.8794
    6215       0.8392
    6216       1.0229
    6217       0.9731
    6218       0.9184
    6219       0.9041
    6220       0.8676
    6221       0.9174
    6222       0.9845
    6223       0.7878
    6224       0.9273
    6225       0.8757
    6226       0.9114
    6227       0.8969
    6228       0.9128
    6229       1.0372
    6230       0.9463
    6231       1.0079
    6232       1.0203
    6233       0.9622
    6234       0.9792
    6235       0.9736
    6236       0.8459
    6237       0.8214
    6238       0.8325
    6239       0.8574
    6240       0.8782
    6241       0.7638
    6242       0.8298
    6243       0.7814
    6244       0.7484
    6245       0.8132
    6246       0.8210
    6247       0.8697
    6248       0.8389
    6249       0.8496
    6250       0.7294
    6251       0.9074
    6252       0.8066
    6253       0.9435
    6254       0.9134
    6255       0.8267
    6256       0.9128
    6257       0.8174
    6258       0.9623
    6259       1.0398
    6260       1.0324
    6261       0.9151
    6262       0.8638
    6263       0.9579
    6264       0.9941
    6265       0.8987
    6266       0.9520
    6267       1.0530
    6268       0.9969
    6269       1.0172
    6270       1.0630
    6271       1.0292
    6272       1.0246
    6273       0.9555
    6274       0.9248
    6275       0.8788
    6276       0.8361
    6277       0.8079
    6278       0.8018
    6279       0.7319
    6280       0.7790
    6281       0.9089
    6282       0.9103
    6283       0.9215
    6284       1.0385
    6285       0.9592
    6286       0.9196
    6287       0.8136
    6288       0.8743
    6289       0.8915
    6290       0.8710
    6291       0.9142
    6292       0.9445
    6293       0.9354
    6294       0.9332
    6295       0.9813
    6296       1.0057
    6297       0.9948
    6298       0.8970
    6299       0.9136
    6300       0.8950
    6301       0.9283
    6302       0.9021
    6303       0.9440
    6304       0.8317
    6305       0.9273
    6306       0.9519
    6307       0.8496
    6308       0.8627
    6309       0.8386
    6310       0.8544
    6311       0.7601
    6312       0.8414
    6313       0.7623
    6314       0.6993
    6315       0.9672
    6316       0.8900
    6317       0.8611
    6318       0.7515
    6319       0.8175
    6320       0.8171
    6321       0.7984
    6322       0.8894
    6323       0.7982
    6324       0.8408
    6325       0.7954
    6326       0.6681
    6327       0.6588
    6328       0.7198
    6329       0.6568
    6330       0.8273
    6331       0.6480
    6332       0.7389
    6333       0.6962
    6334       0.7100
    6335       0.7032
    6336       0.7225
    6337       0.6384
    6338       0.7101
    6339       0.7332
    6340       0.5646
    6341       0.6515
    6342       0.6394
    6343       0.7210
    6344       0.7164
    6345       0.6634
    6346       0.7361
    6347       0.6646
    6348       0.7020
    6349       0.7898
    6350       0.7682
    6351       0.7771
    6352       0.7283
    6353       0.6272
    6354       0.6480
    6355       0.7069
    6356       0.5937
    6357       0.7268
    6358       0.7143
    6359       0.7096
    6360       0.7099
    6361       0.6974
    6362       0.6782
    6363       0.6947
    6364       0.8574
    6365       0.7019
    6366       0.6864
    6367       0.6968
    6368       0.6833
    6369       0.7034
    6370       0.6246
    6371       0.6323
    6372       0.6586
    6373       0.6919
    6374       0.7787
    6375       0.6873
    6376       0.6094
    6377       0.7928
    6378       0.7744
    6379       0.8158
    6380       0.7057
    6381       0.7788
    6382       0.7568
    6383       0.7097
    6384       0.7051
    6385       0.6838
    6386       0.7420
    6387       0.7841
    6388       0.8331
    6389       0.8000
    6390       0.8040
    6391       0.8431
    6392       0.8251
    6393       1.0148
    6394       0.9259
    6395       0.9375
    6396       0.8592
    6397       0.8723
    6398       0.8805
    6399       0.8590
    6400       0.8651
    6401       0.8547
    6402       0.7744
    6403       0.8964
    6404       0.8436
    6405       0.8536
    6406       0.9149
    6407       0.9873
    6408       0.8915
    6409       0.9428
    6410       0.9777
    6411       0.8596
    6412       0.8790
    6413       0.9331
    6414       0.8992
    6415       0.8778
    6416       0.9516
    6417       0.8054
    6418       0.9950
    6419       0.9344
    6420       0.9268
    6421       0.8506
    6422       0.8927
    6423       0.8467
    6424       0.9278
    6425       0.8385
    6426       0.7497
    6427       0.8646
    6428       0.8169
    6429       0.8241
    6430       0.7706
    6431       0.7612
    6432       0.8353
    6433       0.8718
    6434       0.9340
    6435       0.8466
    6436       0.9643
    6437       0.8188
    6438       0.8162
    6439       0.7946
    6440       0.7585
    6441       0.8523
    6442       0.8202
    6443       0.8141
    6444       0.8121
    6445       0.8949
    6446       0.9150
    6447       0.8114
    6448       0.7494
    6449       0.7159
    6450       0.7880
    6451       0.7532
    6452       0.8309
    6453       0.7496
    6454       0.8021
    6455       0.7976
    6456       0.7451
    6457       0.8205
    6458       0.9481
    6459       0.9288
    6460       0.9092
    6461       0.9264
    6462       0.9838
    6463       0.8248
    6464       1.0011
    6465       0.9723
    6466       1.0034
    6467       0.9810
    6468       0.8299
    6469       0.7314
    6470       0.7542
    6471       0.7166
    6472       0.8021
    6473       0.8208
    6474       0.8358
    6475       0.9141
    6476       0.8954
    6477       0.8301
    6478       0.8211
    6479       0.7940
    6480       0.8132
    6481       0.9217
    6482       0.8907
    6483       0.8293
    6484       0.9396
    6485       0.7881
    6486       0.8039
    6487       0.8270
    6488       0.6764
    6489       0.7119
    6490       0.7457
    6491       0.7960
    6492       0.7457
    6493       0.7206
    6494       0.7047
    6495       0.7822
    6496       0.7690
    6497       0.6984
    6498       0.7400
    6499       0.7830
    6500       0.7274
    6501       0.7960
    6502       0.7552
    6503       0.8567
    6504       0.9893
    6505       0.8907
    6506       0.8452
    6507       0.8544
    6508       0.8786
    6509       0.9148
    6510       0.8397
    6511       0.9139
    6512       0.8209
    6513       0.8537
    6514       0.7617
    6515       0.8304
    6516       0.8383
    6517       0.8487
    6518       0.7493
    6519       0.7502
    6520       0.8965
    6521       0.7985
    6522       0.8278
    6523       0.9670
    6524       0.8142
    6525       0.7648
    6526       0.7689
    6527       0.7837
    6528       0.7744
    6529       0.7731
    6530       0.7709
    6531       0.8214
    6532       0.7439
    6533       0.6734
    6534       0.7722
    6535       0.6587
    6536       0.7128
    6537       0.6292
    6538       0.6610
    6539       0.6268
    6540       0.7154
    6541       0.6485
    6542       0.7331
    6543       0.7603
    6544       0.7168
    6545       0.7011
    6546       0.6955
    6547       0.7641
    6548       0.6595
    6549       0.6720
    6550       0.7023
    6551       0.6616
    6552       0.7182
    6553       0.7557
    6554       0.9280
    6555       0.7628
    6556       0.8310
    6557       0.7218
    6558       0.7603
    6559       0.7570
    6560       0.7450
    6561       0.6942
    6562       0.6790
    6563       0.7576
    6564       0.7249
    6565       0.7339
    6566       0.7991
    6567       0.7327
    6568       0.7422
    6569       0.7014
    6570       0.6182
    6571       0.6691
    6572       0.6161
    6573       0.7233
    6574       0.7305
    6575       0.7113
    6576       0.7107
    6577       0.6894
    6578       0.7242
    6579       0.7373
    6580       0.6402
    6581       0.6694
    6582       0.6840
    6583       0.6876
    6584       0.7190
    6585       0.7837
    6586       0.7579
    6587       0.7628
    6588       0.7953
    6589       0.7902
    6590       0.7908
    6591       0.8495
    6592       0.8193
    6593       0.7823
    6594       0.7439
    6595       0.8164
    6596       0.7252
    6597       0.6286
    6598       0.6607
    6599       0.6337
    6600       0.7412
    6601       0.7579
    6602       0.6843
    6603       0.7292
    6604       0.7820
    6605       0.8089
    6606       0.7091
    6607       0.8098
    6608       0.7700
    6609       0.8188
    6610       0.8819
    6611       0.8360
    6612       0.8883
    6613       0.8006
    6614       0.8302
    6615       0.7773
    6616       0.7683
    6617       0.7650
    6618       0.8280
    6619       0.8194
    6620       0.7868
    6621       0.7918
    6622       0.8635
    6623       0.8407
    6624       0.7541
    6625       0.8365
    6626       0.8437
    6627       0.8143
    6628       0.8233
    6629       0.7757
    6630       0.8391
    6631       0.7404
    6632       0.8151
    6633       0.7825
    6634       0.7581
    6635       0.8931
    6636       0.9516
    6637       0.8625
    6638       0.8304
    6639       0.8728
    6640       0.8716
    6641       0.8889
    6642       0.7715
    6643       0.7486
    6644       0.8253
    6645       0.8388
    6646       0.6659
    6647       0.7731
    6648       0.7335
    6649       0.7695
    6650       0.7517
    6651       0.7868
    6652       0.8062
    6653       0.7304
    6654       0.8167
    6655       0.8993
    6656       0.7917
    6657       0.8074
    6658       0.8394
    6659       0.8227
    6660       0.8474
    6661       0.8947
    6662       0.8544
    6663       0.6943
    6664       0.7050
    6665       0.7111
    6666       0.6740
    6667       0.6384
    6668       0.6301
    6669       0.6713
    6670       0.7565
    6671       0.7213
    6672       0.7693
    6673       0.7180
    6674       0.7304
    6675       0.6798
    6676       0.7360
    6677       0.7001
    6678       0.6417
    6679       0.7329
    6680       0.7842
    6681       0.8667
    6682       0.7710
    6683       0.7443
    6684       0.7701
    6685       0.7166
    6686       0.7322
    6687       0.7616
    6688       0.7223
    6689       0.7911
    6690       0.7437
    6691       0.7420
    6692       0.8414
    6693       0.8559
    6694       0.8397
    6695       0.7422
    6696       0.8817
    6697       0.8124
    6698       0.8422
    6699       0.9158
    6700       0.8892
    6701       0.7119
    6702       0.7227
    6703       0.7774
    6704       0.9233
    6705       0.7146
    6706       0.7066
    6707       0.7428
    6708       0.8395
    6709       0.7664
    6710       0.8048
    6711       0.7641
    6712       0.7693
    6713       0.7756
    6714       0.6964
    6715       0.7249
    6716       0.7504
    6717       0.7359
    6718       0.8097
    6719       0.7478
    6720       0.7708
    6721       0.7601
    6722       0.7294
    6723       0.7844
    6724       0.8068
    6725       0.8258
    6726       0.7747
    6727       0.8703
    6728       0.8675
    6729       0.7391
    6730       0.7245
    6731       0.7871
    6732       0.8556
    6733       0.8167
    6734       0.7515
    6735       0.8566
    6736       0.8542
    6737       0.8240
    6738       0.7757
    6739       0.7767
    6740       0.8564
    6741       0.9379
    6742       0.8381
    6743       0.8594
    6744       0.8285
    6745       0.7936
    6746       0.9932
    6747       0.9813
    6748       0.8852
    6749       1.0239
    6750       0.8569
    6751       0.9492
    6752       0.8706
    6753       0.7708
    6754       0.7931
    6755       0.7835
    6756       0.8252
    6757       0.7157
    6758       0.8446
    6759       0.7721
    6760       0.8186
    6761       0.7787
    6762       0.7750
    6763       0.8526
    6764       0.7931
    6765       0.8408
    6766       0.7768
    6767       0.8656
    6768       0.7115
    6769       0.6992
    6770       0.7938
    6771       0.7524
    6772       0.7599
    6773       0.8387
    6774       0.7662
    6775       0.8764
    6776       0.7881
    6777       0.8280
    6778       0.8659
    6779       0.8743
    6780       0.9047
    6781       0.9117
    6782       0.8577
    6783       0.8263
    6784       0.8612
    6785       0.8401
    6786       0.7424
    6787       0.7882
    6788       0.7034
    6789       0.7419
    6790       0.7825
    6791       0.7664
    6792       0.6735
    6793       0.7304
    6794       0.7775
    6795       0.7026
    6796       0.8072
    6797       0.7947
    6798       0.7215
    6799       0.7367
    6800       0.7116
    6801       0.6776
    6802       0.6518
    6803       0.7740
    6804       0.7395
    6805       0.7824
    6806       0.7968
    6807       0.8269
    6808       0.7965
    6809       0.8388
    6810       0.8923
    6811       0.8561
    6812       0.8522
    6813       0.8594
    6814       0.9290
    6815       0.7996
    6816       0.8289
    6817       0.7781
    6818       0.7956
    6819       0.7979
    6820       0.9174
    6821       0.8919
    6822       0.7673
    6823       0.8606
    6824       0.9339
    6825       0.9321
    6826       0.9162
    6827       0.7508
    6828       0.7850
    6829       0.8255
    6830       0.8764
    6831       0.8577
    6832       0.8600
    6833       0.7804
    6834       0.7460
    6835       0.8388
    6836       0.7837
    6837       0.8634
    6838       0.8436
    6839       0.8566
    6840       0.7970
    6841       0.7817
    6842       0.9129
    6843       0.8755
    6844       0.7802
    6845       0.7816
    6846       0.7952
    6847       0.8558
    6848       0.8225
    6849       0.8042
    6850       0.8470
    6851       0.9046
    6852       0.8204
    6853       0.8290
    6854       0.7575
    6855       0.7784
    6856       0.7838
    6857       0.7924
    6858       0.9214
    6859       0.9351
    6860       0.7721
    6861       0.9037
    6862       0.7622
    6863       0.7614
    6864       0.7654
    6865       0.7898
    6866       0.8339
    6867       0.7413
    6868       0.7524
    6869       0.7390
    6870       0.7464
    6871       0.7103
    6872       0.7239
    6873       0.8306
    6874       0.7709
    6875       0.7402
    6876       0.6681
    6877       0.7446
    6878       0.8017
    6879       0.6631
    6880       0.8228
    6881       0.8307
    6882       0.8856
    6883       0.9040
    6884       0.9697
    6885       0.9022
    6886       0.8769
    6887       0.8647
    6888       0.9024
    6889       0.9519
    6890       0.9364
    6891       0.9525
    6892       0.9031
    6893       0.8747
    6894       0.8887
    6895       0.9255
    6896       0.8596
    6897       0.8642
    6898       0.9247
    6899       0.8962
    6900       0.8766
    6901       0.9582
    6902       1.0399
    6903       1.0227
    6904       0.9060
    6905       0.9742
    6906       0.7986
    6907       0.8185
    6908       0.9719
    6909       0.9139
    6910       0.9508
    6911       0.9379
    6912       0.9050
    6913       0.8179
    6914       0.7688
    6915       0.7894
    6916       0.8055
    6917       0.8463
    6918       0.7757
    6919       0.8289
    6920       0.8723
    6921       0.8713
    6922       0.8423
    6923       0.9192
    6924       0.8523
    6925       0.9039
    6926       0.9109
    6927       0.9089
    6928       0.8860
    6929       1.0380
    6930       1.0544
    6931       1.0840
    6932       1.0759
    6933       1.1390
    6934       1.0806
    6935       0.9775
    6936       0.9853
    6937       1.0225
    6938       0.7904
    6939       0.7882
    6940       0.8511
    6941       0.7047
    6942       0.8056
    6943       0.8720
    6944       0.7457
    6945       0.7592
    6946       0.7574
    6947       0.7602
    6948       0.7820
    6949       0.7016
    6950       0.7284
    6951       0.7169
    6952       0.7238
    6953       0.7896
    6954       0.8475
    6955       0.9131
    6956       0.7478
    6957       0.8120
    6958       0.8414
    6959       0.9278
    6960       0.9719
    6961       0.9154
    6962       0.9308
    6963       0.9470
    6964       0.9491
    6965       0.7964
    6966       0.7502
    6967       0.7869
    6968       0.8165
    6969       0.8628
    6970       0.8302
    6971       0.7590
    6972       0.6949
    6973       0.7193
    6974       0.7668
    6975       0.8429
    6976       0.8446
    6977       0.8389
    6978       0.7930
    6979       0.7467
    6980       0.7526
    6981       0.7924
    6982       0.7983
    6983       0.7860
    6984       0.8207
    6985       0.8056
    6986       0.7905
    6987       0.8824
    6988       0.8693
    6989       0.7846
    6990       0.8298
    6991       0.8424
    6992       0.7774
    6993       0.8464
    6994       0.9684
    6995       0.8592
    6996       0.7802
    6997       0.8883
    6998       0.9261
    6999       0.9469
    7000       0.8479
    7001       0.9232
    7002       0.8510
    7003       0.8877
    7004       0.8623
    7005       0.7477
    7006       0.8765
    7007       0.8631
    7008       0.7284
    7009       0.8030
    7010       0.7980
    7011       0.9344
    7012       0.8238
    7013       0.9396
    7014       0.8589
    7015       0.8715
    7016       0.8293
    7017       0.9946
    7018       0.8320
    7019       0.8465
    7020       0.9342
    7021       0.8689
    7022       0.9025
    7023       0.9851
    7024       0.8737
    7025       0.8504
    7026       0.9651
    7027       0.8739
    7028       0.9439
    7029       0.7835
    7030       0.8619
    7031       0.8013
    7032       0.8438
    7033       0.8307
    7034       0.9253
    7035       0.9739
    7036       0.9299
    7037       0.8047
    7038       0.8576
    7039       0.7966
    7040       0.8399
    7041       0.8964
    7042       0.8466
    7043       0.8849
    7044       0.8728
    7045       0.8488
    7046       0.8554
    7047       0.9280
    7048       0.7791
    7049       0.8780
    7050       0.8439
    7051       0.8959
    7052       0.7771
    7053       0.8244
    7054       0.8467
    7055       0.8951
    7056       0.8552
    7057       0.8464
    7058       0.9203
    7059       1.0405
    7060       0.9206
    7061       0.9533
    7062       0.8155
    7063       0.8647
    7064       0.9667
    7065       0.8541
    7066       0.8442
    7067       0.8675
    7068       0.8396
    7069       0.7924
    7070       0.8459
    7071       0.8307
    7072       0.8496
    7073       0.9160
    7074       0.9989
    7075       1.0228
    7076       0.9950
    7077       0.7789
    7078       0.7456
    7079       0.8414
    7080       0.8721
    7081       0.6934
    7082       0.8450
    7083       0.7294
    7084       0.7358
    7085       0.6627
    7086       0.7434
    7087       0.7388
    7088       0.6841
    7089       0.7230
    7090       0.7876
    7091       0.8187
    7092       0.7428
    7093       0.7429
    7094       0.7467
    7095       0.7397
    7096       0.7032
    7097       0.6446
    7098       0.7117
    7099       0.7624
    7100       0.7032
    7101       0.6850
    7102       0.7467
    7103       0.7005
    7104       0.7861
    7105       0.7403
    7106       0.7450
    7107       0.7039
    7108       0.7624
    7109       0.7434
    7110       0.7226
    7111       0.7502
    7112       0.7357
    7113       0.7430
    7114       0.7267
    7115       0.7095
    7116       0.7702
    7117       0.8180
    7118       0.9205
    7119       0.8557
    7120       0.8184
    7121       0.7920
    7122       0.8454
    7123       0.7744
    7124       0.7696
    7125       0.9048
    7126       0.8123
    7127       0.7563
    7128       0.8552
    7129       0.8763
    7130       0.9439
    7131       0.9120
    7132       0.8841
    7133       0.9322
    7134       0.8620
    7135       0.8442
    7136       0.8245
    7137       0.9136
    7138       0.9608
    7139       0.9101
    7140       0.8301
    7141       0.8128
    7142       0.8948
    7143       0.9364
    7144       0.8006
    7145       0.8605
    7146       0.8052
    7147       0.7945
    7148       0.8826
    7149       0.8262
    7150       0.7889
    7151       0.8581
    7152       0.7875
    7153       0.7532
    7154       0.7893
    7155       0.7186
    7156       0.8035
    7157       0.8851
    7158       0.8397
    7159       0.8842
    7160       0.8299
    7161       0.6908
    7162       0.8213
    7163       0.9091
    7164       0.8056
    7165       0.8251
    7166       0.8372
    7167       0.8416
    7168       0.8760
    7169       0.9483
    7170       0.8636
    7171       0.9274
    7172       0.8936
    7173       0.9204
    7174       1.0792
    7175       0.9767
    7176       0.8934
    7177       0.9198
    7178       0.8153
    7179       0.7778
    7180       0.8608
    7181       0.8341
    7182       0.8427
    7183       0.8438
    7184       0.7889
    7185       0.7181
    7186       0.8447
    7187       0.9256
    7188       0.8545
    7189       0.8546
    7190       0.7960
    7191       0.8653
    7192       0.8901
    7193       0.7720
    7194       0.8986
    7195       0.8747
    7196       0.7784
    7197       0.8095
    7198       0.8433
    7199       0.7919
    7200       0.7974
    7201       0.9111
    7202       0.8523
    7203       0.6695
    7204       0.7938
    7205       0.7296
    7206       0.8421
    7207       0.8860
    7208       0.7774
    7209       0.7299
    7210       0.8007
    7211       0.8279
    7212       0.8378
    7213       0.8154
    7214       0.9399
    7215       0.7648
    7216       0.7230
    7217       0.7642
    7218       0.7520
    7219       0.8111
    7220       0.7883
    7221       0.7754
    7222       0.8217
    7223       0.7363
    7224       0.7549
    7225       0.8961
    7226       0.9459
    7227       0.8360
    7228       0.9831
    7229       0.8621
    7230       0.9557
    7231       0.8595
    7232       0.8209
    7233       0.8573
    7234       0.8086
    7235       0.7185
    7236       0.8384
    7237       0.9204
    7238       0.8016
    7239       0.8536
    7240       0.9349
    7241       0.7463
    7242       0.7893
    7243       0.9103
    7244       0.7915
    7245       0.8378
    7246       0.8560
    7247       0.8781
    7248       0.9041
    7249       0.8456
    7250       0.8491
    7251       0.7912
    7252       0.8964
    7253       0.8339
    7254       0.8956
    7255       0.9170
    7256       0.9692
    7257       0.9348
    7258       0.8026
    7259       0.8736
    7260       0.9382
    7261       0.8386
    7262       0.7992
    7263       0.7303
    7264       0.7621
    7265       0.7349
    7266       0.7184
    7267       0.6420
    7268       0.7206
    7269       0.7661
    7270       0.6803
    7271       0.6822
    7272       0.7674
    7273       0.7648
    7274       0.6830
    7275       0.7474
    7276       0.6987
    7277       0.7810
    7278       0.7698
    7279       0.7900
    7280       0.8585
    7281       0.8738
    7282       0.8086
    7283       0.8204
    7284       0.9453
    7285       0.8491
    7286       0.8440
    7287       0.8961
    7288       0.8699
    7289       0.9345
    7290       0.8186
    7291       0.9036
    7292       0.9792
    7293       0.9950
    7294       0.8458
    7295       0.9993
    7296       0.9753
    7297       0.8622
    7298       0.7993
    7299       0.7876
    7300       0.7512
    7301       0.6534
    7302       0.7768
    7303       0.7767
    7304       0.7387
    7305       0.6833
    7306       0.7179
    7307       0.7433
    7308       0.7485
    7309       0.7268
    7310       0.8281
    7311       0.8371
    7312       0.7809
    7313       0.7632
    7314       0.7509
    7315       0.7939
    7316       0.7555
    7317       0.8088
    7318       0.8038
    7319       0.7569
    7320       0.7537
    7321       0.7376
    7322       0.8240
    7323       0.8630
    7324       0.6908
    7325       0.7615
    7326       0.7610
    7327       0.7971
    7328       0.9566
    7329       0.8770
    7330       0.7982
    7331       0.8509
    7332       0.8072
    7333       0.7691
    7334       0.7968
    7335       0.7597
    7336       0.8014
    7337       0.8988
    7338       0.7832
    7339       0.7890
    7340       0.8279
    7341       0.8676
    7342       0.8556
    7343       0.7452
    7344       0.8013
    7345       0.8536
    7346       0.7627
    7347       0.7499
    7348       0.8461
    7349       0.8773
    7350       0.8913
    7351       0.8092
    7352       0.7795
    7353       0.7520
    7354       0.7749
    7355       0.7419
    7356       0.8318
    7357       0.8554
    7358       0.7990
    7359       0.8895
    7360       0.8655
    7361       0.8697
    7362       0.8882
    7363       0.8219
    7364       0.8198
    7365       0.8133
    7366       0.8940
    7367       0.9273
    7368       0.9733
    7369       0.8759
    7370       1.0154
    7371       0.9043
    7372       0.8300
    7373       0.9057
    7374       0.8670
    7375       0.7680
    7376       0.8894
    7377       0.9717
    7378       0.9072
    7379       0.9013
    7380       0.8631
    7381       0.8296
    7382       0.8520
    7383       0.6762
    7384       0.7362
    7385       0.7343
    7386       0.8442
    7387       0.7721
    7388       0.7309
    7389       0.8119
    7390       0.8387
    7391       0.8196
    7392       0.8627
    7393       0.7914
    7394       0.8610
    7395       0.7577
    7396       0.7673
    7397       0.7339
    7398       0.8066
    7399       0.8372
    7400       0.7849
    7401       0.7425
    7402       0.7289
    7403       0.7700
    7404       0.9415
    7405       0.8778
    7406       0.8822
    7407       0.8667
    7408       0.8380
    7409       0.8243
    7410       0.9233
    7411       0.8803
    7412       0.8129
    7413       0.7932
    7414       0.7678
    7415       0.7543
    7416       0.7469
    7417       0.7358
    7418       0.7427
    7419       0.8526
    7420       0.7762
    7421       0.8420
    7422       0.6758
    7423       0.8495
    7424       0.8345
    7425       0.7546
    7426       0.6845
    7427       0.7499
    7428       0.8037
    7429       0.7558
    7430       0.7957
    7431       0.7410
    7432       0.8018
    7433       0.6368
    7434       0.8089
    7435       0.7227
    7436       0.7671
    7437       0.7332
    7438       0.7746
    7439       0.7842
    7440       0.7514
    7441       0.6784
    7442       0.6787
    7443       0.7036
    7444       0.7044
    7445       0.6744
    7446       0.8562
    7447       0.7448
    7448       0.7344
    7449       0.7756
    7450       0.6951
    7451       0.7392
    7452       0.7430
    7453       0.7203
    7454       0.8321
    7455       0.7812
    7456       0.7515
    7457       0.8167
    7458       0.6832
    7459       0.7886
    7460       0.8251
    7461       0.8689
    7462       0.7578
    7463       0.8558
    7464       0.7967
    7465       0.7767
    7466       0.8092
    7467       0.7534
    7468       0.7681
    7469       0.8377
    7470       0.8330
    7471       0.8153
    7472       0.7071
    7473       0.8444
    7474       0.6496
    7475       0.6129
    7476       0.6358
    7477       0.8334
    7478       0.7132
    7479       0.7428
    7480       0.6588
    7481       0.6474
    7482       0.7320
    7483       0.6889
    7484       0.7050
    7485       0.7609
    7486       0.7728
    7487       0.7678
    7488       0.7067
    7489       0.7818
    7490       0.6954
    7491       0.6922
    7492       0.6775
    7493       0.7208
    7494       0.7562
    7495       0.6264
    7496       0.6586
    7497       0.6242
    7498       0.6443
    7499       0.6779
    7500       0.6002
    7501       0.7043
    7502       0.7805
    7503       0.7532
    7504       0.7074
    7505       0.7365
    7506       0.7233
    7507       0.6469
    7508       0.7845
    7509       0.7981
    7510       0.7701
    7511       0.8317
    7512       0.6941
    7513       0.7304
    7514       0.7051
    7515       0.6957
    7516       0.7436
    7517       0.7068
    7518       0.7511
    7519       0.6940
    7520       0.8357
    7521       0.7008
    7522       0.7840
    7523       0.7906
    7524       0.7798
    7525       0.8419
    7526       0.7940
    7527       0.7389
    7528       0.7173
    7529       0.7907
    7530       0.7662
    7531       0.8020
    7532       0.7423
    7533       0.7703
    7534       0.6920
    7535       0.8121
    7536       0.7377
    7537       0.6797
    7538       0.6177
    7539       0.6913
    7540       0.6643
    7541       0.7495
    7542       0.6539
    7543       0.6241
    7544       0.7174
    7545       0.6110
    7546       0.6851
    7547       0.7318
    7548       0.7051
    7549       0.7055
    7550       0.7505
    7551       0.7160
    7552       0.6753
    7553       0.7032
    7554       0.5850
    7555       0.6447
    7556       0.7224
    7557       0.6698
    7558       0.7339
    7559       0.7263
    7560       0.5702
    7561       0.6268
    7562       0.6447
    7563       0.6945
    7564       0.5804
    7565       0.6386
    7566       0.6858
    7567       0.6674
    7568       0.7062
    7569       0.6314
    7570       0.6583
    7571       0.6115
    7572       0.6804
    7573       0.6703
    7574       0.6919
    7575       0.7556
    7576       0.8436
    7577       0.9068
    7578       0.7629
    7579       0.7336
    7580       0.8255
    7581       0.8021
    7582       0.7163
    7583       0.7712
    7584       0.8525
    7585       0.7667
    7586       0.9904
    7587       0.8199
    7588       0.7340
    7589       0.6870
    7590       0.6075
    7591       0.6462
    7592       0.7198
    7593       0.7026
    7594       0.7138
    7595       0.7831
    7596       0.7141
    7597       0.7592
    7598       0.7102
    7599       0.7557
    7600       0.7755
    7601       0.7979
    7602       0.7522
    7603       0.7500
    7604       0.7071
    7605       0.7212
    7606       0.8282
    7607       0.7725
    7608       0.8015
    7609       0.8682
    7610       0.7628
    7611       0.9205
    7612       0.7445
    7613       0.7487
    7614       0.6799
    7615       0.6648
    7616       0.7143
    7617       0.7512
    7618       0.8704
    7619       0.7602
    7620       0.6837
    7621       0.7509
    7622       0.7232
    7623       0.6906
    7624       0.6884
    7625       0.7895
    7626       0.6772
    7627       0.6895
    7628       0.7196
    7629       0.7826
    7630       0.6744
    7631       0.7136
    7632       0.8235
    7633       0.7181
    7634       0.7516
    7635       0.7083
    7636       0.6525
    7637       0.7778
    7638       0.6318
    7639       0.6301
    7640       0.7749
    7641       0.7340
    7642       0.7407
    7643       0.6331
    7644       0.6803
    7645       0.7077
    7646       0.7104
    7647       0.7272
    7648       0.7409
    7649       0.7515
    7650       0.7601
    7651       0.7235
    7652       0.7157
    7653       0.7390
    7654       0.7453
    7655       0.7991
    7656       0.8124
    7657       0.8212
    7658       0.7895
    7659       0.8493
    7660       0.8143
    7661       0.7424
    7662       0.7281
    7663       0.7572
    7664       0.6972
    7665       0.8442
    7666       0.9290
    7667       1.0097
    7668       0.7963
    7669       0.7244
    7670       0.8046
    7671       0.7825
    7672       0.7833
    7673       0.8217
    7674       0.7740
    7675       0.8329
    7676       0.7888
    7677       0.7386
    7678       0.7512
    7679       0.7377
    7680       0.7997
    7681       0.7538
    7682       0.7585
    7683       0.7250
    7684       0.8409
    7685       0.7483
    7686       0.8339
    7687       0.7485
    7688       0.8677
    7689       0.8644
    7690       0.8458
    7691       0.8766
    7692       0.8800
    7693       0.8487
    7694       0.7405
    7695       0.8119
    7696       0.7924
    7697       0.7075
    7698       0.7121
    7699       0.7056
    7700       0.7124
    7701       0.8200
    7702       0.7407
    7703       0.6628
    7704       0.7433
    7705       0.7327
    7706       0.7265
    7707       0.7888
    7708       0.7214
    7709       0.7438
    7710       0.7199
    7711       0.8225
    7712       0.7473
    7713       0.7696
    7714       0.7684
    7715       0.7575
    7716       0.6943
    7717       0.6866
    7718       0.7057
    7719       0.7277
    7720       0.7284
    7721       0.7489
    7722       0.7497
    7723       0.8028
    7724       0.8546
    7725       0.7145
    7726       0.7878
    7727       0.7748
    7728       0.6918
    7729       0.7603
    7730       0.7128
    7731       0.7031
    7732       0.7547
    7733       0.7259
    7734       0.6960
    7735       0.7196
    7736       0.6926
    7737       0.6225
    7738       0.7195
    7739       0.6183
    7740       0.6457
    7741       0.6933
    7742       0.7595
    7743       0.7176
    7744       0.5767
    7745       0.6800
    7746       0.6853
    7747       0.7084
    7748       0.7700
    7749       0.7010
    7750       0.7665
    7751       0.6762
    7752       0.7549
    7753       0.8478
    7754       0.7449
    7755       0.7388
    7756       0.7158
    7757       0.8126
    7758       0.7433
    7759       0.7272
    7760       0.7158
    7761       0.7582
    7762       0.7400
    7763       0.7217
    7764       0.7461
    7765       0.7541
    7766       0.8074
    7767       0.8191
    7768       0.7506
    7769       0.7911
    7770       0.7463
    7771       0.7092
    7772       0.7217
    7773       0.7505
    7774       0.6355
    7775       0.7300
    7776       0.6988
    7777       0.6975
    7778       0.6774
    7779       0.7264
    7780       0.7006
    7781       0.6636
    7782       0.7499
    7783       0.7223
    7784       0.7607
    7785       0.7132
    7786       0.6881
    7787       0.8206
    7788       0.7754
    7789       0.7844
    7790       0.8983
    7791       0.8420
    7792       0.8211
    7793       0.7445
    7794       0.8335
    7795       0.8604
    7796       0.8473
    7797       0.8429
    7798       0.7216
    7799       0.7590
    7800       0.8070
    7801       0.7111
    7802       0.6815
    7803       0.7716
    7804       0.8131
    7805       0.7464
    7806       0.6491
    7807       0.7420
    7808       0.6734
    7809       0.6478
    7810       0.7104
    7811       0.7595
    7812       0.7698
    7813       0.6941
    7814       0.6909
    7815       0.6822
    7816       0.6341
    7817       0.7163
    7818       0.8404
    7819       0.8143
    7820       0.6458
    7821       0.6634
    7822       0.6628
    7823       0.6520
    7824       0.7415
    7825       0.7779
    7826       0.8185
    7827       0.7726
    7828       0.6706
    7829       0.7094
    7830       0.7064
    7831       0.7989
    7832       0.7514
    7833       0.7577
    7834       0.8339
    7835       0.7368
    7836       0.8480
    7837       0.8875
    7838       0.8467
    7839       0.8064
    7840       0.7379
    7841       0.6909
    7842       0.7531
    7843       0.8113
    7844       0.8651
    7845       0.8798
    7846       0.7486
    7847       0.8035
    7848       0.7067
    7849       0.6741
    7850       0.6536
    7851       0.6792
    7852       0.8018
    7853       0.6722
    7854       0.7329
    7855       0.8339
    7856       0.7399
    7857       0.9141
    7858       0.9043
    7859       0.8325
    7860       0.9435
    7861       0.9280
    7862       0.9070
    7863       0.8832
    7864       0.9349
    7865       0.8560
    7866       0.8542
    7867       0.8921
    7868       0.8473
    7869       0.8019
    7870       0.9263
    7871       0.8387
    7872       0.8068
    7873       0.9009
    7874       0.9135
    7875       0.9003
    7876       0.7517
    7877       0.7813
    7878       0.8793
    7879       0.7192
    7880       0.7774
    7881       0.8625
    7882       0.8894
    7883       0.8818
    7884       0.9180
    7885       0.9868
    7886       0.9554
    7887       0.8678
    7888       0.8615
    7889       0.8886
    7890       0.8723
    7891       0.9195
    7892       0.9089
    7893       0.9396
    7894       0.8634
    7895       0.8186
    7896       0.8828
    7897       0.9672
    7898       0.9205
    7899       0.8600
    7900       0.8236
    7901       1.0118
    7902       0.8778
    7903       0.8500
    7904       0.8822
    7905       0.8448
    7906       0.8638
    7907       0.9436
    7908       0.8997
    7909       0.7911
    7910       0.8579
    7911       0.8813
    7912       0.8857
    7913       0.8810
    7914       0.7864
    7915       0.8862
    7916       0.8256
    7917       0.8965
    7918       0.9128
    7919       0.9186
    7920       0.8558
    7921       0.8026
    7922       0.8255
    7923       0.9553
    7924       0.9218
    7925       0.9067
    7926       0.8907
    7927       0.7830
    7928       0.7519
    7929       0.7797
    7930       0.8515
    7931       0.8812
    7932       1.0121
    7933       0.8865
    7934       0.8988
    7935       0.8044
    7936       0.8604
    7937       0.9033
    7938       0.9068
    7939       0.8102
    7940       0.8686
    7941       0.8881
    7942       1.0059
    7943       0.9123
    7944       0.7598
    7945       0.7025
    7946       0.7635
    7947       0.7281
    7948       0.6474
    7949       0.7634
    7950       0.8043
    7951       0.7672
    7952       0.7207
    7953       0.7175
    7954       0.9272
    7955       0.9364
    7956       0.8281
    7957       0.8034
    7958       0.8755
    7959       0.8597
    7960       0.8710
    7961       0.8340
    7962       0.9125
    7963       0.6993
    7964       0.7482
    7965       0.8115
    7966       0.8990
    7967       0.8347
    7968       0.8221
    7969       0.7917
    7970       0.7675
    7971       0.8024
    7972       0.7528
    7973       0.7636
    7974       0.8084
    7975       0.8043
    7976       0.8711
    7977       0.7789
    7978       0.7661
    7979       0.7215
    7980       0.8834
    7981       0.8043
    7982       0.7160
    7983       0.7399
    7984       0.6681
    7985       0.6701
    7986       0.7023
    7987       0.7518
    7988       0.6817
    7989       0.7588
    7990       0.7100
    7991       0.7951
    7992       0.7851
    7993       0.7531
    7994       0.7683
    7995       0.7550
    7996       0.7475
    7997       0.6713
    7998       0.6952
    7999       0.7265
    8000       0.7545
    8001       0.7101
    8002       0.7017
    8003       0.6643
    8004       0.7134
    8005       0.7798
    8006       0.8540
    8007       0.8029
    8008       0.7880
    8009       0.7314
    8010       0.8333
    8011       0.7058
    8012       0.7969
    8013       0.8854
    8014       0.8795
    8015       0.8233
    8016       0.7738
    8017       0.7586
    8018       0.7746
    8019       0.7755
    8020       0.7812
    8021       0.7974
    8022       0.7423
    8023       0.8277
    8024       0.7340
    8025       0.7978
    8026       0.8042
    8027       0.7883
    8028       0.7784
    8029       0.7805
    8030       0.8171
    8031       0.8354
    8032       0.7484
    8033       0.8719
    8034       0.8516
    8035       0.8157
    8036       0.7617
    8037       0.8004
    8038       0.8504
    8039       0.8722
    8040       0.8709
    8041       0.7634
    8042       0.8259
    8043       0.9039
    8044       0.8060
    8045       0.8168
    8046       0.8509
    8047       0.8156
    8048       0.7310
    8049       0.8366
    8050       0.7382
    8051       0.8124
    8052       0.7976
    8053       0.6599
    8054       0.7539
    8055       0.7303
    8056       0.7472
    8057       0.7059
    8058       0.8089
    8059       0.8363
    8060       0.8316
    8061       0.8704
    8062       0.8579
    8063       0.7811
    8064       0.9133
    8065       0.7646
    8066       0.8036
    8067       0.7646
    8068       0.7947
    8069       0.8264
    8070       0.9154
    8071       0.9394
    8072       0.9028
    8073       0.8093
    8074       0.7591
    8075       0.7431
    8076       0.8880
    8077       0.8970
    8078       0.8957
    8079       0.8174
    8080       0.9025
    8081       0.8857
    8082       0.8205
    8083       0.8385
    8084       0.8115
    8085       0.9176
    8086       0.9149
    8087       0.8600
    8088       0.8177
    8089       0.9003
    8090       0.8109
    8091       0.8257
    8092       0.8526
    8093       0.7874
    8094       0.8286
    8095       0.7816
    8096       0.8145
    8097       0.7286
    8098       0.7896
    8099       0.7816
    8100       0.7465
    8101       0.8893
    8102       0.9485
    8103       0.8216
    8104       0.8551
    8105       0.9378
    8106       0.8942
    8107       0.7929
    8108       0.8364
    8109       0.8505
    8110       0.8367
    8111       0.8189
    8112       0.8578
    8113       0.8062
    8114       0.9418
    8115       0.8850
    8116       0.8148
    8117       0.8984
    8118       0.8855
    8119       0.7177
    8120       0.8120
    8121       0.7328
    8122       0.7423
    8123       0.7879
    8124       0.7586
    8125       0.7461
    8126       0.7960
    8127       0.7845
    8128       0.7658
    8129       0.8014
    8130       0.8498
    8131       0.8853
    8132       0.7723
    8133       0.7528
    8134       0.7873
    8135       0.8553
    8136       0.9825
    8137       0.8534
    8138       0.8326
    8139       0.8056
    8140       0.7637
    8141       0.8411
    8142       0.8919
    8143       0.8883
    8144       0.8820
    8145       0.9160
    8146       0.9170
    8147       0.9720
    8148       0.8407
    8149       0.9374
    8150       0.9187
    8151       0.8843
    8152       0.9844
    8153       0.9715
    8154       0.8442
    8155       0.7892
    8156       0.8658
    8157       0.8282
    8158       0.8454
    8159       0.8608
    8160       0.8768
    8161       0.8710
    8162       0.8774
    8163       0.8861
    8164       0.7107
    8165       0.8346
    8166       0.8777
    8167       0.9965
    8168       0.8485
    8169       0.8554
    8170       0.9006
    8171       0.9247
    8172       0.9848
    8173       0.9900
    8174       0.9022
    8175       0.8384
    8176       0.8173
    8177       0.8056
    8178       0.8151
    8179       0.8666
    8180       0.8178
    8181       0.8462
    8182       0.9169
    8183       0.8783
    8184       0.8565
    8185       0.8988
    8186       0.8241
    8187       0.8224
    8188       0.7929
    8189       0.7871
    8190       0.8758
    8191       0.8780
    8192       0.8702
    8193       0.7707
    8194       0.8314
    8195       0.7950
    8196       0.8398
    8197       0.8538
    8198       0.7714
    8199       0.8458
    8200       0.8781
    8201       0.8725
    8202       0.7490
    8203       0.7462
    8204       0.7482
    8205       0.6994
    8206       0.8748
    8207       0.7881
    8208       0.8445
    8209       0.7774
    8210       0.7425
    8211       0.8007
    8212       0.8354
    8213       0.7736
    8214       0.8183
    8215       0.8561
    8216       0.8817
    8217       0.7691
    8218       0.7799
    8219       0.7259
    8220       0.7630
    8221       0.8097
    8222       0.7552
    8223       0.8188
    8224       0.8309
    8225       0.8110
    8226       0.7095
    8227       0.7142
    8228       0.6765
    8229       0.7851
    8230       0.7739
    8231       0.8350
    8232       0.7473
    8233       0.7709
    8234       0.7709
    8235       0.7143
    8236       0.7513
    8237       0.7886
    8238       0.7358
    8239       0.7599
    8240       0.7898
    8241       0.7647
    8242       0.7511
    8243       0.7284
    8244       0.8097
    8245       0.9052
    8246       0.8733
    8247       0.7621
    8248       0.8779
    8249       0.8419
    8250       0.8011
    8251       0.8232
    8252       0.8398
    8253       0.7819
    8254       0.8109
    8255       0.8851
    8256       0.7831
    8257       0.8573
    8258       0.8424
    8259       0.8014
    8260       0.8445
    8261       0.9094
    8262       0.9113
    8263       0.9422
    8264       0.8643
    8265       0.9733
    8266       0.9953
    8267       0.9094
    8268       0.8778
    8269       0.8197
    8270       0.8643
    8271       0.9209
    8272       0.9861
    8273       0.9004
    8274       0.8539
    8275       0.9104
    8276       0.8625
    8277       0.8890
    8278       0.7799
    8279       0.8748
    8280       0.9557
    8281       0.9694
    8282       0.8797
    8283       0.8308
    8284       0.8536
    8285       0.9645
    8286       0.8919
    8287       0.8702
    8288       0.9165
    8289       0.7630
    8290       0.8481
    8291       0.9267
    8292       0.9236
    8293       0.8656
    8294       0.8094
    8295       0.8158
    8296       0.7491
    8297       0.7346
    8298       0.8166
    8299       0.7395
    8300       0.8082
    8301       0.7787
    8302       0.7959
    8303       0.7725
    8304       0.8157
    8305       0.7717
    8306       0.7423
    8307       0.6984
    8308       0.7363
    8309       0.8109
    8310       0.7469
    8311       0.6997
    8312       0.7397
    8313       0.8079
    8314       0.7583
    8315       0.8267
    8316       0.8532
    8317       0.8403
    8318       0.7945
    8319       0.8083
    8320       0.8448
    8321       0.7735
    8322       0.7589
    8323       0.8225
    8324       0.8096
    8325       0.8227
    8326       0.8496
    8327       0.9974
    8328       1.0029
    8329       0.8855
    8330       0.9945
    8331       0.8819
    8332       1.0252
    8333       0.8822
    8334       0.7511
    8335       0.7956
    8336       0.8393
    8337       0.8351
    8338       0.9467
    8339       0.8768
    8340       0.8934
    8341       0.8144
    8342       0.9338
    8343       0.9224
    8344       0.9557
    8345       0.9068
    8346       0.9338
    8347       0.8718
    8348       0.9043
    8349       0.9166
    8350       0.9419
    8351       0.8174
    8352       0.9789
    8353       0.9032
    8354       0.8616
    8355       0.8564
    8356       0.9113
    8357       0.8187
    8358       0.8462
    8359       0.8674
    8360       0.8981
    8361       0.8695
    8362       0.7979
    8363       0.9524
    8364       0.9599
    8365       0.8815
    8366       0.8222
    8367       0.9336
    8368       0.9038
    8369       0.8511
    8370       0.9776
    8371       0.9846
    8372       1.0413
    8373       1.1362
    8374       0.9899
    8375       0.8785
    8376       1.0248
    8377       1.0340
    8378       1.0993
    8379       0.9017
    8380       0.9106
    8381       0.9551
    8382       0.9901
    8383       0.9487
    8384       0.9841
    8385       0.8530
    8386       0.8714
    8387       0.8543
    8388       0.9781
    8389       1.0086
    8390       1.0205
    8391       1.0032
    8392       1.0245
    8393       0.9950
    8394       0.9956
    8395       0.9600
    8396       1.0177
    8397       1.0425
    8398       0.9848
    8399       0.9094
    8400       0.9015
    8401       0.9932
    8402       1.0266
    8403       0.9927
    8404       0.8981
    8405       0.9140
    8406       0.9272
    8407       0.9607
    8408       0.9357
    8409       0.8816
    8410       0.8495
    8411       0.9545
    8412       0.8274
    8413       0.8988
    8414       0.8646
    8415       0.9057
    8416       0.8405
    8417       0.9258
    8418       0.9752
    8419       0.9850
    8420       0.9359
    8421       0.9685
    8422       0.9507
    8423       1.0679
    8424       0.9540
    8425       0.9587
    8426       0.9990
    8427       0.9164
    8428       0.9813
    8429       1.0057
    8430       0.9584
    8431       0.9304
    8432       0.9179
    8433       0.9389
    8434       0.9214
    8435       0.9345
    8436       0.9173
    8437       0.8783
    8438       0.9222
    8439       0.9458
    8440       0.8826
    8441       1.0140
    8442       0.9319
    8443       0.9145
    8444       0.9219
    8445       0.8066
    8446       0.8493
    8447       0.9799
    8448       0.8763
    8449       1.0084
    8450       0.9379
    8451       0.9643
    8452       0.8418
    8453       0.8310
    8454       0.9078
    8455       0.9745
    8456       0.9607
    8457       0.8725
    8458       1.0564
    8459       0.9530
    8460       0.9756
    8461       0.8907
    8462       0.8712
    8463       0.9557
    8464       1.0106
    8465       1.0251
    8466       0.8939
    8467       0.9434
    8468       0.9542
    8469       0.9023
    8470       0.8874
    8471       0.8942
    8472       0.8543
    8473       0.8081
    8474       0.9094
    8475       0.8394
    8476       0.8905
    8477       0.8777
    8478       0.8505
    8479       0.8369
    8480       0.9282
    8481       0.8083
    8482       0.8434
    8483       0.8345
    8484       0.8591
    8485       0.8412
    8486       0.8853
    8487       0.9258
    8488       0.9505
    8489       0.8399
    8490       0.8893
    8491       0.9825
    8492       0.9722
    8493       0.8359
    8494       0.9752
    8495       0.9346
    8496       0.9797
    8497       0.8610
    8498       0.8324
    8499       0.8391
    8500       0.8952
    8501       0.8493
    8502       0.9192
    8503       0.8896
    8504       0.9949
    8505       0.9075
    8506       0.9139
    8507       0.8736
    8508       0.8813
    8509       0.8740
    8510       0.8458
    8511       0.8684
    8512       0.8135
    8513       0.8833
    8514       0.7672
    8515       0.7709
    8516       0.9490
    8517       0.8486
    8518       0.8136
    8519       0.8408
    8520       0.8425
    8521       0.8585
    8522       0.8782
    8523       0.8930
    8524       0.8980
    8525       1.0028
    8526       0.9064
    8527       0.9384
    8528       0.8902
    8529       0.9028
    8530       0.9361
    8531       1.0826
    8532       0.9554
    8533       1.0099
    8534       1.0135
    8535       0.9282
    8536       0.9384
    8537       0.9585
    8538       0.8901
    8539       0.8234
    8540       0.9153
    8541       0.8699
    8542       1.0409
    8543       0.8636
    8544       0.9715
    8545       0.9156
    8546       0.9492
    8547       1.0125
    8548       0.9132
    8549       1.0616
    8550       1.1751
    8551       1.2224
    8552       1.0483
    8553       1.0237
    8554       0.8150
    8555       0.9277
    8556       0.8503
    8557       0.9197
    8558       0.9519
    8559       0.9658
    8560       0.9020
    8561       0.9845
    8562       0.9148
    8563       0.8281
    8564       0.8090
    8565       0.8933
    8566       0.9139
    8567       0.8522
    8568       0.7330
    8569       0.7045
    8570       0.7294
    8571       0.7831
    8572       0.7597
    8573       0.9052
    8574       0.7383
    8575       0.7316
    8576       0.7972
    8577       0.7427
    8578       0.7778
    8579       0.7793
    8580       0.6987
    8581       0.8192
    8582       0.8362
    8583       0.9766
    8584       0.9244
    8585       0.9286
    8586       0.8639
    8587       0.8733
    8588       0.8375
    8589       0.7003
    8590       0.8693
    8591       0.8438
    8592       0.8347
    8593       0.7724
    8594       0.8708
    8595       0.7666
    8596       0.8838
    8597       0.8393
    8598       0.9704
    8599       0.9451
    8600       0.8602
    8601       1.0307
    8602       0.8428
    8603       0.9894
    8604       0.9315
    8605       0.8186
    8606       0.7036
    8607       0.7657
    8608       0.7071
    8609       0.6667
    8610       0.8720
    8611       0.8370
    8612       0.8313
    8613       0.8525
    8614       0.8337
    8615       0.7355
    8616       0.7459
    8617       0.9424
    8618       0.8427
    8619       0.9214
    8620       0.8093
    8621       0.8014
    8622       0.9364
    8623       0.9414
    8624       0.8355
    8625       0.8545
    8626       0.9448
    8627       1.0068
    8628       0.7885
    8629       0.7686
    8630       0.7881
    8631       0.7500
    8632       0.8057
    8633       0.7966
    8634       0.8540
    8635       0.7591
    8636       0.8071
    8637       0.8943
    8638       0.7200
    8639       0.7849
    8640       0.6769
    8641       0.8300
    8642       0.7894
    8643       0.8203
    8644       0.8141
    8645       0.8357
    8646       0.7228
    8647       0.8679
    8648       0.8104
    8649       0.8843
    8650       0.9040
    8651       0.8414
    8652       0.9056
    8653       0.8730
    8654       0.9169
    8655       0.8093
    8656       0.8265
    8657       0.8051
    8658       0.9433
    8659       0.8980
    8660       0.9848
    8661       1.1782
    8662       0.9762
    8663       0.8945
    8664       0.8757
    8665       0.9232
    8666       0.9532
    8667       0.8302
    8668       0.7455
    8669       0.7781
    8670       0.8764
    8671       0.7975
    8672       0.7517
    8673       0.7975
    8674       0.7889
    8675       0.7910
    8676       0.7798
    8677       0.8679
    8678       0.8430
    8679       0.8173
    8680       0.8447
    8681       0.8683
    8682       0.7902
    8683       0.8105
    8684       0.8737
    8685       0.8789
    8686       0.9202
    8687       0.8504
    8688       0.9187
    8689       0.8407
    8690       0.7069
    8691       0.8434
    8692       0.7613
    8693       0.8749
    8694       0.9402
    8695       0.7947
    8696       0.8989
    8697       0.8752
    8698       0.8753
    8699       0.8280
    8700       0.8945
    8701       0.8196
    8702       0.8281
    8703       0.8652
    8704       0.9529
    8705       1.0161
    8706       0.9224
    8707       0.9668
    8708       1.0057
    8709       0.9628
    8710       1.0636
    8711       1.0368
    8712       0.8851
    8713       0.9534
    8714       0.9971
    8715       0.9193
    8716       1.0737
    8717       1.0216
    8718       0.9608
    8719       0.8781
    8720       0.9677
    8721       0.9429
    8722       1.0395
    8723       0.9681
    8724       1.0599
    8725       1.0708
    8726       1.0232
    8727       0.9164
    8728       0.9498
    8729       0.9294
    8730       0.8549
    8731       0.8072
    8732       0.8552
    8733       0.7644
    8734       0.8285
    8735       0.8903
    8736       0.8487
    8737       0.9208
    8738       1.0490
    8739       0.9011
    8740       0.8542
    8741       0.8378
    8742       0.8847
    8743       0.8836
    8744       0.9652
    8745       0.8693
    8746       0.8517
    8747       0.8683
    8748       0.9210
    8749       0.9102
    8750       0.8717
    8751       1.0205
    8752       0.9331
    8753       0.8720
    8754       0.8740
    8755       0.9989
    8756       0.8172
    8757       0.8464
    8758       0.8098
    8759       0.9349
    8760       0.8815
    8761       1.0247
    8762       1.0554
    8763       0.9304
    8764       0.9410
    8765       0.8933
    8766       0.9958
    8767       0.9912
    8768       1.0352
    8769       1.2029
    8770       1.0470
    8771       1.0269
    8772       1.0753
    8773       0.9989
    8774       0.8872
    8775       0.9609
    8776       0.8325
    8777       0.8138
    8778       0.8565
    8779       0.9023
    8780       0.9360
    8781       0.9754
    8782       1.0264
    8783       1.0780
    8784       0.9660
    8785       0.9593
    8786       0.9686
    8787       0.9603
    8788       0.9287
    8789       1.0775
    8790       0.9745
    8791       1.0647
    8792       0.9803
    8793       0.9674
    8794       0.9741
    8795       0.9242
    8796       0.8214
    8797       0.9740
    8798       0.9129
    8799       1.0151
    8800       1.0140
    8801       0.9222
    8802       0.9302
    8803       0.9602
    8804       0.9517
    8805       0.9064
    8806       0.9574
    8807       0.8793
    8808       0.9098
    8809       1.0155
    8810       1.0396
    8811       1.0100
    8812       1.0350
    8813       1.2305
    8814       1.2388
    8815       1.1872
    8816       1.0181
    8817       0.9437
    8818       0.8926
    8819       1.0313
    8820       1.1557
    8821       1.1140
    8822       1.0672
    8823       1.0810
    8824       1.1190
    8825       1.0687
    8826       1.0259
    8827       1.0994
    8828       0.9535
    8829       1.0270
    8830       1.0934
    8831       0.9139
    8832       1.0012
    8833       0.9176
    8834       0.9385
    8835       0.9495
    8836       1.0834
    8837       0.9891
    8838       1.0177
    8839       1.0527
    8840       0.9647
    8841       0.9866
    8842       1.0726
    8843       1.2184
    8844       1.1046
    8845       1.1424
    8846       1.1759
    8847       0.9853
    8848       0.9683
    8849       0.9604
    8850       0.9500
    8851       1.0244
    8852       1.0917
    8853       1.0860
    8854       0.9088
    8855       0.9796
    8856       0.9827
    8857       0.9607
    8858       0.9699
    8859       0.9634
    8860       1.0403
    8861       1.1030
    8862       0.9798
    8863       0.9309
    8864       0.9387
    8865       1.0440
    8866       0.7981
    8867       0.8846
    8868       0.7953
    8869       0.8938
    8870       0.9441
    8871       0.8185
    8872       0.8859
    8873       0.8783
    8874       1.0095
    8875       0.9124
    8876       0.9634
    8877       0.9265
    8878       0.9371
    8879       0.9706
    8880       0.8245
    8881       0.8410
    8882       0.8313
    8883       0.8789
    8884       0.8851
    8885       1.0322
    8886       1.0242
    8887       0.9568
    8888       0.9437
    8889       1.0532
    8890       0.9422
    8891       0.9966
    8892       1.0427
    8893       1.0483
    8894       1.0055
    8895       0.9420
    8896       1.0254
    8897       0.9602
    8898       1.0433
    8899       1.0631
    8900       1.1226
    8901       1.0409
    8902       0.9990
    8903       0.9240
    8904       0.9968
    8905       1.0039
    8906       1.0345
    8907       0.9137
    8908       1.0065
    8909       1.0009
    8910       1.0246
    8911       0.9457
    8912       1.0585
    8913       1.0111
    8914       1.0278
    8915       1.0185
    8916       0.9830
    8917       0.9745
    8918       1.1244
    8919       0.9806
    8920       0.9617
    8921       0.9390
    8922       1.0166
    8923       1.0596
    8924       0.9393
    8925       0.9065
    8926       0.9255
    8927       0.9311
    8928       0.9960
    8929       0.8859
    8930       0.9763
    8931       0.9737
    8932       1.0733
    8933       0.9775
    8934       0.8743
    8935       0.9426
    8936       0.9775
    8937       0.9483
    8938       1.0926
    8939       0.9115
    8940       1.0784
    8941       0.9538
    8942       0.9077
    8943       1.0085
    8944       1.0302
    8945       0.9469
    8946       0.9930
    8947       0.9965
    8948       0.9550
    8949       0.9075
    8950       0.9886
    8951       0.8632
    8952       0.9497
    8953       0.9547
    8954       0.9580
    8955       0.9620
    8956       0.9668
    8957       1.0302
    8958       1.0103
    8959       1.0029
    8960       1.0905
    8961       1.0809
    8962       1.0805
    8963       1.1406
    8964       0.9485
    8965       1.0187
    8966       0.9838
    8967       0.9805
    8968       0.9809
    8969       1.1023
    8970       1.1439
    8971       1.2330
    8972       1.0878
    8973       1.0222
    8974       1.0393
    8975       0.9932
    8976       0.8883
    8977       0.9210
    8978       0.8703
    8979       0.8232
    8980       0.9823
    8981       0.9487
    8982       1.0169
    8983       1.0270
    8984       0.9971
    8985       0.9812
    8986       1.0140
    8987       1.0578
    8988       0.9835
    8989       0.8976
    8990       0.9439
    8991       1.0704
    8992       0.9575
    8993       1.0890
    8994       0.9933
    8995       1.0782
    8996       1.1123
    8997       1.1822
    8998       1.1774
    8999       1.1398
    9000       1.1564
    9001       1.0964
    9002       1.2419
    9003       1.1239
    9004       1.1169
    9005       1.2048
    9006       1.3144
    9007       1.2478
    9008       1.2008
    9009       1.2276
    9010       1.1845
    9011       1.1939
    9012       1.2919
    9013       1.1173
    9014       1.0819
    9015       1.0630
    9016       1.1174
    9017       0.9997
    9018       1.1039
    9019       1.1357
    9020       1.1274
    9021       1.1611
    9022       1.1352
    9023       1.2067
    9024       1.1937
    9025       1.4428
    9026       1.2277
    9027       1.3077
    9028       1.1200
    9029       1.0703
    9030       1.1056
    9031       1.0136
    9032       0.9320
    9033       1.0617
    9034       1.0034
    9035       0.8620
    9036       0.9946
    9037       1.0962
    9038       0.8986
    9039       0.9764
    9040       0.9569
    9041       0.9641
    9042       1.0620
    9043       1.0402
    9044       0.9177
    9045       1.0808
    9046       1.0765
    9047       1.0647
    9048       1.2600
    9049       1.2185
    9050       1.1316
    9051       0.8863
    9052       0.9995
    9053       0.9497
    9054       0.9139
    9055       0.8843
    9056       0.9152
    9057       0.9342
    9058       1.0195
    9059       1.0194
    9060       0.9339
    9061       1.0486
    9062       0.9665
    9063       0.9227
    9064       0.9699
    9065       0.9027
    9066       1.0472
    9067       0.9611
    9068       0.9960
    9069       0.9713
    9070       1.0373
    9071       1.0325
    9072       1.1133
    9073       1.1298
    9074       1.0950
    9075       1.0786
    9076       1.0470
    9077       0.9216
    9078       0.9801
    9079       1.0552
    9080       1.0336
    9081       1.0332
    9082       0.9281
    9083       1.0159
    9084       1.0699
    9085       1.0751
    9086       0.9560
    9087       0.9881
    9088       0.9371
    9089       0.9915
    9090       0.9968
    9091       1.0624
    9092       0.9935
    9093       0.8843
    9094       0.9018
    9095       0.9578
    9096       0.9739
    9097       0.9978
    9098       0.9434
    9099       0.9091
    9100       1.0652
    9101       0.8856
    9102       0.8968
    9103       0.9054
    9104       0.9357
    9105       0.8652
    9106       1.1056
    9107       0.9742
    9108       0.9301
    9109       0.9392
    9110       1.0721
    9111       0.9902
    9112       0.8983
    9113       1.0596
    9114       1.0129
    9115       0.9887
    9116       0.8757
    9117       1.0423
    9118       1.0362
    9119       1.1407
    9120       0.9447
    9121       1.0736
    9122       0.9228
    9123       0.8985
    9124       0.9100
    9125       1.0522
    9126       0.9580
    9127       1.0684
    9128       0.8652
    9129       0.9123
    9130       0.9786
    9131       0.9842
    9132       1.0204
    9133       0.9558
    9134       0.9643
    9135       0.9047
    9136       1.0502
    9137       0.9673
    9138       0.7885
    9139       0.8038
    9140       0.8465
    9141       1.0632
    9142       1.0473
    9143       0.9389
    9144       0.8701
    9145       0.9293
    9146       0.8936
    9147       1.0279
    9148       1.1527
    9149       1.0866
    9150       1.1665
    9151       0.8857
    9152       0.9589
    9153       0.9121
    9154       0.9912
    9155       0.9418
    9156       0.9877
    9157       1.0041
    9158       1.0089
    9159       0.9406
    9160       0.9280
    9161       0.8848
    9162       0.9891
    9163       1.0010
    9164       1.0043
    9165       0.9734
    9166       1.1070
    9167       0.9772
    9168       0.8758
    9169       1.0684
    9170       1.0114
    9171       1.0134
    9172       0.9816
    9173       1.0807
    9174       0.9554
    9175       1.0185
    9176       0.9222
    9177       0.9546
    9178       0.9063
    9179       0.8766
    9180       1.0212
    9181       0.9264
    9182       1.0596
    9183       1.0725
    9184       1.0691
    9185       1.0846
    9186       1.2453
    9187       1.1482
    9188       0.9711
    9189       0.9213
    9190       0.9626
    9191       0.9926
    9192       1.0299
    9193       1.0127
    9194       1.0511
    9195       0.9567
    9196       0.9773
    9197       1.0218
    9198       1.0134
    9199       0.9404
    9200       0.9730
    9201       0.9442
    9202       0.9661
    9203       1.0881
    9204       1.0528
    9205       1.1327
    9206       1.0177
    9207       0.8867
    9208       0.9442
    9209       0.9388
    9210       0.9299
    9211       0.8327
    9212       0.9023
    9213       0.9090
    9214       1.0306
    9215       0.9105
    9216       0.9189
    9217       0.9125
    9218       0.9358
    9219       0.9491
    9220       0.9752
    9221       1.0588
    9222       1.0233
    9223       0.9592
    9224       1.0523
    9225       0.9687
    9226       0.9214
    9227       1.1042
    9228       0.9711
    9229       0.9546
    9230       0.9411
    9231       0.9023
    9232       0.9976
    9233       0.8526
    9234       0.9103
    9235       1.0374
    9236       0.9782
    9237       0.9693
    9238       1.0147
    9239       1.0800
    9240       0.9537
    9241       1.0350
    9242       1.0217
    9243       1.0573
    9244       1.0543
    9245       0.9835
    9246       0.9474
    9247       1.0897
    9248       0.9067
    9249       1.0266
    9250       1.1266
    9251       1.0425
    9252       1.1394
    9253       1.0721
    9254       1.0238
    9255       1.0234
    9256       0.8849
    9257       0.9644
    9258       1.0344
    9259       0.9749
    9260       0.9259
    9261       1.0015
    9262       1.0990
    9263       0.8895
    9264       0.9417
    9265       0.9122
    9266       0.8045
    9267       0.8924
    9268       0.9050
    9269       0.9781
    9270       0.9781
    9271       0.9427
    9272       0.8450
    9273       0.9372
    9274       0.9971
    9275       0.8907
    9276       0.8513
    9277       0.8603
    9278       0.9531
    9279       0.8423
    9280       0.8749
    9281       0.8346
    9282       0.9382
    9283       0.9750
    9284       1.0337
    9285       0.9821
    9286       1.0432
    9287       1.0170
    9288       0.9688
    9289       0.9241
    9290       0.7962
    9291       0.8096
    9292       0.9531
    9293       0.9950
    9294       0.9328
    9295       0.9160
    9296       0.7909
    9297       0.8144
    9298       0.8060
    9299       0.7481
    9300       0.9062
    9301       0.9541
    9302       0.9595
    9303       0.9447
    9304       0.9904
    9305       1.0967
    9306       0.9118
    9307       0.9809
    9308       1.0165
    9309       0.8991
    9310       0.9695
    9311       1.0199
    9312       1.0424
    9313       0.8511
    9314       0.9565
    9315       0.8991
    9316       1.0377
    9317       0.9147
    9318       1.0204
    9319       0.9796
    9320       1.0628
    9321       0.9360
    9322       0.8687
    9323       0.8736
    9324       0.9316
    9325       0.9609
    9326       0.8991
    9327       0.9400
    9328       0.9389
    9329       1.0107
    9330       0.8174
    9331       0.9945
    9332       0.9660
    9333       1.0484
    9334       0.9029
    9335       0.8138
    9336       0.9268
    9337       0.8751
    9338       0.8712
    9339       0.9745
    9340       0.9229
    9341       0.8198
    9342       0.9324
    9343       0.9224
    9344       0.9904
    9345       0.9815
    9346       0.9932
    9347       0.9684
    9348       1.0497
    9349       0.8767
    9350       1.1537
    9351       1.2055
    9352       1.0602
    9353       1.0914
    9354       1.1044
    9355       1.2078
    9356       1.1037
    9357       1.0203
    9358       0.9631
    9359       0.8859
    9360       0.9211
    9361       1.0326
    9362       1.0821
    9363       1.0165
    9364       1.0080
    9365       1.0228
    9366       0.8513
    9367       0.8720
    9368       0.8865
    9369       0.9466
    9370       0.9456
    9371       1.0077
    9372       1.0628
    9373       0.9952
    9374       0.9978
    9375       1.0126
    9376       0.9078
    9377       0.9958
    9378       0.9361
    9379       1.0179
    9380       0.9415
    9381       0.9631
    9382       0.9037
    9383       0.8282
    9384       0.9443
    9385       0.7375
    9386       0.9655
    9387       0.8514
    9388       0.9257
    9389       0.9975
    9390       0.8709
    9391       0.8977
    9392       0.8717
    9393       0.7916
    9394       0.7839
    9395       0.8761
    9396       0.9207
    9397       1.0165
    9398       0.9182
    9399       0.9619
    9400       1.0153
    9401       1.0883
    9402       1.0529
    9403       0.9054
    9404       0.9915
    9405       1.0459
    9406       1.0998
    9407       0.9446
    9408       1.0444
    9409       0.9875
    9410       0.9501
    9411       0.9614
    9412       1.0349
    9413       1.0680
    9414       1.0457
    9415       1.1435
    9416       1.2979
    9417       1.2586
    9418       1.2326
    9419       1.1640
    9420       1.0433
    9421       1.0239
    9422       1.2340
    9423       1.1831
    9424       1.2002
    9425       1.0579
    9426       1.1359
    9427       0.9660
    9428       1.0631
    9429       1.1009
    9430       1.1749
    9431       1.1354
    9432       1.0797
    9433       1.1698
    9434       1.1616
    9435       1.1302
    9436       1.1132
    9437       1.1189
    9438       0.9926
    9439       1.0626
    9440       1.1050
    9441       1.0401
    9442       1.0267
    9443       1.1156
    9444       1.2473
    9445       1.1404
    9446       1.1246
    9447       1.1675
    9448       1.1585
    9449       1.2046
    9450       1.1241
    9451       1.1155
    9452       1.0161
    9453       1.0564
    9454       1.1087
    9455       1.1799
    9456       1.0494
    9457       1.0486
    9458       0.9264
    9459       0.8341
    9460       0.9777
    9461       0.9768
    9462       0.9345
    9463       0.9301
    9464       0.9344
    9465       0.9347
    9466       0.9392
    9467       0.9987
    9468       1.0869
    9469       0.9667
    9470       0.9754
    9471       1.1792
    9472       1.1650
    9473       1.0890
    9474       1.0977
    9475       1.1246
    9476       1.0613
    9477       1.0034
    9478       1.1785
    9479       1.2030
    9480       1.0915
    9481       1.0707
    9482       1.1940
    9483       1.1579
    9484       1.1804
    9485       1.1379
    9486       1.1580
    9487       1.1081
    9488       1.0139
    9489       1.0993
    9490       1.1211
    9491       1.2672
    9492       1.1399
    9493       1.1406
    9494       1.1406
    9495       1.0789
    9496       1.0567
    9497       1.0657
    9498       1.1949
    9499       1.1275
    9500       1.0266
    9501       1.1135
    9502       1.0848
    9503       1.0607
    9504       1.1057
    9505       1.1953
    9506       0.9899
    9507       1.1576
    9508       1.1060
    9509       1.0730
    9510       1.0192
    9511       1.1001
    9512       1.1517
    9513       1.0673
    9514       1.1034
    9515       1.1723
    9516       1.1355
    9517       1.1367
    9518       1.1602
    9519       1.1561
    9520       1.1363
    9521       1.1495
    9522       1.1011
    9523       1.1487
    9524       1.2384
    9525       1.0537
    9526       1.2574
    9527       1.1414
    9528       1.0691
    9529       1.2005
    9530       1.1002
    9531       1.1718
    9532       1.1790
    9533       1.1191
    9534       1.1527
    9535       1.1365
    9536       1.0688
    9537       1.0619
    9538       1.1682
    9539       1.0808
    9540       1.1074
    9541       1.0842
    9542       1.1976
    9543       1.2587
    9544       1.2360
    9545       1.1102
    9546       1.1534
    9547       1.1253
    9548       1.2031
    9549       1.3058
    9550       1.2631
    9551       1.0952
    9552       1.1721
    9553       1.1435
    9554       1.1228
    9555       1.2016
    9556       1.2957
    9557       1.3355
    9558       1.3391
    9559       1.2329
    9560       1.1999
    9561       1.1936
    9562       1.2413
    9563       1.2594
    9564       1.2272
    9565       1.0945
    9566       1.2363
    9567       1.2622
    9568       1.2042
    9569       1.1617
    9570       1.1376
    9571       1.1366
    9572       1.1229
    9573       1.2286
    9574       1.2347
    9575       1.2998
    9576       1.3897
    9577       1.4016
    9578       1.4109
    9579       1.3055
    9580       1.1928
    9581       1.2441
    9582       1.1416
    9583       1.2037
    9584       1.2303
    9585       1.2060
    9586       1.2491
    9587       1.4308
    9588       1.2586
    9589       1.1956
    9590       1.2373
    9591       1.2732
    9592       1.3180
    9593       1.3004
    9594       1.2996
    9595       1.2713
    9596       1.2022
    9597       1.3737
    9598       1.4481
    9599       1.3858
    9600       1.3667
    9601       1.3271
    9602       1.3726
    9603       1.2583
    9604       1.2865
    9605       1.3315
    9606       1.2829
    9607       1.3968
    9608       1.5091
    9609       1.3723
    9610       1.1369
    9611       1.2426
    9612       1.3000
    9613       1.2546
    9614       1.2953
    9615       1.1918
    9616       1.2219
    9617       1.4127
    9618       1.3140
    9619       1.3557
    9620       1.2236
    9621       1.3103
    9622       1.3312
    9623       1.2863
    9624       1.3351
    9625       1.3085
    9626       1.2945
    9627       1.2491
    9628       1.3264
    9629       1.2398
    9630       1.3169
    9631       1.3584
    9632       1.2716
    9633       1.3494
    9634       1.2365
    9635       1.2366
    9636       1.2411
    9637       1.2068
    9638       1.1589
    9639       1.2402
    9640       1.0936
    9641       1.0991
    9642       1.1868
    9643       1.2711
    9644       1.1889
    9645       1.2481
    9646       1.3467
    9647       1.2869
    9648       1.1504
    9649       1.2721
    9650       1.3797
    9651       1.1929
    9652       1.1126
    9653       1.2008
    9654       1.1599
    9655       1.2607
    9656       1.0792
    9657       1.0629
    9658       1.1105
    9659       1.1936
    9660       1.2030
    9661       1.1531
    9662       1.1454
    9663       1.0418
    9664       1.0505
    9665       1.0825
    9666       1.1517
    9667       1.0063
    9668       1.0047
    9669       0.9620
    9670       0.9523
    9671       1.0642
    9672       1.0824
    9673       1.2454
    9674       1.0577
    9675       1.1311
    9676       1.0236
    9677       1.2679
    9678       1.1139
    9679       1.1275
    9680       0.9352
    9681       1.1166
    9682       1.2091
    9683       1.1336
    9684       1.0850
    9685       1.2029
    9686       1.2694
    9687       1.2102
    9688       1.1258
    9689       1.2437
    9690       1.2056
    9691       1.2088
    9692       1.2129
    9693       1.2369
    9694       1.1383
    9695       1.0986
    9696       1.2307
    9697       1.0683
    9698       1.2120
    9699       1.1248
    9700       1.2403
    9701       1.3099
    9702       1.2176
    9703       1.2688
    9704       1.2191
    9705       1.1407
    9706       1.3339
    9707       1.1385
    9708       1.1870
    9709       1.1358
    9710       1.1164
    9711       1.0794
    9712       1.0839
    9713       1.1969
    9714       1.2054
    9715       1.2234
    9716       1.2020
    9717       1.2186
    9718       1.0520
    9719       1.0663
    9720       1.0890
    9721       1.0912
    9722       1.2713
    9723       1.2005
    9724       1.1987
    9725       1.1814
    9726       1.1779
    9727       1.2716
    9728       1.2136
    9729       1.1922
    9730       1.2610
    9731       1.2585
    9732       1.1549
    9733       1.1349
    9734       1.2197
    9735       1.2419
    9736       1.0043
    9737       1.1278
    9738       1.1440
    9739       1.0632
    9740       1.1320
    9741       1.2116
    9742       1.1447
    9743       1.1371
    9744       1.2147
    9745       1.2310
    9746       1.2114
    9747       1.0352
    9748       1.1443
    9749       1.0633
    9750       1.0052
    9751       1.1015
    9752       1.0834
    9753       1.0752
    9754       1.0919
    9755       1.0233
    9756       0.9580
    9757       1.0391
    9758       1.0579
    9759       0.9843
    9760       1.1009
    9761       1.0631
    9762       1.0985
    9763       1.1307
    9764       1.1413
    9765       1.1361
    9766       1.2796
    9767       1.1370
    9768       1.1300
    9769       1.1380
    9770       1.1966
    9771       1.1102
    9772       1.1267
    9773       1.1660
    9774       1.2264
    9775       1.1107
    9776       1.1497
    9777       1.2200
    9778       1.2983
    9779       1.4133
    9780       1.1255
    9781       1.3562
    9782       1.2721
    9783       1.2714
    9784       1.3485
    9785       1.1927
    9786       1.4165
    9787       1.3272
    9788       1.3777
    9789       1.2566
    9790       1.1932
    9791       1.0792
    9792       1.1238
    9793       1.1807
    9794       1.2518
    9795       1.2519
    9796       1.1002
    9797       1.0094
    9798       1.0697
    9799       1.1491
    9800       1.1326
    9801       1.1455
    9802       1.1682
    9803       1.1441
    9804       1.3113
    9805       1.1502
    9806       1.2882
    9807       1.3763
    9808       1.3002
    9809       1.2899
    9810       1.4521
    9811       1.2491
    9812       1.3382
    9813       1.2988
    9814       1.2830
    9815       1.2441
    9816       1.2744
    9817       1.2805
    9818       1.2474
    9819       1.1721
    9820       1.1884
    9821       1.3032
    9822       1.3241
    9823       1.3464
    9824       1.0937
    9825       1.2154
    9826       1.2368
    9827       1.1395
    9828       1.0910
    9829       1.1456
    9830       1.3212
    9831       1.1530
    9832       1.2035
    9833       1.2705
    9834       1.3778
    9835       1.3129
    9836       1.3197
    9837       1.3588
    9838       1.2249
    9839       1.1308
    9840       1.1545
    9841       1.2074
    9842       1.2035
    9843       1.2117
    9844       1.4863
    9845       1.2132
    9846       1.2358
    9847       1.1600
    9848       1.2988
    9849       1.1850
    9850       1.2333
    9851       1.0964
    9852       1.1950
    9853       1.1830
    9854       0.9990
    9855       1.1891
    9856       1.2044
    9857       1.1579
    9858       1.0816
    9859       1.0713
    9860       1.0986
    9861       1.0980
    9862       1.1180
    9863       1.0628
    9864       1.0292
    9865       1.1978
    9866       1.1133
    9867       1.0614
    9868       1.1411
    9869       1.0642
    9870       1.0609
    9871       1.0707
    9872       1.0750
    9873       1.1168
    9874       1.1145
    9875       1.1303
    9876       1.1258
    9877       1.1194
    9878       1.0724
    9879       1.1438
    9880       1.0377
    9881       1.0218
    9882       1.0409
    9883       1.1345
    9884       1.1468
    9885       1.1249
    9886       1.1200
    9887       1.1438
    9888       1.2450
    9889       1.1954
    9890       1.1825
    9891       0.9948
    9892       1.0172
    9893       1.0404
    9894       1.0801
    9895       0.9763
    9896       1.0275
    9897       0.9797
    9898       0.9457
    9899       0.9249
    9900       0.9847
    9901       1.0319
    9902       1.1633
    9903       1.1223
    9904       1.1603
    9905       1.1652
    9906       1.0904
    9907       1.1694
    9908       1.2431
    9909       1.1784
    9910       1.0688
    9911       1.1052
    9912       1.0190
    9913       0.9940
    9914       1.0207
    9915       1.1414
    9916       1.1145
    9917       1.0238
    9918       1.1996
    9919       1.0901
    9920       1.1088
    9921       1.0457
    9922       1.0380
    9923       1.1895
    9924       1.0743
    9925       0.9852
    9926       0.9848
    9927       0.9793
    9928       0.8928
    9929       0.9627
    9930       1.0035
    9931       0.9832
    9932       0.9878
    9933       1.0440
    9934       1.2080
    9935       1.1312
    9936       1.1577
    9937       1.0923
    9938       1.1591
    9939       1.1157
    9940       1.1465
    9941       1.0068
    9942       1.0561
    9943       1.0833
    9944       1.1115
    9945       1.1746
    9946       1.2415
    9947       1.3188
    9948       1.1613
    9949       1.1169
    9950       1.0694
    9951       1.1322
    9952       1.1093
    9953       1.0845
    9954       1.0994
    9955       1.0119
    9956       1.1181
    9957       1.1550
    9958       1.0322
    9959       1.2713
    9960       1.1074
    9961       1.1906
    9962       1.1464
    9963       1.2744
    9964       1.2679
    9965       1.2962
    9966       1.1896
    9967       1.1863
    9968       1.1078
    9969       1.2523
    9970       1.2919
    9971       1.1546
    9972       1.0701
    9973       1.2713
    9974       1.1388
    9975       1.1002
    9976       1.1184
    9977       1.1762
    9978       1.2771
    9979       1.0231
    9980       1.1409
    9981       1.1729
    9982       1.1012
    9983       1.1525
    9984       1.1399
    9985       1.1758
    9986       1.2529
    9987       1.1848
    9988       1.1194
    9989       1.1783
    9990       1.0641
    9991       1.1346
    9992       1.0628
    9993       1.1303
    9994       0.9422
    9995       1.0353
    9996       1.0433
    9997       1.1773
    9998       1.0800
    9999       1.0287
   10000       1.0533
   10001       1.0248
   10002       1.1680
   10003       1.0834
   10004       1.1760
   10005       1.2039
   10006       1.2468
   10007       1.0841
   10008       0.9408
   10009       1.0184
   10010       0.8916
   10011       0.8958
   10012       0.8416
   10013       0.9343
   10014       0.9979
   10015       0.8253
   10016       0.8823
   10017       0.9823
   10018       0.9549
   10019       0.9431
   10020       0.8319
   10021       0.8632
   10022       0.8481
   10023       1.0617
   10024       1.0260
   10025       1.0410
   10026       0.9897
   10027       1.0028
   10028       0.9398
   10029       1.0244
   10030       0.9606
   10031       0.9562
   10032       0.9043
   10033       0.8884
   10034       1.0266
   10035       0.9937
   10036       0.9774
   10037       0.9325
   10038       0.9365
   10039       0.9405
   10040       1.0219
   10041       0.9177
   10042       0.8902
   10043       0.9783
   10044       0.8708
   10045       0.9735
   10046       0.9406
   10047       0.9268
   10048       0.8918
   10049       0.9923
   10050       0.7801
   10051       0.7818
   10052       0.8818
   10053       0.8508
   10054       0.8154
   10055       0.8930
   10056       0.9269
   10057       0.9246
   10058       0.7504
   10059       0.8612
   10060       0.8208
   10061       0.8500
   10062       0.9065
   10063       0.8712
   10064       0.8538
   10065       0.8222
   10066       0.9179
   10067       0.8591
   10068       0.8183
   10069       0.7682
   10070       0.8234
   10071       0.8337
   10072       0.9258
   10073       0.8880
   10074       0.8570
   10075       0.8102
   10076       0.7450
   10077       0.8983
   10078       0.7984
   10079       0.7751
   10080       0.7893
   10081       0.7993
   10082       0.7838
   10083       0.8197
   10084       0.8406
   10085       0.8046
   10086       0.8181
   10087       0.7864
   10088       0.8053
   10089       0.7153
   10090       0.7961
   10091       0.8038
   10092       0.8557
   10093       0.9051
   10094       0.8192
   10095       0.8182
   10096       0.8700
   10097       0.9234
   10098       0.9296
   10099       0.9592
   10100       0.9260
   10101       0.7871
   10102       0.8098
   10103       0.8467
   10104       0.8425
   10105       0.8547
   10106       0.8680
   10107       0.8407
   10108       0.8972
   10109       0.9440
   10110       0.9511
   10111       0.9522
   10112       0.8469
   10113       0.8735
   10114       0.8913
   10115       0.9069
   10116       0.9746
   10117       0.9111
   10118       0.9984
   10119       1.1191
   10120       1.0285
   10121       1.0410
   10122       0.9971
   10123       0.9071
   10124       0.9457
   10125       1.0581
   10126       0.9375
   10127       0.8567
   10128       0.8838
   10129       0.8221
   10130       0.8186
   10131       0.9404
   10132       0.7843
   10133       0.8415
   10134       0.8164
   10135       0.8850
   10136       0.9204
   10137       0.8039
   10138       0.8513
   10139       0.9346
   10140       0.8664
   10141       0.9969
   10142       1.0765
   10143       0.9769
   10144       1.0209
   10145       0.9243
   10146       0.9487
   10147       1.0003
   10148       0.8928
   10149       0.8653
   10150       1.0227
   10151       0.9837
   10152       0.9417
   10153       0.9188
   10154       0.9693
   10155       0.9955
   10156       0.9625
   10157       1.0092
   10158       0.9882
   10159       0.9887
   10160       1.0789
   10161       1.3384
   10162       1.2526
   10163       1.1644
   10164       1.1534
   10165       1.1144
   10166       1.1017
   10167       1.1035
   10168       1.0299
   10169       1.1829
   10170       1.0738
   10171       1.1141
   10172       1.0689
   10173       1.0658
   10174       1.1354
   10175       1.0572
   10176       1.0836
   10177       1.0651
   10178       1.1035
   10179       1.0527
   10180       1.0494
   10181       1.1305
   10182       1.0669
   10183       1.0792
   10184       1.0949
   10185       1.0080
   10186       0.9811
   10187       1.0851
   10188       0.9785
   10189       1.1189
   10190       1.0466
   10191       0.9824
   10192       1.1629
   10193       1.1383
   10194       1.0329
   10195       1.0306
   10196       1.0622
   10197       1.0110
   10198       1.0118
   10199       1.1254
   10200       1.0999
   10201       1.0241
   10202       1.0402
   10203       1.0084
   10204       0.9725
   10205       1.0103
   10206       1.0093
   10207       1.0583
   10208       1.0948
   10209       1.0385
   10210       1.0584
   10211       1.1577
   10212       1.2248
   10213       1.2229
   10214       1.2186
   10215       1.2125
   10216       1.2468
   10217       1.2061
   10218       1.0721
   10219       1.1897
   10220       1.0887
   10221       1.1240
   10222       1.1063
   10223       1.1057
   10224       1.1595
   10225       1.1653
   10226       0.9856
   10227       0.9892
   10228       1.1056
   10229       0.9141
   10230       0.8740
   10231       0.8689
   10232       0.9072
   10233       0.8838
   10234       0.9261
   10235       0.9530
   10236       0.9596
   10237       0.9856
   10238       1.0320
   10239       0.9668
   10240       1.0063
   10241       0.9933
   10242       1.0940
   10243       0.9532
   10244       0.9521
   10245       1.0428
   10246       0.9180
   10247       0.9957
   10248       0.9477
   10249       0.9869
   10250       0.9015
   10251       0.8303
   10252       0.8775
   10253       0.8053
   10254       0.8919
   10255       0.8112
   10256       0.7546
   10257       0.7517
   10258       0.7310
   10259       0.7617
   10260       0.7601
   10261       0.8572
   10262       0.8584
   10263       0.8494
   10264       0.8131
   10265       0.7632
   10266       0.9221
   10267       0.8702
   10268       0.7526
   10269       0.8031
   10270       0.7656
   10271       0.8122
   10272       0.9164
   10273       0.8741
   10274       0.7525
   10275       0.7038
   10276       0.7872
   10277       0.8821
   10278       0.8112
   10279       0.8409
   10280       0.7953
   10281       0.7615
   10282       0.8229
   10283       0.8025
   10284       0.8698
   10285       0.8851
   10286       0.8427
   10287       0.8325
   10288       0.8214
   10289       0.8012
   10290       0.7896
   10291       0.7956
   10292       0.8167
   10293       0.7987
   10294       0.8161
   10295       0.8755
   10296       0.9117
   10297       0.9114
   10298       0.8488
   10299       0.8607
   10300       0.9987
   10301       0.9421
   10302       0.9493
   10303       0.9665
   10304       1.0029
   10305       1.0427
   10306       0.9206
   10307       0.8648
   10308       0.7979
   10309       0.9410
   10310       0.9331
   10311       0.9311
   10312       0.8586
   10313       0.8418
   10314       0.9074
   10315       0.8092
   10316       0.8342
   10317       0.9624
   10318       0.8531
   10319       0.8586
   10320       0.8386
   10321       0.8781
   10322       0.9758
   10323       0.8754
   10324       0.8663
   10325       0.9398
   10326       0.9180
   10327       0.8424
   10328       0.7751
   10329       0.7940
   10330       0.8148
   10331       0.8743
   10332       0.7917
   10333       0.7587
   10334       0.7919
   10335       0.8598
   10336       0.8859
   10337       0.9405
   10338       0.9718
   10339       0.9190
   10340       1.0259
   10341       0.9147
   10342       0.8625
   10343       0.7908
   10344       0.7970
   10345       0.7987
   10346       0.7980
   10347       0.7850
   10348       0.7821
   10349       0.8339
   10350       0.9791
   10351       1.0699
   10352       1.0353
   10353       0.9213
   10354       0.9813
   10355       0.9333
   10356       0.9470
   10357       1.0515
   10358       1.1399
   10359       0.9969
   10360       1.2221
   10361       1.2318
   10362       1.1866
   10363       1.1566
   10364       1.0310
   10365       1.1202
   10366       1.1581
   10367       1.0837
   10368       0.9781
   10369       1.1108
   10370       1.0401
   10371       0.9755
   10372       1.0807
   10373       1.0028
   10374       1.1044
   10375       1.2503
   10376       1.1254
   10377       0.9693
   10378       0.9689
   10379       1.0088
   10380       1.0647
   10381       0.9271
   10382       0.9462
   10383       0.9514
   10384       0.9647
   10385       0.8346
   10386       0.9744
   10387       1.0748
   10388       1.0388
   10389       1.0089
   10390       1.0617
   10391       0.9675
   10392       1.0515
   10393       0.9440
   10394       1.0015
   10395       1.0675
   10396       1.0603
   10397       0.9630
   10398       1.0243
   10399       1.0981
   10400       1.0673
   10401       1.1133
   10402       1.1417
   10403       1.2651
   10404       1.1878
   10405       1.1381
   10406       1.0490
   10407       1.0290
   10408       1.0050
   10409       0.9868
   10410       1.0211
   10411       1.0713
   10412       0.8839
   10413       1.0010
   10414       1.0063
   10415       0.9437
   10416       0.8855
   10417       0.9562
   10418       0.9718
   10419       1.0072
   10420       0.9125
   10421       0.8843
   10422       1.0231
   10423       0.9122
   10424       0.8951
   10425       0.8306
   10426       0.8564
   10427       0.9362
   10428       1.1441
   10429       1.0484
   10430       0.9393
   10431       0.8849
   10432       0.9967
   10433       1.0366
   10434       1.0476
   10435       1.1106
   10436       1.1005
   10437       1.0706
   10438       0.9833
   10439       1.0985
   10440       1.0124
   10441       1.0293
   10442       1.1233
   10443       1.0221
   10444       0.9706
   10445       1.1174
   10446       1.0742
   10447       0.9389
   10448       0.9556
   10449       0.9954
   10450       0.9778
   10451       1.0002
   10452       1.0092
   10453       0.9540
   10454       0.8780
   10455       0.8701
   10456       0.9000
   10457       0.8365
   10458       0.9616
   10459       0.9095
   10460       0.8364
   10461       0.9099
   10462       0.9738
   10463       0.9191
   10464       0.8785
   10465       0.8669
   10466       0.9484
   10467       0.9294
   10468       0.9091
   10469       0.9315
   10470       1.0067
   10471       0.9624
   10472       0.8850
   10473       0.8631
   10474       0.8728
   10475       0.9056
   10476       0.8922
   10477       1.0370
   10478       1.0175
   10479       1.0033
   10480       0.9959
   10481       1.1064
   10482       1.0289
   10483       1.0799
   10484       1.0456
   10485       1.0758
   10486       1.0851
   10487       1.0186
   10488       0.9452
   10489       0.9869
   10490       1.0048
   10491       1.1141
   10492       0.9602
   10493       0.9360
   10494       0.8850
   10495       0.8255
   10496       0.8906
   10497       0.8650
   10498       0.7384
   10499       0.8268
   10500       0.8676
   10501       0.9542
   10502       0.8409
   10503       0.8567
   10504       0.7571
   10505       0.7497
   10506       0.8281
   10507       0.8613
   10508       0.9549
   10509       0.8271
   10510       0.7806
   10511       0.7786
   10512       0.9196
   10513       0.7655
   10514       0.7894
   10515       0.8962
   10516       0.8297
   10517       0.9830
   10518       0.8178
   10519       0.7610
   10520       0.7638
   10521       0.7032
   10522       0.8566
   10523       0.8652
   10524       0.8675
   10525       0.8467
   10526       0.8071
   10527       0.8861
   10528       0.8882
   10529       0.7951
   10530       0.7845
   10531       0.8101
   10532       0.8355
   10533       0.7573
   10534       0.8017
   10535       0.8109
   10536       0.7824
   10537       0.7333
   10538       0.7416
   10539       0.7960
   10540       0.8005
   10541       0.8351
   10542       0.7583
   10543       0.6876
   10544       0.7286
   10545       0.7851
   10546       0.7473
   10547       0.7668
   10548       0.8600
   10549       0.7722
   10550       0.8386
   10551       0.8949
   10552       0.8379
   10553       0.8657
   10554       0.8715
   10555       0.8745
   10556       0.9556
   10557       0.8121
   10558       0.9691
   10559       0.8991
   10560       0.9687
   10561       0.9241
   10562       0.9591
   10563       0.8516
   10564       0.8503
   10565       0.8441
   10566       0.9195
   10567       0.9955
   10568       0.9166
   10569       1.0051
   10570       0.9271
   10571       0.9039
   10572       0.8903
   10573       0.8075
   10574       0.8739
   10575       0.8614
   10576       1.0092
   10577       0.9585
   10578       0.9576
   10579       0.8546
   10580       0.8741
   10581       0.9171
   10582       1.0094
   10583       0.9356
   10584       0.9474
   10585       1.0007
   10586       0.9511
   10587       0.8799
   10588       1.0161
   10589       0.9678
   10590       1.0413
   10591       1.0905
   10592       1.0988
   10593       1.0985
   10594       0.9989
   10595       0.9000
   10596       0.9235
   10597       1.0256
   10598       0.9730
   10599       0.9013
   10600       1.0443
   10601       0.9809
   10602       1.0885
   10603       1.0029
   10604       1.0681
   10605       1.0641
   10606       1.0664
   10607       1.0141
   10608       1.1706
   10609       1.1263
   10610       1.0330
   10611       1.0650
   10612       1.0839
   10613       0.9833
   10614       1.0123
   10615       1.0276
   10616       1.2003
   10617       1.2269
   10618       1.1434
   10619       1.1659
   10620       1.0982
   10621       1.3024
   10622       1.1531
   10623       1.1723
   10624       0.9787
   10625       0.8462
   10626       0.9945
   10627       0.9145
   10628       0.8797
   10629       1.0491
   10630       1.0210
   10631       0.9997
   10632       1.0382
   10633       1.0019
   10634       0.9873
   10635       1.0254
   10636       0.9223
   10637       0.8976
   10638       0.9017
   10639       1.0532
   10640       1.1610
   10641       0.9962
   10642       1.0210
   10643       0.9471
   10644       0.9186
   10645       0.9317
   10646       0.9367
   10647       0.9494
   10648       0.9608
   10649       0.8841
   10650       0.8862
   10651       1.0031
   10652       0.9611
   10653       0.8378
   10654       0.8840
   10655       0.8778
   10656       0.8559
   10657       0.8868
   10658       0.8491
   10659       0.9361
   10660       0.9636
   10661       0.8566
   10662       0.8419
   10663       0.8497
   10664       0.9159
   10665       0.8950
   10666       0.7743
   10667       0.7531
   10668       0.8735
   10669       0.8348
   10670       0.9093
   10671       0.9105
   10672       0.8183
   10673       0.9265
   10674       0.8858
   10675       0.8871
   10676       0.9314
   10677       0.9952
   10678       0.9910
   10679       0.9284
   10680       0.9460
   10681       0.9930
   10682       0.9051
   10683       0.9026
   10684       1.0150
   10685       0.9300
   10686       0.8431
   10687       1.0508
   10688       0.9274
   10689       0.8284
   10690       0.8101
   10691       0.8408
   10692       0.9545
   10693       0.8534
   10694       0.9383
   10695       0.9426
   10696       0.8071
   10697       0.9366
   10698       0.8799
   10699       0.8023
   10700       0.8526
   10701       0.9682
   10702       0.8878
   10703       0.8376
   10704       0.9010
   10705       0.8407
   10706       0.8554
   10707       0.8743
   10708       1.0352
   10709       1.0162
   10710       0.9195
   10711       0.9255
   10712       0.8755
   10713       0.9270
   10714       0.8978
   10715       0.8483
   10716       0.8662
   10717       0.9174
   10718       1.0437
   10719       0.9571
   10720       0.9803
   10721       0.9449
   10722       0.9625
   10723       1.0824
   10724       1.1192
   10725       1.0516
   10726       0.9876
   10727       1.0115
   10728       1.0419
   10729       0.9778
   10730       0.9271
   10731       1.0828
   10732       1.0642
   10733       1.1628
   10734       1.1256
   10735       1.0395
   10736       1.0148
   10737       1.0800
   10738       1.0480
   10739       0.9910
   10740       0.9110
   10741       0.8976
   10742       0.8535
   10743       0.9329
   10744       0.9851
   10745       0.9654
   10746       1.0158
   10747       1.0362
   10748       1.0651
   10749       0.9116
   10750       1.0011
   10751       0.9632
   10752       0.9332
   10753       0.9181
   10754       0.7896
   10755       0.9113
   10756       0.9874
   10757       0.9735
   10758       0.9512
   10759       0.9164
   10760       0.8678
   10761       0.8614
   10762       0.9371
   10763       1.0561
   10764       0.9719
   10765       0.9511
   10766       0.8999
   10767       0.8531
   10768       0.9932
   10769       0.8982
   10770       0.8966
   10771       0.9982
   10772       1.0934
   10773       0.8952
   10774       0.9177
   10775       0.9447
   10776       0.8439
   10777       0.8959
   10778       0.9544
   10779       0.8658
   10780       0.9437
   10781       0.8817
   10782       0.8926
   10783       0.8834
   10784       0.9653
   10785       0.9163
   10786       0.9025
   10787       0.8915
   10788       0.8617
   10789       0.9241
   10790       0.9520
   10791       0.8875
   10792       0.8217
   10793       0.9314
   10794       0.8477
   10795       0.8414
   10796       0.8873
   10797       0.9763
   10798       1.0646
   10799       1.0388
   10800       0.9772
   10801       0.8926
   10802       0.8646
   10803       0.8873
   10804       0.8450
   10805       0.8995
   10806       0.9388
   10807       0.9941
   10808       0.9930
   10809       0.9854
   10810       1.0042
   10811       0.9943
   10812       1.0847
   10813       0.9386
   10814       0.9151
   10815       0.9329
   10816       0.9544
   10817       1.0246
   10818       1.0747
   10819       1.0387
   10820       1.0269
   10821       1.1141
   10822       0.9954
   10823       1.1254
   10824       1.0953
   10825       0.9829
   10826       1.0323
   10827       1.0126
   10828       1.0558
   10829       1.0295
   10830       1.0180
   10831       0.9468
   10832       0.9530
   10833       1.0270
   10834       1.1054
   10835       0.9605
   10836       1.0930
   10837       1.0532
   10838       0.9939
   10839       1.0307
   10840       0.9252
   10841       1.0567
   10842       1.0493
   10843       1.0808
   10844       1.0477
   10845       1.0414
   10846       1.0566
   10847       1.1430
   10848       1.0496
   10849       0.9551
   10850       0.9902
   10851       0.9189
   10852       0.9239
   10853       1.0047
   10854       0.9482
   10855       1.0288
   10856       1.0011
   10857       0.9983
   10858       0.9233
   10859       0.9733
   10860       1.0236
   10861       1.1030
   10862       1.0175
   10863       0.9457
   10864       1.0125
   10865       1.1752
   10866       1.2470
   10867       1.1225
   10868       1.2197
   10869       1.1604
   10870       1.1830
   10871       1.0739
   10872       0.9955
   10873       1.0123
   10874       1.1293
   10875       1.0657
   10876       1.0159
   10877       1.0569
   10878       0.8505
   10879       1.0372
   10880       1.0497
   10881       1.0838
   10882       1.1175
   10883       1.0647
   10884       0.9699
   10885       1.0551
   10886       0.8365
   10887       0.8431
   10888       1.0032
   10889       0.9619
   10890       1.1779
   10891       1.1140
   10892       1.1464
   10893       1.0841
   10894       1.1015
   10895       0.9570
   10896       0.9850
   10897       1.0130
   10898       1.0933
   10899       0.9720
   10900       1.0503
   10901       0.9593
   10902       0.9246
   10903       1.0184
   10904       1.0856
   10905       1.1307
   10906       1.0284
   10907       0.9822
   10908       1.0337
   10909       1.0199
   10910       1.0428
   10911       1.1107
   10912       1.0644
   10913       1.0620
   10914       1.0972
   10915       1.0713
   10916       1.1127
   10917       1.1657
   10918       1.1764
   10919       1.2756
   10920       1.2130
   10921       1.2603
   10922       1.0787
   10923       1.1350
   10924       1.1550
   10925       1.2271
   10926       1.0372
   10927       1.0392
   10928       1.0684
   10929       1.0274
   10930       0.9619
   10931       1.0133
   10932       1.0630
   10933       1.0146
   10934       1.0076
   10935       1.0211
   10936       1.0387
   10937       1.0339
   10938       1.1694
   10939       1.1668
   10940       1.0681
   10941       1.0815
   10942       1.0114
   10943       1.0290
   10944       0.9866
   10945       1.0210
   10946       1.1228
   10947       1.0540
   10948       1.0507
   10949       1.0989
   10950       1.0962
   10951       0.9766
   10952       1.0177
   10953       1.1509
   10954       1.0716
   10955       1.1742
   10956       1.0719
   10957       1.0649
   10958       1.0343
   10959       1.0748
   10960       1.1175
   10961       1.1030
   10962       0.9971
   10963       0.9853
   10964       0.9874
   10965       1.0588
   10966       1.0390
   10967       1.0062
   10968       1.0958
   10969       0.9391
   10970       1.1041
   10971       0.9491
   10972       1.0910
   10973       1.1539
   10974       1.0760
   10975       1.0011
   10976       1.0411
   10977       1.0357
   10978       0.9890
   10979       0.9728
   10980       0.9826
   10981       1.1043
   10982       1.0996
   10983       1.1505
   10984       1.1264
   10985       1.0662
   10986       1.0420
   10987       1.1872
   10988       1.0354
   10989       0.9571
   10990       1.1486
   10991       1.0843
   10992       1.0989
   10993       1.1506
   10994       1.0284
   10995       1.0940
   10996       1.0880
   10997       1.1799
   10998       1.0874
   10999       1.1220
   11000       1.1475
   11001       1.2735
   11002       1.1361
   11003       1.0895
   11004       1.1293
   11005       1.0801
   11006       0.9370
   11007       0.9186
   11008       0.9873
   11009       1.0112
   11010       0.8748
   11011       0.9010
   11012       0.9935
   11013       0.9895
   11014       1.1195
   11015       1.1714
   11016       1.1320
   11017       1.0655
   11018       1.0881
   11019       1.1236
   11020       1.0728
   11021       1.0980
   11022       1.0849
   11023       1.0921
   11024       1.0528
   11025       1.2138
   11026       1.2533
   11027       0.9906
   11028       1.0729
   11029       1.1820
   11030       1.0090
   11031       1.0604
   11032       1.0493
   11033       1.1031
   11034       1.0726
   11035       1.0576
   11036       1.1404
   11037       0.9965
   11038       1.0766
   11039       1.0510
   11040       1.0346
   11041       1.0329
   11042       1.1227
   11043       1.1261
   11044       1.1798
   11045       1.1402
   11046       1.2033
   11047       1.1732
   11048       1.0966
   11049       1.0894
   11050       1.0245
   11051       1.0690
   11052       1.2120
   11053       1.0033
   11054       1.0150
   11055       1.0852
   11056       1.0591
   11057       1.0910
   11058       1.0597
   11059       1.1489
   11060       1.0559
   11061       1.0812
   11062       1.0358
   11063       1.0960
   11064       1.1322
   11065       1.0952
   11066       1.0546
   11067       1.0007
   11068       0.9707
   11069       0.9749
   11070       1.0317
   11071       1.0909
   11072       1.1019
   11073       1.0750
   11074       1.0801
   11075       1.1169
   11076       1.1152
   11077       1.1283
   11078       1.1232
   11079       1.0739
   11080       1.0561
   11081       1.0103
   11082       0.9577
   11083       0.9554
   11084       1.0425
   11085       1.0096
   11086       0.9862
   11087       0.9721
   11088       1.0632
   11089       0.9644
   11090       0.9105
   11091       0.9506
   11092       0.8167
   11093       0.8081
   11094       0.8430
   11095       0.7689
   11096       0.7960
   11097       0.8217
   11098       0.9613
   11099       0.9408
   11100       0.9420
   11101       0.9655
   11102       0.8326
   11103       0.8680
   11104       0.8728
   11105       0.8551
   11106       0.7817
   11107       0.7540
   11108       0.8804
   11109       0.9538
   11110       0.9870
   11111       0.8819
   11112       0.8613
   11113       0.8872
   11114       0.8786
   11115       0.8985
   11116       0.8043
   11117       0.7408
   11118       0.7964
   11119       0.6764
   11120       0.7606
   11121       0.8251
   11122       0.7157
   11123       0.7281
   11124       0.6948
   11125       0.8091
   11126       0.7381
   11127       0.7425
   11128       0.8380
   11129       0.8421
   11130       0.8790
   11131       0.9701
   11132       0.8501
   11133       0.8980
   11134       0.9347
   11135       1.0007
   11136       0.8680
   11137       0.8104
   11138       0.8450
   11139       0.8801
   11140       0.9710
   11141       0.9008
   11142       0.9530
   11143       0.9205
   11144       0.8403
   11145       0.7244
   11146       0.8544
   11147       0.8649
   11148       0.8482
   11149       0.8880
   11150       0.9123
   11151       1.0524
   11152       1.1197
   11153       1.0728
   11154       1.0621
   11155       0.9493
   11156       0.9796
   11157       0.9949
   11158       0.9576
   11159       0.9757
   11160       0.8688
   11161       0.9597
   11162       0.9899
   11163       1.0074
   11164       1.0444
   11165       1.0097
   11166       0.9757
   11167       0.9213
   11168       0.9704
   11169       1.0824
   11170       0.9587
   11171       1.0153
   11172       0.9595
   11173       0.9570
   11174       0.9485
   11175       0.9266
   11176       0.9426
   11177       0.9823
   11178       0.9516
   11179       0.9405
   11180       0.8995
   11181       0.9306
   11182       1.0805
   11183       1.0469
   11184       1.0373
   11185       0.9648
   11186       1.0470
   11187       1.0095
   11188       0.9995
   11189       0.8832
   11190       0.9905
   11191       0.9011
   11192       0.7791
   11193       0.7778
   11194       0.8736
   11195       0.8309
   11196       0.8948
   11197       0.9302
   11198       0.8539
   11199       0.9437
   11200       0.9124
   11201       0.8489
   11202       0.9399
   11203       0.9186
   11204       0.8377
   11205       0.8500
   11206       0.7872
   11207       0.8533
   11208       0.8339
   11209       0.8208
   11210       0.7767
   11211       0.8043
   11212       0.9419
   11213       0.9391
   11214       0.9141
   11215       0.8930
   11216       1.0007
   11217       1.0664
   11218       1.0328
   11219       0.8715
   11220       0.8511
   11221       0.9760
   11222       0.9754
   11223       0.9043
   11224       0.8239
   11225       0.9068
   11226       0.8474
   11227       0.7989
   11228       0.8285
   11229       0.7901
   11230       0.8566
   11231       0.9275
   11232       0.9522
   11233       0.8866
   11234       0.9324
   11235       0.9459
   11236       0.9430
   11237       0.9133
   11238       0.8922
   11239       0.9188
   11240       0.9940
   11241       0.9382
   11242       0.8442
   11243       0.8511
   11244       0.7775
   11245       0.9222
   11246       0.6967
   11247       0.9172
   11248       0.8946
   11249       0.8907
   11250       1.1062
   11251       0.8710
   11252       0.8531
   11253       0.8838
   11254       0.9223
   11255       0.8185
   11256       0.8282
   11257       0.9767
   11258       1.0042
   11259       0.9666
   11260       0.9091
   11261       0.9434
   11262       0.8984
   11263       0.8026
   11264       0.8747
   11265       0.9049
   11266       0.9931
   11267       1.0080
   11268       0.9140
   11269       0.8554
   11270       0.8251
   11271       0.8675
   11272       0.8880
   11273       0.8700
   11274       0.7468
   11275       0.7442
   11276       0.7470
   11277       0.9366
   11278       0.8014
   11279       0.8282
   11280       0.7526
   11281       0.8533
   11282       0.8430
   11283       0.7167
   11284       0.7152
   11285       0.7072
   11286       0.9149
   11287       0.8912
   11288       0.8035
   11289       0.8539
   11290       0.8395
   11291       0.7086
   11292       0.7170
   11293       0.8066
   11294       0.9522
   11295       0.9569
   11296       0.9094
   11297       0.8766
   11298       0.8441
   11299       0.8374
   11300       0.8456
   11301       0.8440
   11302       0.8842
   11303       0.8422
   11304       0.7896
   11305       0.7801
   11306       0.8163
   11307       0.8229
   11308       0.7814
   11309       0.8098
   11310       0.8134
   11311       0.8903
   11312       0.8809
   11313       0.9485
   11314       0.7839
   11315       0.8003
   11316       0.8379
   11317       0.8840
   11318       0.9372
   11319       0.8649
   11320       0.8849
   11321       0.9317
   11322       0.8234
   11323       0.8083
   11324       0.8455
   11325       0.8602
   11326       0.9629
   11327       0.9773
   11328       0.7845
   11329       0.8831
   11330       0.9959
   11331       0.9980
   11332       0.8659
   11333       0.8895
   11334       0.8700
   11335       0.8692
   11336       0.8577
   11337       0.9195
   11338       0.9289
   11339       0.9415
   11340       0.8354
   11341       0.8595
   11342       0.7817
   11343       0.8363
   11344       0.8173
   11345       0.7356
   11346       0.8717
   11347       0.9020
   11348       0.8542
   11349       0.8716
   11350       0.8402
   11351       0.7941
   11352       0.6891
   11353       0.7012
   11354       0.7323
   11355       0.6824
   11356       0.8488
   11357       0.8169
   11358       0.8052
   11359       0.8544
   11360       0.9402
   11361       0.9653
   11362       0.9268
   11363       0.8587
   11364       0.7972
   11365       0.8343
   11366       0.9247
   11367       1.0053
   11368       0.8861
   11369       0.8519
   11370       0.9303
   11371       0.8266
   11372       0.7948
   11373       0.9054
   11374       0.8759
   11375       0.8411
   11376       0.8648
   11377       0.9655
   11378       0.9405
   11379       1.0223
   11380       0.9257
   11381       0.8280
   11382       0.8487
   11383       0.9612
   11384       0.9843
   11385       0.9670
   11386       1.0613
   11387       1.0317
   11388       0.9096
   11389       0.9213
   11390       0.8450
   11391       0.7596
   11392       0.7253
   11393       0.7993
   11394       0.8590
   11395       0.8034
   11396       0.8245
   11397       0.8934
   11398       0.8370
   11399       0.7912
   11400       0.8122
   11401       0.8353
   11402       0.8565
   11403       0.8967
   11404       0.9527
   11405       0.9033
   11406       0.8853
   11407       0.9277
   11408       1.0146
   11409       0.9212
   11410       1.0082
   11411       0.9677
   11412       1.0424
   11413       1.1303
   11414       0.8823
   11415       1.0076
   11416       1.0250
   11417       1.0289
   11418       1.0673
   11419       1.0925
   11420       1.0229
   11421       0.9208
   11422       0.9949
   11423       0.9864
   11424       0.9407
   11425       1.0516
   11426       1.0624
   11427       1.0069
   11428       0.9726
   11429       0.9175
   11430       0.8190
   11431       0.8561
   11432       0.8804
   11433       0.9080
   11434       0.9715
   11435       0.8965
   11436       1.0231
   11437       0.9143
   11438       0.8531
   11439       0.8699
   11440       0.8312
   11441       0.7820
   11442       0.8056
   11443       0.8465
   11444       1.0139
   11445       1.0300
   11446       1.0620
   11447       1.0505
   11448       1.0174
   11449       0.8685
   11450       1.1072
   11451       1.0207
   11452       1.0238
   11453       0.8968
   11454       0.8951
   11455       0.8745
   11456       0.8880
   11457       0.8535
   11458       0.9431
   11459       0.9172
   11460       0.9254
   11461       0.8846
   11462       0.8652
   11463       0.9901
   11464       0.9807
   11465       1.0491
   11466       1.0601
   11467       1.0326
   11468       1.0403
   11469       0.9535
   11470       0.9634
   11471       0.8490
   11472       0.8642
   11473       0.7263
   11474       0.8286
   11475       0.8630
   11476       0.8746
   11477       0.6890
   11478       0.8028
   11479       0.7052
   11480       0.7060
   11481       0.7108
   11482       0.7375
   11483       0.6100
   11484       0.7805
   11485       0.6707
   11486       0.6069
   11487       0.6160
   11488       0.6986
   11489       0.5970
   11490       0.7408
   11491       0.6548
   11492       0.6767
   11493       0.7854
   11494       0.6456
   11495       0.7794
   11496       0.6357
   11497       0.6811
   11498       0.7240
   11499       0.6968
   11500       0.7200
   11501       0.7360
   11502       0.6954
   11503       0.7272
   11504       0.8049
   11505       0.7178
   11506       0.7308
   11507       0.6718
   11508       0.7138
   11509       0.6775
   11510       0.7021
   11511       0.7319
   11512       0.8032
   11513       0.7894
   11514       0.8151
   11515       0.7339
   11516       0.6880
   11517       0.6853
   11518       0.6894
   11519       0.6772
   11520       0.6774
   11521       0.7002
   11522       0.7355
   11523       0.7862
   11524       0.7985
   11525       0.8715
   11526       0.7390
   11527       0.7066
   11528       0.6409
   11529       0.6334
   11530       0.7129
   11531       0.7761
   11532       0.7272
   11533       0.8250
   11534       0.7378
   11535       0.7191
   11536       0.7196
   11537       0.7445
   11538       0.7181
   11539       0.7323
   11540       0.8192
   11541       0.7775
   11542       0.7785
   11543       0.7287
   11544       0.7816
   11545       0.8287
   11546       0.7573
   11547       0.8717
   11548       0.7374
   11549       0.7919
   11550       0.8481
   11551       0.8080
   11552       0.8821
   11553       0.8906
   11554       0.7696
   11555       0.7941
   11556       0.8371
   11557       0.7762
   11558       0.8231
   11559       0.8155
   11560       0.8431
   11561       0.8616
   11562       0.8899
   11563       0.7855
   11564       0.7894
   11565       0.8870
   11566       0.7881
   11567       0.8533
   11568       0.8753
   11569       0.8808
   11570       0.8167
   11571       0.8170
   11572       0.7991
   11573       0.8303
   11574       0.8247
   11575       0.7154
   11576       0.7234
   11577       0.7204
   11578       0.7186
   11579       0.8011
   11580       0.6950
   11581       0.8089
   11582       0.8418
   11583       0.9270
   11584       0.8399
   11585       0.9428
   11586       0.9605
   11587       1.0934
   11588       0.8672
   11589       0.8888
   11590       0.8993
   11591       0.7874
   11592       0.8002
   11593       0.7768
   11594       0.9152
   11595       0.7922
   11596       0.8662
   11597       0.8312
   11598       0.8459
   11599       0.8362
   11600       0.9221
   11601       0.9955
   11602       0.9280
   11603       0.8655
   11604       0.8827
   11605       0.9473
   11606       0.9784
   11607       0.9652
   11608       0.9002
   11609       1.0194
   11610       0.9945
   11611       0.9047
   11612       0.8815
   11613       0.8533
   11614       0.9287
   11615       0.8672
   11616       0.8352
   11617       0.8777
   11618       0.7611
   11619       0.8148
   11620       0.7269
   11621       0.7792
   11622       0.7191
   11623       0.7199
   11624       0.9076
   11625       0.7992
   11626       0.9043
   11627       0.9083
   11628       0.8905
   11629       0.7683
   11630       0.7957
   11631       0.7638
   11632       0.7324
   11633       0.7170
   11634       0.7603
   11635       0.7065
   11636       0.6820
   11637       0.7539
   11638       0.8176
   11639       0.7903
   11640       0.8300
   11641       0.7543
   11642       0.7744
   11643       0.7223
   11644       0.8440
   11645       0.7730
   11646       0.7315
   11647       0.7995
   11648       0.7083
   11649       0.7013
   11650       0.6985
   11651       0.7024
   11652       0.7623
   11653       0.6536
   11654       0.7844
   11655       0.7458
   11656       0.7977
   11657       0.7960
   11658       0.7119
   11659       0.7550
   11660       0.8277
   11661       0.7403
   11662       0.7005
   11663       0.7638
   11664       0.7054
   11665       0.7814
   11666       0.8114
   11667       0.7431
   11668       0.8128
   11669       0.7881
   11670       0.6765
   11671       0.6793
   11672       0.8201
   11673       0.7571
   11674       0.6683
   11675       0.6869
   11676       0.6328
   11677       0.6879
   11678       0.7006
   11679       0.7525
   11680       0.8116
   11681       0.7254
   11682       0.7290
   11683       0.5995
   11684       0.7042
   11685       0.6631
   11686       0.7381
   11687       0.6578
   11688       0.7176
   11689       0.6755
   11690       0.7084
   11691       0.6407
   11692       0.6825
   11693       0.6377
   11694       0.8177
   11695       0.7801
   11696       0.7396
   11697       0.7556
   11698       0.7747
   11699       0.8576
   11700       0.8009
   11701       0.8592
   11702       0.9257
   11703       0.9076
   11704       0.9151
   11705       0.8459
   11706       0.8614
   11707       0.8362
   11708       0.7157
   11709       0.7406
   11710       0.7762
   11711       0.7656
   11712       0.7494
   11713       0.7998
   11714       0.7632
   11715       0.7651
   11716       0.8157
   11717       0.7953
   11718       0.8142
   11719       0.7233
   11720       0.6581
   11721       0.7648
   11722       0.6991
   11723       0.6176
   11724       0.6561
   11725       0.7344
   11726       0.6091
   11727       0.6702
   11728       0.6552
   11729       0.7033
   11730       0.7368
   11731       0.7860
   11732       0.7263
   11733       0.7023
   11734       0.7010
   11735       0.6709
   11736       0.7275
   11737       0.7556
   11738       0.6840
   11739       0.7873
   11740       0.7058
   11741       0.6251
   11742       0.6177
   11743       0.6576
   11744       0.6416
   11745       0.7114
   11746       0.5517
   11747       0.6285
   11748       0.6034
   11749       0.6948
   11750       0.7094
   11751       0.6217
   11752       0.6249
   11753       0.7400
   11754       0.7552
   11755       0.5816
   11756       0.6428
   11757       0.6572
   11758       0.7459
   11759       0.8691
   11760       0.9560
   11761       0.9003
   11762       0.8214
   11763       0.7656
   11764       0.8207
   11765       0.8899
   11766       0.8465
   11767       0.7822
   11768       0.8855
   11769       0.7258
   11770       0.7198
   11771       0.8917
   11772       0.7676
   11773       0.8032
   11774       0.7272
   11775       0.8462
   11776       0.7527
   11777       0.6656
   11778       0.6069
   11779       0.6745
   11780       0.6672
   11781       0.6764
   11782       0.6473
   11783       0.6869
   11784       0.6760
   11785       0.6864
   11786       0.7394
   11787       0.7246
   11788       0.7696
   11789       0.7999
   11790       0.7649
   11791       0.7649
   11792       0.8705
   11793       0.7896
   11794       0.7233
   11795       0.7135
   11796       0.7741
   11797       0.7677
   11798       0.7138
   11799       0.7863
   11800       0.7207
   11801       0.8540
   11802       0.8435
   11803       0.8727
   11804       0.7401
   11805       0.7562
   11806       0.6752
   11807       0.7451
   11808       0.7417
   11809       0.6159
   11810       0.6444
   11811       0.6886
   11812       0.7015
   11813       0.6789
   11814       0.6572
   11815       0.6434
   11816       0.6592
   11817       0.7107
   11818       0.6407
   11819       0.6348
   11820       0.6664
   11821       0.8263
   11822       0.7433
   11823       0.8620
   11824       0.9225
   11825       0.7352
   11826       0.8682
   11827       0.8202
   11828       0.7688
   11829       0.7525
   11830       0.7015
   11831       0.7322
   11832       0.6676
   11833       0.7020
   11834       0.7067
   11835       0.7419
   11836       0.7429
   11837       0.7013
   11838       0.7392
   11839       0.8268
   11840       0.7341
   11841       0.8077
   11842       0.7393
   11843       0.8935
   11844       0.7693
   11845       0.8646
   11846       0.7560
   11847       0.8148
   11848       0.8756
   11849       0.7448
   11850       0.8341
   11851       0.7736
   11852       0.8156
   11853       0.7601
   11854       0.7987
   11855       0.7861
   11856       0.8057
   11857       0.7429
   11858       0.6633
   11859       0.8005
   11860       0.7372
   11861       0.7139
   11862       0.5992
   11863       0.6685
   11864       0.6602
   11865       0.6640
   11866       0.6472
   11867       0.6279
   11868       0.6731
   11869       0.7698
   11870       0.6791
   11871       0.7829
   11872       0.7780
   11873       0.7278
   11874       0.7612
   11875       0.7402
   11876       0.7588
   11877       0.8303
   11878       0.8519
   11879       0.8986
   11880       0.9504
   11881       0.8389
   11882       0.7997
   11883       0.8005
   11884       0.9012
   11885       0.9859
   11886       0.9690
   11887       0.8810
   11888       0.8274
   11889       0.9339
   11890       0.8785
   11891       0.9430
   11892       0.7832
   11893       0.9295
   11894       1.0374
   11895       0.9906
   11896       0.9655
   11897       0.9033
   11898       0.9212
   11899       0.8881
   11900       0.8300
   11901       0.8563
   11902       0.8436
   11903       0.8545
   11904       0.7537
   11905       0.8274
   11906       0.8640
   11907       0.8256
   11908       0.7241
   11909       0.7949
   11910       0.7854
   11911       0.7343
   11912       0.7379
   11913       0.7457
   11914       0.8422
   11915       0.7094
   11916       0.8099
   11917       0.9920
   11918       0.8609
   11919       0.7764
   11920       0.7128
   11921       0.7020
   11922       0.7335
   11923       0.8315
   11924       0.7396
   11925       0.8184
   11926       0.6927
   11927       0.7167
   11928       0.6664
   11929       0.6806
   11930       0.6532
   11931       0.6540
   11932       0.7127
   11933       0.6742
   11934       0.6564
   11935       0.6335
   11936       0.7415
   11937       0.6519
   11938       0.6617
   11939       0.5480
   11940       0.7009
   11941       0.6726
   11942       0.5948
   11943       0.5724
   11944       0.6890
   11945       0.6296
   11946       0.6515
   11947       0.7073
   11948       0.6683
   11949       0.7133
   11950       0.7672
   11951       0.8001
   11952       0.7364
   11953       0.8017
   11954       0.7151
   11955       0.7012
   11956       0.7784
   11957       0.7127
   11958       0.6339
   11959       0.7645
   11960       0.6614
   11961       0.7397
   11962       0.6678
   11963       0.6811
   11964       0.7275
   11965       0.7587
   11966       0.6403
   11967       0.7077
   11968       0.7032
   11969       0.7156
   11970       0.7006
   11971       0.7193
   11972       0.8614
   11973       0.8462
   11974       0.7988
   11975       0.8321
   11976       0.8235
   11977       0.6938
   11978       0.7271
   11979       0.7278
   11980       0.7032
   11981       0.6685
   11982       0.6893
   11983       0.7214
   11984       0.7421
   11985       0.6533
   11986       0.6864
   11987       0.7109
   11988       0.6598
   11989       0.7119
   11990       0.7001
   11991       0.6343
   11992       0.7786
   11993       0.7673
   11994       0.6105
   11995       0.8116
   11996       0.6918
   11997       0.8347
   11998       0.7450
   11999       0.6957
   12000       0.6827
   12001       0.7781
   12002       0.8402
   12003       0.9046
   12004       0.7819
   12005       0.7073
   12006       0.7278
   12007       0.7576
   12008       0.7341
   12009       0.7026
   12010       0.6749
   12011       0.7305
   12012       0.7148
   12013       0.5931
   12014       0.6827
   12015       0.7339
   12016       0.6871
   12017       0.6343
   12018       0.7289
   12019       0.7095
   12020       0.6334
   12021       0.7162
   12022       0.6368
   12023       0.6715
   12024       0.7311
   12025       0.7948
   12026       0.8571
   12027       0.8021
   12028       0.8091
   12029       0.9189
   12030       0.7400
   12031       0.9149
   12032       0.9160
   12033       0.8602
   12034       0.8428
   12035       0.9157
   12036       0.8149
   12037       0.8554
   12038       0.8411
   12039       0.8053
   12040       0.8044
   12041       0.7885
   12042       0.7953
   12043       0.8689
   12044       0.9073
   12045       0.8612
   12046       0.8050
   12047       0.8182
   12048       0.8420
   12049       0.8638
   12050       0.8173
   12051       0.9167
   12052       1.0837
   12053       1.0301
   12054       1.0024
   12055       1.0067
   12056       0.9841
   12057       0.9303
   12058       0.9012
   12059       0.8687
   12060       0.9246
   12061       0.8609
   12062       0.8946
   12063       0.8931
   12064       0.9862
   12065       0.9257
   12066       0.9854
   12067       0.9287
   12068       0.8561
   12069       0.7634
   12070       0.8517
   12071       0.9889
   12072       0.8480
   12073       0.8879
   12074       0.9444
   12075       0.8914
   12076       0.7991
   12077       0.9594
   12078       1.0053
   12079       0.8767
   12080       0.8183
   12081       0.9950
   12082       0.8273
   12083       0.9088
   12084       0.8643
   12085       0.8430
   12086       0.8397
   12087       0.8843
   12088       0.8007
   12089       0.8934
   12090       0.8153
   12091       0.8080
   12092       0.9158
   12093       0.8550
   12094       0.8317
   12095       0.7654
   12096       0.6553
   12097       0.8431
   12098       0.8291
   12099       0.6811
   12100       0.7337
   12101       0.7738
   12102       0.6791
   12103       0.7126
   12104       0.6460
   12105       0.6342
   12106       0.7037
   12107       0.6905
   12108       0.6841
   12109       0.6670
   12110       0.6306
   12111       0.5988
   12112       0.6269
   12113       0.6787
   12114       0.5479
   12115       0.6877
   12116       0.6312
   12117       0.6066
   12118       0.6578
   12119       0.6594
   12120       0.6639
   12121       0.7390
   12122       0.7588
   12123       0.8148
   12124       0.7205
   12125       0.7846
   12126       0.7253
   12127       0.7676
   12128       0.7855
   12129       0.7315
   12130       0.7532
   12131       0.6610
   12132       0.7514
   12133       0.6356
   12134       0.6393
   12135       0.7369
   12136       0.6421
   12137       0.7245
   12138       0.7914
   12139       0.6669
   12140       0.7889
   12141       0.7743
   12142       0.9477
   12143       0.8542
   12144       0.8232
   12145       0.8865
   12146       0.8835
   12147       0.8685
   12148       0.8648
   12149       0.9162
   12150       0.9834
   12151       1.0329
   12152       1.0232
   12153       0.9837
   12154       0.8927
   12155       0.7713
   12156       0.8312
   12157       0.7971
   12158       0.8744
   12159       0.8942
   12160       0.8296
   12161       0.8528
   12162       0.9054
   12163       0.7510
   12164       0.7901
   12165       0.7625
   12166       0.7227
   12167       0.6407
   12168       0.7299
   12169       0.7662
   12170       0.7649
   12171       0.7927
   12172       0.8867
   12173       0.8360
   12174       0.9323
   12175       0.7904
   12176       0.7155
   12177       0.7791
   12178       0.8342
   12179       0.8448
   12180       0.7903
   12181       0.7735
   12182       0.9216
   12183       0.9277
   12184       0.8601
   12185       0.8863
   12186       0.9103
   12187       0.8931
   12188       0.8946
   12189       1.0165
   12190       0.9404
   12191       0.9703
   12192       0.8234
   12193       0.9258
   12194       0.8015
   12195       0.7260
   12196       0.9092
   12197       0.8758
   12198       0.8124
   12199       0.9408
   12200       0.8720
   12201       0.8438
   12202       0.7755
   12203       0.9355
   12204       0.8281
   12205       0.8256
   12206       0.8242
   12207       0.8505
   12208       0.7789
   12209       0.7939
   12210       0.7604
   12211       0.9093
   12212       0.8025
   12213       0.9870
   12214       0.9004
   12215       0.8686
   12216       0.9354
   12217       0.8234
   12218       0.9043
   12219       0.9754
   12220       0.8886
   12221       0.8008
   12222       0.8844
   12223       0.9544
   12224       0.8354
   12225       0.8670
   12226       0.8808
   12227       0.9341
   12228       0.8077
   12229       0.9172
   12230       0.8917
   12231       1.0094
   12232       0.9713
   12233       0.8721
   12234       0.8352
   12235       0.8623
   12236       0.9674
   12237       0.9137
   12238       0.8664
   12239       0.9286
   12240       0.8522
   12241       0.9469
   12242       0.8648
   12243       0.9774
   12244       1.0971
   12245       0.8933
   12246       0.7807
   12247       0.7475
   12248       0.7721
   12249       0.7303
   12250       0.8096
   12251       0.8479
   12252       0.8624
   12253       0.8563
   12254       0.8765
   12255       0.9415
   12256       0.9544
   12257       0.8647
   12258       0.9306
   12259       0.8916
   12260       0.8771
   12261       0.8880
   12262       0.7501
   12263       0.7757
   12264       0.7990
   12265       0.7432
   12266       0.7372
   12267       0.8134
   12268       0.7734
   12269       0.7448
   12270       0.7948
   12271       0.7962
   12272       0.7883
   12273       0.8184
   12274       0.8694
   12275       0.7762
   12276       0.7806
   12277       0.8143
   12278       0.7960
   12279       0.9019
   12280       0.8597
   12281       0.8358
   12282       0.7199
   12283       0.7260
   12284       0.6034
   12285       0.6698
   12286       0.7387
   12287       0.7970
   12288       0.7824
   12289       0.7231
   12290       0.7583
   12291       0.7848
   12292       0.7342
   12293       0.6373
   12294       0.7988
   12295       0.7713
   12296       0.6870
   12297       0.7680
   12298       0.7416
   12299       0.6989
   12300       0.7261
   12301       0.7403
   12302       0.7188
   12303       0.7045
   12304       0.7195
   12305       0.7231
   12306       0.7727
   12307       0.7747
   12308       0.8848
   12309       0.8221
   12310       0.7414
   12311       0.9525
   12312       0.8077
   12313       0.8350
   12314       0.6996
   12315       0.7352
   12316       0.7275
   12317       0.6863
   12318       0.7423
   12319       0.7453
   12320       0.7978
   12321       0.7597
   12322       0.8385
   12323       0.6295
   12324       0.6238
   12325       0.6800
   12326       0.6981
   12327       0.7687
   12328       0.6970
   12329       0.7867
   12330       0.6973
   12331       0.7658
   12332       0.7166
   12333       0.7434
   12334       0.7715
   12335       0.7950
   12336       0.6336
   12337       0.7026
   12338       0.8142
   12339       0.7945
   12340       0.8507
   12341       0.7454
   12342       0.7203
   12343       0.6756
   12344       0.6522
   12345       0.6903
   12346       0.8038
   12347       0.7149
   12348       0.7479
   12349       0.6342
   12350       0.7189
   12351       0.6916
   12352       0.6956
   12353       0.6616
   12354       0.6808
   12355       0.6012
   12356       0.6411
   12357       0.6724
   12358       0.7203
   12359       0.6773
   12360       0.7219
   12361       0.6907
   12362       0.6426
   12363       0.6193
   12364       0.6491
   12365       0.6333
   12366       0.6169
   12367       0.6495
   12368       0.5873
   12369       0.6166
   12370       0.6303
   12371       0.6967
   12372       0.6617
   12373       0.6701
   12374       0.7282
   12375       0.8422
   12376       0.6711
   12377       0.7189
   12378       0.7301
   12379       0.6705
   12380       0.6748
   12381       0.7376
   12382       0.5977
   12383       0.6314
   12384       0.7956
   12385       0.6546
   12386       0.7146
   12387       0.7299
   12388       0.7597
   12389       0.6552
   12390       0.6663
   12391       0.6261
   12392       0.6389
   12393       0.7267
   12394       0.6838
   12395       0.6561
   12396       0.7079
   12397       0.6021
   12398       0.6850
   12399       0.6151
   12400       0.6685
   12401       0.7016
   12402       0.7317
   12403       0.7326
   12404       0.7274
   12405       0.6868
   12406       0.6821
   12407       0.7755
   12408       0.7419
   12409       0.7613
   12410       0.6793
   12411       0.7995
   12412       0.7953
   12413       0.8256
   12414       0.7267
   12415       0.8055
   12416       0.8146
   12417       0.7592
   12418       0.7416
   12419       0.6664
   12420       0.7190
   12421       0.7042
   12422       0.7735
   12423       0.8432
   12424       0.8579
   12425       0.8583
   12426       0.8532
   12427       0.8501
   12428       0.7722
   12429       0.7134
   12430       0.7512
   12431       0.7639
   12432       0.8488
   12433       0.9256
   12434       0.8119
   12435       0.7129
   12436       0.7871
   12437       0.7218
   12438       0.7572
   12439       0.6602
   12440       0.6012
   12441       0.6243
   12442       0.6035
   12443       0.7062
   12444       0.6665
   12445       0.6178
   12446       0.7177
   12447       0.7657
   12448       0.6944
   12449       0.7746
   12450       0.7249
   12451       0.7545
   12452       0.7243
   12453       0.7293
   12454       0.6802
   12455       0.6695
   12456       0.7209
   12457       0.7191
   12458       0.8770
   12459       0.7463
   12460       0.7131
   12461       0.7986
   12462       0.7897
   12463       0.7169
   12464       0.6845
   12465       0.6990
   12466       0.6279
   12467       0.6267
   12468       0.6228
   12469       0.6056
   12470       0.7336
   12471       0.6244
   12472       0.6153
   12473       0.6277
   12474       0.6503
   12475       0.6545
   12476       0.6009
   12477       0.6972
   12478       0.5576
   12479       0.6791
   12480       0.7006
   12481       0.8819
   12482       0.6189
   12483       0.6849
   12484       0.6589
   12485       0.7281
   12486       0.6666
   12487       0.6334
   12488       0.6645
   12489       0.5874
   12490       0.6153
   12491       0.6141
   12492       0.5974
   12493       0.7031
   12494       0.6749
   12495       0.7722
   12496       0.8250
   12497       0.7595
   12498       0.7947
   12499       0.7417
   12500       0.7525
   12501       0.7476
   12502       0.7879
   12503       0.7801
   12504       0.5998
   12505       0.7607
   12506       0.7239
   12507       0.7912
   12508       0.7272
   12509       0.7297
   12510       0.5747
   12511       0.6777
   12512       0.7256
   12513       0.7459
   12514       0.6899
   12515       0.7643
   12516       0.7238
   12517       0.6389
   12518       0.6273
   12519       0.6669
   12520       0.6443
   12521       0.7229
   12522       0.6058
   12523       0.6582
   12524       0.6381
   12525       0.6705
   12526       0.6820
   12527       0.7965
   12528       0.7880
   12529       0.8786
   12530       0.7949
   12531       0.7367
   12532       0.9317
   12533       0.6438
   12534       0.6261
   12535       0.5824
   12536       0.5938
   12537       0.7008
   12538       0.9015
   12539       0.7401
   12540       0.8509
   12541       0.7136
   12542       0.7449
   12543       0.7336
   12544       0.7658
   12545       0.6330
   12546       0.6687
   12547       0.6291
   12548       0.6456
   12549       0.6218
   12550       0.6646
   12551       0.6840
   12552       0.7964
   12553       0.7319
   12554       0.8991
   12555       0.8668
   12556       0.7310
   12557       0.7411
   12558       0.7927
   12559       0.7485
   12560       0.8027
   12561       0.7509
   12562       0.7719
   12563       0.7608
   12564       0.7368
   12565       0.7885
   12566       0.7348
   12567       0.7030
   12568       0.6918
   12569       0.7642
   12570       0.7202
   12571       0.7523
   12572       0.8736
   12573       0.8020
   12574       0.6699
   12575       0.6958
   12576       0.9204
   12577       0.8255
   12578       0.7827
   12579       0.8074
   12580       0.8892
   12581       0.9505
   12582       0.7708
   12583       0.7998
   12584       0.7949
   12585       0.9548
   12586       0.8168
   12587       0.7732
   12588       0.7689
   12589       0.7235
   12590       0.6916
   12591       0.7040
   12592       0.7585
   12593       0.6953
   12594       0.6613
   12595       0.7592
   12596       0.7120
   12597       0.7072
   12598       0.6648
   12599       0.6975
   12600       0.7453
   12601       0.6117
   12602       0.6950
   12603       0.6213
   12604       0.7435
   12605       0.7349
   12606       0.7111
   12607       0.7384
   12608       0.6432
   12609       0.6257
   12610       0.7184
   12611       0.7530
   12612       0.7316
   12613       0.7003
   12614       0.6683
   12615       0.7660
   12616       0.6955
   12617       0.7842
   12618       0.8009
   12619       0.8288
   12620       0.7589
   12621       0.7439
   12622       0.6776
   12623       0.6439
   12624       0.7686
   12625       0.7584
   12626       0.7422
   12627       0.8322
   12628       0.7261
   12629       0.6213
   12630       0.6727
   12631       0.7230
   12632       0.7134
   12633       0.7040
   12634       0.6543
   12635       0.6929
   12636       0.7508
   12637       0.7987
   12638       0.7904
   12639       0.7533
   12640       0.7124
   12641       0.7314
   12642       0.7569
   12643       0.7656
   12644       0.7698
   12645       0.7351
   12646       0.8243
   12647       0.8265
   12648       0.6560
   12649       0.7275
   12650       0.6501
   12651       0.7077
   12652       0.6946
   12653       0.6845
   12654       0.6995
   12655       0.6900
   12656       0.6850
   12657       0.6488
   12658       0.7088
   12659       0.8210
   12660       0.6534
   12661       0.6828
   12662       0.7154
   12663       0.6978
   12664       0.8178
   12665       0.7538
   12666       0.8205
   12667       0.6812
   12668       0.6874
   12669       0.6865
   12670       0.7350
   12671       0.6915
   12672       0.7179
   12673       0.7456
   12674       0.9018
   12675       0.8279
   12676       0.7238
   12677       0.8299
   12678       0.8505
   12679       0.7524
   12680       0.8427
   12681       0.7228
   12682       0.8282
   12683       0.7527
   12684       0.8362
   12685       0.6733
   12686       0.7623
   12687       0.8259
   12688       0.6853
   12689       0.7824
   12690       0.7551
   12691       0.7147
   12692       0.6955
   12693       0.9235
   12694       0.7037
   12695       0.8253
   12696       0.7530
   12697       0.7555
   12698       0.7456
   12699       0.8643
   12700       0.7625
   12701       0.8779
   12702       0.7029
   12703       0.6901
   12704       0.7813
   12705       0.8685
   12706       0.8751
   12707       0.7606
   12708       0.7051
   12709       0.6977
   12710       0.6444
   12711       0.6800
   12712       0.6930
   12713       0.7997
   12714       0.7697
   12715       0.7942
   12716       0.6731
   12717       0.6846
   12718       0.7757
   12719       0.6753
   12720       0.5947
   12721       0.7244
   12722       0.7944
   12723       0.7508
   12724       0.7799
   12725       0.8983
   12726       0.9292
   12727       0.8594
   12728       0.9018
   12729       0.7385
   12730       0.7496
   12731       0.7811
   12732       0.9228
   12733       0.8873
   12734       0.8443
   12735       0.8214
   12736       0.7386
   12737       0.8120
   12738       0.7810
   12739       0.7280
   12740       0.6525
   12741       0.8180
   12742       0.7762
   12743       0.8025
   12744       0.8472
   12745       0.8045
   12746       0.7501
   12747       0.8431
   12748       0.8791
   12749       0.8677
   12750       0.8274
   12751       0.8875
   12752       1.0144
   12753       0.9540
   12754       1.1243
   12755       0.9636
   12756       0.8464
   12757       0.7869
   12758       0.6998
   12759       0.7039
   12760       0.6415
   12761       0.6602
   12762       0.8956
   12763       0.8455
   12764       0.7756
   12765       0.8232
   12766       0.7852
   12767       0.6811
   12768       0.7300
   12769       0.8008
   12770       0.7474
   12771       0.7236
   12772       0.6624
   12773       0.7902
   12774       0.7723
   12775       0.8021
   12776       0.7434
   12777       0.8228
   12778       0.8159
   12779       0.8069
   12780       0.8653
   12781       0.8084
   12782       0.7633
   12783       0.9001
   12784       0.7523
   12785       0.8108
   12786       0.7922
   12787       0.7071
   12788       0.7450
   12789       0.7325
   12790       0.7000
   12791       0.7762
   12792       0.7261
   12793       0.7455
   12794       0.6832
   12795       0.7677
   12796       0.7455
   12797       0.6443
   12798       0.6564
   12799       0.7144
   12800       0.6269
   12801       0.7002
   12802       0.6261
   12803       0.7466
   12804       0.8549
   12805       0.7308
   12806       0.7460
   12807       0.7719
   12808       0.6689
   12809       0.7842
   12810       0.7385
   12811       0.7470
   12812       0.9180
   12813       0.6829
   12814       0.7083
   12815       0.7706
   12816       0.6789
   12817       0.7185
   12818       0.7860
   12819       0.9038
   12820       0.7984
   12821       0.8260
   12822       0.7733
   12823       0.8595
   12824       0.8286
   12825       0.7128
   12826       0.7419
   12827       0.7749
   12828       0.7813
   12829       0.7167
   12830       0.7888
   12831       0.8227
   12832       0.7269
   12833       0.7110
   12834       0.7528
   12835       0.7412
   12836       0.7228
   12837       0.8972
   12838       0.7345
   12839       0.6914
   12840       0.7255
   12841       0.6624
   12842       0.8383
   12843       0.8272
   12844       0.8146
   12845       0.7574
   12846       0.6397
   12847       0.6987
   12848       0.7254
   12849       0.6836
   12850       0.6909
   12851       0.6995
   12852       0.6812
   12853       0.6948
   12854       0.6526
   12855       0.7048
   12856       0.7676
   12857       0.6879
   12858       0.6514
   12859       0.7948
   12860       0.7835
   12861       0.7033
   12862       0.6122
   12863       0.6054
   12864       0.8146
   12865       0.8657
   12866       0.9578
   12867       0.8756
   12868       0.7960
   12869       0.8348
   12870       0.7864
   12871       0.8092
   12872       0.7083
   12873       0.7782
   12874       0.6765
   12875       0.6857
   12876       0.8720
   12877       0.8352
   12878       0.6605
   12879       0.7736
   12880       0.8308
   12881       0.8819
   12882       0.8388
   12883       0.9564
   12884       0.8147
   12885       0.8553
   12886       0.8228
   12887       0.8506
   12888       0.8361
   12889       0.7255
   12890       0.7278
   12891       0.7866
   12892       0.7145
   12893       0.7143
   12894       0.6506
   12895       0.6960
   12896       0.6970
   12897       0.7478
   12898       0.6151
   12899       0.6856
   12900       0.7180
   12901       0.8619
   12902       0.7115
   12903       0.6460
   12904       0.6935
   12905       0.5841
   12906       0.7021
   12907       0.6304
   12908       0.7531
   12909       0.7118
   12910       0.7288
   12911       0.8146
   12912       0.9062
   12913       0.9113
   12914       0.7505
   12915       0.8730
   12916       0.6721
   12917       0.7343
   12918       0.6226
   12919       0.7198
   12920       0.6097
   12921       0.6715
   12922       0.6238
   12923       0.6848
   12924       0.6440
   12925       0.6253
   12926       0.6302
   12927       0.6754
   12928       0.6639
   12929       0.8087
   12930       0.7882
   12931       0.7230
   12932       0.6188
   12933       0.6962
   12934       0.6732
   12935       0.6306
   12936       0.7391
   12937       0.7181
   12938       0.6433
   12939       0.7323
   12940       0.7230
   12941       0.6532
   12942       0.6343
   12943       0.6740
   12944       0.6558
   12945       0.7204
   12946       0.6870
   12947       0.6159
   12948       0.7088
   12949       0.6811
   12950       0.6510
   12951       0.7266
   12952       0.7300
   12953       0.6811
   12954       0.7619
   12955       0.7094
   12956       0.6745
   12957       0.6804
   12958       0.6457
   12959       0.7017
   12960       0.6406
   12961       0.5654
   12962       0.6834
   12963       0.7846
   12964       0.7076
   12965       0.7356
   12966       0.6588
   12967       0.6565
   12968       0.6564
   12969       0.7127
   12970       0.6855
   12971       0.6643
   12972       0.6786
   12973       0.6835
   12974       0.6533
   12975       0.6502
   12976       0.6397
   12977       0.6953
   12978       0.6619
   12979       0.6731
   12980       0.6986
   12981       0.7756
   12982       0.6747
   12983       0.5928
   12984       0.6320
   12985       0.5944
   12986       0.6431
   12987       0.6808
   12988       0.6945
   12989       0.6531
   12990       0.7141
   12991       0.6584
   12992       0.6116
   12993       0.6508
   12994       0.7774
   12995       0.7174
   12996       0.6827
   12997       0.6847
   12998       0.6524
   12999       0.6673
   13000       0.6583
   13001       0.6542
   13002       0.6892
   13003       0.6779
   13004       0.7480
   13005       0.7433
   13006       0.6527
   13007       0.7692
   13008       0.6935
   13009       0.7070
   13010       0.6861
   13011       0.8304
   13012       0.7577
   13013       0.7014
   13014       0.7204
   13015       0.6615
   13016       0.6180
   13017       0.6910
   13018       0.7055
   13019       0.6727
   13020       0.6523
   13021       0.5851
   13022       0.5676
   13023       0.5582
   13024       0.6331
   13025       0.6871
   13026       0.7556
   13027       0.6926
   13028       0.6863
   13029       0.7188
   13030       0.6610
   13031       0.6516
   13032       0.6353
   13033       0.6809
   13034       0.6392
   13035       0.6765
   13036       0.7999
   13037       0.7840
   13038       0.6672
   13039       0.7462
   13040       0.8255
   13041       0.9261
   13042       0.8993
   13043       0.8764
   13044       0.7676
   13045       0.7734
   13046       0.6551
   13047       0.7162
   13048       0.6425
   13049       0.6691
   13050       0.8030
   13051       0.7409
   13052       0.6922
   13053       0.7143
   13054       0.6664
   13055       0.8021
   13056       0.7048
   13057       0.7014
   13058       0.6604
   13059       0.7486
   13060       0.8188
   13061       0.7718
   13062       0.7641
   13063       0.7719
   13064       0.7911
   13065       0.7154
   13066       0.8317
   13067       0.6948
   13068       0.6959
   13069       0.7355
   13070       0.7709
   13071       0.7229
   13072       0.6417
   13073       0.6216
   13074       0.6883
   13075       0.6876
   13076       0.6442
   13077       0.7126
   13078       0.6472
   13079       0.7081
   13080       0.8267
   13081       0.7640
   13082       0.7254
   13083       0.6712
   13084       0.7087
   13085       0.7328
   13086       0.6834
   13087       0.6913
   13088       0.7439
   13089       0.8617
   13090       0.7088
   13091       0.6871
   13092       0.7064
   13093       0.7358
   13094       0.6629
   13095       0.7368
   13096       0.7236
   13097       0.8202
   13098       0.7778
   13099       0.6678
   13100       0.6801
   13101       0.6686
   13102       0.6455
   13103       0.6769
   13104       0.6892
   13105       0.5994
   13106       0.6088
   13107       0.6692
   13108       0.6523
   13109       0.7312
   13110       0.7670
   13111       0.7533
   13112       0.7042
   13113       0.7688
   13114       0.7325
   13115       0.7786
   13116       0.7856
   13117       0.7054
   13118       0.7236
   13119       0.8216
   13120       0.7637
   13121       0.8443
   13122       0.8059
   13123       0.7161
   13124       0.7640
   13125       0.7468
   13126       0.7608
   13127       0.8209
   13128       0.8664
   13129       0.8297
   13130       0.8275
   13131       0.7311
   13132       0.8305
   13133       0.7159
   13134       0.7972
   13135       0.7240
   13136       0.8208
   13137       0.7817
   13138       0.8872
   13139       0.9128
   13140       0.8633
   13141       0.8522
   13142       0.8144
   13143       0.9214
   13144       0.8468
   13145       0.7815
   13146       0.8389
   13147       0.7116
   13148       0.6604
   13149       0.6940
   13150       0.7480
   13151       0.7353
   13152       0.8242
   13153       0.8420
   13154       0.7928
   13155       0.7997
   13156       0.7147
   13157       0.7549
   13158       0.6266
   13159       0.6891
   13160       0.6805
   13161       0.7576
   13162       0.6658
   13163       0.6820
   13164       0.7619
   13165       0.6190
   13166       0.7065
   13167       0.7286
   13168       0.7506
   13169       0.7936
   13170       0.7123
   13171       0.7443
   13172       0.6766
   13173       0.7221
   13174       0.7019
   13175       0.6395
   13176       0.6752
   13177       0.6518
   13178       0.7176
   13179       0.7112
   13180       0.7200
   13181       0.6872
   13182       0.6074
   13183       0.6700
   13184       0.6921
   13185       0.7292
   13186       0.7305
   13187       0.6781
   13188       0.6875
   13189       0.6598
   13190       0.6407
   13191       0.6859
   13192       0.7400
   13193       0.6633
   13194       0.6327
   13195       0.6543
   13196       0.5904
   13197       0.6859
   13198       0.6762
   13199       0.7524
   13200       0.7501
   13201       0.7532
   13202       0.7377
   13203       0.7506
   13204       0.6996
   13205       0.7542
   13206       0.7876
   13207       0.9116
   13208       0.7878
   13209       0.6826
   13210       0.7506
   13211       0.6765
   13212       0.8178
   13213       0.7831
   13214       0.7417
   13215       0.8250
   13216       0.7621
   13217       0.8456
   13218       0.7721
   13219       0.7886
   13220       0.6867
   13221       0.8333
   13222       0.8306
   13223       0.7763
   13224       0.7449
   13225       0.6990
   13226       0.8338
   13227       0.7868
   13228       0.7663
   13229       0.8933
   13230       0.7614
   13231       0.7137
   13232       0.7220
   13233       0.6530
   13234       0.7368
   13235       0.8380
   13236       0.7709
   13237       0.7523
   13238       0.7926
   13239       0.9088
   13240       0.7720
   13241       0.7315
   13242       0.7193
   13243       0.6079
   13244       0.7334
   13245       0.7264
   13246       0.6978
   13247       0.7158
   13248       0.7859
   13249       0.8190
   13250       0.7962
   13251       0.7319
   13252       0.5872
   13253       0.6431
   13254       0.7875
   13255       0.7282
   13256       0.7526
   13257       0.7748
   13258       0.6371
   13259       0.6881
   13260       0.7482
   13261       0.7169
   13262       0.7161
   13263       0.7070
   13264       0.7357
   13265       0.7149
   13266       0.6251
   13267       0.7476
   13268       0.6817
   13269       0.6847
   13270       0.7571
   13271       0.7375
   13272       0.7043
   13273       0.7518
   13274       0.6857
   13275       0.7843
   13276       0.6910
   13277       0.7021
   13278       0.7006
   13279       0.7195
   13280       0.7005
   13281       0.7347
   13282       0.6359
   13283       0.6672
   13284       0.5969
   13285       0.6237
   13286       0.7173
   13287       0.6190
   13288       0.7586
   13289       0.6522
   13290       0.7334
   13291       0.6565
   13292       0.7214
   13293       0.6825
   13294       0.7451
   13295       0.7445
   13296       0.8312
   13297       0.7976
   13298       0.8236
   13299       0.7468
   13300       0.6717
   13301       0.7174
   13302       0.7335
   13303       0.6874
   13304       0.7055
   13305       0.6892
   13306       0.6666
   13307       0.6741
   13308       0.6589
   13309       0.6938
   13310       0.7164
   13311       0.6814
   13312       0.6852
   13313       0.6969
   13314       0.6871
   13315       0.6042
   13316       0.6969
   13317       0.6946
   13318       0.7505
   13319       0.7008
   13320       0.7301
   13321       0.6880
   13322       0.6805
   13323       0.6940
   13324       0.7017
   13325       0.6828
   13326       0.7026
   13327       0.6821
   13328       0.6341
   13329       0.6733
   13330       0.6796
   13331       0.6575
   13332       0.7599
   13333       0.6326
   13334       0.6900
   13335       0.7660
   13336       0.7255
   13337       0.6850
   13338       0.7300
   13339       0.7706
   13340       0.7826
   13341       0.6341
   13342       0.7551
   13343       0.6695
   13344       0.7171
   13345       0.7604
   13346       0.7583
   13347       0.7808
   13348       0.8233
   13349       0.8373
   13350       0.8574
   13351       0.8545
   13352       0.7478
   13353       0.6976
   13354       0.7272
   13355       0.7187
   13356       0.7091
   13357       0.7302
   13358       0.6831
   13359       0.6812
   13360       0.7111
   13361       0.7057
   13362       0.7129
   13363       0.7180
   13364       0.7244
   13365       0.7228
   13366       0.6597
   13367       0.7439
   13368       0.7682
   13369       0.8614
   13370       0.8527
   13371       0.7580
   13372       0.7608
   13373       0.8235
   13374       0.8315
   13375       0.8377
   13376       0.7958
   13377       0.7839
   13378       0.7098
   13379       0.7096
   13380       0.6831
   13381       0.7054
   13382       0.7116
   13383       0.6788
   13384       0.9210
   13385       0.8521
   13386       0.8984
   13387       0.9584
   13388       0.9820
   13389       0.8134
   13390       0.8498
   13391       0.8591
   13392       0.9425
   13393       0.8827
   13394       0.8561
   13395       0.7538
   13396       0.7069
   13397       0.7211
   13398       0.9015
   13399       0.8526
   13400       0.8543
   13401       0.9399
   13402       0.6918
   13403       0.7385
   13404       0.7829
   13405       0.7318
   13406       0.7932
   13407       0.7086
   13408       0.8750
   13409       0.9351
   13410       0.8724
   13411       0.8487
   13412       0.8426
   13413       0.8638
   13414       0.8256
   13415       0.8731
   13416       0.8078
   13417       0.8860
   13418       0.7915
   13419       0.6597
   13420       0.7548
   13421       0.7506
   13422       0.6696
   13423       0.7957
   13424       0.6948
   13425       0.7211
   13426       0.7458
   13427       0.7000
   13428       0.6571
   13429       0.7208
   13430       0.7652
   13431       0.7515
   13432       0.8161
   13433       0.7374
   13434       0.7174
   13435       0.6867
   13436       0.7474
   13437       0.7711
   13438       0.7304
   13439       0.6565
   13440       0.7832
   13441       0.7527
   13442       0.8080
   13443       0.7898
   13444       0.7501
   13445       0.6970
   13446       0.7769
   13447       0.9185
   13448       0.7976
   13449       0.8985
   13450       0.8452
   13451       0.7986
   13452       0.8429
   13453       0.7815
   13454       0.8379
   13455       0.8059
   13456       0.6880
   13457       0.7185
   13458       0.7220
   13459       0.7195
   13460       0.7685
   13461       0.7218
   13462       0.7362
   13463       0.7489
   13464       0.7500
   13465       0.6900
   13466       0.7227
   13467       0.7669
   13468       0.7368
   13469       0.7940
   13470       0.7727
   13471       0.7098
   13472       0.7485
   13473       0.7978
   13474       0.6878
   13475       0.7645
   13476       0.8081
   13477       0.8551
   13478       0.7842
   13479       0.7773
   13480       0.7962
   13481       0.7122
   13482       0.7066
   13483       0.7035
   13484       0.7709
   13485       0.8028
   13486       0.7905
   13487       0.8287
   13488       0.8785
   13489       0.9072
   13490       0.8335
   13491       0.7636
   13492       0.8370
   13493       0.7880
   13494       0.7996
   13495       0.8044
   13496       0.8249
   13497       0.8845
   13498       0.9587
   13499       0.7883
   13500       0.7865
   13501       0.8586
   13502       0.7831
   13503       0.7150
   13504       0.7715
   13505       0.6991
   13506       0.7582
   13507       0.6325
   13508       0.7304
   13509       0.7606
   13510       0.6679
   13511       0.7029
   13512       0.7066
   13513       0.6957
   13514       0.7631
   13515       0.8228
   13516       0.6968
   13517       0.7437
   13518       0.8288
   13519       0.8193
   13520       0.7139
   13521       0.8554
   13522       0.7108
   13523       0.6813
   13524       0.7207
   13525       0.8041
   13526       0.7579
   13527       0.7626
   13528       0.8424
   13529       0.7862
   13530       0.7786
   13531       0.7382
   13532       0.7537
   13533       0.7926
   13534       0.7081
   13535       0.7141
   13536       0.7784
   13537       0.7964
   13538       0.7728
   13539       0.7701
   13540       0.6893
   13541       0.7130
   13542       0.7699
   13543       0.8053
   13544       0.7771
   13545       0.7890
   13546       0.7091
   13547       0.6327
   13548       0.7534
   13549       0.7976
   13550       0.7671
   13551       0.8966
   13552       0.8651
   13553       0.8462
   13554       0.8200
   13555       0.8079
   13556       0.7529
   13557       0.6958
   13558       0.7408
   13559       0.8249
   13560       0.7081
   13561       0.6654
   13562       0.7086
   13563       0.7050
   13564       0.7049
   13565       0.8074
   13566       0.7724
   13567       0.7211
   13568       0.7203
   13569       0.7038
   13570       0.8170
   13571       0.6977
   13572       0.7274
   13573       0.7517
   13574       0.6732
   13575       0.8398
   13576       0.7006
   13577       0.7233
   13578       0.6844
   13579       0.7250
   13580       0.6896
   13581       0.6960
   13582       0.6972
   13583       0.7117
   13584       0.7011
   13585       0.6294
   13586       0.7087
   13587       0.7664
   13588       0.6894
   13589       0.6867
   13590       0.7658
   13591       0.7203
   13592       0.7083
   13593       0.7716
   13594       0.7629
   13595       0.8462
   13596       0.7008
   13597       0.7827
   13598       0.7219
   13599       0.7566
   13600       0.8604
   13601       0.8920
   13602       0.8274
   13603       0.6976
   13604       0.7230
   13605       0.8681
   13606       0.7516
   13607       0.8747
   13608       0.7847
   13609       0.7470
   13610       0.6820
   13611       0.8563
   13612       0.7401
   13613       0.7655
   13614       0.8128
   13615       0.8200
   13616       0.7323
   13617       0.8373
   13618       0.8363
   13619       0.8428
   13620       0.8332
   13621       0.8825
   13622       0.9553
   13623       0.9104
   13624       0.8700
   13625       0.8459
   13626       0.7091
   13627       0.6801
   13628       0.7718
   13629       0.7670
   13630       0.6891
   13631       0.7902
   13632       0.9021
   13633       0.9151
   13634       1.0815
   13635       0.9616
   13636       0.8748
   13637       0.8590
   13638       0.9448
   13639       0.9083
   13640       0.9731
   13641       0.9610
   13642       0.8647
   13643       0.9780
   13644       0.8589
   13645       0.8277
   13646       1.0417
   13647       0.9829
   13648       0.9415
   13649       0.9391
   13650       0.8802
   13651       0.8625
   13652       0.9343
   13653       0.9432
   13654       0.9783
   13655       1.1560
   13656       1.0035
   13657       1.0018
   13658       0.9207
   13659       0.8336
   13660       0.9290
   13661       0.9036
   13662       0.7674
   13663       0.6783
   13664       0.7176
   13665       0.6395
   13666       0.7075
   13667       0.6820
   13668       0.6851
   13669       0.7784
   13670       0.7862
   13671       0.7056
   13672       0.7087
   13673       0.7258
   13674       0.7328
   13675       0.7568
   13676       0.7368
   13677       0.7838
   13678       0.8126
   13679       0.8013
   13680       0.7582
   13681       0.9533
   13682       0.7725
   13683       0.8360
   13684       0.7837
   13685       0.7312
   13686       0.9409
   13687       0.7795
   13688       0.7714
   13689       0.7756
   13690       0.8242
   13691       0.8213
   13692       0.8573
   13693       0.7917
   13694       0.7815
   13695       0.7942
   13696       0.7803
   13697       0.7575
   13698       0.8627
   13699       0.7448
   13700       0.6947
   13701       0.7793
   13702       0.7606
   13703       0.7747
   13704       0.6526
   13705       0.7448
   13706       0.7283
   13707       0.7606
   13708       0.8053
   13709       0.7361
   13710       0.7460
   13711       0.6873
   13712       0.8133
   13713       0.8059
   13714       0.7163
   13715       0.7881
   13716       0.7474
   13717       0.6686
   13718       0.7532
   13719       0.7555
   13720       0.7697
   13721       0.8246
   13722       0.7170
   13723       0.8324
   13724       0.8143
   13725       0.8164
   13726       0.7913
   13727       0.7737
   13728       0.7998
   13729       0.8007
   13730       0.8310
   13731       0.8082
   13732       0.8006
   13733       0.7571
   13734       0.7889
   13735       0.7305
   13736       0.7856
   13737       0.7706
   13738       0.7649
   13739       0.7560
   13740       0.7031
   13741       0.8002
   13742       0.7481
   13743       0.8164
   13744       0.8048
   13745       0.7057
   13746       0.6905
   13747       0.7266
   13748       0.8374
   13749       0.8102
   13750       0.8020
   13751       0.7945
   13752       0.8658
   13753       0.7837
   13754       0.8293
   13755       0.7572
   13756       0.7187
   13757       0.7495
   13758       0.7265
   13759       0.7375
   13760       0.8392
   13761       0.7343
   13762       0.8042
   13763       0.8215
   13764       0.7714
   13765       0.7313
   13766       0.7541
   13767       0.7940
   13768       0.7172
   13769       0.7800
   13770       0.7649
   13771       0.5931
   13772       0.7087
   13773       0.7705
   13774       0.7121
   13775       0.7881
   13776       0.6966
   13777       0.6661
   13778       0.6875
   13779       0.7251
   13780       0.7849
   13781       0.6971
   13782       0.7037
   13783       0.7412
   13784       0.7526
   13785       0.7331
   13786       0.6740
   13787       0.7081
   13788       0.7231
   13789       0.7017
   13790       0.6665
   13791       0.7001
   13792       0.6881
   13793       0.6799
   13794       0.7123
   13795       0.7737
   13796       0.7622
   13797       0.8078
   13798       0.7341
   13799       0.7289
   13800       0.7084
   13801       0.5894
   13802       0.6721
   13803       0.7431
   13804       0.6879
   13805       0.7351
   13806       0.7164
   13807       0.7391
   13808       0.7373
   13809       0.6836
   13810       0.6858
   13811       0.7440
   13812       0.7129
   13813       0.7202
   13814       0.6847
   13815       0.7544
   13816       0.6865
   13817       0.7115
   13818       0.7645
   13819       0.7297
   13820       0.7242
   13821       0.7290
   13822       0.7868
   13823       0.7142
   13824       0.7432
   13825       0.7760
   13826       0.6730
   13827       0.6845
   13828       0.6751
   13829       0.6691
   13830       0.6676
   13831       0.6416
   13832       0.7717
   13833       0.6980
   13834       0.6636
   13835       0.6940
   13836       0.7477
   13837       0.6919
   13838       0.7435
   13839       0.7894
   13840       0.7206
   13841       0.8434
   13842       0.6942
   13843       0.7191
   13844       0.7188
   13845       0.7282
   13846       0.7389
   13847       0.7264
   13848       0.7518
   13849       0.8368
   13850       0.9177
   13851       0.8783
   13852       0.8281
   13853       0.8030
   13854       0.7951
   13855       0.8371
   13856       0.7661
   13857       0.8252
   13858       0.8061
   13859       0.8589
   13860       0.8991
   13861       0.9482
   13862       0.9091
   13863       0.8750
   13864       0.9445
   13865       0.8637
   13866       0.8865
   13867       0.7748
   13868       0.8342
   13869       0.9087
   13870       0.8790
   13871       0.8734
   13872       0.8642
   13873       0.8898
   13874       0.7645
   13875       0.8796
   13876       0.8283
   13877       0.7992
   13878       0.8341
   13879       0.7779
   13880       0.8367
   13881       0.8244
   13882       0.8639
   13883       0.7883
   13884       0.8436
   13885       0.8889
   13886       0.8265
   13887       0.7882
   13888       0.7670
   13889       0.7664
   13890       0.8270
   13891       0.7580
   13892       0.8442
   13893       0.8165
   13894       0.7466
   13895       0.7985
   13896       0.8805
   13897       0.8910
   13898       0.8091
   13899       0.7800
   13900       0.8885
   13901       0.7989
   13902       0.8343
   13903       0.8316
   13904       0.8215
   13905       0.8268
   13906       0.9066
   13907       0.8636
   13908       0.8743
   13909       0.7958
   13910       0.7184
   13911       0.7756
   13912       0.7587
   13913       0.7985
   13914       0.7731
   13915       0.7934
   13916       0.7630
   13917       0.8142
   13918       0.7383
   13919       0.7209
   13920       0.6815
   13921       0.7712
   13922       0.7065
   13923       0.5865
   13924       0.6715
   13925       0.6568
   13926       0.6492
   13927       0.6653
   13928       0.7033
   13929       0.6207
   13930       0.6541
   13931       0.7584
   13932       0.8043
   13933       0.8256
   13934       0.7692
   13935       0.6639
   13936       0.6850
   13937       0.7593
   13938       0.8132
   13939       0.6744
   13940       0.8653
   13941       0.7349
   13942       0.7494
   13943       0.7515
   13944       0.8407
   13945       0.8727
   13946       0.7454
   13947       0.6939
   13948       0.7708
   13949       0.7851
   13950       0.8252
   13951       0.8692
   13952       0.7978
   13953       0.8154
   13954       0.7979
   13955       0.8218
   13956       0.8005
   13957       0.7768
   13958       0.7216
   13959       0.8138
   13960       0.9190
   13961       0.7820
   13962       0.8560
   13963       0.8299
   13964       0.8262
   13965       0.8144
   13966       0.7779
   13967       0.8323
   13968       0.9592
   13969       0.9673
   13970       0.7433
   13971       0.8204
   13972       0.8368
   13973       0.9165
   13974       0.9155
   13975       0.7325
   13976       0.8045
   13977       0.8260
   13978       0.8643
   13979       0.7944
   13980       0.8759
   13981       0.8787
   13982       0.9336
   13983       0.8872
   13984       0.8333
   13985       0.8103
   13986       0.9311
   13987       0.8438
   13988       0.9510
   13989       0.8154
   13990       0.8062
   13991       0.7518
   13992       0.6319
   13993       0.8093
   13994       0.8232
   13995       0.7896
   13996       0.7334
   13997       0.7492
   13998       0.8241
   13999       0.7963
   14000       0.8183
   14001       0.8305
   14002       0.8537
   14003       0.7949
   14004       0.6987
   14005       0.7158
   14006       0.7380
   14007       0.7928
   14008       0.7996
   14009       0.7734
   14010       0.7126
   14011       0.8266
   14012       0.7531
   14013       0.7381
   14014       0.6765
   14015       0.7670
   14016       0.7944
   14017       0.8142
   14018       0.8142
   14019       0.7489
   14020       0.8348
   14021       0.7493
   14022       0.7181
   14023       0.7376
   14024       0.7808
   14025       0.8217
   14026       0.7741
   14027       0.8069
   14028       0.7573
   14029       0.7346
   14030       0.6397
   14031       0.6366
   14032       0.7298
   14033       0.7160
   14034       0.6887
   14035       0.7090
   14036       0.5980
   14037       0.7202
   14038       0.6999
   14039       0.7245
   14040       0.5887
   14041       0.6527
   14042       0.7518
   14043       0.6866
   14044       0.7142
   14045       0.8820
   14046       0.7533
   14047       0.7808
   14048       0.7572
   14049       0.8836
   14050       0.8546
   14051       0.7258
   14052       0.7338
   14053       0.6647
   14054       0.7282
   14055       0.6756
   14056       0.6562
   14057       0.7090
   14058       0.7211
   14059       0.7449
   14060       0.7026
   14061       0.6993
   14062       0.8562
   14063       0.8840
   14064       0.8917
   14065       0.8755
   14066       0.9105
   14067       0.8566
   14068       0.8658
   14069       0.8935
   14070       0.7706
   14071       0.8549
   14072       0.7208
   14073       0.9295
   14074       0.8090
   14075       0.9209
   14076       0.9729
   14077       0.7549
   14078       0.7948
   14079       0.8106
   14080       0.9612
   14081       0.8006
   14082       0.7842
   14083       0.7817
   14084       0.7890
   14085       0.7854
   14086       0.9029
   14087       0.9786
   14088       0.9494
   14089       1.0254
   14090       0.8707
   14091       0.8121
   14092       0.7717
   14093       0.7996
   14094       0.9392
   14095       0.9347
   14096       0.9179
   14097       0.8083
   14098       0.8197
   14099       0.8337
   14100       0.8212
   14101       0.8603
   14102       0.8691
   14103       0.8779
   14104       0.8631
   14105       0.8357
   14106       0.8546
   14107       0.8978
   14108       0.8036
   14109       0.8851
   14110       0.8058
   14111       0.8633
   14112       0.8706
   14113       0.7628
   14114       0.8992
   14115       0.9076
   14116       0.9444
   14117       0.9505
   14118       0.7601
   14119       0.9056
   14120       0.8832
   14121       0.9031
   14122       1.0365
   14123       0.9783
   14124       0.8880
   14125       0.9725
   14126       0.9055
   14127       0.9360
   14128       0.9297
   14129       0.9483
   14130       0.9793
   14131       0.8600
   14132       1.0383
   14133       1.0383
   14134       1.0608
   14135       1.1585
   14136       1.1919
   14137       1.1034
   14138       1.0590
   14139       1.1630
   14140       0.9560
   14141       0.8994
   14142       0.9507
   14143       0.8881
   14144       0.8331
   14145       0.9310
   14146       0.9386
   14147       0.9847
   14148       0.9710
   14149       0.9150
   14150       0.8875
   14151       1.0036
   14152       0.8936
   14153       0.9627
   14154       0.9753
   14155       0.8642
   14156       0.9578
   14157       0.9461
   14158       0.9683
   14159       0.9214
   14160       0.8069
   14161       0.8538
   14162       0.9134
   14163       0.9798
   14164       1.0738
   14165       0.9104
   14166       0.8540
   14167       0.9982
   14168       0.9861
   14169       0.9452
   14170       0.8578
   14171       0.8384
   14172       0.8516
   14173       1.0412
   14174       0.9655
   14175       0.9746
   14176       0.9468
   14177       0.8106
   14178       0.8759
   14179       0.9303
   14180       0.8692
   14181       0.8773
   14182       0.8910
   14183       0.9291
   14184       0.8760
   14185       0.9086
   14186       0.9211
   14187       1.0071
   14188       0.8940
   14189       0.9394
   14190       0.9620
   14191       0.9536
   14192       1.0326
   14193       1.0273
   14194       0.9301
   14195       0.8878
   14196       0.9565
   14197       0.9715
   14198       0.9785
   14199       0.9589
   14200       0.9403
   14201       0.9027
   14202       0.9418
   14203       0.8912
   14204       0.9389
   14205       0.8261
   14206       0.8796
   14207       0.8733
   14208       0.8293
   14209       0.7922
   14210       0.8542
   14211       0.9597
   14212       0.9075
   14213       0.9202
   14214       0.8191
   14215       0.8502
   14216       0.8680
   14217       0.8546
   14218       0.8150
   14219       0.9365
   14220       0.8128
   14221       0.8509
   14222       0.8539
   14223       0.8483
   14224       0.8364
   14225       0.8959
   14226       0.8848
   14227       0.8222
   14228       0.9214
   14229       0.8550
   14230       0.8355
   14231       0.8417
   14232       0.8476
   14233       0.9034
   14234       0.8536
   14235       0.8743
   14236       0.8128
   14237       0.7977
   14238       0.8375
   14239       0.8457
   14240       0.8180
   14241       0.7542
   14242       0.8822
   14243       0.8153
   14244       0.8060
   14245       0.8244
   14246       0.8055
   14247       0.8731
   14248       0.7770
   14249       0.8319
   14250       0.8547
   14251       0.9456
   14252       0.8775
   14253       0.8214
   14254       0.8543
   14255       0.9140
   14256       0.8736
   14257       0.9012
   14258       0.7493
   14259       0.8635
   14260       0.8165
   14261       0.7871
   14262       0.7665
   14263       0.7423
   14264       0.8045
   14265       0.8346
   14266       0.8399
   14267       0.8956
   14268       0.8399
   14269       0.7298
   14270       0.7946
   14271       0.8377
   14272       0.8430
   14273       0.8606
   14274       0.9662
   14275       0.8836
   14276       0.9304
   14277       0.8824
   14278       0.8590
   14279       0.8303
   14280       0.8535
   14281       0.8286
   14282       0.8341
   14283       0.8925
   14284       0.9248
   14285       0.9476
   14286       0.8491
   14287       0.8608
   14288       0.8290
   14289       0.7940
   14290       0.7971
   14291       0.7412
   14292       0.8885
   14293       0.9346
   14294       1.0001
   14295       0.9367
   14296       0.8570
   14297       0.9845
   14298       0.8309
   14299       0.8511
   14300       0.8453
   14301       0.9241
   14302       0.8488
   14303       0.8303
   14304       0.8784
   14305       0.8444
   14306       0.9623
   14307       0.9157
   14308       0.9486
   14309       0.9096
   14310       0.7807
   14311       0.8283
   14312       0.8683
   14313       0.9214
   14314       0.7948
   14315       0.9486
   14316       0.7769
   14317       0.9133
   14318       0.8165
   14319       0.8142
   14320       0.8564
   14321       0.9241
   14322       0.8855
   14323       0.9288
   14324       0.9637
   14325       0.8464
   14326       0.8054
   14327       0.7657
   14328       0.8342
   14329       0.8544
   14330       0.8499
   14331       1.0064
   14332       0.9402
   14333       0.8453
   14334       0.9529
   14335       0.8372
   14336       0.9227
   14337       0.8934
   14338       0.9115
   14339       0.8949
   14340       0.9049
   14341       0.9922
   14342       0.9838
   14343       0.9601
   14344       1.0249
   14345       1.0101
   14346       0.9296
   14347       0.9904
   14348       0.9165
   14349       0.7987
   14350       0.9266
   14351       0.9303
   14352       0.9139
   14353       0.8411
   14354       0.8130
   14355       0.7264
   14356       0.9273
   14357       0.8868
   14358       0.8440
   14359       0.8713
   14360       0.8608
   14361       0.8297
   14362       0.8433
   14363       0.8511
   14364       0.7932
   14365       0.7793
   14366       0.8802
   14367       0.8530
   14368       0.8780
   14369       0.8711
   14370       0.9033
   14371       0.8101
   14372       0.8856
   14373       0.8840
   14374       0.8876
   14375       0.8104
   14376       0.8077
   14377       0.8352
   14378       0.7591
   14379       0.7976
   14380       0.7390
   14381       0.7579
   14382       0.8051
   14383       0.7794
   14384       0.8033
   14385       0.8146
   14386       0.7807
   14387       0.7874
   14388       0.8084
   14389       0.8021
   14390       0.7679
   14391       0.7793
   14392       0.8481
   14393       0.8024
   14394       0.8503
   14395       0.8343
   14396       0.8672
   14397       0.8261
   14398       0.8434
   14399       0.8344
   14400       0.9317
   14401       0.8757
   14402       0.7930
   14403       0.7604
   14404       0.8937
   14405       0.7694
   14406       0.8039
   14407       0.8300
   14408       0.8143
   14409       0.8169
   14410       0.8682
   14411       0.8271
   14412       0.8201
   14413       0.7739
   14414       0.7813
   14415       0.8862
   14416       0.8862
   14417       0.8499
   14418       0.8448
   14419       0.9369
   14420       0.8357
   14421       0.8403
   14422       0.7405
   14423       0.7925
   14424       0.7898
   14425       0.8469
   14426       0.7710
   14427       0.7649
   14428       0.9073
   14429       0.8571
   14430       0.8165
   14431       0.7756
   14432       0.8369
   14433       0.8166
   14434       0.8160
   14435       0.8340
   14436       0.8009
   14437       0.7844
   14438       0.7970
   14439       0.7355
   14440       0.7291
   14441       0.7683
   14442       0.7570
   14443       0.7695
   14444       0.7587
   14445       0.7879
   14446       0.7766
   14447       0.7933
   14448       0.7522
   14449       0.7185
   14450       0.7248
   14451       0.7478
   14452       0.7147
   14453       0.7156
   14454       0.7042
   14455       0.7552
   14456       0.7055
   14457       0.7596
   14458       0.7794
   14459       0.7228
   14460       0.7004
   14461       0.7172
   14462       0.7298
   14463       0.7564
   14464       0.7866
   14465       0.8225
   14466       0.7844
   14467       0.7766
   14468       0.8767
   14469       0.7834
   14470       0.7513
   14471       0.7251
   14472       0.8120
   14473       0.7440
   14474       0.7870
   14475       0.7470
   14476       0.7478
   14477       0.7711
   14478       0.7554
   14479       0.7411
   14480       0.8046
   14481       0.8320
   14482       0.7806
   14483       0.7372
   14484       0.8023
   14485       0.7969
   14486       0.7240
   14487       0.7579
   14488       0.7417
   14489       0.8719
   14490       0.8756
   14491       0.9148
   14492       0.7810
   14493       0.7722
   14494       0.8199
   14495       0.7334
   14496       0.7593
   14497       0.8305
   14498       0.8445
   14499       0.8406
   14500       0.7396
   14501       0.7752
   14502       0.8452
   14503       0.8031
   14504       0.8597
   14505       0.7033
   14506       0.7804
   14507       0.8559
   14508       0.7030
   14509       0.7464
   14510       0.8041
   14511       0.7559
   14512       0.7450
   14513       0.7831
   14514       0.8073
   14515       0.8368
   14516       0.8187
   14517       0.8371
   14518       0.8323
   14519       0.8212
   14520       0.8513
   14521       0.8110
   14522       0.8150
   14523       0.8748
   14524       0.8245
   14525       0.8324
   14526       0.8053
   14527       0.8657
   14528       0.9083
   14529       0.7999
   14530       0.7942
   14531       0.7465
   14532       0.7082
   14533       0.7701
   14534       0.7438
   14535       0.7127
   14536       0.7812
   14537       0.8089
   14538       0.6766
   14539       0.8201
   14540       0.7744
   14541       0.7732
   14542       0.8333
   14543       0.7442
   14544       0.7386
   14545       0.7067
   14546       0.7939
   14547       0.7613
   14548       0.7863
   14549       0.7995
   14550       0.8013
   14551       0.7803
   14552       0.7132
   14553       0.7743
   14554       0.7708
   14555       0.7615
   14556       0.8028
   14557       0.8290
   14558       0.7916
   14559       0.8230
   14560       0.8099
   14561       0.7615
   14562       0.7879
   14563       0.7132
   14564       0.8070
   14565       0.7325
   14566       0.7168
   14567       0.7977
   14568       0.7878
   14569       0.6831
   14570       0.8217
   14571       0.8424
   14572       0.8161
   14573       0.7607
   14574       0.7341
   14575       0.7158
   14576       0.7152
   14577       0.6811
   14578       0.7656
   14579       0.7616
   14580       0.9301
   14581       0.7851
   14582       0.7555
   14583       0.7687
   14584       0.7550
   14585       0.8586
   14586       0.8451
   14587       0.8449
   14588       0.8078
   14589       0.7065
   14590       0.8311
   14591       0.7207
   14592       0.7351
   14593       0.7233
   14594       0.8283
   14595       0.8309
   14596       0.8920
   14597       0.9101
   14598       0.7390
   14599       0.7593
   14600       0.7867
   14601       0.7895
   14602       0.6768
   14603       0.7272
   14604       0.7177
   14605       0.7377
   14606       0.7906
   14607       0.8156
   14608       0.8145
   14609       0.7785
   14610       0.8868
   14611       0.7393
   14612       0.8120
   14613       0.8528
   14614       0.8287
   14615       0.8305
   14616       0.8517
   14617       0.7659
   14618       0.8212
   14619       0.8408
   14620       0.7881
   14621       0.8107
   14622       0.7910
   14623       0.6514
   14624       0.8133
   14625       0.8506
   14626       0.9218
   14627       0.8565
   14628       0.9391
   14629       0.8390
   14630       0.8673
   14631       0.9261
   14632       0.8500
   14633       0.7776
   14634       0.7800
   14635       0.8564
   14636       0.7853
   14637       0.8723
   14638       0.7899
   14639       0.8963
   14640       0.8149
   14641       0.8179
   14642       0.9078
   14643       0.8956
   14644       0.8447
   14645       0.7730
   14646       0.8383
   14647       0.8693
   14648       0.8207
   14649       0.8366
   14650       0.8862
   14651       0.9070
   14652       0.9215
   14653       0.9407
   14654       0.8695
   14655       0.8605
   14656       0.7563
   14657       0.7247
   14658       0.8342
   14659       0.7861
   14660       0.8076
   14661       0.8223
   14662       0.9244
   14663       0.8702
   14664       0.7931
   14665       0.8120
   14666       0.8280
   14667       0.6756
   14668       0.7804
   14669       0.8045
   14670       0.7121
   14671       0.7358
   14672       0.7445
   14673       0.7712
   14674       0.7580
   14675       0.7906
   14676       0.7652
   14677       0.8525
   14678       0.8220
   14679       0.8157
   14680       0.7767
   14681       0.8111
   14682       0.7583
   14683       0.7951
   14684       0.7727
   14685       0.8088
   14686       0.8044
   14687       0.8689
   14688       0.7830
   14689       0.7837
   14690       0.8425
   14691       0.6943
   14692       0.7670
   14693       0.7597
   14694       0.7281
   14695       0.6959
   14696       0.7443
   14697       0.8139
   14698       0.7788
   14699       0.7888
   14700       0.7731
   14701       0.8144
   14702       0.9040
   14703       0.8378
   14704       0.9123
   14705       0.8657
   14706       0.8679
   14707       0.8677
   14708       0.8545
   14709       0.8288
   14710       0.7236
   14711       0.7010
   14712       0.8608
   14713       0.7711
   14714       0.8247
   14715       0.8556
   14716       0.7676
   14717       0.8355
   14718       0.8407
   14719       0.8719
   14720       0.8703
   14721       0.7981
   14722       0.8625
   14723       0.9229
   14724       0.8711
   14725       0.7477
   14726       0.7575
   14727       0.8694
   14728       0.8380
   14729       0.7626
   14730       0.7589
   14731       0.7335
   14732       0.6685
   14733       0.7013
   14734       0.6635
   14735       0.7678
   14736       0.7220
   14737       0.8187
   14738       0.7081
   14739       0.7494
   14740       0.8381
   14741       0.7781
   14742       0.7401
   14743       0.8092
   14744       0.7654
   14745       0.7761
   14746       0.8430
   14747       0.7247
   14748       0.7832
   14749       0.7646
   14750       0.7750
   14751       0.8050
   14752       0.7608
   14753       0.7352
   14754       0.7476
   14755       0.8924
   14756       0.7916
   14757       0.7556
   14758       0.7324
   14759       0.8257
   14760       0.8391
   14761       0.8455
   14762       0.8365
   14763       0.8515
   14764       0.9048
   14765       0.7956
   14766       0.8476
   14767       0.8378
   14768       0.7638
   14769       0.7779
   14770       0.7927
   14771       0.8158
   14772       0.8846
   14773       0.7946
   14774       0.8462
   14775       0.7758
   14776       0.8338
   14777       0.8024
   14778       0.8165
   14779       0.7071
   14780       0.7388
   14781       0.6634
   14782       0.7503
   14783       0.8283
   14784       0.8262
   14785       0.7671
   14786       0.8468
   14787       0.8096
   14788       0.7650
   14789       0.8002
   14790       0.7664
   14791       0.7814
   14792       0.8654
   14793       0.6981
   14794       0.6915
   14795       0.7890
   14796       0.7461
   14797       0.7922
   14798       0.7940
   14799       0.7647
   14800       0.8167
   14801       0.8449
   14802       0.8838
   14803       0.8982
   14804       0.9104
   14805       0.8834
   14806       0.7776
   14807       0.7790
   14808       0.7711
   14809       0.7674
   14810       0.8698
   14811       0.8038
   14812       0.7937
   14813       0.7570
   14814       0.9106
   14815       0.8113
   14816       0.7715
   14817       0.8891
   14818       0.8855
   14819       0.8516
   14820       0.7998
   14821       0.8726
   14822       0.8188
   14823       0.7791
   14824       0.7580
   14825       0.8943
   14826       0.8039
   14827       0.8522
   14828       0.7984
   14829       0.8449
   14830       0.8546
   14831       0.8716
   14832       0.8068
   14833       0.7798
   14834       0.7751
   14835       0.7794
   14836       0.7583
   14837       0.7276
   14838       0.7034
   14839       0.8532
   14840       0.8805
   14841       0.8596
   14842       0.7954
   14843       0.8538
   14844       0.8491
   14845       0.9387
   14846       0.8683
   14847       0.8387
   14848       0.9398
   14849       0.8485
   14850       0.7968
   14851       0.8948
   14852       0.7875
   14853       0.8562
   14854       0.8157
   14855       0.7471
   14856       0.8722
   14857       0.7514
   14858       0.7946
   14859       0.7753
   14860       0.7534
   14861       0.7662
   14862       0.8150
   14863       0.8765
   14864       0.8213
   14865       0.8249
   14866       0.9128
   14867       0.7919
   14868       0.7730
   14869       0.8779
   14870       0.7918
   14871       0.8198
   14872       0.7909
   14873       0.8067
   14874       0.8286
   14875       0.8819
   14876       0.8854
   14877       0.7982
   14878       0.7863
   14879       0.8392
   14880       0.7668
   14881       0.7958
   14882       0.7366
   14883       0.7773
   14884       0.8506
   14885       0.8155
   14886       0.7963
   14887       0.8877
   14888       0.8234
   14889       0.9062
   14890       0.8800
   14891       0.9641
   14892       0.8546
   14893       0.8291
   14894       0.8445
   14895       0.9089
   14896       0.8373
   14897       0.8071
   14898       0.9032
   14899       0.9222
   14900       1.0140
   14901       0.8880
   14902       0.8653
   14903       0.9055
   14904       0.9483
   14905       0.8914
   14906       0.9532
   14907       0.8934
   14908       0.8624
   14909       1.0061
   14910       0.9162
   14911       0.9936
   14912       1.0685
   14913       0.9815
   14914       0.8989
   14915       0.8957
   14916       0.9155
   14917       0.8770
   14918       1.0004
   14919       0.8024
   14920       0.8516
   14921       0.9293
   14922       0.8725
   14923       0.8602
   14924       0.8871
   14925       0.8838
   14926       0.7981
   14927       0.8848
   14928       0.9409
   14929       0.8136
   14930       0.9270
   14931       0.9250
   14932       0.9091
   14933       0.9271
   14934       0.9299
   14935       0.9273
   14936       0.9146
   14937       0.9183
   14938       0.8438
   14939       0.8344
   14940       0.8604
   14941       0.8980
   14942       0.8102
   14943       0.9080
   14944       0.7632
   14945       0.7878
   14946       0.8570
   14947       0.9039
   14948       0.9842
   14949       0.9063
   14950       0.9828
   14951       0.9919
   14952       0.9086
   14953       0.9894
   14954       0.9477
   14955       0.9801
   14956       0.8780
   14957       0.9051
   14958       1.0086
   14959       0.9254
   14960       0.9868
   14961       0.9349
   14962       0.9492
   14963       0.9327
   14964       0.9896
   14965       0.9653
   14966       1.0233
   14967       0.9794
   14968       0.9650
   14969       0.9359
   14970       0.9397
   14971       0.9049
   14972       1.0343
   14973       1.0166
   14974       1.1228
   14975       1.1522
   14976       0.9298
   14977       0.9512
   14978       1.0138
   14979       0.9619
   14980       0.8910
   14981       0.8977
   14982       0.9848
   14983       0.8742
   14984       0.9140
   14985       0.9734
   14986       1.0673
   14987       0.8778
   14988       0.7906
   14989       0.9023
   14990       0.8739
   14991       0.8266
   14992       0.8957
   14993       0.7981
   14994       0.7806
   14995       0.7846
   14996       0.7783
   14997       0.8144
   14998       0.9108
   14999       0.8477
   15000       0.9391
   15001       0.8188
   15002       0.8176
   15003       0.7909
   15004       0.8366
   15005       0.8573
   15006       0.7735
   15007       0.7997
   15008       0.8891
   15009       0.8604
   15010       0.8173
   15011       0.7924
   15012       0.7675
   15013       0.7813
   15014       0.7472
   15015       0.7821
   15016       0.7692
   15017       0.7700
   15018       0.8423
   15019       0.8726
   15020       0.7687
   15021       0.8437
   15022       0.8586
   15023       0.8060
   15024       0.7937
   15025       0.8126
   15026       0.7072
   15027       0.8198
   15028       0.7344
   15029       0.8371
   15030       0.7309
   15031       0.7768
   15032       0.7868
   15033       0.8758
   15034       0.8013
   15035       0.8324
   15036       0.8127
   15037       0.8757
   15038       0.9089
   15039       0.8274
   15040       0.7865
   15041       0.7806
   15042       0.8966
   15043       0.8332
   15044       0.8226
   15045       0.8919
   15046       0.7886
   15047       0.8329
   15048       0.7617
   15049       0.8243
   15050       0.8589
   15051       0.9261
   15052       0.9502
   15053       0.8238
   15054       0.8872
   15055       0.8936
   15056       0.8759
   15057       0.8230
   15058       0.8532
   15059       0.9369
   15060       0.8101
   15061       0.8749
   15062       0.8164
   15063       0.8383
   15064       0.7231
   15065       0.9538
   15066       0.8993
   15067       0.9237
   15068       0.9178
   15069       0.8262
   15070       0.8389
   15071       0.8904
   15072       0.8013
   15073       0.7946
   15074       0.8022
   15075       0.8803
   15076       0.8655
   15077       0.9511
   15078       0.8208
   15079       0.9115
   15080       0.7933
   15081       0.8392
   15082       0.8001
   15083       0.8747
   15084       0.7952
   15085       0.8770
   15086       0.8585
   15087       0.7954
   15088       0.8204
   15089       0.8099
   15090       0.7994
   15091       0.8380
   15092       0.8193
   15093       0.8985
   15094       0.8311
   15095       0.8698
   15096       0.7845
   15097       0.8546
   15098       0.8517
   15099       0.8257
   15100       0.8266
   15101       0.7516
   15102       0.7109
   15103       0.7166
   15104       0.7467
   15105       0.7745
   15106       0.7543
   15107       0.7494
   15108       0.7473
   15109       0.7781
   15110       0.7005
   15111       0.7375
   15112       0.7432
   15113       0.6185
   15114       0.7177
   15115       0.7313
   15116       0.7608
   15117       0.7605
   15118       0.8278
   15119       0.7706
   15120       0.7536
   15121       0.7328
   15122       0.7664
   15123       0.8075
   15124       0.7659
   15125       0.7003
   15126       0.7865
   15127       0.7517
   15128       0.8154
   15129       0.7491
   15130       0.7448
   15131       0.7935
   15132       0.8615
   15133       0.8201
   15134       0.8101
   15135       0.8573
   15136       0.8917
   15137       0.8609
   15138       0.8816
   15139       0.8896
   15140       0.8393
   15141       0.8381
   15142       0.8858
   15143       0.9428
   15144       0.8852
   15145       0.9256
   15146       0.8455
   15147       0.9062
   15148       0.8078
   15149       0.9031
   15150       0.8689
   15151       0.8649
   15152       0.8723
   15153       0.8416
   15154       0.9802
   15155       0.8352
   15156       0.9256
   15157       0.9295
   15158       0.8525
   15159       0.8559
   15160       0.8148
   15161       0.8799
   15162       0.8302
   15163       0.7939
   15164       0.8314
   15165       0.8113
   15166       0.7882
   15167       0.8354
   15168       0.9163
   15169       0.9666
   15170       0.8727
   15171       0.8250
   15172       0.8196
   15173       0.8542
   15174       0.8398
   15175       0.8185
   15176       0.8662
   15177       0.8897
   15178       0.8703
   15179       0.8064
   15180       0.7693
   15181       0.8059
   15182       0.8957
   15183       0.9204
   15184       0.9523
   15185       0.9127
   15186       0.9892
   15187       0.8915
   15188       0.9815
   15189       0.9638
   15190       0.8203
   15191       0.8290
   15192       0.9020
   15193       0.8777
   15194       0.8846
   15195       0.8978
   15196       0.9582
   15197       0.8468
   15198       0.9083
   15199       0.9053
   15200       0.9593
   15201       0.9479
   15202       0.9103
   15203       0.8931
   15204       0.9921
   15205       0.8762
   15206       0.8903
   15207       0.8693
   15208       0.8884
   15209       0.8999
   15210       0.8320
   15211       0.7718
   15212       0.8110
   15213       0.7796
   15214       0.7672
   15215       0.9080
   15216       0.8668
   15217       0.7965
   15218       0.8121
   15219       0.7390
   15220       0.9023
   15221       0.7782
   15222       0.7572
   15223       0.7915
   15224       0.8039
   15225       0.7899
   15226       0.8171
   15227       0.8326
   15228       0.8178
   15229       0.8409
   15230       0.7838
   15231       0.8265
   15232       0.9122
   15233       0.8574
   15234       0.9079
   15235       0.8087
   15236       0.8262
   15237       0.8264
   15238       0.7948
   15239       0.8426
   15240       0.8196
   15241       0.7722
   15242       0.8152
   15243       0.8410
   15244       0.7816
   15245       0.8676
   15246       0.7332
   15247       0.7717
   15248       0.7580
   15249       0.8196
   15250       0.8061
   15251       0.8525
   15252       0.8289
   15253       0.7909
   15254       0.7840
   15255       0.8343
   15256       0.8664
   15257       0.8957
   15258       0.8931
   15259       0.8759
   15260       0.7834
   15261       0.9373
   15262       0.8806
   15263       0.8890
   15264       0.8210
   15265       0.9351
   15266       0.9099
   15267       0.9932
   15268       0.9102
   15269       0.8310
   15270       0.9361
   15271       0.9005
   15272       1.0546
   15273       1.0526
   15274       1.0003
   15275       0.8243
   15276       0.9564
   15277       0.8475
   15278       0.8650
   15279       0.8410
   15280       0.8037
   15281       0.8345
   15282       0.9935
   15283       0.9419
   15284       0.8767
   15285       0.8775
   15286       0.8682
   15287       0.8450
   15288       0.7887
   15289       0.8936
   15290       0.8264
   15291       0.7863
   15292       0.8289
   15293       0.8495
   15294       0.9261
   15295       0.8451
   15296       0.8796
   15297       0.9191
   15298       0.8710
   15299       0.7602
   15300       0.8432
   15301       0.7403
   15302       0.8903
   15303       0.8448
   15304       0.8531
   15305       1.0022
   15306       0.9381
   15307       0.8644
   15308       0.8792
   15309       0.8654
   15310       0.9303
   15311       0.8460
   15312       0.8581
   15313       0.8001
   15314       0.8870
   15315       0.8370
   15316       0.7966
   15317       0.7238
   15318       0.8166
   15319       0.8622
   15320       0.8986
   15321       0.7973
   15322       0.7620
   15323       0.8136
   15324       0.8611
   15325       0.7143
   15326       0.7784
   15327       0.7253
   15328       0.7939
   15329       0.8005
   15330       0.7942
   15331       0.7971
   15332       0.7691
   15333       0.7613
   15334       0.8187
   15335       0.8419
   15336       0.8096
   15337       0.9333
   15338       0.7951
   15339       0.7680
   15340       0.7610
   15341       0.7977
   15342       0.8844
   15343       0.8494
   15344       0.9097
   15345       0.8564
   15346       0.7955
   15347       0.8984
   15348       0.8420
   15349       0.9662
   15350       0.9141
   15351       0.8483
   15352       0.8971
   15353       0.9324
   15354       0.9148
   15355       0.8889
   15356       0.9179
   15357       0.9157
   15358       0.8950
   15359       0.8783
   15360       0.8266
   15361       0.7996
   15362       0.8419
   15363       0.8788
   15364       0.8523
   15365       0.8186
   15366       0.8982
   15367       0.9747
   15368       0.8497
   15369       0.9495
   15370       0.9500
   15371       0.9483
   15372       0.7870
   15373       0.9437
   15374       0.9160
   15375       0.8606
   15376       0.9058
   15377       0.8286
   15378       0.8464
   15379       0.7953
   15380       0.8842
   15381       0.8539
   15382       0.9424
   15383       0.8793
   15384       0.8842
   15385       0.9338
   15386       0.8782
   15387       0.8328
   15388       0.9322
   15389       0.8685
   15390       0.8501
   15391       1.0288
   15392       0.8874
   15393       0.8652
   15394       1.0199
   15395       1.0127
   15396       0.9210
   15397       0.9574
   15398       0.9168
   15399       0.9408
   15400       1.0008
   15401       0.9626
   15402       1.0816
   15403       0.9767
   15404       0.9145
   15405       0.9349
   15406       0.9017
   15407       0.9176
   15408       0.9457
   15409       0.8840
   15410       0.9044
   15411       1.0173
   15412       0.9634
   15413       0.9282
   15414       0.9435
   15415       0.9490
   15416       0.9868
   15417       0.9370
   15418       0.9817
   15419       1.0414
   15420       1.0918
   15421       0.9794
   15422       1.0365
   15423       0.9974
   15424       1.0019
   15425       0.9077
   15426       0.9297
   15427       0.9212
   15428       0.9082
   15429       0.9450
   15430       0.9016
   15431       0.8618
   15432       0.9573
   15433       0.8468
   15434       0.9147
   15435       0.8712
   15436       0.8286
   15437       0.7834
   15438       0.8526
   15439       0.8678
   15440       0.8766
   15441       0.8730
   15442       0.9738
   15443       0.8837
   15444       0.8754
   15445       0.8950
   15446       0.7822
   15447       0.8657
   15448       0.8682
   15449       0.8115
   15450       0.8860
   15451       0.8624
   15452       0.8385
   15453       0.7917
   15454       0.9589
   15455       0.9474
   15456       1.0269
   15457       0.9474
   15458       0.8440
   15459       0.9574
   15460       0.8897
   15461       0.8731
   15462       0.8766
   15463       0.8800
   15464       0.9281
   15465       1.0322
   15466       0.9265
   15467       0.7768
   15468       0.9097
   15469       0.8500
   15470       0.8222
   15471       0.8537
   15472       0.9530
   15473       0.9433
   15474       0.9549
   15475       0.9066
   15476       1.0026
   15477       1.0040
   15478       0.9645
   15479       0.8788
   15480       0.8758
   15481       0.8727
   15482       0.9451
   15483       0.8523
   15484       0.9322
   15485       0.8307
   15486       0.8510
   15487       0.9289
   15488       0.9895
   15489       0.9989
   15490       0.9428
   15491       0.9445
   15492       0.9390
   15493       0.9136
   15494       1.0040
   15495       0.8724
   15496       0.8925
   15497       0.9338
   15498       0.7441
   15499       0.8690
   15500       0.8725
   15501       0.8500
   15502       0.7335
   15503       0.8096
   15504       0.7840
   15505       0.8037
   15506       0.8483
   15507       0.7677
   15508       0.7498
   15509       0.8476
   15510       0.9139
   15511       0.8718
   15512       0.9128
   15513       0.8543
   15514       0.9727
   15515       0.9987
   15516       0.8890
   15517       0.8650
   15518       0.9901
   15519       0.9479
   15520       0.9539
   15521       0.9649
   15522       1.0016
   15523       0.9291
   15524       0.9038
   15525       0.8980
   15526       0.8937
   15527       0.8504
   15528       0.8928
   15529       0.9143
   15530       0.8229
   15531       0.8653
   15532       0.9197
   15533       0.8899
   15534       0.8132
   15535       0.7884
   15536       0.7925
   15537       0.7762
   15538       0.8376
   15539       0.8064
   15540       0.8327
   15541       0.8560
   15542       0.9111
   15543       0.9070
   15544       0.9183
   15545       0.8659
   15546       0.7042
   15547       0.8029
   15548       0.8442
   15549       0.7412
   15550       0.8473
   15551       0.7502
   15552       0.7515
   15553       0.9555
   15554       0.9857
   15555       0.8460
   15556       0.8245
   15557       0.8636
   15558       0.8093
   15559       0.8226
   15560       0.9103
   15561       0.9914
   15562       0.7985
   15563       0.8741
   15564       0.8083
   15565       0.7866
   15566       0.8047
   15567       0.7294
   15568       0.8289
   15569       0.7850
   15570       0.8262
   15571       0.7771
   15572       0.8898
   15573       0.7106
   15574       0.7630
   15575       0.7740
   15576       0.8163
   15577       0.9008
   15578       0.8481
   15579       0.7332
   15580       0.7355
   15581       0.8316
   15582       0.8501
   15583       0.9799
   15584       0.8360
   15585       0.8351
   15586       0.8268
   15587       0.7510
   15588       0.7729
   15589       0.8758
   15590       0.8746
   15591       0.7604
   15592       0.8519
   15593       0.9061
   15594       0.9222
   15595       0.8524
   15596       0.8702
   15597       0.9194
   15598       0.9697
   15599       1.1760
   15600       1.1022
   15601       0.9123
   15602       0.9315
   15603       0.8386
   15604       0.9045
   15605       0.9414
   15606       0.8404
   15607       0.8134
   15608       0.8528
   15609       0.8904
   15610       0.7473
   15611       0.8883
   15612       0.8444
   15613       0.9259
   15614       0.9705
   15615       0.8422
   15616       0.8652
   15617       0.9309
   15618       1.0005
   15619       0.8320
   15620       0.8584
   15621       0.7244
   15622       0.7627
   15623       0.8526
   15624       0.7745
   15625       0.9305
   15626       0.8811
   15627       0.8016
   15628       0.9238
   15629       0.8607
   15630       0.9186
   15631       0.8920
   15632       0.8074
   15633       0.8673
   15634       0.8284
   15635       0.9275
   15636       0.8559
   15637       0.8778
   15638       0.8707
   15639       0.9365
   15640       0.9106
   15641       0.9622
   15642       0.9759
   15643       1.0103
   15644       0.9272
   15645       1.0703
   15646       1.0809
   15647       0.9553
   15648       0.9706
   15649       0.9312
   15650       1.0367
   15651       1.0587
   15652       0.8974
   15653       0.8566
   15654       0.8591
   15655       0.9132
   15656       0.9219
   15657       0.8788
   15658       0.8469
   15659       0.8788
   15660       0.8438
   15661       0.7943
   15662       0.9216
   15663       0.7984
   15664       0.8476
   15665       0.9537
   15666       0.9520
   15667       0.8654
   15668       0.9138
   15669       0.8947
   15670       0.8378
   15671       0.7824
   15672       0.9510
   15673       0.8961
   15674       0.9364
   15675       0.9295
   15676       0.8474
   15677       0.8567
   15678       0.8375
   15679       0.7634
   15680       0.8514
   15681       0.7378
   15682       0.8196
   15683       0.7838
   15684       0.7673
   15685       0.8611
   15686       0.7655
   15687       0.8330
   15688       0.8297
   15689       0.9052
   15690       0.7866
   15691       0.7384
   15692       0.7489
   15693       0.8331
   15694       0.8466
   15695       0.7951
   15696       0.7810
   15697       0.8649
   15698       0.9799
   15699       0.8228
   15700       0.9617
   15701       0.9309
   15702       0.8038
   15703       0.7636
   15704       0.9078
   15705       0.8708
   15706       0.8599
   15707       0.9177
   15708       1.0131
   15709       0.8342
   15710       0.6650
   15711       0.7134
   15712       0.7176
   15713       0.6972
   15714       0.7306
   15715       0.7961
   15716       0.6974
   15717       0.6906
   15718       0.7575
   15719       0.6832
   15720       0.7734
   15721       0.7287
   15722       0.7624
   15723       0.7423
   15724       0.7073
   15725       0.7304
   15726       0.6879
   15727       0.7495
   15728       0.6843
   15729       0.7658
   15730       0.7310
   15731       0.6909
   15732       0.7522
   15733       0.7420
   15734       0.7427
   15735       0.8508
   15736       0.8984
   15737       0.7715
   15738       0.8204
   15739       0.7929
   15740       0.7579
   15741       0.8064
   15742       0.7113
   15743       0.7411
   15744       0.7517
   15745       0.7864
   15746       0.8035
   15747       0.7438
   15748       0.7395
   15749       0.6780
   15750       0.6882
   15751       0.7842
   15752       0.7083
   15753       0.7966
   15754       0.7572
   15755       0.7212
   15756       0.7547
   15757       0.7190
   15758       0.7104
   15759       0.7488
   15760       0.6875
   15761       0.7225
   15762       0.7675
   15763       0.8618
   15764       0.7723
   15765       0.8505
   15766       0.7722
   15767       0.7100
   15768       0.8116
   15769       0.7600
   15770       0.7498
   15771       0.8472
   15772       0.7357
   15773       0.7796
   15774       0.7298
   15775       0.7383
   15776       0.7047
   15777       0.7870
   15778       0.7803
   15779       0.7461
   15780       0.7161
   15781       0.7698
   15782       0.7531
   15783       0.7631
   15784       0.6953
   15785       0.7980
   15786       0.7788
   15787       0.7435
   15788       0.7938
   15789       0.7028
   15790       0.8041
   15791       0.7610
   15792       0.8380
   15793       0.8424
   15794       0.8603
   15795       0.8321
   15796       0.8866
   15797       0.7889
   15798       0.8168
   15799       0.8521
   15800       0.7312
   15801       0.8020
   15802       0.7287
   15803       0.7902
   15804       0.7235
   15805       0.7167
   15806       0.6556
   15807       0.6257
   15808       0.7610
   15809       0.7794
   15810       0.7660
   15811       0.7965
   15812       0.7640
   15813       0.7903
   15814       0.7447
   15815       0.7075
   15816       0.7319
   15817       0.6967
   15818       0.7372
   15819       0.7895
   15820       0.8661
   15821       0.8229
   15822       0.7868
   15823       0.8177
   15824       0.9224
   15825       0.7766
   15826       0.7510
   15827       0.7513
   15828       0.7160
   15829       0.7296
   15830       0.7339
   15831       0.7537
   15832       0.7343
   15833       0.7081
   15834       0.6765
   15835       0.7084
   15836       0.7253
   15837       0.8165
   15838       0.8480
   15839       0.8758
   15840       0.7789
   15841       0.7817
   15842       0.8163
   15843       0.8152
   15844       0.7804
   15845       0.8305
   15846       0.7909
   15847       0.8164
   15848       0.9473
   15849       0.8258
   15850       0.8781
   15851       0.9125
   15852       0.9830
   15853       0.9336
   15854       0.9729
   15855       0.8855
   15856       0.8279
   15857       0.9535
   15858       0.9164
   15859       0.8928
   15860       0.7672
   15861       0.8040
   15862       0.7301
   15863       0.7976
   15864       0.8058
   15865       0.7423
   15866       0.8126
   15867       0.7527
   15868       0.8220
   15869       0.8020
   15870       0.7172
   15871       0.7960
   15872       0.8350
   15873       0.7656
   15874       0.7819
   15875       0.8659
   15876       0.8800
   15877       0.8341
   15878       0.7069
   15879       0.7566
   15880       0.7343
   15881       0.7420
   15882       0.7758
   15883       0.7316
   15884       0.7204
   15885       0.7310
   15886       0.7289
   15887       0.7703
   15888       0.7781
   15889       0.7909
   15890       0.7278
   15891       0.7753
   15892       0.8166
   15893       0.8092
   15894       0.8557
   15895       0.7733
   15896       0.7367
   15897       0.7082
   15898       0.7729
   15899       0.7862
   15900       0.7672
   15901       0.7426
   15902       0.7146
   15903       0.7677
   15904       0.7409
   15905       0.7330
   15906       0.6790
   15907       0.7517
   15908       0.7075
   15909       0.6690
   15910       0.7039
   15911       0.7286
   15912       0.7778
   15913       0.7232
   15914       0.7164
   15915       0.7471
   15916       0.7706
   15917       0.7209
   15918       0.7778
   15919       0.6734
   15920       0.6642
   15921       0.6812
   15922       0.7493
   15923       0.7130
   15924       0.7330
   15925       0.7677
   15926       0.7556
   15927       0.7362
   15928       0.6920
   15929       0.7398
   15930       0.7322
   15931       0.7034
   15932       0.7316
   15933       0.6713
   15934       0.7604
   15935       0.7266
   15936       0.6962
   15937       0.6664
   15938       0.6856
   15939       0.7634
   15940       0.7916
   15941       0.7834
   15942       0.7455
   15943       0.7266
   15944       0.7289
   15945       0.6769
   15946       0.7319
   15947       0.7013
   15948       0.7584
   15949       0.7465
   15950       0.7803
   15951       0.7458
   15952       0.7066
   15953       0.7123
   15954       0.6946
   15955       0.7409
   15956       0.7177
   15957       0.7689
   15958       0.7406
   15959       0.7366
   15960       0.7060
   15961       0.7157
   15962       0.7721
   15963       0.7598
   15964       0.7143
   15965       0.6602
   15966       0.6560
   15967       0.7470
   15968       0.7753
   15969       0.7209
   15970       0.6960
   15971       0.7790
   15972       0.7434
   15973       0.7457
   15974       0.6695
   15975       0.8069
   15976       0.7801
   15977       0.7689
   15978       0.7879
   15979       0.8054
   15980       0.7635
   15981       0.7510
   15982       0.6872
   15983       0.8190
   15984       0.7255
   15985       0.7088
   15986       0.7513
   15987       0.7377
   15988       0.6986
   15989       0.7218
   15990       0.7407
   15991       0.6976
   15992       0.6841
   15993       0.7006
   15994       0.6062
   15995       0.6737
   15996       0.6814
   15997       0.6805
   15998       0.7456
   15999       0.6953
   16000       0.7320
   16001       0.7943
   16002       0.9103
   16003       0.8956
   16004       0.8928
   16005       0.8326
   16006       0.8234
   16007       0.8383
   16008       0.8776
   16009       0.7609
   16010       0.8804
   16011       0.7618
   16012       0.7945
   16013       0.7551
   16014       0.7882
   16015       0.8499
   16016       0.8995
   16017       0.7788
   16018       0.7062
   16019       0.7787
   16020       0.6780
   16021       0.6673
   16022       0.7465
   16023       0.8457
   16024       0.8256
   16025       0.8594
   16026       0.8118
   16027       0.7902
   16028       0.8627
   16029       0.8203
   16030       0.8135
   16031       0.7234
   16032       0.6906
   16033       0.7209
   16034       0.8668
   16035       0.6976
   16036       0.7040
   16037       0.7311
   16038       0.7427
   16039       0.7269
   16040       0.8032
   16041       0.8072
   16042       0.6731
   16043       0.7103
   16044       0.7314
   16045       0.6720
   16046       0.7322
   16047       0.7319
   16048       0.7581
   16049       0.8463
   16050       0.7706
   16051       0.7848
   16052       0.6597
   16053       0.7286
   16054       0.7339
   16055       0.7428
   16056       0.6803
   16057       0.7254
   16058       0.7954
   16059       0.6855
   16060       0.7141
   16061       0.6691
   16062       0.6434
   16063       0.7203
   16064       0.7590
   16065       0.7040
   16066       0.7193
   16067       0.8121
   16068       0.7587
   16069       0.7130
   16070       0.8016
   16071       0.6820
   16072       0.7335
   16073       0.7345
   16074       0.6841
   16075       0.7040
   16076       0.7696
   16077       0.7018
   16078       0.6942
   16079       0.7790
   16080       0.7331
   16081       0.7082
   16082       0.7155
   16083       0.6999
   16084       0.7270
   16085       0.6865
   16086       0.6844
   16087       0.6274
   16088       0.6880
   16089       0.7017
   16090       0.6496
   16091       0.6893
   16092       0.7166
   16093       0.7103
   16094       0.7574
   16095       0.7593
   16096       0.6696
   16097       0.6959
   16098       0.6805
   16099       0.8051
   16100       0.6914
   16101       0.7302
   16102       0.7492
   16103       0.8085
   16104       0.7259
   16105       0.7913
   16106       0.7795
   16107       0.8611
   16108       0.7506
   16109       0.7850
   16110       0.7958
   16111       0.8030
   16112       0.7376
   16113       0.7908
   16114       0.7496
   16115       0.8730
   16116       0.7889
   16117       0.8367
   16118       0.8407
   16119       0.8206
   16120       0.8495
   16121       0.8587
   16122       0.9140
   16123       0.8043
   16124       0.7806
   16125       0.7986
   16126       0.8490
   16127       0.9218
   16128       0.8210
   16129       0.8009
   16130       0.7360
   16131       0.8496
   16132       0.8213
   16133       0.8847
   16134       0.8600
   16135       0.9284
   16136       0.8066
   16137       0.8934
   16138       0.8168
   16139       0.8925
   16140       0.8974
   16141       0.8180
   16142       0.7712
   16143       0.8012
   16144       0.7871
   16145       0.9314
   16146       0.8988
   16147       0.7727
   16148       0.8133
   16149       0.7716
   16150       0.7496
   16151       0.7700
   16152       0.8505
   16153       0.7996
   16154       0.7722
   16155       0.7757
   16156       0.7913
   16157       0.7589
   16158       0.7259
   16159       0.8197
   16160       0.7244
   16161       0.7867
   16162       0.7937
   16163       0.7898
   16164       0.8157
   16165       0.7503
   16166       0.7185
   16167       0.7173
   16168       0.6842
   16169       0.7846
   16170       0.7409
   16171       0.7042
   16172       0.7578
   16173       0.8288
   16174       0.8431
   16175       0.7554
   16176       0.7562
   16177       0.7869
   16178       0.7980
   16179       0.7943
   16180       0.7667
   16181       0.7762
   16182       0.7676
   16183       0.7412
   16184       0.7767
   16185       0.7163
   16186       0.7255
   16187       0.7461
   16188       0.7137
   16189       0.7543
   16190       0.6547
   16191       0.7136
   16192       0.7644
   16193       0.7845
   16194       0.7071
   16195       0.8552
   16196       0.7649
   16197       0.7580
   16198       0.8560
   16199       0.7625
   16200       0.8143
   16201       0.8666
   16202       0.8297
   16203       0.7859
   16204       0.8666
   16205       0.8065
   16206       0.8257
   16207       0.7393
   16208       0.7478
   16209       0.7347
   16210       0.7856
   16211       0.8365
   16212       0.8112
   16213       0.7563
   16214       0.7656
   16215       0.7986
   16216       0.8642
   16217       0.7975
   16218       0.7859
   16219       0.7039
   16220       0.7899
   16221       0.8099
   16222       0.7003
   16223       0.6966
   16224       0.7798
   16225       0.7470
   16226       0.8431
   16227       0.7415
   16228       0.8028
   16229       0.8192
   16230       0.7821
   16231       0.7509
   16232       0.7253
   16233       0.7073
   16234       0.8233
   16235       0.8022
   16236       0.8548
   16237       0.7810
   16238       0.7709
   16239       0.8183
   16240       0.7479
   16241       0.7729
   16242       0.7263
   16243       0.7279
   16244       0.6762
   16245       0.7558
   16246       0.6910
   16247       0.7179
   16248       0.7684
   16249       0.8071
   16250       0.8846
   16251       0.8202
   16252       0.7797
   16253       0.7689
   16254       0.8904
   16255       0.8218
   16256       0.7982
   16257       0.8105
   16258       0.7376
   16259       0.7696
   16260       0.7582
   16261       0.7359
   16262       0.6735
   16263       0.7082
   16264       0.7205
   16265       0.6971
   16266       0.8070
   16267       0.8997
   16268       0.8090
   16269       0.7825
   16270       0.6764
   16271       0.7582
   16272       0.8028
   16273       0.7081
   16274       0.8284
   16275       0.8164
   16276       0.8000
   16277       0.7757
   16278       0.7572
   16279       0.7374
   16280       0.7804
   16281       0.8226
   16282       0.7875
   16283       0.7798
   16284       0.8178
   16285       0.7893
   16286       0.7673
   16287       0.8844
   16288       0.7665
   16289       0.8398
   16290       0.7584
   16291       0.7755
   16292       0.6862
   16293       0.8039
   16294       0.7658
   16295       0.7093
   16296       0.7483
   16297       0.7041
   16298       0.7626
   16299       0.7235
   16300       0.7553
   16301       0.7827
   16302       0.7547
   16303       0.7634
   16304       0.7900
   16305       0.7995
   16306       0.7252
   16307       0.7080
   16308       0.7919
   16309       0.7335
   16310       0.7457
   16311       0.7901
   16312       0.7536
   16313       0.7868
   16314       0.7341
   16315       0.7913
   16316       0.7703
   16317       0.7947
   16318       0.8797
   16319       0.7701
   16320       0.8375
   16321       0.8298
   16322       0.8302
   16323       0.7563
   16324       0.7068
   16325       0.8359
   16326       0.8686
   16327       0.7231
   16328       0.8321
   16329       0.7887
   16330       0.8199
   16331       0.7522
   16332       0.7344
   16333       0.7802
   16334       0.8568
   16335       0.7475
   16336       0.6861
   16337       0.7101
   16338       0.7017
   16339       0.6683
   16340       0.7122
   16341       0.8341
   16342       0.7414
   16343       0.7271
   16344       0.7119
   16345       0.7176
   16346       0.7676
   16347       0.7136
   16348       0.7730
   16349       0.7806
   16350       0.7653
   16351       0.8721
   16352       0.8228
   16353       0.7602
   16354       0.7666
   16355       0.7129
   16356       0.7628
   16357       0.7164
   16358       0.7514
   16359       0.7464
   16360       0.7867
   16361       0.7838
   16362       0.7861
   16363       0.8254
   16364       0.7623
   16365       0.7999
   16366       0.7037
   16367       0.7276
   16368       0.6943
   16369       0.7508
   16370       0.7774
   16371       0.7422
   16372       0.7766
   16373       0.7950
   16374       0.8003
   16375       0.7214
   16376       0.8298
   16377       0.8595
   16378       0.8703
   16379       0.9607
   16380       0.7936
   16381       0.7646
   16382       0.7619
   16383       0.7614
   16384       0.8563
   16385       0.8392
   16386       0.7687
   16387       0.8277
   16388       0.7434
   16389       0.7323
   16390       0.7270
   16391       0.8082
   16392       0.8897
   16393       0.8124
   16394       0.7773
   16395       0.7791
   16396       0.7045
   16397       0.8062
   16398       0.8088
   16399       0.8557
   16400       0.7650
   16401       0.7533
   16402       0.7312
   16403       0.6899
   16404       0.7309
   16405       0.7058
   16406       0.6908
   16407       0.7660
   16408       0.7243
   16409       0.8178
   16410       0.6960
   16411       0.8039
   16412       0.7691
   16413       0.7782
   16414       0.7630
   16415       0.7240
   16416       0.7170
   16417       0.8029
   16418       0.7773
   16419       0.8409
   16420       0.8495
   16421       0.8886
   16422       0.9214
   16423       0.8544
   16424       0.8354
   16425       0.8461
   16426       0.8797
   16427       0.8809
   16428       0.9386
   16429       0.8284
   16430       0.9281
   16431       0.8033
   16432       0.8784
   16433       0.7807
   16434       0.9071
   16435       0.8672
   16436       0.7897
   16437       0.8215
   16438       0.8017
   16439       0.8272
   16440       0.8209
   16441       0.8139
   16442       0.8112
   16443       0.7713
   16444       0.7531
   16445       0.8144
   16446       0.8636
   16447       0.8208
   16448       0.9095
   16449       0.8146
   16450       0.8849
   16451       0.8204
   16452       0.7866
   16453       0.7799
   16454       0.8330
   16455       0.8433
   16456       0.8734
   16457       0.8345
   16458       0.9811
   16459       0.9708
   16460       0.8999
   16461       0.8873
   16462       0.8473
   16463       0.8378
   16464       0.7969
   16465       0.8499
   16466       0.7753
   16467       0.7906
   16468       0.7418
   16469       0.8613
   16470       0.7155
   16471       0.7841
   16472       0.8292
   16473       0.7670
   16474       0.7454
   16475       0.6514
   16476       0.6609
   16477       0.7098
   16478       0.7902
   16479       0.7477
   16480       0.7834
   16481       0.8885
   16482       0.8198
   16483       0.7894
   16484       0.8313
   16485       0.8321
   16486       0.8859
   16487       0.7706
   16488       0.7928
   16489       0.8636
   16490       0.7468
   16491       0.8034
   16492       0.8177
   16493       0.8023
   16494       0.8300
   16495       0.8110
   16496       0.8913
   16497       0.8219
   16498       0.8994
   16499       0.9364
   16500       1.0429
   16501       0.9651
   16502       0.9414
   16503       0.9406
   16504       0.9701
   16505       0.9207
   16506       1.0504
   16507       0.9774
   16508       0.9799
   16509       0.9435
   16510       0.9623
   16511       0.9043
   16512       1.0666
   16513       0.9820
   16514       0.9989
   16515       0.9736
   16516       1.0179
   16517       0.9319
   16518       1.0400
   16519       0.9869
   16520       0.9686
   16521       1.0405
   16522       1.0509
   16523       0.9842
   16524       1.0141
   16525       1.0613
   16526       0.9777
   16527       1.0160
   16528       1.0371
   16529       0.9750
   16530       0.9816
   16531       0.9915
   16532       0.9810
   16533       1.0425
   16534       0.9857
   16535       1.0254
   16536       1.0134
   16537       1.0629
   16538       1.0043
   16539       1.1004
   16540       1.0517
   16541       1.0063
   16542       0.9889
   16543       1.0028
   16544       1.0329
   16545       1.0228
   16546       1.0455
   16547       1.0267
   16548       0.9987
   16549       0.9600
   16550       0.9463
   16551       1.0056
   16552       0.9987
   16553       0.9468
   16554       0.9548
   16555       0.9475
   16556       1.0310
   16557       1.0025
   16558       1.0193
   16559       0.9950
   16560       1.0886
   16561       0.9964
   16562       0.9829
   16563       0.9772
   16564       0.9020
   16565       0.9422
   16566       1.0424
   16567       0.9744
   16568       0.9628
   16569       1.0010
   16570       0.9920
   16571       0.9305
   16572       0.9845
   16573       0.9195
   16574       0.9773
   16575       0.9550
   16576       1.0492
   16577       0.9962
   16578       0.9465
   16579       0.8884
   16580       0.9290
   16581       0.8676
   16582       0.9392
   16583       0.9897
   16584       0.9296
   16585       0.9378
   16586       0.9353
   16587       1.0085
   16588       1.0646
   16589       0.9348
   16590       0.9143
   16591       0.9743
   16592       1.0102
   16593       1.0055
   16594       1.0100
   16595       1.0136
   16596       0.9722
   16597       1.0209
   16598       1.0305
   16599       1.0127
   16600       1.0140
   16601       0.9771
   16602       0.9884
   16603       1.0405
   16604       1.0390
   16605       0.9762
   16606       0.9868
   16607       0.9944
   16608       1.0314
   16609       1.0317
   16610       1.0071
   16611       0.9655
   16612       0.9832
   16613       1.0046
   16614       0.9625
   16615       0.9957
   16616       0.9655
   16617       1.0077
   16618       1.0185
   16619       0.9896
   16620       1.0335
   16621       1.0352
   16622       1.0101
   16623       1.0540
   16624       1.0672
   16625       1.0203
   16626       0.9494
   16627       0.9687
   16628       0.9607
   16629       1.0018
   16630       0.9289
   16631       0.9887
   16632       0.8999
   16633       0.9586
   16634       1.0400
   16635       0.9752
   16636       1.0117
   16637       1.1042
   16638       0.9807
   16639       0.9967
   16640       0.9691
   16641       1.0542
   16642       1.0075
   16643       1.0174
   16644       0.9571
   16645       0.9232
   16646       0.8773
   16647       0.9544
   16648       0.8938
   16649       0.8415
   16650       0.9517
   16651       0.8454
   16652       0.7382
   16653       0.7646
   16654       0.7796
   16655       0.9122
   16656       0.8254
   16657       0.8216
   16658       0.6951
   16659       0.7815
   16660       0.7715
   16661       0.6614
   16662       0.8381
   16663       0.8604
   16664       0.8563
   16665       0.7657
   16666       0.8155
   16667       0.7888
   16668       0.8695
   16669       0.8289
   16670       0.8756
   16671       1.0000
   16672       0.9804
   16673       0.9518
   16674       0.9746
   16675       0.9242
   16676       1.0173
   16677       1.1607
   16678       1.2001
   16679       1.1908
   16680       0.9331
   16681       0.8660
   16682       0.9151
   16683       0.8981
   16684       0.9309
   16685       1.0787
   16686       1.0763
   16687       0.9132
   16688       0.9263
   16689       0.8918
   16690       0.9453
   16691       0.9498
   16692       0.8949
   16693       0.7911
   16694       0.8197
   16695       0.7689
   16696       0.7644
   16697       0.7741
   16698       0.8107
   16699       0.8310
   16700       0.7718
   16701       0.7627
   16702       0.7861
   16703       0.8344
   16704       0.7862
   16705       0.7907
   16706       0.7731
   16707       0.7355
   16708       0.7969
   16709       0.7420
   16710       0.7580
   16711       0.8126
   16712       0.8237
   16713       0.7168
   16714       0.7869
   16715       0.7831
   16716       0.8468
   16717       0.7549
   16718       0.7559
   16719       0.7608
   16720       0.7302
   16721       0.7201
   16722       0.7030
   16723       0.7796
   16724       0.8160
   16725       0.7530
   16726       0.8108
   16727       0.7570
   16728       0.6789
   16729       0.8058
   16730       0.8015
   16731       0.7785
   16732       0.8273
   16733       0.8519
   16734       0.8009
   16735       0.8791
   16736       0.9261
   16737       0.8619
   16738       0.8375
   16739       0.8722
   16740       0.8344
   16741       0.8144
   16742       0.8357
   16743       0.8588
   16744       0.9174
   16745       0.8807
   16746       0.8897
   16747       1.0044
   16748       0.9354
   16749       0.8968
   16750       0.9089
   16751       1.0268
   16752       1.0510
   16753       0.9321
   16754       0.8852
   16755       0.9766
   16756       0.9674
   16757       0.9962
   16758       0.8430
   16759       0.8842
   16760       1.0455
   16761       1.0025
   16762       1.0340
   16763       0.9260
   16764       0.8840
   16765       1.0191
   16766       1.0023
   16767       0.9122
   16768       1.1117
   16769       0.9911
   16770       0.9949
   16771       1.0002
   16772       0.9995
   16773       0.9988
   16774       0.9252
   16775       0.9309
   16776       0.9905
   16777       0.9905
   16778       0.9651
   16779       1.0128
   16780       0.8548
   16781       0.9204
   16782       1.0148
   16783       1.0535
   16784       1.0257
   16785       1.0367
   16786       1.0142
   16787       0.9691
   16788       0.9363
   16789       1.0112
   16790       0.9315
   16791       0.9847
   16792       1.0544
   16793       0.9927
   16794       0.9046
   16795       0.9811
   16796       0.8798
   16797       0.8398
   16798       0.8533
   16799       0.8704
   16800       0.9176
   16801       0.8966
   16802       0.9227
   16803       0.9271
   16804       0.8814
   16805       0.9168
   16806       0.8887
   16807       0.8929
   16808       0.9013
   16809       0.8753
   16810       0.9465
   16811       0.9696
   16812       0.9174
   16813       0.8950
   16814       0.8618
   16815       0.7736
   16816       0.8350
   16817       0.8406
   16818       0.8098
   16819       0.8984
   16820       0.8779
   16821       0.8687
   16822       0.9063
   16823       0.8638
   16824       0.9841
   16825       0.7710
   16826       0.9365
   16827       0.8091
   16828       0.9053
   16829       0.8753
   16830       0.9106
   16831       0.8964
   16832       0.8684
   16833       0.8911
   16834       0.8364
   16835       0.9209
   16836       0.9119
   16837       0.9155
   16838       0.9192
   16839       0.8998
   16840       1.0125
   16841       0.9312
   16842       0.9259
   16843       0.8723
   16844       0.8699
   16845       0.9549
   16846       0.9677
   16847       0.8810
   16848       0.8913
   16849       0.9101
   16850       0.8808
   16851       0.9856
   16852       0.8531
   16853       0.9053
   16854       0.9242
   16855       1.0054
   16856       0.9518
   16857       1.0173
   16858       0.8872
   16859       0.9770
   16860       1.0185
   16861       0.9296
   16862       0.9810
   16863       0.9305
   16864       0.9690
   16865       0.9760
   16866       1.0689
   16867       0.9178
   16868       0.8124
   16869       0.8605
   16870       0.8839
   16871       0.9376
   16872       0.9680
   16873       0.9269
   16874       0.8743
   16875       0.8997
   16876       0.8636
   16877       0.9083
   16878       0.9517
   16879       0.8412
   16880       0.8932
   16881       0.8927
   16882       0.9526
   16883       0.8726
   16884       0.9202
   16885       0.9057
   16886       0.8989
   16887       0.9402
   16888       1.0233
   16889       0.9082
   16890       0.9071
   16891       0.9087
   16892       0.9540
   16893       0.8005
   16894       0.8134
   16895       0.8432
   16896       0.7910
   16897       0.8542
   16898       0.8233
   16899       0.8771
   16900       0.8502
   16901       0.8784
   16902       0.8988
   16903       0.8859
   16904       0.8648
   16905       0.8035
   16906       0.7605
   16907       0.7935
   16908       0.8783
   16909       0.9154
   16910       0.8323
   16911       0.8035
   16912       0.7861
   16913       0.8770
   16914       0.7190
   16915       0.8113
   16916       0.8290
   16917       0.8079
   16918       0.8745
   16919       0.8072
   16920       0.8098
   16921       0.8055
   16922       0.9088
   16923       0.8678
   16924       0.8422
   16925       0.8460
   16926       0.8634
   16927       0.9104
   16928       0.8855
   16929       0.8378
   16930       0.8798
   16931       0.8774
   16932       0.8642
   16933       0.9015
   16934       0.8584
   16935       0.9742
   16936       0.9709
   16937       1.0226
   16938       0.9058
   16939       0.8206
   16940       0.8460
   16941       0.9170
   16942       0.8986
   16943       0.9307
   16944       0.9207
   16945       0.9413
   16946       0.8690
   16947       0.9633
   16948       0.8772
   16949       0.9026
   16950       0.9237
   16951       0.8844
   16952       1.0205
   16953       0.9767
   16954       0.9407
   16955       0.8271
   16956       0.8260
   16957       0.8742
   16958       0.8959
   16959       0.8373
   16960       0.8748
   16961       0.9087
   16962       0.9182
   16963       0.9344
   16964       0.8526
   16965       0.9460
   16966       0.9628
   16967       0.9484
   16968       0.8811
   16969       0.9763
   16970       0.9480
   16971       0.8887
   16972       0.9420
   16973       0.8257
   16974       0.8196
   16975       0.9218
   16976       0.9467
   16977       0.9081
   16978       0.9252
   16979       0.9445
   16980       0.8335
   16981       0.8706
   16982       0.8641
   16983       0.9087
   16984       0.9316
   16985       0.9384
   16986       0.9245
   16987       0.8990
   16988       0.8733
   16989       0.9147
   16990       0.9372
   16991       0.8862
   16992       0.9243
   16993       0.7908
   16994       0.8066
   16995       0.8259
   16996       0.8116
   16997       0.8493
   16998       0.8058
   16999       0.8509
   17000       0.8459
   17001       0.8173
   17002       0.7897
   17003       0.8964
   17004       0.9289
   17005       0.9641
   17006       0.9084
   17007       0.9541
   17008       0.8578
   17009       0.9018
   17010       0.9454
   17011       0.8687
   17012       0.8879
   17013       0.9386
   17014       0.9358
   17015       0.9136
   17016       0.9105
   17017       0.9214
   17018       0.9791
   17019       0.8779
   17020       0.7995
   17021       0.7958
   17022       0.8319
   17023       0.8650
   17024       0.7959
   17025       0.9763
   17026       0.9350
   17027       0.8826
   17028       0.9090
   17029       0.8563
   17030       0.9282
   17031       0.8630
   17032       0.8673
   17033       0.8129
   17034       0.8333
   17035       0.8362
   17036       0.9154
   17037       0.8728
   17038       0.8680
   17039       0.8484
   17040       0.8784
   17041       0.9056
   17042       0.8728
   17043       0.9290
   17044       0.8932
   17045       1.0235
   17046       0.8832
   17047       0.8080
   17048       0.8354
   17049       0.8414
   17050       0.8568
   17051       0.8087
   17052       0.8878
   17053       0.8789
   17054       0.9052
   17055       0.9339
   17056       0.8801
   17057       0.8691
   17058       0.8334
   17059       0.8329
   17060       0.8517
   17061       0.9267
   17062       0.8337
   17063       0.8970
   17064       0.9134
   17065       0.8816
   17066       0.7615
   17067       0.7699
   17068       0.7995
   17069       0.8328
   17070       0.9071
   17071       0.8349
   17072       0.9078
   17073       0.8753
   17074       0.8750
   17075       0.9179
   17076       0.9288
   17077       0.8125
   17078       0.8653
   17079       0.7926
   17080       0.8523
   17081       0.8186
   17082       0.9756
   17083       0.8541
   17084       0.8582
   17085       0.8416
   17086       0.8025
   17087       0.8130
   17088       0.8863
   17089       0.7920
   17090       0.8361
   17091       0.8861
   17092       0.8426
   17093       0.8374
   17094       0.8337
   17095       0.8121
   17096       0.8197
   17097       0.7685
   17098       0.8201
   17099       0.7178
   17100       0.8158
   17101       0.8506
   17102       0.8659
   17103       0.7802
   17104       0.7884
   17105       0.7416
   17106       0.7890
   17107       0.7363
   17108       0.7707
   17109       0.8182
   17110       0.7543
   17111       0.7729
   17112       0.7722
   17113       0.7933
   17114       0.7813
   17115       0.8410
   17116       0.9430
   17117       0.9026
   17118       0.9177
   17119       0.9778
   17120       0.9300
   17121       0.9201
   17122       0.8481
   17123       0.9169
   17124       1.1114
   17125       1.0328
   17126       0.9155
   17127       0.9679
   17128       0.8774
   17129       0.9190
   17130       0.9023
   17131       0.8841
   17132       0.8489
   17133       0.7575
   17134       0.8331
   17135       0.7999
   17136       0.7823
   17137       0.8125
   17138       0.8137
   17139       0.9124
   17140       0.9161
   17141       0.8296
   17142       0.8555
   17143       0.8483
   17144       0.9204
   17145       0.9655
   17146       0.9674
   17147       0.9604
   17148       0.8615
   17149       0.8976
   17150       0.8099
   17151       0.9371
   17152       0.9567
   17153       0.9216
   17154       1.1363
   17155       0.9939
   17156       1.1209
   17157       0.9245
   17158       0.9032
   17159       0.8571
   17160       0.9127
   17161       0.7890
   17162       0.8077
   17163       0.9708
   17164       0.9019
   17165       0.8854
   17166       0.9892
   17167       0.8993
   17168       0.8196
   17169       0.8479
   17170       0.9170
   17171       0.7898
   17172       0.7733
   17173       0.8339
   17174       0.9102
   17175       0.9475
   17176       1.0965
   17177       0.9456
   17178       0.9108
   17179       0.9231
   17180       0.9345
   17181       1.0012
   17182       0.8480
   17183       0.9671
   17184       0.8926
   17185       0.9271
   17186       0.7721
   17187       0.7945
   17188       0.8649
   17189       0.8346
   17190       0.9484
   17191       0.8291
   17192       0.8562
   17193       0.8576
   17194       0.8690
   17195       0.8376
   17196       0.8817
   17197       0.9174
   17198       0.9146
   17199       0.8529
   17200       0.8537
   17201       0.8561
   17202       0.8169
   17203       0.8933
   17204       0.9243
   17205       0.9475
   17206       0.8799
   17207       0.8442
   17208       0.7906
   17209       0.7948
   17210       0.8179
   17211       0.9555
   17212       0.8504
   17213       0.8819
   17214       0.8657
   17215       0.8255
   17216       0.8919
   17217       0.8042
   17218       0.9024
   17219       0.7937
   17220       0.8137
   17221       0.8183
   17222       0.8478
   17223       0.7571
   17224       0.7326
   17225       0.7650
   17226       0.7967
   17227       0.7966
   17228       0.7360
   17229       0.7887
   17230       0.9304
   17231       0.8214
   17232       0.7855
   17233       0.8378
   17234       0.7557
   17235       0.6800
   17236       0.6796
   17237       0.8568
   17238       0.7997
   17239       0.7962
   17240       0.8580
   17241       0.8991
   17242       0.8704
   17243       0.8541
   17244       0.8386
   17245       0.8443
   17246       0.7522
   17247       0.7794
   17248       0.8170
   17249       0.8971
   17250       0.9297
   17251       0.8119
   17252       0.7984
   17253       0.8251
   17254       0.8060
   17255       0.7930
   17256       0.8110
   17257       0.7911
   17258       0.7843
   17259       0.8109
   17260       0.8185
   17261       0.7924
   17262       0.7674
   17263       0.8337
   17264       0.8320
   17265       0.8066
   17266       0.8186
   17267       0.8127
   17268       0.7621
   17269       0.7403
   17270       0.7853
   17271       0.8184
   17272       0.8708
   17273       0.8152
   17274       0.9891
   17275       0.9557
   17276       0.9113
   17277       0.9079
   17278       0.8823
   17279       0.8062
   17280       0.8271
   17281       0.8839
   17282       0.8915
   17283       0.8268
   17284       0.8176
   17285       0.8429
   17286       0.6901
   17287       0.7480
   17288       0.6886
   17289       0.6950
   17290       0.7336
   17291       0.7383
   17292       0.7929
   17293       0.7959
   17294       0.7935
   17295       0.7725
   17296       0.6985
   17297       0.6839
   17298       0.6701
   17299       0.6489
   17300       0.7238
   17301       0.7683
   17302       0.7216
   17303       0.7881
   17304       0.8414
   17305       0.7962
   17306       0.7242
   17307       0.7885
   17308       0.7902
   17309       0.8386
   17310       0.8096
   17311       0.8221
   17312       0.7935
   17313       0.7510
   17314       0.7170
   17315       0.8121
   17316       0.7192
   17317       0.7625
   17318       0.8098
   17319       0.8013
   17320       0.8429
   17321       0.8881
   17322       0.7450
   17323       0.6790
   17324       0.7281
   17325       0.7551
   17326       0.7632
   17327       0.9025
   17328       0.8939
   17329       0.7830
   17330       0.7882
   17331       0.8368
   17332       0.7406
   17333       0.8389
   17334       0.9160
   17335       0.8682
   17336       0.9123
   17337       0.8788
   17338       0.7993
   17339       0.8742
   17340       0.9106
   17341       1.0429
   17342       1.0581
   17343       1.0019
   17344       1.0035
   17345       0.8497
   17346       0.9875
   17347       0.9134
   17348       0.9304
   17349       0.8767
   17350       0.8544
   17351       0.9143
   17352       0.8635
   17353       0.8595
   17354       0.8725
   17355       0.8607
   17356       0.9027
   17357       0.8272
   17358       0.8165
   17359       0.9250
   17360       0.8520
   17361       0.8342
   17362       0.7692
   17363       0.8135
   17364       0.8936
   17365       0.7869
   17366       0.8734
   17367       0.8191
   17368       0.8276
   17369       0.9194
   17370       0.7819
   17371       0.8082
   17372       0.9363
   17373       0.8805
   17374       1.0772
   17375       0.9831
   17376       0.8927
   17377       0.9839
   17378       0.9498
   17379       0.9216
   17380       0.8868
   17381       0.9654
   17382       0.8430
   17383       0.8844
   17384       0.8434
   17385       0.8027
   17386       0.8819
   17387       0.8163
   17388       0.8418
   17389       0.9228
   17390       0.7427
   17391       0.6761
   17392       0.7397
   17393       0.7552
   17394       0.8406
   17395       0.7302
   17396       0.8301
   17397       0.9510
   17398       0.8537
   17399       0.9272
   17400       0.8861
   17401       0.9029
   17402       0.8582
   17403       0.8030
   17404       0.9493
   17405       0.8309
   17406       0.8438
   17407       0.8520
   17408       0.8875
   17409       0.8743
   17410       0.9767
   17411       0.9342
   17412       0.9335
   17413       1.0364
   17414       0.9010
   17415       0.8669
   17416       0.8457
   17417       0.9591
   17418       0.8414
   17419       0.9122
   17420       0.8887
   17421       0.9696
   17422       0.8985
   17423       0.8598
   17424       0.9506
   17425       0.8908
   17426       0.8481
   17427       0.8385
   17428       0.8227
   17429       0.9469
   17430       0.8668
   17431       0.8255
   17432       0.8378
   17433       0.8351
   17434       0.8674
   17435       0.8811
   17436       0.9226
   17437       0.9069
   17438       0.8183
   17439       0.8105
   17440       0.8627
   17441       0.8710
   17442       0.7976
   17443       0.8063
   17444       0.8760
   17445       0.9238
   17446       0.9789
   17447       0.9201
   17448       0.9631
   17449       0.9189
   17450       0.9057
   17451       0.9997
   17452       0.9888
   17453       1.0194
   17454       0.9767
   17455       0.9563
   17456       0.8968
   17457       0.8756
   17458       0.9256
   17459       0.9415
   17460       0.8192
   17461       0.8262
   17462       0.8948
   17463       0.8546
   17464       0.8693
   17465       0.7944
   17466       0.9216
   17467       0.8778
   17468       1.0511
   17469       0.8453
   17470       0.9109
   17471       0.8863
   17472       1.0569
   17473       0.8747
   17474       0.9379
   17475       0.8677
   17476       0.8745
   17477       0.8682
   17478       0.9031
   17479       0.9339
   17480       1.0080
   17481       0.9302
   17482       0.9051
   17483       0.8481
   17484       0.9510
   17485       0.9670
   17486       0.9467
   17487       0.9944
   17488       0.9527
   17489       0.8184
   17490       0.9178
   17491       0.9897
   17492       0.9114
   17493       0.9122
   17494       0.9772
   17495       0.9260
   17496       0.9744
   17497       0.9761
   17498       0.8250
   17499       0.8963
   17500       0.9791
   17501       0.9402
   17502       0.9755
   17503       0.8277
   17504       0.9449
   17505       0.8807
   17506       0.8580
   17507       0.8673
   17508       0.8277
   17509       0.8552
   17510       0.7883
   17511       0.7692
   17512       0.8278
   17513       0.7638
   17514       0.8547
   17515       0.8976
   17516       0.8429
   17517       0.7276
   17518       0.8615
   17519       0.8211
   17520       0.8776
   17521       0.9687
   17522       0.8543
   17523       0.8738
   17524       1.0020
   17525       0.9138
   17526       0.9299
   17527       0.8986
   17528       0.8115
   17529       0.8038
   17530       0.8715
   17531       0.8137
   17532       1.0003
   17533       0.8754
   17534       0.8372
   17535       0.8555
   17536       0.9388
   17537       0.8377
   17538       0.8431
   17539       0.8881
   17540       1.1334
   17541       0.9598
   17542       0.9527
   17543       0.9393
   17544       0.9221
   17545       0.9064
   17546       0.9312
   17547       0.8846
   17548       0.9284
   17549       0.8655
   17550       0.8781
   17551       1.0257
   17552       0.8990
   17553       0.8820
   17554       0.9511
   17555       0.8815
   17556       0.8681
   17557       0.8805
   17558       0.7689
   17559       0.9519
   17560       0.9898
   17561       0.9253
   17562       0.9861
   17563       0.8485
   17564       0.8928
   17565       0.9535
   17566       1.0026
   17567       0.8012
   17568       0.8530
   17569       0.8764
   17570       0.8226
   17571       0.9470
   17572       0.7666
   17573       0.8860
   17574       0.8653
   17575       0.8526
   17576       0.7827
   17577       0.8385
   17578       0.9728
   17579       0.8954
   17580       0.9034
   17581       0.9181
   17582       1.0027
   17583       0.7990
   17584       0.7949
   17585       0.8230
   17586       0.7209
   17587       0.8862
   17588       0.8840
   17589       0.8233
   17590       0.8802
   17591       0.8529
   17592       0.8260
   17593       0.9445
   17594       0.9338
   17595       1.0293
   17596       0.8737
   17597       0.7790
   17598       0.9574
   17599       0.9973
   17600       0.9684
   17601       0.8994
   17602       0.7600
   17603       0.8610
   17604       0.7758
   17605       0.7590
   17606       0.7315
   17607       0.8014
   17608       0.7020
   17609       0.7529
   17610       0.7667
   17611       0.7317
   17612       0.7269
   17613       0.8763
   17614       0.8232
   17615       0.8359
   17616       0.8234
   17617       0.8942
   17618       0.8713
   17619       0.9942
   17620       0.8938
   17621       0.8530
   17622       0.8226
   17623       0.8171
   17624       0.7731
   17625       0.8621
   17626       0.8565
   17627       0.7484
   17628       0.7605
   17629       0.8951
   17630       0.8563
   17631       0.8251
   17632       0.9224
   17633       0.8099
   17634       0.8040
   17635       0.8624
   17636       0.8380
   17637       0.8097
   17638       0.8096
   17639       0.8660
   17640       0.8053
   17641       0.7769
   17642       0.8742
   17643       0.8322
   17644       0.7672
   17645       0.7972
   17646       0.8828
   17647       0.8671
   17648       0.8509
   17649       0.8634
   17650       0.8200
   17651       0.8156
   17652       0.7799
   17653       0.7289
   17654       0.7194
   17655       0.7561
   17656       0.8599
   17657       0.7341
   17658       0.6720
   17659       0.8057
   17660       0.7963
   17661       0.7808
   17662       0.6911
   17663       0.7451
   17664       0.7160
   17665       0.7227
   17666       0.7253
   17667       0.7803
   17668       0.7893
   17669       0.9185
   17670       0.8432
   17671       0.8246
   17672       0.8276
   17673       0.8027
   17674       0.7535
   17675       0.7497
   17676       0.8790
   17677       0.7300
   17678       0.7194
   17679       0.7757
   17680       0.7179
   17681       0.7421
   17682       0.7204
   17683       0.7257
   17684       0.6890
   17685       0.7757
   17686       0.7770
   17687       0.7490
   17688       0.7253
   17689       0.7780
   17690       0.7608
   17691       0.7810
   17692       0.7258
   17693       0.8182
   17694       0.7282
   17695       0.8334
   17696       0.7343
   17697       0.7876
   17698       0.8027
   17699       0.7713
   17700       0.7121
   17701       0.7177
   17702       0.7257
   17703       0.7797
   17704       0.8177
   17705       0.8314
   17706       0.7631
   17707       0.7724
   17708       0.8944
   17709       0.8689
   17710       0.8118
   17711       0.7206
   17712       0.7660
   17713       0.8054
   17714       0.7924
   17715       0.7702
   17716       0.7792
   17717       0.7202
   17718       0.7161
   17719       0.7746
   17720       0.7570
   17721       0.9315
   17722       0.8129
   17723       0.6852
   17724       0.7394
   17725       0.7123
   17726       0.6789
   17727       0.7140
   17728       0.6731
   17729       0.6978
   17730       0.7574
   17731       0.7742
   17732       0.8243
   17733       0.7509
   17734       0.7315
   17735       0.7397
   17736       0.7252
   17737       0.7458
   17738       0.7687
   17739       0.7458
   17740       0.6766
   17741       0.8249
   17742       0.7450
   17743       0.8077
   17744       0.7995
   17745       0.7287
   17746       0.7313
   17747       0.7812
   17748       0.7867
   17749       0.8121
   17750       0.8300
   17751       0.6943
   17752       0.6601
   17753       0.6930
   17754       0.7285
   17755       0.7321
   17756       0.7632
   17757       0.8708
   17758       0.7723
   17759       0.8198
   17760       0.7212
   17761       0.7573
   17762       0.7128
   17763       0.7303
   17764       0.7087
   17765       0.7927
   17766       0.7146
   17767       0.7139
   17768       0.7184
   17769       0.8252
   17770       0.7629
   17771       0.7811
   17772       0.7212
   17773       0.8611
   17774       0.7719
   17775       0.7898
   17776       0.6515
   17777       0.7074
   17778       0.7460
   17779       0.7693
   17780       0.8316
   17781       0.9278
   17782       0.9144
   17783       0.7861
   17784       0.7275
   17785       0.8376
   17786       0.7051
   17787       0.7323
   17788       0.8762
   17789       0.8554
   17790       0.7950
   17791       0.8396
   17792       0.8395
   17793       0.7117
   17794       0.7913
   17795       0.9081
   17796       0.7554
   17797       0.8416
   17798       0.8094
   17799       0.8294
   17800       0.7958
   17801       0.7904
   17802       0.8328
   17803       0.7711
   17804       0.8782
   17805       0.8731
   17806       0.7653
   17807       0.7795
   17808       0.7206
   17809       0.6698
   17810       0.6586
   17811       0.7423
   17812       0.6614
   17813       0.6926
   17814       0.7628
   17815       0.6691
   17816       0.7421
   17817       0.7808
   17818       0.7030
   17819       0.7477
   17820       0.6950
   17821       0.7487
   17822       0.7728
   17823       0.8035
   17824       0.7046
   17825       0.7012
   17826       0.6930
   17827       0.7975
   17828       0.8612
   17829       0.8303
   17830       0.7396
   17831       0.7170
   17832       0.7532
   17833       0.8525
   17834       0.7213
   17835       0.7649
   17836       0.7487
   17837       0.8103
   17838       0.7620
   17839       0.7627
   17840       0.6771
   17841       0.9225
   17842       0.7774
   17843       0.7269
   17844       0.7634
   17845       0.7269
   17846       0.8094
   17847       0.7515
   17848       0.7722
   17849       0.7954
   17850       0.7898
   17851       0.7863
   17852       0.7778
   17853       0.6891
   17854       0.6832
   17855       0.6692
   17856       0.7099
   17857       0.7737
   17858       0.6906
   17859       0.7502
   17860       0.7254
   17861       0.7622
   17862       0.7128
   17863       0.7333
   17864       0.7724
   17865       0.8400
   17866       0.7945
   17867       0.8165
   17868       0.8049
   17869       0.8210
   17870       0.7538
   17871       0.7859
   17872       0.8296
   17873       0.7420
   17874       0.8175
   17875       0.8098
   17876       0.7512
   17877       0.7238
   17878       0.9403
   17879       0.9587
   17880       0.8146
   17881       0.7766
   17882       0.8408
   17883       0.7816
   17884       0.7593
   17885       0.8192
   17886       0.8650
   17887       0.9076
   17888       0.9316
   17889       0.7956
   17890       0.8434
   17891       0.9046
   17892       0.7786
   17893       0.8175
   17894       0.8846
   17895       0.8251
   17896       0.7722
   17897       0.8100
   17898       0.7362
   17899       0.8166
   17900       0.9193
   17901       0.7565
   17902       0.8005
   17903       0.7833
   17904       0.7625
   17905       0.7846
   17906       0.8226
   17907       0.7523
   17908       0.7782
   17909       0.8137
   17910       0.7043
   17911       0.7926
   17912       0.9066
   17913       0.9044
   17914       0.9267
   17915       0.9265
   17916       0.9822
   17917       0.9298
   17918       0.8480
   17919       0.9153
   17920       0.8076
   17921       0.8048
   17922       0.8941
   17923       0.8608
   17924       0.8648
   17925       0.7789
   17926       0.7987
   17927       0.7905
   17928       0.8179
   17929       0.7763
   17930       0.8124
   17931       0.8171
   17932       0.8228
   17933       0.8602
   17934       0.8444
   17935       0.8430
   17936       0.8019
   17937       0.8189
   17938       0.8333
   17939       0.8505
   17940       0.7638
   17941       0.7244
   17942       0.8422
   17943       0.8027
   17944       0.7330
   17945       0.7823
   17946       0.7110
   17947       0.7803
   17948       0.7397
   17949       0.8145
   17950       0.8339
   17951       0.8006
   17952       0.8578
   17953       0.7890
   17954       0.7980
   17955       0.8940
   17956       0.8979
   17957       0.8800
   17958       0.8344
   17959       0.8800
   17960       0.8661
   17961       0.9688
   17962       0.8600
   17963       0.8821
   17964       0.8460
   17965       0.8341
   17966       0.8241
   17967       0.8587
   17968       0.8660
   17969       0.8960
   17970       0.8790
   17971       0.8125
   17972       0.7933
   17973       0.8740
   17974       0.7711
   17975       0.7417
   17976       0.8077
   17977       0.7005
   17978       0.8600
   17979       0.8446
   17980       0.8287
   17981       0.8125
   17982       0.8587
   17983       0.8580
   17984       0.9105
   17985       0.8242
   17986       0.8803
   17987       0.8566
   17988       0.8609
   17989       0.7801
   17990       0.8084
   17991       0.8247
   17992       0.8864
   17993       0.7882
   17994       0.8588
   17995       0.7767
   17996       0.7848
   17997       0.6842
   17998       0.7522
   17999       0.7840
   18000       0.8865
   18001       0.9527
   18002       0.8622
   18003       0.9465
   18004       0.8970
   18005       0.8639
   18006       0.8572
   18007       0.7620
   18008       0.8991
   18009       0.8665
   18010       0.8523
   18011       0.8317
   18012       0.8981
   18013       0.9321
   18014       0.8507
   18015       0.8096
   18016       0.8276
   18017       0.7871
   18018       0.9030
   18019       0.8689
   18020       0.9132
   18021       0.9446
   18022       0.8562
   18023       0.9432
   18024       0.7208
   18025       0.8886
   18026       0.7922
   18027       0.7942
   18028       0.7564
   18029       0.8010
   18030       0.7460
   18031       0.7907
   18032       0.7397
   18033       0.7728
   18034       0.8569
   18035       0.7910
   18036       0.7658
   18037       0.8142
   18038       0.8731
   18039       0.8260
   18040       0.8074
   18041       0.8089
   18042       0.7197
   18043       0.8376
   18044       0.7668
   18045       0.7194
   18046       0.8141
   18047       0.7882
   18048       0.8277
   18049       0.7761
   18050       0.8263
   18051       0.8645
   18052       0.7952
   18053       0.9875
   18054       0.7843
   18055       0.8080
   18056       0.6734
   18057       0.7730
   18058       0.8405
   18059       0.7432
   18060       0.8754
   18061       0.7924
   18062       0.7085
   18063       0.7507
   18064       0.6616
   18065       0.6656
   18066       0.7608
   18067       0.8329
   18068       0.7977
   18069       0.9004
   18070       0.8489
   18071       0.8352
   18072       0.8467
   18073       0.8061
   18074       0.8063
   18075       0.7855
   18076       0.8278
   18077       0.8276
   18078       0.7806
   18079       0.6785
   18080       0.9190
   18081       0.8437
   18082       0.7794
   18083       0.8517
   18084       0.8620
   18085       0.8986
   18086       0.9277
   18087       0.9722
   18088       0.9942
   18089       0.9154
   18090       0.8956
   18091       0.9814
   18092       1.0717
   18093       0.9203
   18094       0.8832
   18095       0.9495
   18096       0.8229
   18097       0.8253
   18098       0.8780
   18099       0.8245
   18100       0.8588
   18101       0.7754
   18102       0.7660
   18103       0.6519
   18104       0.7313
   18105       0.7086
   18106       0.7621
   18107       0.7590
   18108       0.7370
   18109       0.6906
   18110       0.7451
   18111       0.9720
   18112       0.8237
   18113       0.7950
   18114       0.7966
   18115       0.8653
   18116       0.8277
   18117       0.7533
   18118       0.8410
   18119       0.9880
   18120       0.8528
   18121       0.8590
   18122       0.7672
   18123       0.7618
   18124       0.7441
   18125       0.8024
   18126       0.8493
   18127       0.6587
   18128       0.7969
   18129       0.7798
   18130       0.9001
   18131       0.7870
   18132       0.8242
   18133       0.9085
   18134       0.8058
   18135       0.7753
   18136       0.7738
   18137       0.8063
   18138       0.7233
   18139       0.8018
   18140       0.8443
   18141       0.7988
   18142       0.8240
   18143       0.8917
   18144       0.8034
   18145       0.7474
   18146       0.8835
   18147       0.8348
   18148       0.8362
   18149       0.8952
   18150       0.8101
   18151       0.8018
   18152       0.8763
   18153       0.8653
   18154       0.7639
   18155       0.8157
   18156       0.8166
   18157       0.8538
   18158       0.8986
   18159       0.8531
   18160       0.9438
   18161       0.7960
   18162       0.7748
   18163       0.8170
   18164       0.7593
   18165       0.7854
   18166       0.7730
   18167       0.7933
   18168       0.8401
   18169       0.8123
   18170       0.8461
   18171       0.7604
   18172       0.8201
   18173       0.8012
   18174       0.8923
   18175       0.7844
   18176       0.9070
   18177       1.0153
   18178       0.9503
   18179       0.8628
   18180       0.9380
   18181       0.8538
   18182       0.8733
   18183       1.0535
   18184       1.1023
   18185       0.9908
   18186       0.9023
   18187       0.7057
   18188       0.6936
   18189       0.7153
   18190       0.6749
   18191       0.8135
   18192       0.8244
   18193       0.7817
   18194       0.8400
   18195       0.6664
   18196       0.6602
   18197       0.7142
   18198       0.7125
   18199       0.6251
   18200       0.6879
   18201       0.6584
   18202       0.8315
   18203       0.8344
   18204       0.8019
   18205       0.6987
   18206       0.8600
   18207       0.7435
   18208       0.7600
   18209       0.7355
   18210       0.7231
   18211       0.6651
   18212       0.6520
   18213       0.6373
   18214       0.6847
   18215       0.6761
   18216       0.6732
   18217       0.7063
   18218       0.7044
   18219       0.6711
   18220       0.7006
   18221       0.6673
   18222       0.6896
   18223       0.7757
   18224       0.7000
   18225       0.7544
   18226       0.7772
   18227       0.9196
   18228       0.7855
   18229       0.8924
   18230       0.8006
   18231       0.7719
   18232       0.7067
   18233       0.7396
   18234       0.8598
   18235       0.7457
   18236       0.7157
   18237       0.8131
   18238       0.6987
   18239       0.6548
   18240       0.7259
   18241       0.7156
   18242       0.7060
   18243       0.6768
   18244       0.7678
   18245       0.8021
   18246       0.6912
   18247       0.7304
   18248       0.7062
   18249       0.7708
   18250       0.7992
   18251       0.7675
   18252       0.8275
   18253       0.8565
   18254       0.7093
   18255       0.7832
   18256       0.7482
   18257       0.8911
   18258       0.8340
   18259       0.9197
   18260       0.9344
   18261       0.7856
   18262       0.7248
   18263       0.9015
   18264       0.7970
   18265       1.0654
   18266       0.8886
   18267       0.6926
   18268       0.7378
   18269       0.8021
   18270       0.8700
   18271       0.8700
   18272       0.7605
   18273       0.7115
   18274       0.7532
   18275       0.7774
   18276       0.6872
   18277       0.7306
   18278       0.7819
   18279       0.8061
   18280       0.7791
   18281       0.8951
   18282       0.8027
   18283       0.7520
   18284       0.7677
   18285       0.7870
   18286       0.7613
   18287       0.7849
   18288       0.6971
   18289       0.7429
   18290       0.7585
   18291       0.7624
   18292       0.7199
   18293       0.7516
   18294       0.7704
   18295       0.8215
   18296       0.8223
   18297       0.8194
   18298       0.7969
   18299       0.7288
   18300       0.7852
   18301       0.6969
   18302       0.6863
   18303       0.6657
   18304       0.7281
   18305       0.6916
   18306       0.6805
   18307       0.6699
   18308       0.7331
   18309       0.7092
   18310       0.6812
   18311       0.6761
   18312       0.6717
   18313       0.8307
   18314       0.8710
   18315       0.7376
   18316       0.6718
   18317       0.6605
   18318       0.6743
   18319       0.6916
   18320       0.6628
   18321       0.7149
   18322       0.7636
   18323       0.6878
   18324       0.8456
   18325       0.7481
   18326       0.7812
   18327       0.7862
   18328       0.6303
   18329       0.7251
   18330       0.7232
   18331       0.7805
   18332       0.8019
   18333       0.7917
   18334       0.6668
   18335       0.8374
   18336       0.8384
   18337       0.8108
   18338       0.8715
   18339       0.8174
   18340       0.8742
   18341       0.7670
   18342       0.8801
   18343       0.7782
   18344       0.7264
   18345       0.9016
   18346       0.7714
   18347       0.7064
   18348       0.7832
   18349       0.8409
   18350       0.7509
   18351       0.7667
   18352       0.7775
   18353       0.7113
   18354       0.7127
   18355       0.8188
   18356       0.8225
   18357       0.7577
   18358       0.7425
   18359       0.8814
   18360       0.7779
   18361       0.8320
   18362       0.8780
   18363       0.8204
   18364       0.8787
   18365       0.8510
   18366       0.7478
   18367       0.7035
   18368       0.8132
   18369       0.7495
   18370       0.7339
   18371       0.8641
   18372       0.7402
   18373       0.7539
   18374       0.7113
   18375       0.6802
   18376       0.6640
   18377       0.7345
   18378       0.8264
   18379       0.7239
   18380       0.7769
   18381       0.6989
   18382       0.8807
   18383       0.7392
   18384       0.7374
   18385       0.8533
   18386       0.7940
   18387       0.7304
   18388       0.7697
   18389       0.7222
   18390       0.7211
   18391       0.6868
   18392       0.7885
   18393       0.7357
   18394       0.8029
   18395       0.7131
   18396       0.7479
   18397       0.7866
   18398       0.7210
   18399       0.7602
   18400       0.7450
   18401       0.8150
   18402       0.7971
   18403       0.8091
   18404       0.6716
   18405       0.7297
   18406       0.7036
   18407       0.7491
   18408       0.7190
   18409       0.8420
   18410       0.7345
   18411       0.6951
   18412       0.7606
   18413       0.6749
   18414       0.7087
   18415       0.7260
   18416       0.7111
   18417       0.7300
   18418       0.7652
   18419       0.8658
   18420       0.6890
   18421       0.7030
   18422       0.6961
   18423       0.7219
   18424       0.7032
   18425       0.8305
   18426       0.7784
   18427       0.8417
   18428       0.8255
   18429       0.8361
   18430       0.8562
   18431       0.6565
   18432       0.7631
   18433       0.7121
   18434       0.6839
   18435       0.8141
   18436       0.7140
   18437       0.7488
   18438       0.6986
   18439       0.7483
   18440       0.8691
   18441       0.8262
   18442       0.8693
   18443       0.7042
   18444       0.6759
   18445       0.7408
   18446       0.6858
   18447       0.7364
   18448       0.7393
   18449       0.8051
   18450       0.7250
   18451       0.9054
   18452       0.6961
   18453       0.7742
   18454       0.7069
   18455       0.6936
   18456       0.7495
   18457       0.7451
   18458       0.9213
   18459       0.8198
   18460       0.8876
   18461       0.7856
   18462       0.7259
   18463       0.7551
   18464       0.8350
   18465       0.8130
   18466       1.0286
   18467       0.8326
   18468       1.0489
   18469       1.0050
   18470       0.8851
   18471       0.9902
   18472       1.0527
   18473       1.0224
   18474       0.8501
   18475       1.0334
   18476       1.0652
   18477       1.0767
   18478       1.1116
   18479       1.0258
   18480       1.0768
   18481       1.1032
   18482       0.9959
   18483       1.0182
   18484       1.0976
   18485       0.9978
   18486       0.9302
   18487       0.9253
   18488       1.0031
   18489       0.9724
   18490       0.8219
   18491       0.8740
   18492       0.8067
   18493       0.8307
   18494       0.7882
   18495       0.8531
   18496       0.8599
   18497       0.7823
   18498       0.7663
   18499       0.9293
   18500       0.8907
   18501       0.8525
   18502       0.8731
   18503       0.8283
   18504       0.8652
   18505       0.9198
   18506       1.1232
   18507       1.0624
   18508       0.8690
   18509       0.9088
   18510       0.9142
   18511       0.9002
   18512       0.9327
   18513       0.9475
   18514       0.8487
   18515       0.7712
   18516       0.8290
   18517       0.9475
   18518       0.9622
   18519       0.8088
   18520       0.9186
   18521       0.9046
   18522       0.7823
   18523       0.7632
   18524       0.8253
   18525       0.7470
   18526       0.8352
   18527       0.7746
   18528       0.7985
   18529       0.8407
   18530       0.6864
   18531       0.7915
   18532       0.7716
   18533       0.7109
   18534       0.7939
   18535       0.8168
   18536       0.8650
   18537       0.7781
   18538       0.7199
   18539       0.7688
   18540       0.6562
   18541       0.7302
   18542       0.6450
   18543       0.7045
   18544       0.7029
   18545       0.7252
   18546       0.6821
   18547       0.7102
   18548       0.7377
   18549       0.6728
   18550       0.6266
   18551       0.6347
   18552       0.7141
   18553       0.7010
   18554       0.7001
   18555       0.7455
   18556       0.7051
   18557       0.7165
   18558       0.7329
   18559       0.7591
   18560       0.7073
   18561       0.7692
   18562       0.6862
   18563       0.6923
   18564       0.7136
   18565       0.6566
   18566       0.7715
   18567       0.5964
   18568       0.6791
   18569       0.6630
   18570       0.6186
   18571       0.6958
   18572       0.7742
   18573       0.7527
   18574       0.6809
   18575       0.6732
   18576       0.6780
   18577       0.7095
   18578       0.7061
   18579       0.7564
   18580       0.7463
   18581       0.6784
   18582       0.7013
   18583       0.8090
   18584       0.7750
   18585       0.8635
   18586       0.8514
   18587       0.8621
   18588       0.8373
   18589       0.8197
   18590       0.7277
   18591       0.7843
   18592       0.8676
   18593       0.8219
   18594       0.7544
   18595       0.8253
   18596       0.7122
   18597       0.7842
   18598       0.7081
   18599       0.6820
   18600       0.6776
   18601       0.6468
   18602       0.7527
   18603       0.7345
   18604       0.8190
   18605       0.8291
   18606       0.7907
   18607       0.7291
   18608       0.6831
   18609       0.6993
   18610       0.6402
   18611       0.6866
   18612       0.6343
   18613       0.7226
   18614       0.7959
   18615       0.7823
   18616       0.7645
   18617       0.7118
   18618       0.6898
   18619       0.7255
   18620       0.7671
   18621       0.7542
   18622       0.7637
   18623       0.8127
   18624       0.8140
   18625       0.7949
   18626       0.7985
   18627       0.7679
   18628       0.7410
   18629       0.6792
   18630       0.7519
   18631       0.7636
   18632       0.6799
   18633       0.7642
   18634       0.6689
   18635       0.7169
   18636       0.6763
   18637       0.7507
   18638       0.6713
   18639       0.7145
   18640       0.7181
   18641       0.6360
   18642       0.6146
   18643       0.6306
   18644       0.7389
   18645       0.7404
   18646       0.7340
   18647       0.6308
   18648       0.6967
   18649       0.7303
   18650       0.7373
   18651       0.7318
   18652       0.6758
   18653       0.7052
   18654       0.8439
   18655       0.7812
   18656       0.6870
   18657       0.6305
   18658       0.6561
   18659       0.6698
   18660       0.6752
   18661       0.7438
   18662       0.7677
   18663       0.6515
   18664       0.6384
   18665       0.6742
   18666       0.6570
   18667       0.6763
   18668       0.6569
   18669       0.6570
   18670       0.6844
   18671       0.5869
   18672       0.6894
   18673       0.6411
   18674       0.6401
   18675       0.6722
   18676       0.7289
   18677       0.6957
   18678       0.6462
   18679       0.6605
   18680       0.6272
   18681       0.6989
   18682       0.6892
   18683       0.6725
   18684       0.6834
   18685       0.6612
   18686       0.6699
   18687       0.8186
   18688       0.7191
   18689       0.8158
   18690       0.7200
   18691       0.6613
   18692       0.6017
   18693       0.6480
   18694       0.6893
   18695       0.7081
   18696       0.7141
   18697       0.7289
   18698       0.8236
   18699       0.7023
   18700       0.7056
   18701       0.7621
   18702       0.7051
   18703       0.7097
   18704       0.6598
   18705       0.6524
   18706       0.7021
   18707       0.6902
   18708       0.7041
   18709       0.7652
   18710       0.6644
   18711       0.6659
   18712       0.6744
   18713       0.6867
   18714       0.7351
   18715       0.6693
   18716       0.7174
   18717       0.7223
   18718       0.8857
   18719       0.7715
   18720       0.7360
   18721       0.6750
   18722       0.7605
   18723       0.7215
   18724       0.7489
   18725       0.7226
   18726       0.7852
   18727       0.7119
   18728       0.8501
   18729       0.7822
   18730       0.9072
   18731       0.8969
   18732       0.8799
   18733       0.8630
   18734       0.7725
   18735       0.8839
   18736       0.9072
   18737       0.8947
   18738       0.7946
   18739       0.7298
   18740       0.7431
   18741       0.7603
   18742       0.7290
   18743       0.6486
   18744       0.5919
   18745       0.6344
   18746       0.6425
   18747       0.6781
   18748       0.6003
   18749       0.6215
   18750       0.7049
   18751       0.6954
   18752       0.8178
   18753       0.6592
   18754       0.6173
   18755       0.6897
   18756       0.6294
   18757       0.7183
   18758       0.6296
   18759       0.6641
   18760       0.7072
   18761       0.6598
   18762       0.6025
   18763       0.7389
   18764       0.7530
   18765       0.7125
   18766       0.6494
   18767       0.6327
   18768       0.6876
   18769       0.7033
   18770       0.7074
   18771       0.7995
   18772       0.6851
   18773       0.6433
   18774       0.7436
   18775       0.7653
   18776       0.7828
   18777       0.7040
   18778       0.7001
   18779       0.6895
   18780       0.7335
   18781       0.6677
   18782       0.7759
   18783       0.8232
   18784       0.8015
   18785       0.6538
   18786       0.7067
   18787       0.6274
   18788       0.6298
   18789       0.6687
   18790       0.7128
   18791       0.6106
   18792       0.6543
   18793       0.6702
   18794       0.6677
   18795       0.6240
   18796       0.7443
   18797       0.7970
   18798       0.7710
   18799       0.8677
   18800       0.9437
   18801       0.7072
   18802       0.6695
   18803       0.6875
   18804       0.6322
   18805       0.7083
   18806       0.6528
   18807       0.7567
   18808       0.7671
   18809       0.6508
   18810       0.7952
   18811       0.7089
   18812       0.6889
   18813       0.6658
   18814       0.6054
   18815       0.6907
   18816       0.6819
   18817       0.7087
   18818       0.8272
   18819       0.7194
   18820       0.6832
   18821       0.7860
   18822       0.8604
   18823       0.7694
   18824       0.8354
   18825       0.7212
   18826       0.7459
   18827       0.7004
   18828       0.7254
   18829       0.7559
   18830       0.8109
   18831       0.9304
   18832       0.9119
   18833       0.8337
   18834       0.7991
   18835       0.7667
   18836       0.7935
   18837       0.7384
   18838       0.6890
   18839       0.7283
   18840       0.6657
   18841       0.6836
   18842       0.6740
   18843       0.7175
   18844       0.7199
   18845       0.7757
   18846       0.7092
   18847       0.6742
   18848       0.7040
   18849       0.6835
   18850       0.6641
   18851       0.6954
   18852       0.7282
   18853       0.7721
   18854       0.6351
   18855       0.6754
   18856       0.6654
   18857       0.6699
   18858       0.5999
   18859       0.7270
   18860       0.6723
   18861       0.7008
   18862       0.7571
   18863       0.7155
   18864       0.8721
   18865       0.7413
   18866       0.6943
   18867       0.7492
   18868       0.5503
   18869       0.7380
   18870       0.7259
   18871       0.7494
   18872       0.8993
   18873       0.8150
   18874       0.6430
   18875       0.6293
   18876       0.6864
   18877       0.7288
   18878       0.7406
   18879       0.8227
   18880       0.8392
   18881       0.7399
   18882       0.6789
   18883       0.8012
   18884       0.7345
   18885       0.8637
   18886       0.7835
   18887       0.7831
   18888       0.8386
   18889       0.7463
   18890       0.8563
   18891       0.8644
   18892       0.7686
   18893       0.8317
   18894       0.9412
   18895       0.8983
   18896       1.0088
   18897       0.9727
   18898       0.9795
   18899       0.9396
   18900       0.9329
   18901       0.8393
   18902       0.9766
   18903       1.0100
   18904       0.7775
   18905       0.7788
   18906       0.6783
   18907       0.8142
   18908       0.8777
   18909       0.9164
   18910       0.7885
   18911       0.8925
   18912       0.9209
   18913       0.7528
   18914       0.7858
   18915       0.7328
   18916       0.7765
   18917       0.7381
   18918       0.7235
   18919       0.6988
   18920       0.7094
   18921       0.7489
   18922       0.7464
   18923       0.6168
   18924       0.6809
   18925       0.7093
   18926       0.7528
   18927       0.7052
   18928       0.6967
   18929       0.6625
   18930       0.6939
   18931       0.7531
   18932       0.7160
   18933       0.6093
   18934       0.7087
   18935       0.7200
   18936       0.7564
   18937       0.7212
   18938       0.8051
   18939       0.7325
   18940       0.7905
   18941       0.7685
   18942       0.8089
   18943       0.7956
   18944       0.8342
   18945       0.7808
   18946       0.8951
   18947       0.9207
   18948       0.9664
   18949       0.8556
   18950       0.8610
   18951       0.9444
   18952       0.9193
   18953       0.8885
   18954       0.7799
   18955       0.8081
   18956       0.8225
   18957       0.7700
   18958       0.8713
   18959       0.8725
   18960       0.8933
   18961       0.7577
   18962       0.7598
   18963       0.7845
   18964       0.6156
   18965       0.6632
   18966       0.5940
   18967       0.6242
   18968       0.8138
   18969       0.7994
   18970       0.7769
   18971       0.7135
   18972       0.8272
   18973       0.8874
   18974       0.7517
   18975       0.6998
   18976       0.8076
   18977       0.8039
   18978       0.7606
   18979       0.7718
   18980       0.7709
   18981       0.7813
   18982       0.7894
   18983       0.7182
   18984       0.7580
   18985       0.7921
   18986       0.8299
   18987       0.7986
   18988       0.7431
   18989       0.8426
   18990       0.7534
   18991       0.8076
   18992       0.8399
   18993       0.8231
   18994       0.6965
   18995       0.7126
   18996       0.7900
   18997       0.8350
   18998       0.7447
   18999       0.8412
   19000       0.8630
   19001       0.8235
   19002       0.7869
   19003       0.8335
   19004       0.7936
   19005       0.8024
   19006       0.8423
   19007       0.8673
   19008       0.7608
   19009       0.7601
   19010       0.7252
   19011       0.7099
   19012       0.7622
   19013       0.7943
   19014       0.8378
   19015       0.8427
   19016       0.8457
   19017       0.9224
   19018       0.8667
   19019       0.7235
   19020       0.9510
   19021       0.7501
   19022       0.7216
   19023       0.7325
   19024       0.6907
   19025       0.8137
   19026       0.7352
   19027       0.5996
   19028       0.7007
   19029       0.7581
   19030       0.7631
   19031       0.8338
   19032       0.8292
   19033       0.7658
   19034       0.7724
   19035       0.8497
   19036       0.7708
   19037       0.7424
   19038       0.8965
   19039       0.7750
   19040       0.8343
   19041       0.7840
   19042       0.6474
   19043       0.8006
   19044       0.7738
   19045       0.7232
   19046       0.7839
   19047       0.7337
   19048       0.7582
   19049       0.8215
   19050       0.7297
   19051       0.7341
   19052       0.7790
   19053       0.8096
   19054       0.7788
   19055       0.7222
   19056       0.7660
   19057       0.8454
   19058       0.7689
   19059       0.7628
   19060       0.7342
   19061       0.8040
   19062       0.7885
   19063       0.7902
   19064       0.6891
   19065       0.6985
   19066       0.8231
   19067       0.7072
   19068       0.6545
   19069       0.7397
   19070       0.6710
   19071       0.6402
   19072       0.7234
   19073       0.6540
   19074       0.6422
   19075       0.6816
   19076       0.6482
   19077       0.6934
   19078       0.7195
   19079       0.7735
   19080       0.7534
   19081       0.7871
   19082       0.7382
   19083       0.7298
   19084       0.7994
   19085       0.8063
   19086       0.8906
   19087       0.7761
   19088       0.8427
   19089       0.9350
   19090       0.7299
   19091       0.8184
   19092       0.7916
   19093       0.7814
   19094       0.7459
   19095       0.6891
   19096       0.7754
   19097       0.8401
   19098       0.8689
   19099       0.8058
   19100       0.7698
   19101       0.8007
   19102       0.7638
   19103       0.8037
   19104       0.7359
   19105       0.7527
   19106       0.7109
   19107       0.8232
   19108       0.7316
   19109       0.7737
   19110       0.7388
   19111       0.8127
   19112       0.7381
   19113       0.8233
   19114       0.7633
   19115       0.6825
   19116       0.7276
   19117       0.6678
   19118       0.6475
   19119       0.6325
   19120       0.5839
   19121       0.6144
   19122       0.7138
   19123       0.7530
   19124       0.8793
   19125       0.6885
   19126       0.6708
   19127       0.7177
   19128       0.7234
   19129       0.7832
   19130       0.8268
   19131       0.7920
   19132       0.6602
   19133       0.7137
   19134       0.7842
   19135       0.6839
   19136       0.7214
   19137       0.6932
   19138       0.7492
   19139       0.8658
   19140       0.6878
   19141       0.7055
   19142       0.6877
   19143       0.7829
   19144       0.7927
   19145       0.7942
   19146       0.8506
   19147       0.8662
   19148       0.8018
   19149       0.7281
   19150       0.8793
   19151       0.9249
   19152       0.9160
   19153       0.8596
   19154       0.6935
   19155       0.8168
   19156       0.7801
   19157       0.7209
   19158       0.7196
   19159       0.7255
   19160       0.7244
   19161       0.8723
   19162       0.8030
   19163       0.8740
   19164       0.7026
   19165       0.8383
   19166       0.7890
   19167       0.9077
   19168       0.9190
   19169       0.8620
   19170       0.8950
   19171       0.7871
   19172       0.7771
   19173       0.7992
   19174       0.6835
   19175       0.7210
   19176       0.7638
   19177       0.7451
   19178       0.6982
   19179       0.7316
   19180       0.6803
   19181       0.7018
   19182       0.6620
   19183       0.7145
   19184       0.6694
   19185       0.6879
   19186       0.7662
   19187       0.8162
   19188       0.6817
   19189       0.7520
   19190       0.7186
   19191       0.7028
   19192       0.7455
   19193       0.6879
   19194       0.7178
   19195       0.8325
   19196       1.0534
   19197       0.6819
   19198       0.7432
   19199       0.7464
   19200       0.7741
   19201       0.8045
   19202       0.7487
   19203       0.8002
   19204       0.7463
   19205       0.6737
   19206       0.5822
   19207       0.5953
   19208       0.6608
   19209       0.6903
   19210       0.7583
   19211       0.7956
   19212       0.7265
   19213       0.6751
   19214       0.7481
   19215       0.7904
   19216       0.6768
   19217       0.6091
   19218       0.6082
   19219       0.6849
   19220       0.7413
   19221       0.7152
   19222       0.7145
   19223       0.7793
   19224       0.6651
   19225       0.7352
   19226       0.6403
   19227       0.6562
   19228       0.6601
   19229       0.6084
   19230       0.6393
   19231       0.7270
   19232       0.6513
   19233       0.7128
   19234       0.6773
   19235       0.7161
   19236       0.7148
   19237       0.6908
   19238       0.6530
   19239       0.7128
   19240       0.7677
   19241       0.7662
   19242       0.6870
   19243       0.6933
   19244       0.6859
   19245       0.8553
   19246       0.8281
   19247       0.8462
   19248       0.7778
   19249       0.7890
   19250       0.7007
   19251       0.7970
   19252       0.8323
   19253       0.8137
   19254       0.8244
   19255       0.7485
   19256       0.7144
   19257       0.7325
   19258       0.8563
   19259       0.7459
   19260       0.7713
   19261       0.7122
   19262       0.6938
   19263       0.6986
   19264       0.6639
   19265       0.7081
   19266       0.6932
   19267       0.7195
   19268       0.6453
   19269       0.6723
   19270       0.7191
   19271       0.8217
   19272       0.8097
   19273       0.7365
   19274       0.7636
   19275       0.6770
   19276       0.6693
   19277       0.6894
   19278       0.7542
   19279       0.7114
   19280       0.7414
   19281       0.6907
   19282       0.6807
   19283       0.6739
   19284       0.6872
   19285       0.6436
   19286       0.6812
   19287       0.7297
   19288       0.6725
   19289       0.6398
   19290       0.6424
   19291       0.6662
   19292       0.7470
   19293       0.7168
   19294       0.7029
   19295       0.6885
   19296       0.7952
   19297       0.6791
   19298       0.7493
   19299       0.8135
   19300       0.7134
   19301       0.7930
   19302       0.7559
   19303       0.7092
   19304       0.7880
   19305       0.7265
   19306       0.7252
   19307       0.6904
   19308       0.8196
   19309       0.8851
   19310       0.6952
   19311       0.7103
   19312       0.6532
   19313       0.7420
   19314       0.7220
   19315       0.6618
   19316       0.6797
   19317       0.6840
   19318       0.7853
   19319       0.7786
   19320       0.6465
   19321       0.6373
   19322       0.6550
   19323       0.6733
   19324       0.6812
   19325       0.6561
   19326       0.6759
   19327       0.6618
   19328       0.6361
   19329       0.6541
   19330       0.6290
   19331       0.7578
   19332       0.6437
   19333       0.7066
   19334       0.6557
   19335       0.6406
   19336       0.6762
   19337       0.7680
   19338       0.7055
   19339       0.7935
   19340       0.7363
   19341       0.7978
   19342       0.8462
   19343       0.7229
   19344       0.7011
   19345       0.6143
   19346       0.5900
   19347       0.6438
   19348       0.7174
   19349       0.6757
   19350       0.7413
   19351       0.6786
   19352       0.6941
   19353       0.7466
   19354       0.6514
   19355       0.7055
   19356       0.7323
   19357       0.6744
   19358       0.7194
   19359       0.6735
   19360       0.6374
   19361       0.6494
   19362       0.7928
   19363       0.7973
   19364       0.8281
   19365       0.6820
   19366       0.6622
   19367       0.6810
   19368       0.7069
   19369       0.7204
   19370       0.7205
   19371       0.7280
   19372       0.6797
   19373       0.7799
   19374       0.7422
   19375       0.7875
   19376       0.8099
   19377       0.8069
   19378       0.7146
   19379       0.6466
   19380       0.7233
   19381       0.7216
   19382       0.6874
   19383       0.6796
   19384       0.6851
   19385       0.7104
   19386       0.6724
   19387       0.6245
   19388       0.6642
   19389       0.6563
   19390       0.6952
   19391       0.6742
   19392       0.6229
   19393       0.6589
   19394       0.6934
   19395       0.6865
   19396       0.6652
   19397       0.6512
   19398       0.6468
   19399       0.6686
   19400       0.6703
   19401       0.7666
   19402       0.7355
   19403       0.7577
   19404       0.8454
   19405       0.7219
   19406       0.6319
   19407       0.7099
   19408       0.7126
   19409       0.6641
   19410       0.6346
   19411       0.6034
   19412       0.6821
   19413       0.6907
   19414       0.6631
   19415       0.6524
   19416       0.7460
   19417       0.7241
   19418       0.6854
   19419       0.6648
   19420       0.6242
   19421       0.6948
   19422       0.6205
   19423       0.7765
   19424       0.6256
   19425       0.6544
   19426       0.6531
   19427       0.7323
   19428       0.6221
   19429       0.6125
   19430       0.6814
   19431       0.7044
   19432       0.6784
   19433       0.6737
   19434       0.6539
   19435       0.6579
   19436       0.6943
   19437       0.7058
   19438       0.7069
   19439       0.6587
   19440       0.6873
   19441       0.7177
   19442       0.6359
   19443       0.6756
   19444       0.6114
   19445       0.7243
   19446       0.7836
   19447       0.7143
   19448       0.6912
   19449       0.7006
   19450       0.6945
   19451       0.6947
   19452       0.7254
   19453       0.6747
   19454       0.6623
   19455       0.6947
   19456       0.6498
   19457       0.7541
   19458       0.7363
   19459       0.7371
   19460       0.7228
   19461       0.6463
   19462       0.7733
   19463       0.7222
   19464       0.7647
   19465       0.7409
   19466       0.7689
   19467       0.7482
   19468       0.7063
   19469       0.7312
   19470       0.7872
   19471       0.6913
   19472       0.7930
   19473       0.6642
   19474       0.6399
   19475       0.7624
   19476       0.6909
   19477       0.6843
   19478       0.7242
   19479       0.6701
   19480       0.7404
   19481       0.7245
   19482       0.6381
   19483       0.8159
   19484       0.7750
   19485       0.7245
   19486       0.7066
   19487       0.6919
   19488       0.7615
   19489       0.7468
   19490       0.6680
   19491       0.7140
   19492       0.6764
   19493       0.7175
   19494       0.6867
   19495       0.6917
   19496       0.6817
   19497       0.7463
   19498       0.7737
   19499       0.7096
   19500       0.7131
   19501       0.7475
   19502       0.7721
   19503       0.8001
   19504       0.8256
   19505       0.7802
   19506       0.8432
   19507       0.8475
   19508       0.8645
   19509       0.7514
   19510       0.7950
   19511       0.7849
   19512       0.7721
   19513       0.7737
   19514       0.7200
   19515       0.7906
   19516       0.8176
   19517       0.8520
   19518       0.8783
   19519       0.8956
   19520       0.8318
   19521       0.8593
   19522       0.8254
   19523       0.8759
   19524       0.7946
   19525       0.8644
   19526       0.7594
   19527       0.8717
   19528       0.7778
   19529       0.8130
   19530       0.8450
   19531       0.7937
   19532       0.8315
   19533       0.7715
   19534       0.7381
   19535       0.7454
   19536       0.7338
   19537       0.7580
   19538       0.8494
   19539       0.8137
   19540       0.7713
   19541       0.7770
   19542       0.7479
   19543       0.8057
   19544       0.8023
   19545       0.7669
   19546       0.7568
   19547       0.7833
   19548       0.7490
   19549       0.7779
   19550       0.8288
   19551       0.8352
   19552       0.7074
   19553       0.7127
   19554       0.8087
   19555       0.7773
   19556       0.7947
   19557       0.8171
   19558       0.8030
   19559       0.8371
   19560       0.8662
   19561       0.8947
   19562       0.8599
   19563       0.9367
   19564       0.9184
   19565       0.8077
   19566       0.8372
   19567       0.8664
   19568       0.8730
   19569       0.8727
   19570       0.9078
   19571       0.9673
   19572       0.8295
   19573       0.8565
   19574       0.9774
   19575       0.8660
   19576       0.8011
   19577       0.7820
   19578       0.7514
   19579       0.7338
   19580       0.8213
   19581       0.8358
   19582       0.9478
   19583       0.9302
   19584       0.8954
   19585       0.7557
   19586       0.7710
   19587       0.8137
   19588       0.8516
   19589       0.8901
   19590       0.7681
   19591       0.8253
   19592       0.7775
   19593       0.6888
   19594       0.7398
   19595       0.7399
   19596       0.7605
   19597       0.8649
   19598       0.7332
   19599       0.7700
   19600       0.7391
   19601       0.7302
   19602       0.8824
   19603       0.7930
   19604       0.9211
   19605       0.9070
   19606       0.8126
   19607       0.8955
   19608       0.8844
   19609       0.9621
   19610       0.9596
   19611       0.9055
   19612       0.9625
   19613       1.0797
   19614       1.0066
   19615       1.0032
   19616       0.8883
   19617       0.8295
   19618       0.9055
   19619       0.8055
   19620       0.9826
   19621       0.9666
   19622       0.9084
   19623       0.8611
   19624       0.8538
   19625       0.8444
   19626       0.8787
   19627       0.7805
   19628       0.8990
   19629       0.7700
   19630       0.7263
   19631       0.8002
   19632       0.7850
   19633       0.7218
   19634       0.7808
   19635       0.8077
   19636       0.8108
   19637       0.8765
   19638       0.8561
   19639       0.8436
   19640       0.8768
   19641       0.8385
   19642       0.9052
   19643       1.0931
   19644       1.0921
   19645       1.1020
   19646       1.1494
   19647       1.1529
   19648       1.0481
   19649       1.0227
   19650       1.0867
   19651       1.0047
   19652       1.0463
   19653       1.1430
   19654       1.1370
   19655       1.0529
   19656       0.9653
   19657       1.0905
   19658       0.9993
   19659       0.8408
   19660       0.8597
   19661       0.8846
   19662       0.9893
   19663       0.9971
   19664       0.9781
   19665       0.8639
   19666       0.8870
   19667       0.7949
   19668       0.8580
   19669       0.8330
   19670       0.9346
   19671       0.7214
   19672       0.8474
   19673       0.7685
   19674       0.7659
   19675       0.7165
   19676       0.7176
   19677       0.8581
   19678       0.7724
   19679       0.6716
   19680       0.7188
   19681       0.7463
   19682       0.9171
   19683       0.8316
   19684       0.7659
   19685       0.8056
   19686       0.6986
   19687       0.9832
   19688       0.7856
   19689       0.8252
   19690       0.8887
   19691       0.9082
   19692       0.8669
   19693       0.7260
   19694       0.6930
   19695       0.7692
   19696       0.7332
   19697       0.7648
   19698       0.7538
   19699       0.7963
   19700       0.7460
   19701       0.8102
   19702       0.7895
   19703       0.7352
   19704       0.8130
   19705       0.8442
   19706       0.8482
   19707       0.7164
   19708       0.7473
   19709       0.8054
   19710       0.8086
   19711       0.7818
   19712       0.8480
   19713       0.8332
   19714       0.8891
   19715       0.9531
   19716       1.0189
   19717       0.9322
   19718       0.9832
   19719       0.8974
   19720       0.8017
   19721       0.8557
   19722       1.0442
   19723       1.0137
   19724       0.9527
   19725       0.9364
   19726       0.9358
   19727       0.9323
   19728       0.8505
   19729       0.8900
   19730       0.8991
   19731       1.0483
   19732       0.9355
   19733       0.9335
   19734       0.9356
   19735       0.9810
   19736       1.1185
   19737       0.9766
   19738       0.9701
   19739       0.9243
   19740       0.7938
   19741       0.8046
   19742       0.8500
   19743       0.8214
   19744       0.8530
   19745       0.9138
   19746       0.9636
   19747       0.9111
   19748       0.8813
   19749       0.9102
   19750       0.9509
   19751       0.8707
   19752       0.8668
   19753       0.9199
   19754       0.8462
   19755       0.8228
   19756       0.8481
   19757       0.7715
   19758       0.9463
   19759       0.9184
   19760       0.8281
   19761       0.9316
   19762       0.8925
   19763       0.8509
   19764       0.8119
   19765       0.8316
   19766       0.8167
   19767       0.8828
   19768       0.8757
   19769       0.9010
   19770       0.9303
   19771       0.8050
   19772       0.8226
   19773       0.9234
   19774       0.8277
   19775       0.7986
   19776       0.8450
   19777       0.8794
   19778       0.9644
   19779       0.9403
   19780       0.9227
   19781       0.8793
   19782       0.8509
   19783       0.8379
   19784       0.9397
   19785       0.8656
   19786       0.8649
   19787       0.8727
   19788       0.7939
   19789       0.8432
   19790       0.8476
   19791       0.8279
   19792       0.7662
   19793       0.7234
   19794       0.7932
   19795       0.8821
   19796       0.7339
   19797       0.7827
   19798       0.8050
   19799       0.7433
   19800       0.8229
   19801       0.8177
   19802       0.9161
   19803       1.0125
   19804       0.9378
   19805       0.7585
   19806       0.8269
   19807       0.7589
   19808       0.8214
   19809       0.8627
   19810       0.7291
   19811       0.8676
   19812       0.7873
   19813       0.8001
   19814       0.8235
   19815       0.9729
   19816       0.7369
   19817       0.8612
   19818       0.7772
   19819       0.7881
   19820       0.6865
   19821       0.7389
   19822       0.6792
   19823       0.6944
   19824       0.7442
   19825       0.6833
   19826       0.7185
   19827       0.7028
   19828       0.6498
   19829       0.6751
   19830       0.7219
   19831       0.7677
   19832       0.7698
   19833       0.6828
   19834       0.8049
   19835       0.7063
   19836       0.7210
   19837       0.7482
   19838       0.7564
   19839       0.7296
   19840       0.7364
   19841       0.8236
   19842       0.7289
   19843       0.6692
   19844       0.6765
   19845       0.7481
   19846       0.8114
   19847       0.8468
   19848       0.8726
   19849       0.7749
   19850       0.7777
   19851       0.7916
   19852       0.8950
   19853       0.8348
   19854       0.8080
   19855       0.7824
   19856       0.8066
   19857       0.8331
   19858       0.7551
   19859       0.8295
   19860       0.8293
   19861       0.9037
   19862       0.8346
   19863       0.7389
   19864       0.8245
   19865       0.8299
   19866       0.8412
   19867       0.8024
   19868       0.8570
   19869       0.8108
   19870       0.8368
   19871       0.8407
   19872       0.8591
   19873       0.8411
   19874       0.8534
   19875       0.8798
   19876       0.8241
   19877       0.9093
   19878       0.8603
   19879       0.9277
   19880       0.9406
   19881       0.8911
   19882       0.8369
   19883       0.9555
   19884       0.8866
   19885       0.8805
   19886       0.7627
   19887       0.9415
   19888       1.0287
   19889       0.8534
   19890       0.7431
   19891       0.8169
   19892       0.7925
   19893       0.7869
   19894       0.8988
   19895       0.8442
   19896       0.9061
   19897       0.8845
   19898       0.8033
   19899       0.9441
   19900       0.8678
   19901       0.8372
   19902       0.8163
   19903       0.7759
   19904       0.8470
   19905       0.7925
   19906       0.8329
   19907       0.8572
   19908       0.8823
   19909       0.9320
   19910       0.8875
   19911       0.8645
   19912       0.8249
   19913       0.8711
   19914       1.0003
   19915       1.0590
   19916       1.0118
   19917       1.0051
   19918       1.0721
   19919       0.9485
   19920       0.9539
   19921       0.9134
   19922       0.9285
   19923       0.9980
   19924       1.0264
   19925       1.0174
   19926       0.9925
   19927       1.0893
   19928       1.0223
   19929       0.9321
   19930       0.9338
   19931       0.9725
   19932       1.0342
   19933       0.9271
   19934       0.9208
   19935       0.9252
   19936       0.8988
   19937       0.8561
   19938       0.9517
   19939       0.8716
   19940       1.0208
   19941       0.9156
   19942       0.8658
   19943       0.8358
   19944       0.7618
   19945       0.8581
   19946       0.7429
   19947       0.7411
   19948       0.6809
   19949       0.7309
   19950       0.7975
   19951       0.7174
   19952       0.6854
   19953       0.7087
   19954       0.7039
   19955       0.6980
   19956       0.6891
   19957       0.7260
   19958       0.7818
   19959       0.7768
   19960       0.7256
   19961       0.6765
   19962       0.6974
   19963       0.7545
   19964       0.7382
   19965       0.6986
   19966       0.7230
   19967       0.8306
   19968       0.6688
   19969       0.7638
   19970       0.7137
   19971       0.7228
   19972       0.8121
   19973       0.8418
   19974       0.8243
   19975       0.7749
   19976       0.8090
   19977       0.6968
   19978       0.7419
   19979       0.6664
   19980       0.7258
   19981       0.8004
   19982       0.7592
   19983       0.7041
   19984       0.7818
   19985       0.8265
   19986       0.8047
   19987       0.7953
   19988       0.8049
   19989       0.7915
   19990       0.8107
   19991       0.8062
   19992       0.8105
   19993       0.8108
   19994       0.9128
   19995       0.9502
   19996       0.8569
   19997       0.8138
   19998       0.8718
   19999       0.7510
   20000       0.8848
   20001       0.9229
   20002       0.8505
   20003       0.7500
   20004       0.8799
   20005       0.9499
   20006       0.9089
   20007       0.8953
   20008       0.9164
   20009       0.9192
   20010       0.9151
   20011       0.8113
   20012       0.7192
   20013       0.7972
   20014       0.7822
   20015       0.7526
   20016       0.8013
   20017       0.7243
   20018       0.7861
   20019       0.7893
   20020       0.7513
   20021       0.7973
   20022       0.8153
   20023       0.7476
   20024       0.7077
   20025       0.7525
   20026       0.7820
   20027       0.7270
   20028       0.7312
   20029       0.7141
   20030       0.8065
   20031       0.7663
   20032       0.8405
   20033       0.7609
   20034       0.9061
   20035       0.8673
   20036       0.7667
   20037       0.9073
   20038       0.8613
   20039       0.8813
   20040       0.8282
   20041       0.8514
   20042       0.8550
   20043       0.9129
   20044       0.8834
   20045       0.9456
   20046       0.9328
   20047       0.8717
   20048       0.8393
   20049       0.7934
   20050       0.8297
   20051       0.8174
   20052       0.8713
   20053       0.8876
   20054       0.8678
   20055       0.8444
   20056       0.8672
   20057       0.8687
   20058       0.8521
   20059       0.9178
   20060       0.7969
   20061       0.7824
   20062       0.8930
   20063       0.9187
   20064       0.8584
   20065       0.8472
   20066       0.8589
   20067       0.8254
   20068       0.9386
   20069       0.8202
   20070       0.8197
   20071       0.8052
   20072       0.7529
   20073       0.8984
   20074       0.9466
   20075       0.7734
   20076       0.7741
   20077       0.9236
   20078       0.9267
   20079       0.8370
   20080       0.8656
   20081       0.8076
   20082       0.8318
   20083       0.8643
   20084       0.8891
   20085       0.9275
   20086       0.8206
   20087       0.9564
   20088       0.9808
   20089       0.8562
   20090       0.9629
   20091       0.9458
   20092       0.9128
   20093       0.9525
   20094       0.9395
   20095       0.9566
   20096       0.9618
   20097       0.9754
   20098       1.0296
   20099       1.0175
   20100       1.1115
   20101       1.0303
   20102       0.9098
   20103       0.8261
   20104       0.9529
   20105       0.8560
   20106       0.9801
   20107       0.8235
   20108       0.9113
   20109       0.7631
   20110       0.7539
   20111       0.7987
   20112       0.7710
   20113       0.7256
   20114       0.7510
   20115       0.8123
   20116       0.7329
   20117       0.7631
   20118       0.7742
   20119       0.8534
   20120       0.7395
   20121       0.8163
   20122       0.7882
   20123       0.7624
   20124       0.7543
   20125       0.7360
   20126       0.8185
   20127       0.7196
   20128       0.8056
   20129       0.7774
   20130       0.8897
   20131       0.7779
   20132       0.8057
   20133       0.7321
   20134       0.8062
   20135       0.8200
   20136       0.8229
   20137       0.7113
   20138       0.7807
   20139       0.7362
   20140       0.7498
   20141       0.7826
   20142       0.7147
   20143       0.7876
   20144       0.8237
   20145       0.7399
   20146       0.8088
   20147       0.7142
   20148       0.7084
   20149       0.8286
   20150       0.7917
   20151       0.8158
   20152       0.8052
   20153       0.7921
   20154       0.8298
   20155       0.7313
   20156       0.7758
   20157       0.7932
   20158       0.7248
   20159       0.8322
   20160       0.6882
   20161       0.7509
   20162       0.7612
   20163       0.7732
   20164       0.7441
   20165       0.8946
   20166       0.8074
   20167       0.7975
   20168       0.8080
   20169       0.8221
   20170       0.8196
   20171       0.8156
   20172       0.8357
   20173       0.7981
   20174       0.7995
   20175       0.8136
   20176       0.9069
   20177       0.7573
   20178       0.7514
   20179       0.7001
   20180       0.7070
   20181       0.7047
   20182       0.7060
   20183       0.8025
   20184       0.7963
   20185       0.8241
   20186       0.7891
   20187       0.7838
   20188       0.7903
   20189       0.7248
   20190       0.7113
   20191       0.6805
   20192       0.6999
   20193       0.8110
   20194       0.7854
   20195       0.7570
   20196       0.6840
   20197       0.7404
   20198       0.8101
   20199       0.7977
   20200       0.7706
   20201       0.8318
   20202       0.7007
   20203       0.8217
   20204       0.7843
   20205       0.7687
   20206       0.7407
   20207       0.7360
   20208       0.6893
   20209       0.6762
   20210       0.6656
   20211       0.7616
   20212       0.7275
   20213       0.7051
   20214       0.7021
   20215       0.7116
   20216       0.7440
   20217       0.7796
   20218       0.7823
   20219       0.7468
   20220       0.7314
   20221       0.7382
   20222       0.8636
   20223       0.8091
   20224       0.8024
   20225       0.8377
   20226       0.8570
   20227       0.7901
   20228       0.7918
   20229       0.7420
   20230       0.6720
   20231       0.6677
   20232       0.6393
   20233       0.7227
   20234       0.7748
   20235       0.8086
   20236       0.7181
   20237       0.6823
   20238       0.7741
   20239       0.7531
   20240       0.7928
   20241       0.7215
   20242       0.6928
   20243       0.7699
   20244       0.7866
   20245       0.7731
   20246       0.8496
   20247       0.7843
   20248       0.7795
   20249       0.7301
   20250       0.6763
   20251       0.7035
   20252       0.7830
   20253       0.7977
   20254       0.7887
   20255       0.6848
   20256       0.7783
   20257       0.7440
   20258       0.7798
   20259       0.7412
   20260       0.8014
   20261       0.8538
   20262       0.8585
   20263       0.7782
   20264       0.7934
   20265       0.7925
   20266       0.7706
   20267       0.7879
   20268       0.8040
   20269       0.7732
   20270       0.7299
   20271       0.7252
   20272       0.6948
   20273       0.7220
   20274       0.7868
   20275       0.7414
   20276       0.7218
   20277       0.6833
   20278       0.6973
   20279       0.7237
   20280       0.6724
   20281       0.7366
   20282       0.7617
   20283       0.7481
   20284       0.7090
   20285       0.7587
   20286       0.7469
   20287       0.7512
   20288       0.6894
   20289       0.7415
   20290       0.7640
   20291       0.7362
   20292       0.7975
   20293       0.7914
   20294       0.7742
   20295       0.7899
   20296       0.7442
   20297       0.8132
   20298       0.7593
   20299       0.7049
   20300       0.7037
   20301       0.7150
   20302       0.7596
   20303       0.7974
   20304       0.8688
   20305       0.7749
   20306       0.6948
   20307       0.8566
   20308       0.8519
   20309       0.8486
   20310       0.8384
   20311       0.6864
   20312       0.6916
   20313       0.8093
   20314       0.7998
   20315       0.8130
   20316       0.8141
   20317       0.8178
   20318       0.7388
   20319       0.7441
   20320       0.8868
   20321       0.8246
   20322       0.8249
   20323       0.8868
   20324       0.8944
   20325       0.8300
   20326       0.7886
   20327       0.8775
   20328       0.8890
   20329       0.7592
   20330       0.7383
   20331       0.8211
   20332       0.9175
   20333       0.8273
   20334       0.7414
   20335       0.7998
   20336       0.6862
   20337       0.8248
   20338       0.7690
   20339       0.7435
   20340       0.7855
   20341       0.8033
   20342       0.7145
   20343       0.7882
   20344       0.7041
   20345       0.8247
   20346       0.7366
   20347       0.7308
   20348       0.7380
   20349       0.7509
   20350       0.7471
   20351       0.7427
   20352       0.7394
   20353       0.6993
   20354       0.7041
   20355       0.7352
   20356       0.7438
   20357       0.7063
   20358       0.6939
   20359       0.7279
   20360       0.8403
   20361       0.8235
   20362       0.7609
   20363       0.7727
   20364       0.7158
   20365       0.7507
   20366       0.7967
   20367       0.8078
   20368       0.7956
   20369       0.7103
   20370       0.8451
   20371       0.7462
   20372       0.7673
   20373       0.7271
   20374       0.7235
   20375       0.7688
   20376       0.8451
   20377       0.8402
   20378       0.8216
   20379       0.8900
   20380       0.8229
   20381       0.7824
   20382       0.8225
   20383       0.6947
   20384       0.7416
   20385       0.8098
   20386       0.8182
   20387       0.7698
   20388       0.7955
   20389       0.7164
   20390       0.7848
   20391       0.8406
   20392       0.8774
   20393       0.7598
   20394       0.8097
   20395       0.8897
   20396       0.7706
   20397       0.8206
   20398       0.7506
   20399       0.7923
   20400       0.8488
   20401       0.8327
   20402       0.8226
   20403       0.7662
   20404       0.7997
   20405       0.7794
   20406       0.7305
   20407       0.7957
   20408       0.7414
   20409       0.7167
   20410       0.6824
   20411       0.6807
   20412       0.6789
   20413       0.7759
   20414       0.6944
   20415       0.7830
   20416       0.7328
   20417       0.7717
   20418       0.7316
   20419       0.7285
   20420       0.7141
   20421       0.8228
   20422       0.7375
   20423       0.7153
   20424       0.7826
   20425       0.7477
   20426       0.6817
   20427       0.6911
   20428       0.7095
   20429       0.7426
   20430       0.7137
   20431       0.7074
   20432       0.7300
   20433       0.7834
   20434       0.8215
   20435       0.7173
   20436       0.7081
   20437       0.7173
   20438       0.6717
   20439       0.7703
   20440       0.7878
   20441       0.8987
   20442       0.7690
   20443       0.7246
   20444       0.6490
   20445       0.6780
   20446       0.7893
   20447       0.7694
   20448       0.7243
   20449       0.6721
   20450       0.7272
   20451       0.7118
   20452       0.7809
   20453       0.7857
   20454       0.6548
   20455       0.7611
   20456       0.7513
   20457       0.7052
   20458       0.8408
   20459       0.8447
   20460       0.8725
   20461       0.8438
   20462       0.7152
   20463       0.7256
   20464       0.7986
   20465       0.7577
   20466       0.6522
   20467       0.7039
   20468       0.6650
   20469       0.7367
   20470       0.6765
   20471       0.7652
   20472       0.8899
   20473       0.9030
   20474       0.8577
   20475       0.8195
   20476       0.8090
   20477       0.7668
   20478       0.8070
   20479       0.8128
   20480       0.8859
   20481       0.7510
   20482       0.7127
   20483       0.7350
   20484       0.8180
   20485       0.7994
   20486       0.8353
   20487       0.8177
   20488       0.8161
   20489       0.7906
   20490       0.8292
   20491       0.7877
   20492       0.8539
   20493       0.8593
   20494       1.0185
   20495       0.9594
   20496       0.9610
   20497       0.9361
   20498       0.8848
   20499       0.8910
   20500       0.8533
   20501       0.7986
   20502       0.7833
   20503       0.9056
   20504       0.8429
   20505       0.8586
   20506       0.9776
   20507       0.8400
   20508       0.8625
   20509       0.8089
   20510       0.8441
   20511       0.8674
   20512       0.8888
   20513       0.8338
   20514       0.8435
   20515       0.9696
   20516       0.8389
   20517       0.8215
   20518       0.8422
   20519       0.9424
   20520       0.8890
   20521       0.9048
   20522       0.9459
   20523       0.8906
   20524       0.8976
   20525       0.8901
   20526       0.8630
   20527       0.8230
   20528       0.7927
   20529       0.8090
   20530       0.8472
   20531       0.8140
   20532       0.8334
   20533       0.7731
   20534       0.8457
   20535       0.7965
   20536       0.9994
   20537       0.8882
   20538       0.8414
   20539       0.9506
   20540       0.9039
   20541       0.9000
   20542       0.8427
   20543       0.8971
   20544       0.8419
   20545       0.8839
   20546       1.0157
   20547       0.8994
   20548       0.8910
   20549       0.9363
   20550       0.7719
   20551       0.8543
   20552       0.7378
   20553       0.7486
   20554       0.7341
   20555       0.8594
   20556       0.7595
   20557       0.7646
   20558       0.7884
   20559       0.7471
   20560       0.7424
   20561       0.6694
   20562       0.7071
   20563       0.6762
   20564       0.7485
   20565       0.7490
   20566       0.8071
   20567       0.8009
   20568       0.8047
   20569       0.8819
   20570       0.8750
   20571       0.8362
   20572       0.8214
   20573       0.6821
   20574       0.7844
   20575       0.7517
   20576       0.8086
   20577       0.8687
   20578       0.7924
   20579       0.8425
   20580       0.7974
   20581       0.8137
   20582       0.6951
   20583       0.8408
   20584       0.8720
   20585       0.8121
   20586       0.7944
   20587       0.7639
   20588       0.6970
   20589       0.8672
   20590       0.8192
   20591       0.8319
   20592       0.7460
   20593       0.6895
   20594       0.6940
   20595       0.7594
   20596       0.6982
   20597       0.6494
   20598       0.7261
   20599       0.8175
   20600       0.7335
   20601       0.7949
   20602       0.8168
   20603       0.7497
   20604       0.9044
   20605       0.7797
   20606       0.7786
   20607       0.7798
   20608       0.9216
   20609       0.8810
   20610       0.8636
   20611       0.8179
   20612       0.7515
   20613       0.8298
   20614       0.9135
   20615       0.9523
   20616       0.8110
   20617       0.8362
   20618       0.8210
   20619       0.8157
   20620       0.7951
   20621       0.8626
   20622       0.9380
   20623       0.9372
   20624       0.7717
   20625       0.8167
   20626       0.7799
   20627       0.7319
   20628       0.7684
   20629       0.8298
   20630       0.8335
   20631       0.7716
   20632       0.8889
   20633       0.8209
   20634       0.7366
   20635       0.6885
   20636       0.7450
   20637       0.7261
   20638       0.7332
   20639       0.8387
   20640       0.8600
   20641       0.7960
   20642       0.8111
   20643       0.7770
   20644       0.8542
   20645       0.7488
   20646       0.7602
   20647       0.7915
   20648       0.7870
   20649       0.7041
   20650       0.8651
   20651       0.7563
   20652       0.7769
   20653       0.8008
   20654       0.8124
   20655       0.7533
   20656       0.8519
   20657       0.8852
   20658       0.8568
   20659       0.7699
   20660       0.7512
   20661       0.7527
   20662       0.8236
   20663       0.8736
   20664       0.8180
   20665       0.8616
   20666       0.8239
   20667       0.8645
   20668       0.7281
   20669       0.7233
   20670       0.7687
   20671       0.7912
   20672       0.7494
   20673       0.7257
   20674       0.7452
   20675       0.7728
   20676       0.7230
   20677       0.7523
   20678       0.7076
   20679       0.7608
   20680       0.7101
   20681       0.7917
   20682       0.7508
   20683       0.8290
   20684       0.7589
   20685       0.8180
   20686       0.7357
   20687       0.7740
   20688       0.7691
   20689       0.8202
   20690       0.8723
   20691       0.8374
   20692       0.7627
   20693       0.8196
   20694       0.8268
   20695       0.8678
   20696       0.7757
   20697       0.7636
   20698       0.6877
   20699       0.7246
   20700       0.7219
   20701       0.8041
   20702       0.8975
   20703       0.8897
   20704       0.8460
   20705       0.9162
   20706       0.8485
   20707       0.8182
   20708       0.8474
   20709       0.7998
   20710       0.8080
   20711       0.9232
   20712       1.0833
   20713       0.9047
   20714       0.8549
   20715       0.9095
   20716       0.9251
   20717       0.8001
   20718       0.7948
   20719       0.8394
   20720       0.7801
   20721       0.7682
   20722       0.7638
   20723       0.8007
   20724       0.8559
   20725       0.7459
   20726       0.8438
   20727       1.0037
   20728       0.8500
   20729       0.9830
   20730       0.8601
   20731       0.9266
   20732       0.7767
   20733       0.7793
   20734       0.9375
   20735       0.7949
   20736       0.8789
   20737       0.9082
   20738       0.8241
   20739       0.7500
   20740       0.7646
   20741       0.7158
   20742       0.7685
   20743       0.8510
   20744       0.6988
   20745       0.7955
   20746       0.7969
   20747       0.9465
   20748       0.9394
   20749       0.8877
   20750       0.8481
   20751       0.8121
   20752       0.8181
   20753       0.9754
   20754       0.9493
   20755       0.9760
   20756       0.9002
   20757       0.9079
   20758       1.0000
   20759       1.1466
   20760       1.1413
   20761       1.0549
   20762       1.2332
   20763       1.1645
   20764       1.1242
   20765       1.0937
   20766       1.2174
   20767       1.2030
   20768       1.3246
   20769       1.2997
   20770       1.2519
   20771       1.1175
   20772       1.1194
   20773       1.2436
   20774       1.1558
   20775       1.1757
   20776       1.1436
   20777       1.1722
   20778       1.1532
   20779       1.1485
   20780       1.1758
   20781       1.2065
   20782       1.2383
   20783       1.1548
   20784       1.2723
   20785       1.1727
   20786       1.1818
   20787       1.2265
   20788       1.0886
   20789       1.1447
   20790       1.0601
   20791       1.1414
   20792       1.1914
   20793       1.2697
   20794       1.0533
   20795       1.0792
   20796       1.1140
   20797       1.1675
   20798       1.1534
   20799       1.1389
   20800       1.0362
   20801       0.8635
   20802       0.9993
   20803       1.0071
   20804       0.9186
   20805       0.9987
   20806       1.0586
   20807       1.0984
   20808       1.0392
   20809       1.0269
   20810       0.9607
   20811       1.0701
   20812       1.1322
   20813       1.1863
   20814       1.0109
   20815       1.0177
   20816       0.9631
   20817       0.9644
   20818       1.1311
   20819       1.1016
   20820       1.0992
   20821       1.1710
   20822       1.1958
   20823       1.1780
   20824       1.2529
   20825       1.1963
   20826       1.1213
   20827       0.9885
   20828       1.0730
   20829       0.9577
   20830       1.1508
   20831       1.0988
   20832       0.9978
   20833       1.0113
   20834       1.0789
   20835       0.9861
   20836       1.0397
   20837       1.0130
   20838       1.2213
   20839       1.0918
   20840       1.0986
   20841       1.1316
   20842       1.0843
   20843       1.0637
   20844       1.2443
   20845       1.2384
   20846       1.1634
   20847       1.2784
   20848       1.0577
   20849       1.1412
   20850       1.2109
   20851       1.1749
   20852       1.0012
   20853       0.9485
   20854       0.9794
   20855       1.0201
   20856       1.1110
   20857       1.0646
   20858       1.1115
   20859       1.1992
   20860       1.1001
   20861       1.0782
   20862       1.1667
   20863       1.0600
   20864       1.0772
   20865       1.1596
   20866       1.0711
   20867       1.3183
   20868       1.2851
   20869       1.2713
   20870       1.1661
   20871       1.0509
   20872       1.0696
   20873       0.8662
   20874       0.9159
   20875       0.9645
   20876       0.8994
   20877       0.7994
   20878       0.7509
   20879       0.7032
   20880       0.7235
   20881       0.6735
   20882       0.7280
   20883       0.7920
   20884       0.7841
   20885       0.7580
   20886       0.8227
   20887       0.8595
   20888       0.9318
   20889       0.7926
   20890       0.8391
   20891       0.7106
   20892       1.0163
   20893       0.7892
   20894       0.7828
   20895       0.7854
   20896       0.7220
   20897       0.6873
   20898       0.8119
   20899       0.8243
   20900       0.9114
   20901       0.7886
   20902       0.8485
   20903       0.7914
   20904       0.7780
   20905       0.7456
   20906       0.8295
   20907       0.8677
   20908       0.8767
   20909       0.7964
   20910       0.9079
   20911       0.8567
   20912       0.8367
   20913       0.8562
   20914       0.8770
   20915       0.8366
   20916       0.8187
   20917       0.9249
   20918       0.9935
   20919       0.9478
   20920       0.8934
   20921       0.8863
   20922       0.8476
   20923       0.8009
   20924       0.7415
   20925       0.7691
   20926       0.8174
   20927       0.7540
   20928       0.7956
   20929       0.7550
   20930       0.8260
   20931       0.8437
   20932       0.7333
   20933       0.6727
   20934       0.8046
   20935       0.6740
   20936       0.7698
   20937       0.8113
   20938       0.8847
   20939       0.8914
   20940       0.8645
   20941       0.7005
   20942       0.6961
   20943       0.8133
   20944       0.6882
   20945       0.7117
   20946       0.8277
   20947       0.8611
   20948       0.8234
   20949       0.7978
   20950       0.8009
   20951       0.7687
   20952       0.7116
   20953       0.7086
   20954       0.7606
   20955       0.7378
   20956       0.7078
   20957       0.8219
   20958       0.7218
   20959       0.8104
   20960       0.6980
   20961       0.7333
   20962       0.7324
   20963       0.8146
   20964       0.6863
   20965       0.7499
   20966       0.7627
   20967       0.6581
   20968       0.6976
   20969       0.7086
   20970       0.7826
   20971       0.8176
   20972       0.7246
   20973       0.6564
   20974       0.7001
   20975       0.7276
   20976       0.6919
   20977       0.7399
   20978       0.7949
   20979       0.6928
   20980       0.8926
   20981       0.7636
   20982       0.7765
   20983       0.8770
   20984       0.7386
   20985       0.7605
   20986       0.7324
   20987       0.7193
   20988       0.7429
   20989       0.7120
   20990       0.7741
   20991       0.6898
   20992       0.6526
   20993       0.7170
   20994       0.7645
   20995       0.6655
   20996       0.7363
   20997       0.8487
   20998       0.8370
   20999       0.9446
   21000       0.8650
   21001       0.8367
   21002       0.8040
   21003       0.7945
   21004       0.8068
   21005       0.8923
   21006       0.8420
   21007       0.8429
   21008       0.8873
   21009       0.9544
   21010       0.7762
   21011       0.8369
   21012       0.8262
   21013       0.8260
   21014       0.7681
   21015       0.7648
   21016       0.9655
   21017       0.8957
   21018       0.8870
   21019       0.7953
   21020       0.7359
   21021       0.7693
   21022       0.9014
   21023       0.9453
   21024       0.8872
   21025       0.7914
   21026       0.9638
   21027       0.7211
   21028       0.7364
   21029       0.7559
   21030       0.7958
   21031       0.7802
   21032       0.7097
   21033       0.7732
   21034       0.8417
   21035       0.6591
   21036       0.7265
   21037       0.7132
   21038       0.7686
   21039       0.7070
   21040       0.7112
   21041       0.7061
   21042       0.7344
   21043       0.7087
   21044       0.7818
   21045       0.7213
   21046       0.7587
   21047       0.8152
   21048       0.8257
   21049       0.8079
   21050       0.8772
   21051       0.8435
   21052       0.7592
   21053       0.7979
   21054       0.8169
   21055       0.9241
   21056       0.8742
   21057       0.8813
   21058       0.9026
   21059       0.9023
   21060       0.8338
   21061       0.8422
   21062       0.7575
   21063       0.8592
   21064       0.8150
   21065       0.7045
   21066       0.8807
   21067       0.8141
   21068       0.7974
   21069       0.7188
   21070       0.7831
   21071       0.7991
   21072       0.7933
   21073       0.7920
   21074       0.7974
   21075       0.9383
   21076       0.9203
   21077       0.8977
   21078       0.8266
   21079       0.8432
   21080       0.8360
   21081       0.8102
   21082       0.7862
   21083       0.7730
   21084       0.7889
   21085       0.8878
   21086       0.7938
   21087       0.7940
   21088       0.9132
   21089       0.7639
   21090       0.8901
   21091       0.8956
   21092       0.9197
   21093       0.9864
   21094       0.8119
   21095       0.8633
   21096       0.7155
   21097       0.8365
   21098       0.8052
   21099       0.8031
   21100       0.9405
   21101       0.8665
   21102       0.7978
   21103       0.8170
   21104       0.8997
   21105       0.9611
   21106       0.9837
   21107       0.9642
   21108       0.8778
   21109       0.9105
   21110       0.8256
   21111       0.9870
   21112       0.9969
   21113       0.9504
   21114       0.8980
   21115       0.8397
   21116       0.7936
   21117       0.8203
   21118       0.7639
   21119       0.7774
   21120       0.8276
   21121       0.8144
   21122       0.8588
   21123       0.8209
   21124       0.7851
   21125       0.8026
   21126       0.9076
   21127       0.9543
   21128       1.0036
   21129       1.0612
   21130       0.8435
   21131       0.9570
   21132       0.8696
   21133       0.8289
   21134       0.7699
   21135       0.9102
   21136       0.9006
   21137       0.8892
   21138       0.8295
   21139       0.7614
   21140       0.7929
   21141       0.5907
   21142       0.7047
   21143       0.7619
   21144       0.6820
   21145       0.7545
   21146       0.6122
   21147       0.7130
   21148       0.7178
   21149       0.7067
   21150       0.8104
   21151       0.8055
   21152       0.7361
   21153       0.8063
   21154       0.7226
   21155       0.7051
   21156       0.7655
   21157       0.9001
   21158       0.7992
   21159       0.7519
   21160       0.7242
   21161       0.6915
   21162       0.7848
   21163       0.6741
   21164       0.6838
   21165       0.7094
   21166       0.7858
   21167       0.7071
   21168       0.7950
   21169       0.7194
   21170       0.7217
   21171       0.6587
   21172       0.7277
   21173       0.6332
   21174       0.7429
   21175       0.7555
   21176       0.7932
   21177       0.7216
   21178       0.8178
   21179       0.6844
   21180       0.7619
   21181       0.7411
   21182       0.7186
   21183       0.7635
   21184       0.7877
   21185       0.7098
   21186       0.7087
   21187       0.8262
   21188       0.6895
   21189       0.7669
   21190       0.6999
   21191       0.8098
   21192       0.7766
   21193       0.9219
   21194       0.9645
   21195       0.8366
   21196       0.8095
   21197       0.7056
   21198       0.7704
   21199       0.8655
   21200       0.8607
   21201       0.7086
   21202       0.8302
   21203       0.8003
   21204       0.7735
   21205       0.9425
   21206       0.9140
   21207       0.7940
   21208       0.8771
   21209       0.9528
   21210       1.0217
   21211       1.0700
   21212       0.9166
   21213       1.0052
   21214       0.9657
   21215       0.9678
   21216       1.0054
   21217       0.9497
   21218       0.9273
   21219       0.9266
   21220       1.0210
   21221       0.8528
   21222       0.9088
   21223       0.8447
   21224       0.7882
   21225       0.9484
   21226       0.7940
   21227       0.8241
   21228       0.8258
   21229       0.9039
   21230       0.8040
   21231       0.8863
   21232       0.8546
   21233       0.8662
   21234       0.8620
   21235       0.8443
   21236       0.8797
   21237       0.8494
   21238       0.8911
   21239       0.8763
   21240       0.7995
   21241       0.7693
   21242       0.7786
   21243       0.8287
   21244       0.8293
   21245       0.7731
   21246       0.9229
   21247       0.8608
   21248       0.8523
   21249       0.8758
   21250       0.9130
   21251       0.8820
   21252       1.0069
   21253       0.8273
   21254       0.9149
   21255       0.8073
   21256       0.8928
   21257       0.8214
   21258       0.9253
   21259       0.9123
   21260       0.9015
   21261       0.8291
   21262       0.9155
   21263       0.8814
   21264       1.0082
   21265       0.9158
   21266       0.8872
   21267       0.9070
   21268       1.0446
   21269       1.0608
   21270       1.0388
   21271       1.0175
   21272       0.9099
   21273       0.8890
   21274       0.8321
   21275       0.9302
   21276       1.0005
   21277       1.0134
   21278       0.9688
   21279       0.9847
   21280       1.0683
   21281       1.0148
   21282       1.0501
   21283       1.0717
   21284       0.8093
   21285       0.9796
   21286       0.9890
   21287       1.0639
   21288       0.9680
   21289       1.0121
   21290       0.9934
   21291       0.9655
   21292       1.0548
   21293       0.9186
   21294       0.8998
   21295       0.8865
   21296       1.0430
   21297       1.0754
   21298       1.0853
   21299       1.0503
   21300       1.0518
   21301       0.9292
   21302       1.1150
   21303       1.0661
   21304       1.0548
   21305       0.9549
   21306       0.9506
   21307       1.0932
   21308       0.9112
   21309       0.9716
   21310       0.8087
   21311       0.9578
   21312       0.9475
   21313       0.9338
   21314       0.9756
   21315       0.9040
   21316       0.9645
   21317       0.9246
   21318       0.9337
   21319       0.8811
   21320       0.8552
   21321       0.9351
   21322       0.8837
   21323       0.8110
   21324       0.9847
   21325       0.8984
   21326       0.8209
   21327       0.7976
   21328       0.8306
   21329       0.8121
   21330       0.7661
   21331       0.7760
   21332       0.7571
   21333       0.7638
   21334       0.7864
   21335       0.8596
   21336       0.7422
   21337       0.7698
   21338       0.8360
   21339       0.9519
   21340       0.7950
   21341       0.8819
   21342       0.8522
   21343       0.8483
   21344       0.8096
   21345       0.8788
   21346       0.7835
   21347       0.7978
   21348       0.7792
   21349       0.7899
   21350       0.9681
   21351       0.9191
   21352       0.9907
   21353       0.8489
   21354       0.9812
   21355       0.9611
   21356       1.0292
   21357       1.0265
   21358       0.9990
   21359       0.8900
   21360       1.0251
   21361       0.8583
   21362       0.8071
   21363       0.8570
   21364       0.7893
   21365       0.8040
   21366       0.8729
   21367       0.9218
   21368       0.7787
   21369       0.7337
   21370       0.7925
   21371       0.7908
   21372       0.8519
   21373       0.8439
   21374       0.9068
   21375       0.8506
   21376       0.7943
   21377       0.8604
   21378       0.8503
   21379       0.8121
   21380       0.9176
   21381       1.0392
   21382       0.9485
   21383       0.8340
   21384       0.9884
   21385       0.9227
   21386       0.8594
   21387       0.7823
   21388       0.7545
   21389       0.7698
   21390       0.7647
   21391       0.6915
   21392       0.7984
   21393       0.8065
   21394       0.8219
   21395       0.7622
   21396       0.7744
   21397       0.8871
   21398       0.7635
   21399       0.7463
   21400       0.7467
   21401       0.8766
   21402       0.8407
   21403       0.9592
   21404       0.8449
   21405       0.8760
   21406       0.8374
   21407       0.8312
   21408       0.9021
   21409       0.8498
   21410       0.8589
   21411       0.8477
   21412       0.9445
   21413       1.0105
   21414       0.9966
   21415       0.9380
   21416       0.8189
   21417       0.8285
   21418       0.7771
   21419       0.8718
   21420       0.8316
   21421       0.7605
   21422       0.7460
   21423       0.8807
   21424       0.8655
   21425       0.9957
   21426       1.0360
   21427       1.0447
   21428       1.0058
   21429       0.9645
   21430       0.9817
   21431       0.9025
   21432       1.0019
   21433       1.0034
   21434       0.9312
   21435       0.7370
   21436       0.6897
   21437       0.7408
   21438       0.7738
   21439       0.8268
   21440       0.7529
   21441       0.8525
   21442       0.7917
   21443       0.8670
   21444       0.8212
   21445       0.8526
   21446       0.9256
   21447       1.0160
   21448       0.7940
   21449       0.9046
   21450       0.8218
   21451       0.8000
   21452       0.9220
   21453       0.8282
   21454       1.0052
   21455       0.8425
   21456       0.9228
   21457       0.9652
   21458       0.9765
   21459       0.8828
   21460       0.7765
   21461       0.8664
   21462       0.9187
   21463       1.0373
   21464       1.0371
   21465       1.0957
   21466       0.8999
   21467       0.8519
   21468       0.9084
   21469       1.0049
   21470       0.8247
   21471       0.8726
   21472       0.7845
   21473       1.0025
   21474       0.7659
   21475       0.9047
   21476       0.9336
   21477       1.0823
   21478       0.9631
   21479       0.8927
   21480       0.7858
   21481       0.9440
   21482       0.8608
   21483       0.8800
   21484       0.9236
   21485       0.9542
   21486       0.8976
   21487       0.8637
   21488       0.8693
   21489       0.8981
   21490       0.8749
   21491       0.8915
   21492       0.9185
   21493       0.8595
   21494       0.9290
   21495       0.8344
   21496       0.7763
   21497       0.8030
   21498       0.8795
   21499       0.9400
   21500       0.9072
   21501       0.9962
   21502       0.9557
   21503       0.9323
   21504       0.7115
   21505       0.7581
   21506       0.7527
   21507       0.8762
   21508       0.9388
   21509       0.9445
   21510       0.8717
   21511       1.0362
   21512       1.0659
   21513       0.9935
   21514       0.8657
   21515       0.9543
   21516       0.8882
   21517       0.9447
   21518       0.8890
   21519       0.8424
   21520       0.8425
   21521       0.8333
   21522       0.8472
   21523       0.9265
   21524       0.9780
   21525       0.9525
   21526       0.9721
   21527       0.9549
   21528       0.8861
   21529       0.9624
   21530       0.9813
   21531       0.9289
   21532       1.0694
   21533       1.0690
   21534       1.0078
   21535       0.8426
   21536       0.9172
   21537       0.9230
   21538       1.0242
   21539       1.0075
   21540       0.9798
   21541       0.9799
   21542       1.0288
   21543       0.9712
   21544       1.0255
   21545       0.8988
   21546       0.9262
   21547       0.9520
   21548       1.0321
   21549       0.9406
   21550       0.8550
   21551       0.8270
   21552       0.8751
   21553       0.8080
   21554       0.8971
   21555       1.0067
   21556       0.7880
   21557       0.8266
   21558       0.9450
   21559       0.9201
   21560       0.9669
   21561       0.9049
   21562       0.9583
   21563       0.8783
   21564       0.9418
   21565       0.8538
   21566       0.8875
   21567       0.9022
   21568       0.9496
   21569       0.9610
   21570       0.8909
   21571       0.9678
   21572       0.9961
   21573       0.8374
   21574       0.8333
   21575       0.8679
   21576       0.9469
   21577       0.8951
   21578       0.7829
   21579       0.8248
   21580       0.8798
   21581       1.0104
   21582       1.0647
   21583       1.0276
   21584       0.9579
   21585       1.0705
   21586       0.8424
   21587       0.9883
   21588       0.9099
   21589       0.7855
   21590       0.7559
   21591       0.7925
   21592       0.8090
   21593       0.9505
   21594       0.8291
   21595       0.8733
   21596       0.8935
   21597       0.8593
   21598       0.8892
   21599       0.7925
   21600       0.9073
   21601       0.7299
   21602       0.8527
   21603       0.7816
   21604       0.8195
   21605       0.7847
   21606       0.8617
   21607       0.7615
   21608       0.6673
   21609       0.8453
   21610       0.7937
   21611       0.8547
   21612       0.8792
   21613       0.9018
   21614       0.9469
   21615       0.8550
   21616       0.8610
   21617       0.8361
   21618       0.9659
   21619       0.9217
   21620       0.8380
   21621       0.8747
   21622       0.8458
   21623       0.7962
   21624       0.7286
   21625       0.7673
   21626       0.8596
   21627       0.7490
   21628       0.8443
   21629       0.9131
   21630       0.8442
   21631       0.9303
   21632       0.9246
   21633       0.9414
   21634       0.8427
   21635       0.7957
   21636       0.7034
   21637       0.7542
   21638       0.7628
   21639       0.9123
   21640       0.8624
   21641       0.9010
   21642       0.8087
   21643       0.8391
   21644       0.7764
   21645       0.7948
   21646       0.8259
   21647       0.9012
   21648       0.9833
   21649       0.8876
   21650       0.8409
   21651       0.8132
   21652       0.9581
   21653       1.0674
   21654       0.8804
   21655       0.8224
   21656       0.8822
   21657       0.8141
   21658       0.8854
   21659       0.9500
   21660       0.8333
   21661       1.0011
   21662       0.8921
   21663       0.8298
   21664       0.8355
   21665       0.8007
   21666       0.8207
   21667       0.8270
   21668       0.8169
   21669       0.8749
   21670       0.8320
   21671       0.7928
   21672       0.7786
   21673       0.8098
   21674       0.8742
   21675       0.8755
   21676       0.7669
   21677       0.7977
   21678       0.7439
   21679       0.7772
   21680       0.7255
   21681       0.7135
   21682       0.8187
   21683       0.7587
   21684       0.7693
   21685       0.8111
   21686       0.7649
   21687       0.7682
   21688       0.8163
   21689       0.6715
   21690       0.6896
   21691       0.7195
   21692       0.6779
   21693       0.7448
   21694       0.7175
   21695       0.7123
   21696       0.6895
   21697       0.6737
   21698       0.7810
   21699       0.6628
   21700       0.8433
   21701       0.8222
   21702       0.8513
   21703       0.8820
   21704       0.8801
   21705       0.8705
   21706       0.8062
   21707       0.8599
   21708       0.7803
   21709       0.8496
   21710       0.8576
   21711       0.8659
   21712       0.8620
   21713       0.7782
   21714       0.8323
   21715       0.8615
   21716       0.8328
   21717       0.8256
   21718       0.7865
   21719       0.7149
   21720       0.7477
   21721       0.7642
   21722       0.6613
   21723       0.7003
   21724       0.8088
   21725       0.7523
   21726       0.7194
   21727       0.7362
   21728       0.8182
   21729       0.7435
   21730       0.8280
   21731       0.9453
   21732       0.8321
   21733       0.8534
   21734       0.8007
   21735       0.9352
   21736       0.8382
   21737       0.8795
   21738       0.8806
   21739       0.8622
   21740       0.9451
   21741       0.8651
   21742       0.9129
   21743       0.8255
   21744       0.7648
   21745       0.7813
   21746       0.7851
   21747       0.9222
   21748       0.8271
   21749       0.8260
   21750       0.7339
   21751       0.7348
   21752       0.7996
   21753       0.8698
   21754       0.8538
   21755       0.8569
   21756       0.8858
   21757       0.9098
   21758       0.8918
   21759       0.7817
   21760       0.7691
   21761       0.7058
   21762       0.8920
   21763       0.8923
   21764       0.7605
   21765       0.8503
   21766       0.7190
   21767       0.7860
   21768       0.8658
   21769       0.8065
   21770       0.8998
   21771       0.8691
   21772       0.8597
   21773       0.7549
   21774       0.7563
   21775       0.7988
   21776       0.7727
   21777       0.8098
   21778       0.6880
   21779       0.8454
   21780       0.7914
   21781       0.8044
   21782       0.7454
   21783       0.8224
   21784       0.7856
   21785       0.7717
   21786       0.8385
   21787       0.8937
   21788       0.7788
   21789       0.8244
   21790       0.8296
   21791       0.8775
   21792       0.9980
   21793       0.8183
   21794       0.7901
   21795       0.8396
   21796       0.9398
   21797       0.8593
   21798       0.9513
   21799       0.8774
   21800       0.8223
   21801       0.8428
   21802       0.9823
   21803       0.9102
   21804       0.9429
   21805       0.8885
   21806       0.9173
   21807       0.8171
   21808       0.7630
   21809       0.8823
   21810       0.9548
   21811       0.9774
   21812       0.9601
   21813       0.8718
   21814       0.8924
   21815       0.8947
   21816       0.8635
   21817       0.9463
   21818       0.9825
   21819       0.7861
   21820       0.8483
   21821       0.9065
   21822       0.8797
   21823       0.8541
   21824       0.9342
   21825       0.9266
   21826       0.9968
   21827       0.8577
   21828       1.0196
   21829       1.1069
   21830       0.9921
   21831       0.9981
   21832       0.9490
   21833       1.0618
   21834       0.9899
   21835       1.0283
   21836       0.9597
   21837       0.8165
   21838       0.8888
   21839       0.9900
   21840       0.9830
   21841       0.8975
   21842       0.8824
   21843       0.8509
   21844       1.0120
   21845       0.8703
   21846       0.8648
   21847       0.9234
   21848       0.8248
   21849       0.8513
   21850       0.8478
   21851       0.8506
   21852       0.8587
   21853       0.9380
   21854       0.9975
   21855       0.8382
   21856       0.8556
   21857       0.8612
   21858       0.9693
   21859       0.8668
   21860       1.0172
   21861       0.9450
   21862       0.9734
   21863       0.8451
   21864       0.9245
   21865       0.9079
   21866       0.8857
   21867       0.9186
   21868       0.8549
   21869       0.9285
   21870       0.9853
   21871       1.0505
   21872       0.9223
   21873       0.9430
   21874       0.8319
   21875       0.9970
   21876       0.9310
   21877       0.8338
   21878       0.8374
   21879       0.8669
   21880       0.8187
   21881       0.9580
   21882       0.9576
   21883       0.8923
   21884       0.8267
   21885       0.8578
   21886       0.8426
   21887       0.8575
   21888       0.7669
   21889       0.8221
   21890       0.8181
   21891       0.8167
   21892       0.8805
   21893       0.8685
   21894       0.8376
   21895       0.7574
   21896       0.8393
   21897       0.8083
   21898       0.8814
   21899       0.8478
   21900       0.8628
   21901       0.7807
   21902       0.7888
   21903       0.7795
   21904       0.8599
   21905       0.9356
   21906       0.9168
   21907       0.8638
   21908       0.9381
   21909       0.9151
   21910       0.8776
   21911       0.7960
   21912       0.7523
   21913       0.8020
   21914       0.8427
   21915       0.8909
   21916       0.8658
   21917       0.9311
   21918       0.8573
   21919       0.8412
   21920       0.8830
   21921       0.8476
   21922       0.8412
   21923       0.8185
   21924       0.8752
   21925       0.9494
   21926       0.9033
   21927       0.9150
   21928       0.9614
   21929       0.8172
   21930       0.9588
   21931       0.8905
   21932       0.8902
   21933       0.9241
   21934       0.8869
   21935       0.8920
   21936       1.0577
   21937       1.0309
   21938       0.9551
   21939       0.7404
   21940       0.7707
   21941       0.9345
   21942       0.8520
   21943       0.8919
   21944       0.9560
   21945       1.0446
   21946       1.1124
   21947       0.9635
   21948       0.9676
   21949       0.8491
   21950       0.9361
   21951       0.9016
   21952       0.8044
   21953       0.9493
   21954       0.8770
   21955       0.7694
   21956       0.7592
   21957       0.7563
   21958       0.6766
   21959       0.7173
   21960       0.7423
   21961       0.8351
   21962       0.7752
   21963       0.7736
   21964       0.8446
   21965       0.9783
   21966       0.9303
   21967       0.8950
   21968       0.8942
   21969       0.8701
   21970       0.7704
   21971       0.8902
   21972       0.8002
   21973       0.7628
   21974       0.7666
   21975       0.8163
   21976       0.8348
   21977       0.8844
   21978       0.8724
   21979       0.7947
   21980       0.7665
   21981       0.7559
   21982       0.8169
   21983       0.8724
   21984       0.8072
   21985       0.7917
   21986       0.8077
   21987       0.8944
   21988       0.8007
   21989       0.9009
   21990       0.8458
   21991       0.8568
   21992       0.9236
   21993       0.7975
   21994       0.8625
   21995       0.7824
   21996       0.8227
   21997       0.8774
   21998       0.8513
   21999       0.8963
   22000       0.8282
   22001       0.7782
   22002       0.9124
   22003       0.8748
   22004       0.8639
   22005       0.7428
   22006       0.8262
   22007       0.8421
   22008       0.8311
   22009       0.8340
   22010       0.9013
   22011       0.7945
   22012       0.7760
   22013       0.8156
   22014       0.8356
   22015       0.8283
   22016       0.9141
   22017       0.8050
   22018       0.8830
   22019       0.8508
   22020       0.8517
   22021       0.8791
   22022       0.8750
   22023       0.8277
   22024       0.8726
   22025       0.8347
   22026       0.8649
   22027       0.9244
   22028       0.8689
   22029       0.9712
   22030       0.9728
   22031       1.0084
   22032       0.9481
   22033       1.0340
   22034       0.9871
   22035       0.8519
   22036       0.9186
   22037       0.8027
   22038       0.8353
   22039       0.8455
   22040       0.9152
   22041       0.8875
   22042       0.9842
   22043       0.9286
   22044       0.9657
   22045       0.9079
   22046       0.9276
   22047       0.9625
   22048       0.9884
   22049       1.0232
   22050       0.8737
   22051       0.9610
   22052       1.0878
   22053       1.0584
   22054       0.9906
   22055       0.9614
   22056       0.7636
   22057       0.9097
   22058       0.8779
   22059       1.0051
   22060       0.8494
   22061       0.8780
   22062       0.9077
   22063       0.9097
   22064       0.9081
   22065       0.8835
   22066       0.8697
   22067       0.8391
   22068       0.7455
   22069       0.7957
   22070       0.8406
   22071       1.0074
   22072       0.9476
   22073       0.7882
   22074       0.8538
   22075       0.8567
   22076       0.9210
   22077       0.8680
   22078       0.8014
   22079       0.8788
   22080       0.9093
   22081       0.8532
   22082       0.9814
   22083       0.8817
   22084       0.9198
   22085       0.9148
   22086       0.8651
   22087       0.8294
   22088       0.9577
   22089       0.9092
   22090       0.9910
   22091       0.8929
   22092       0.9085
   22093       0.8734
   22094       0.9098
   22095       0.8958
   22096       1.0234
   22097       0.8818
   22098       1.0098
   22099       0.7848
   22100       0.7980
   22101       0.8063
   22102       0.9330
   22103       0.8962
   22104       0.8510
   22105       0.7937
   22106       0.9732
   22107       0.8696
   22108       0.8733
   22109       0.8821
   22110       0.8369
   22111       0.8737
   22112       0.8197
   22113       0.8482
   22114       0.8985
   22115       0.9543
   22116       0.9169
   22117       0.9134
   22118       0.9763
   22119       0.8750
   22120       0.8423
   22121       0.8281
   22122       0.8122
   22123       0.8649
   22124       0.8495
   22125       0.7684
   22126       0.8083
   22127       0.8064
   22128       0.8494
   22129       0.7913
   22130       0.8740
   22131       0.8384
   22132       0.9036
   22133       0.8215
   22134       0.9014
   22135       0.8640
   22136       0.8115
   22137       0.8303
   22138       0.9828
   22139       0.8780
   22140       0.9790
   22141       1.0058
   22142       0.8984
   22143       0.8960
   22144       0.8522
   22145       0.8658
   22146       0.8382
   22147       0.9457
   22148       0.8836
   22149       0.8925
   22150       0.9850
   22151       0.8870
   22152       0.8619
   22153       0.9498
   22154       0.9336
   22155       0.8677
   22156       0.8507
   22157       0.9468
   22158       0.9253
   22159       0.8268
   22160       0.8942
   22161       0.9418
   22162       1.0366
   22163       1.0034
   22164       0.9124
   22165       0.8446
   22166       0.7611
   22167       0.8058
   22168       0.7567
   22169       0.7710
   22170       0.8471
   22171       0.7126
   22172       0.8522
   22173       0.9340
   22174       1.0060
   22175       0.9742
   22176       0.9631
   22177       0.9145
   22178       0.9518
   22179       0.8891
   22180       0.8846
   22181       0.9446
   22182       0.9486
   22183       0.9827
   22184       0.8961
   22185       0.7776
   22186       0.8181
   22187       0.9232
   22188       0.8393
   22189       0.7875
   22190       0.7242
   22191       0.8484
   22192       0.8191
   22193       0.8498
   22194       0.9694
   22195       0.8969
   22196       0.8935
   22197       0.9488
   22198       0.7476
   22199       0.8858
   22200       0.8594
   22201       0.8207
   22202       0.7382
   22203       0.7655
   22204       0.6866
   22205       0.6868
   22206       0.8583
   22207       0.7646
   22208       0.7393
   22209       0.8020
   22210       0.7904
   22211       0.8485
   22212       0.7530
   22213       0.9110
   22214       0.7563
   22215       0.8454
   22216       0.8998
   22217       0.7848
   22218       0.6977
   22219       0.7766
   22220       0.7660
   22221       0.8577
   22222       0.8804
   22223       0.7645
   22224       0.8199
   22225       0.9124
   22226       0.7632
   22227       0.8008
   22228       0.7752
   22229       0.7922
   22230       0.8411
   22231       0.9066
   22232       0.8348
   22233       0.8285
   22234       0.8268
   22235       0.8691
   22236       0.8742
   22237       0.8053
   22238       0.9540
   22239       0.8782
   22240       0.9224
   22241       0.9247
   22242       1.0050
   22243       0.8789
   22244       0.9605
   22245       0.7276
   22246       0.7140
   22247       0.7380
   22248       0.8140
   22249       0.7830
   22250       0.7284
   22251       0.8499
   22252       0.7355
   22253       0.8222
   22254       0.8108
   22255       0.9624
   22256       0.9255
   22257       1.0146
   22258       0.9776
   22259       0.8408
   22260       0.8602
   22261       0.8565
   22262       0.9396
   22263       1.0862
   22264       0.9765
   22265       1.1368
   22266       1.1089
   22267       0.9745
   22268       1.1489
   22269       0.9696
   22270       1.0526
   22271       0.9421
   22272       1.0441
   22273       1.0015
   22274       1.0313
   22275       0.9385
   22276       1.1082
   22277       0.9370
   22278       0.8710
   22279       0.9282
   22280       0.8960
   22281       1.0125
   22282       0.9640
   22283       0.9342
   22284       1.0268
   22285       0.8653
   22286       0.9700
   22287       0.9336
   22288       1.0201
   22289       1.0522
   22290       1.0941
   22291       1.0889
   22292       1.0920
   22293       1.0284
   22294       0.9982
   22295       0.9264
   22296       0.8918
   22297       1.0382
   22298       1.0782
   22299       1.0270
   22300       0.9148
   22301       1.0579
   22302       1.0521
   22303       1.0262
   22304       1.0526
   22305       1.0457
   22306       0.8962
   22307       0.8573
   22308       0.8224
   22309       0.8622
   22310       0.9466
   22311       0.7936
   22312       0.7547
   22313       0.9175
   22314       0.9864
   22315       0.8132
   22316       0.7783
   22317       0.7845
   22318       0.8390
   22319       0.8933
   22320       0.8737
   22321       0.9562
   22322       0.9162
   22323       0.9440
   22324       0.9874
   22325       0.9840
   22326       0.9817
   22327       0.8617
   22328       0.8519
   22329       0.8789
   22330       0.8020
   22331       0.9999
   22332       0.8569
   22333       0.8203
   22334       0.9936
   22335       0.9288
   22336       0.9579
   22337       0.9473
   22338       0.9544
   22339       0.9818
   22340       0.8568
   22341       1.1158
   22342       1.0296
   22343       0.9705
   22344       0.7807
   22345       0.9745
   22346       0.9011
   22347       0.9030
   22348       0.8591
   22349       0.8797
   22350       0.7971
   22351       0.9025
   22352       0.7860
   22353       0.8676
   22354       0.8371
   22355       0.7971
   22356       0.8711
   22357       0.7641
   22358       0.7189
   22359       0.7181
   22360       0.7289
   22361       0.8652
   22362       0.8722
   22363       0.7409
   22364       0.7712
   22365       0.7417
   22366       0.7243
   22367       0.6891
   22368       0.7603
   22369       0.9250
   22370       0.9262
   22371       0.9371
   22372       0.8672
   22373       0.8519
   22374       0.8870
   22375       0.7628
   22376       0.7442
   22377       0.9400
   22378       0.8623
   22379       0.8498
   22380       0.8231
   22381       0.8472
   22382       0.8439
   22383       0.8261
   22384       0.7753
   22385       0.7608
   22386       0.7803
   22387       0.7868
   22388       0.7127
   22389       0.7170
   22390       0.8186
   22391       0.8547
   22392       0.9064
   22393       0.8210
   22394       0.8449
   22395       0.8224
   22396       0.8985
   22397       0.8400
   22398       0.8382
   22399       0.8117
   22400       0.8559
   22401       0.8282
   22402       0.7492
   22403       0.7736
   22404       0.7455
   22405       0.8173
   22406       0.7598
   22407       0.9470
   22408       0.8852
   22409       0.8649
   22410       0.9369
   22411       0.7576
   22412       0.7891
   22413       0.8833
   22414       0.8866
   22415       0.8461
   22416       0.8884
   22417       0.7898
   22418       0.9210
   22419       0.8928
   22420       0.9350
   22421       0.8864
   22422       0.9179
   22423       0.8402
   22424       0.8434
   22425       0.9078
   22426       0.7983
   22427       0.8836
   22428       0.9542
   22429       0.9935
   22430       0.8843
   22431       0.9808
   22432       0.8795
   22433       0.8343
   22434       0.8482
   22435       0.8547
   22436       0.8754
   22437       0.8734
   22438       0.8049
   22439       0.7256
   22440       0.7908
   22441       0.7849
   22442       0.8005
   22443       0.9036
   22444       0.9058
   22445       0.8930
   22446       0.8872
   22447       0.7930
   22448       0.8084
   22449       0.8468
   22450       0.6936
   22451       0.7963
   22452       0.7144
   22453       0.7676
   22454       0.7471
   22455       0.8454
   22456       0.8843
   22457       0.9035
   22458       0.9030
   22459       1.0159
   22460       0.9689
   22461       0.8656
   22462       0.7687
   22463       0.7437
   22464       0.7297
   22465       0.7463
   22466       0.7779
   22467       0.8339
   22468       0.8104
   22469       0.7802
   22470       0.9264
   22471       0.8693
   22472       0.8266
   22473       0.7314
   22474       0.8200
   22475       0.7935
   22476       0.8195
   22477       0.7943
   22478       0.8563
   22479       0.9148
   22480       1.0042
   22481       0.9206
   22482       0.8123
   22483       0.8038
   22484       0.8896
   22485       0.8493
   22486       0.7794
   22487       0.7721
   22488       0.7384
   22489       0.8542
   22490       0.8297
   22491       0.8844
   22492       0.7634
   22493       0.8552
   22494       0.8054
   22495       0.8607
   22496       0.8435
   22497       0.8664
   22498       0.8778
   22499       0.8384
   22500       0.9183
   22501       1.0030
   22502       1.0323
   22503       0.9162
   22504       0.9488
   22505       0.9103
   22506       0.9870
   22507       0.9940
   22508       0.8945
   22509       0.9532
   22510       0.9355
   22511       1.0119
   22512       0.9663
   22513       0.9981
   22514       1.0491
   22515       1.0447
   22516       1.1692
   22517       1.3023
   22518       1.0653
   22519       1.0151
   22520       1.0541
   22521       0.9180
   22522       0.9751
   22523       1.0216
   22524       0.9243
   22525       0.9441
   22526       0.9526
   22527       0.8610
   22528       0.8969
   22529       0.9011
   22530       0.8932
   22531       0.8625
   22532       0.8964
   22533       0.8751
   22534       0.9106
   22535       1.0336
   22536       0.9710
   22537       0.8906
   22538       0.8763
   22539       0.8341
   22540       0.8767
   22541       0.9215
   22542       0.7716
   22543       0.8373
   22544       0.8115
   22545       0.8491
   22546       0.8047
   22547       0.9538
   22548       0.8257
   22549       0.8201
   22550       0.8523
   22551       0.8452
   22552       0.8210
   22553       0.8059
   22554       0.8494
   22555       0.8234
   22556       0.8407
   22557       0.8206
   22558       0.9981
   22559       0.7801
   22560       0.7492
   22561       0.7954
   22562       0.6986
   22563       0.9417
   22564       0.7850
   22565       0.8034
   22566       0.8588
   22567       0.8670
   22568       0.8900
   22569       0.8978
   22570       0.9043
   22571       0.8853
   22572       0.9608
   22573       0.9528
   22574       0.8184
   22575       0.8217
   22576       0.9212
   22577       0.8217
   22578       0.8297
   22579       0.8948
   22580       0.9058
   22581       0.9626
   22582       0.8786
   22583       0.8014
   22584       0.8479
   22585       0.8245
   22586       0.9197
   22587       0.8567
   22588       0.8473
   22589       0.9155
   22590       0.8730
   22591       0.9399
   22592       0.8810
   22593       1.0420
   22594       0.9304
   22595       0.8889
   22596       0.8894
   22597       0.8199
   22598       0.8583
   22599       0.7305
   22600       0.8038
   22601       0.8725
   22602       0.8440
   22603       0.8539
   22604       0.7796
   22605       0.9079
   22606       0.8782
   22607       0.9390
   22608       0.8014
   22609       0.8128
   22610       0.8155
   22611       0.8661
   22612       0.8742
   22613       0.8850
   22614       0.9170
   22615       0.9280
   22616       0.8529
   22617       1.0171
   22618       0.9245
   22619       1.0040
   22620       0.7998
   22621       1.0375
   22622       0.9109
   22623       0.8989
   22624       0.8657
   22625       0.7911
   22626       1.0023
   22627       0.9005
   22628       0.9534
   22629       0.9226
   22630       0.9751
   22631       0.8837
   22632       0.8871
   22633       0.8455
   22634       0.8365
   22635       0.8066
   22636       0.8864
   22637       0.7718
   22638       0.8315
   22639       0.7350
   22640       0.9024
   22641       0.8123
   22642       0.9163
   22643       0.9526
   22644       0.9993
   22645       1.0055
   22646       0.7771
   22647       0.7893
   22648       0.8801
   22649       0.9055
   22650       0.8494
   22651       0.8874
   22652       0.7982
   22653       0.9003
   22654       0.8307
   22655       0.8089
   22656       0.8745
   22657       0.8809
   22658       0.7620
   22659       0.8415
   22660       0.8419
   22661       0.8245
   22662       0.7428
   22663       0.8228
   22664       0.8904
   22665       0.8450
   22666       0.8265
   22667       0.8022
   22668       0.9098
   22669       0.9512
   22670       0.9155
   22671       0.8515
   22672       0.8326
   22673       0.9443
   22674       0.8706
   22675       0.8741
   22676       0.9096
   22677       0.9403
   22678       0.9094
   22679       0.9594
   22680       0.8988
   22681       0.8496
   22682       0.9095
   22683       0.9584
   22684       1.0402
   22685       0.9215
   22686       0.8762
   22687       0.9021
   22688       1.0139
   22689       1.0112
   22690       1.0591
   22691       0.9916
   22692       0.9061
   22693       0.9515
   22694       0.8538
   22695       0.9705
   22696       0.9195
   22697       0.8283
   22698       0.8734
   22699       0.8140
   22700       0.8093
   22701       0.8992
   22702       1.0209
   22703       0.9924
   22704       0.9602
   22705       0.8410
   22706       0.9459
   22707       0.8998
   22708       0.8617
   22709       0.9434
   22710       0.9545
   22711       0.9345
   22712       0.8907
   22713       0.9403
   22714       0.9516
   22715       0.7948
   22716       0.9063
   22717       0.8787
   22718       0.9507
   22719       0.8720
   22720       0.9552
   22721       0.9349
   22722       0.9093
   22723       0.8064
   22724       0.8092
   22725       0.7670
   22726       0.8871
   22727       0.9131
   22728       0.8791
   22729       0.9995
   22730       0.9438
   22731       0.8919
   22732       0.9132
   22733       0.9710
   22734       0.9074
   22735       0.8642
   22736       0.9210
   22737       0.9459
   22738       0.9366
   22739       0.9262
   22740       0.9242
   22741       0.7883
   22742       0.9033
   22743       0.9283
   22744       1.0111
   22745       0.8945
   22746       0.9535
   22747       0.9074
   22748       0.8713
   22749       0.9288
   22750       0.8677
   22751       0.9016
   22752       0.7861
   22753       0.9096
   22754       0.7474
   22755       0.9011
   22756       0.8567
   22757       0.8505
   22758       0.8391
   22759       0.9318
   22760       0.8054
   22761       0.8994
   22762       0.9395
   22763       0.8888
   22764       0.8467
   22765       0.8710
   22766       0.7991
   22767       0.7407
   22768       0.7764
   22769       0.7480
   22770       0.7146
   22771       0.7531
   22772       0.8281
   22773       0.7804
   22774       0.6684
   22775       0.6718
   22776       0.7430
   22777       0.8527
   22778       0.8014
   22779       0.6552
   22780       0.6980
   22781       0.7180
   22782       0.6972
   22783       0.6427
   22784       0.7266
   22785       0.8219
   22786       0.7706
   22787       0.7841
   22788       0.7522
   22789       0.8052
   22790       1.0204
   22791       0.8536
   22792       0.8579
   22793       1.0069
   22794       0.9558
   22795       0.9254
   22796       0.8216
   22797       0.8640
   22798       0.8668
   22799       0.8430
   22800       0.8211
   22801       0.7991
   22802       0.7932
   22803       0.7114
   22804       0.7381
   22805       0.7891
   22806       0.7574
   22807       0.8335
   22808       0.8044
   22809       0.8224
   22810       0.7404
   22811       0.8464
   22812       0.7496
   22813       0.7100
   22814       0.8341
   22815       0.9277
   22816       0.7441
   22817       0.7699
   22818       0.8516
   22819       0.8323
   22820       0.8539
   22821       0.7925
   22822       0.7923
   22823       0.7613
   22824       0.8313
   22825       0.7608
   22826       0.7926
   22827       0.8046
   22828       0.7861
   22829       0.7991
   22830       0.8307
   22831       0.7446
   22832       0.7759
   22833       0.8726
   22834       0.8356
   22835       0.7212
   22836       0.8196
   22837       0.7559
   22838       0.6748
   22839       0.7705
   22840       0.7232
   22841       0.8568
   22842       0.7578
   22843       0.7460
   22844       0.7485
   22845       0.7342
   22846       0.7876
   22847       0.7099
   22848       0.7399
   22849       0.8664
   22850       0.8035
   22851       0.7697
   22852       0.8476
   22853       0.7687
   22854       0.8029
   22855       0.6922
   22856       0.6954
   22857       0.7664
   22858       0.7209
   22859       0.8233
   22860       0.6882
   22861       0.7306
   22862       0.8087
   22863       0.7175
   22864       0.7187
   22865       0.7174
   22866       0.7196
   22867       0.7087
   22868       0.8210
   22869       0.8437
   22870       0.8781
   22871       0.7995
   22872       0.7598
   22873       0.7711
   22874       0.7950
   22875       0.9298
   22876       0.9764
   22877       0.9482
   22878       0.8443
   22879       0.9250
   22880       0.8069
   22881       0.8759
   22882       0.7725
   22883       0.8661
   22884       0.8715
   22885       0.8458
   22886       0.8027
   22887       0.7575
   22888       0.7719
   22889       0.8774
   22890       0.8645
   22891       0.8550
   22892       0.8911
   22893       0.8547
   22894       0.7977
   22895       0.8711
   22896       0.9366
   22897       0.8436
   22898       0.8196
   22899       0.9555
   22900       0.8757
   22901       0.8357
   22902       0.8217
   22903       0.8976
   22904       0.8135
   22905       0.8061
   22906       0.7461
   22907       0.7142
   22908       0.8441
   22909       0.7744
   22910       0.7941
   22911       0.7886
   22912       0.7708
   22913       0.7427
   22914       0.7469
   22915       0.7652
   22916       0.8148
   22917       0.8526
   22918       0.8953
   22919       0.8164
   22920       0.8371
   22921       0.8251
   22922       0.7869
   22923       0.9457
   22924       0.8923
   22925       0.8736
   22926       0.9444
   22927       0.9905
   22928       0.8305
   22929       0.8344
   22930       0.9153
   22931       0.9860
   22932       0.9029
   22933       0.9083
   22934       0.9790
   22935       0.9629
   22936       0.9628
   22937       0.8644
   22938       0.8710
   22939       0.8476
   22940       0.9057
   22941       0.8241
   22942       0.8148
   22943       0.8452
   22944       0.7958
   22945       0.8899
   22946       0.7954
   22947       0.8004
   22948       0.8002
   22949       0.8013
   22950       0.8559
   22951       0.8576
   22952       0.8189
   22953       0.8538
   22954       0.8602
   22955       0.9171
   22956       0.7049
   22957       0.8251
   22958       0.8028
   22959       0.6888
   22960       0.7542
   22961       0.8284
   22962       0.7585
   22963       0.6654
   22964       0.7336
   22965       0.7705
   22966       0.7736
   22967       0.8544
   22968       0.8971
   22969       0.7987
   22970       0.8420
   22971       0.9535
   22972       0.9355
   22973       0.9473
   22974       0.9325
   22975       1.0217
   22976       0.9104
   22977       1.0163
   22978       1.0440
   22979       0.9411
   22980       1.0144
   22981       0.9718
   22982       1.0302
   22983       0.9250
   22984       0.9783
   22985       0.9419
   22986       0.9705
   22987       0.9516
   22988       0.9546
   22989       0.8353
   22990       0.7665
   22991       0.8715
   22992       0.7447
   22993       0.7976
   22994       0.9305
   22995       0.8801
   22996       0.7393
   22997       0.7644
   22998       0.8678
   22999       0.8116
   23000       0.8395
   23001       0.8098
   23002       0.8965
   23003       0.8529
   23004       0.8482
   23005       0.7847
   23006       0.7428
   23007       0.8119
   23008       0.8328
   23009       0.8749
   23010       0.6516
   23011       0.7148
   23012       0.8430
   23013       0.8276
   23014       0.8657
   23015       0.7953
   23016       0.7920
   23017       0.7842
   23018       0.8214
   23019       0.8181
   23020       0.7111
   23021       0.8511
   23022       0.7145
   23023       0.7814
   23024       0.7376
   23025       0.8281
   23026       0.8003
   23027       0.8370
   23028       0.8006
   23029       0.8527
   23030       0.8987
   23031       0.8827
   23032       0.9127
   23033       0.9301
   23034       0.9757
   23035       0.9464
   23036       1.0222
   23037       0.9442
   23038       0.8687
   23039       0.8052
   23040       0.7612
   23041       0.7472
   23042       0.8744
   23043       0.8830
   23044       0.8445
   23045       0.9325
   23046       0.9207
   23047       0.9062
   23048       0.8592
   23049       0.9000
   23050       0.8921
   23051       0.7446
   23052       0.8008
   23053       0.8406
   23054       0.7715
   23055       0.7861
   23056       0.7305
   23057       0.8593
   23058       0.9139
   23059       0.8374
   23060       0.7529
   23061       0.7633
   23062       0.7478
   23063       0.8429
   23064       0.6669
   23065       0.7038
   23066       0.8997
   23067       0.9119
   23068       0.7972
   23069       0.8004
   23070       0.7805
   23071       0.7554
   23072       0.7073
   23073       0.7917
   23074       0.8099
   23075       0.7161
   23076       0.6912
   23077       0.7686
   23078       0.7942
   23079       0.8982
   23080       0.8344
   23081       0.8695
   23082       0.9503
   23083       0.8763
   23084       0.8753
   23085       0.8636
   23086       0.9074
   23087       0.8030
   23088       0.8159
   23089       0.9151
   23090       0.7542
   23091       0.8243
   23092       0.8538
   23093       0.9235
   23094       0.8262
   23095       0.8317
   23096       0.7802
   23097       0.8728
   23098       0.7487
   23099       0.8814
   23100       0.8745
   23101       0.9067
   23102       0.8705
   23103       0.8674
   23104       0.9281
   23105       0.8635
   23106       0.8602
   23107       0.9474
   23108       0.9339
   23109       0.8957
   23110       0.8481
   23111       0.9754
   23112       0.8352
   23113       0.9803
   23114       1.0090
   23115       0.9419
   23116       0.9761
   23117       0.8828
   23118       0.7997
   23119       0.8325
   23120       0.7255
   23121       0.7493
   23122       0.8080
   23123       0.7883
   23124       0.8125
   23125       0.8506
   23126       0.8336
   23127       0.9736
   23128       0.8262
   23129       0.8421
   23130       0.8093
   23131       0.7492
   23132       0.8447
   23133       0.8350
   23134       0.7231
   23135       0.8075
   23136       0.7942
   23137       0.7314
   23138       0.8016
   23139       0.7996
   23140       0.9191
   23141       0.8466
   23142       0.9926
   23143       0.8939
   23144       0.8341
   23145       0.9103
   23146       0.8542
   23147       0.8196
   23148       0.7888
   23149       0.9056
   23150       0.7885
   23151       0.8373
   23152       0.8095
   23153       0.8191
   23154       0.7430
   23155       0.7649
   23156       0.6701
   23157       0.8490
   23158       0.7030
   23159       0.7078
   23160       0.7677
   23161       0.7780
   23162       0.7454
   23163       0.7835
   23164       0.7655
   23165       0.7908
   23166       0.8007
   23167       0.7665
   23168       0.8532
   23169       0.9083
   23170       0.8916
   23171       0.9469
   23172       0.9330
   23173       0.8726
   23174       0.8380
   23175       0.8914
   23176       0.9094
   23177       0.8742
   23178       0.7390
   23179       0.7777
   23180       0.7752
   23181       0.7240
   23182       0.7565
   23183       0.8870
   23184       0.9727
   23185       0.9589
   23186       0.9357
   23187       0.8503
   23188       0.8709
   23189       0.8051
   23190       0.8776
   23191       0.7470
   23192       0.8705
   23193       0.9648
   23194       0.8247
   23195       0.7648
   23196       0.7996
   23197       0.7629
   23198       0.7380
   23199       0.7818
   23200       0.9097
   23201       0.8338
   23202       0.7932
   23203       0.8073
   23204       0.8862
   23205       0.7538
   23206       0.8585
   23207       0.7675
   23208       0.8067
   23209       0.8330
   23210       0.8957
   23211       0.8699
   23212       0.8001
   23213       0.6921
   23214       0.7476
   23215       0.8171
   23216       0.9078
   23217       0.8476
   23218       0.8219
   23219       0.8101
   23220       0.8164
   23221       0.8665
   23222       0.8259
   23223       0.8569
   23224       0.7313
   23225       0.8090
   23226       0.8050
   23227       0.8488
   23228       0.8160
   23229       0.8313
   23230       0.7796
   23231       0.7518
   23232       0.7863
   23233       0.7852
   23234       0.8105
   23235       0.7846
   23236       0.7864
   23237       0.8065
   23238       0.7562
   23239       0.7698
   23240       0.7715
   23241       0.8004
   23242       0.8931
   23243       0.9244
   23244       0.9952
   23245       0.9220
   23246       0.8736
   23247       0.8387
   23248       0.7970
   23249       0.8710
   23250       0.8253
   23251       0.8213
   23252       0.8775
   23253       0.8853
   23254       0.8917
   23255       0.9326
   23256       0.7920
   23257       0.7643
   23258       0.7935
   23259       0.8750
   23260       0.7479
   23261       0.8854
   23262       0.9061
   23263       0.9720
   23264       0.7846
   23265       0.8016
   23266       0.8337
   23267       0.8664
   23268       0.8305
   23269       0.7882
   23270       0.8497
   23271       0.8203
   23272       0.7898
   23273       0.9143
   23274       0.8269
   23275       0.7336
   23276       0.8504
   23277       0.7965
   23278       0.8634
   23279       0.7621
   23280       0.7543
   23281       0.7548
   23282       0.7613
   23283       0.8907
   23284       0.9540
   23285       0.9071
   23286       0.8829
   23287       0.8267
   23288       0.8014
   23289       0.7792
   23290       0.7399
   23291       0.8451
   23292       0.8095
   23293       0.8475
   23294       0.8231
   23295       0.8196
   23296       0.9266
   23297       0.8943
   23298       0.8147
   23299       0.8294
   23300       0.8047
   23301       0.8193
   23302       0.7911
   23303       0.7847
   23304       0.8327
   23305       0.8443
   23306       0.8026
   23307       0.7844
   23308       0.8167
   23309       0.7260
   23310       0.8165
   23311       0.7498
   23312       0.8447
   23313       0.7747
   23314       0.8415
   23315       0.8113
   23316       0.8719
   23317       0.8990
   23318       0.8304
   23319       0.8813
   23320       0.8441
   23321       0.8189
   23322       0.7570
   23323       0.8871
   23324       0.8620
   23325       0.8659
   23326       0.7699
   23327       0.7084
   23328       0.7689
   23329       0.6983
   23330       0.7073
   23331       0.8288
   23332       0.8297
   23333       0.8445
   23334       0.8492
   23335       0.7953
   23336       0.7843
   23337       0.7983
   23338       0.7934
   23339       0.8628
   23340       0.9046
   23341       0.9482
   23342       0.8812
   23343       0.7827
   23344       0.7548
   23345       0.8660
   23346       0.7658
   23347       0.7712
   23348       0.7661
   23349       0.7684
   23350       0.7899
   23351       0.7202
   23352       0.9095
   23353       0.9580
   23354       0.7862
   23355       0.9564
   23356       0.8066
   23357       0.8545
   23358       0.7693
   23359       0.8520
   23360       0.7525
   23361       0.8205
   23362       0.8115
   23363       0.7371
   23364       0.7429
   23365       0.7505
   23366       0.7717
   23367       0.8022
   23368       0.8666
   23369       0.8016
   23370       0.8469
   23371       0.7374
   23372       0.7601
   23373       0.8428
   23374       0.7072
   23375       0.7969
   23376       0.7351
   23377       0.6932
   23378       0.7427
   23379       0.7005
   23380       0.7768
   23381       0.6494
   23382       0.6863
   23383       0.7320
   23384       0.7021
   23385       0.8029
   23386       0.7728
   23387       0.7796
   23388       0.7998
   23389       0.7675
   23390       0.9039
   23391       0.7828
   23392       0.8472
   23393       0.7443
   23394       0.7539
   23395       0.7426
   23396       0.7046
   23397       0.7655
   23398       0.7288
   23399       0.8032
   23400       0.8226
   23401       0.6887
   23402       0.7297
   23403       0.7015
   23404       0.7162
   23405       0.6958
   23406       0.7349
   23407       0.7530
   23408       0.7312
   23409       0.7870
   23410       0.7986
   23411       0.8073
   23412       0.8390
   23413       0.8229
   23414       0.7865
   23415       0.7769
   23416       0.8317
   23417       0.8366
   23418       0.7978
   23419       0.9577
   23420       0.8064
   23421       0.8170
   23422       0.9543
   23423       0.9671
   23424       0.8347
   23425       1.0153
   23426       0.9561
   23427       0.9138
   23428       0.8844
   23429       0.9334
   23430       1.0056
   23431       1.0430
   23432       0.8819
   23433       0.8530
   23434       0.7993
   23435       0.7366
   23436       0.7551
   23437       0.7381
   23438       0.8530
   23439       0.8298
   23440       0.8696
   23441       0.8258
   23442       0.9505
   23443       0.8035
   23444       0.9038
   23445       0.9056
   23446       0.9133
   23447       1.0325
   23448       1.0018
   23449       0.8504
   23450       0.9278
   23451       0.8891
   23452       0.8812
   23453       0.9130
   23454       0.9182
   23455       0.9931
   23456       0.8700
   23457       0.8321
   23458       0.9004
   23459       0.8735
   23460       0.8141
   23461       0.8818
   23462       0.9021
   23463       0.9305
   23464       0.9443
   23465       0.9177
   23466       0.9315
   23467       0.8423
   23468       0.9246
   23469       0.8431
   23470       0.7763
   23471       0.9000
   23472       0.8175
   23473       0.8313
   23474       0.8345
   23475       0.8952
   23476       0.8890
   23477       0.9208
   23478       0.8685
   23479       0.8756
   23480       0.8787
   23481       0.8952
   23482       0.8683
   23483       0.9730
   23484       0.8369
   23485       0.9003
   23486       0.8720
   23487       0.8893
   23488       0.8025
   23489       0.9428
   23490       0.9174
   23491       0.7408
   23492       0.8978
   23493       0.8488
   23494       0.8606
   23495       0.8277
   23496       0.8313
   23497       0.8644
   23498       0.7509
   23499       0.7660
   23500       0.8185
   23501       0.7819
   23502       0.8208
   23503       0.9038
   23504       0.8508
   23505       0.8736
   23506       0.9215
   23507       0.8680
   23508       0.8824
   23509       0.9030
   23510       0.8591
   23511       0.8343
   23512       0.7959
   23513       0.8138
   23514       0.8973
   23515       0.8115
   23516       0.8428
   23517       0.9678
   23518       0.9209
   23519       0.8460
   23520       1.0224
   23521       0.9146
   23522       0.8713
   23523       0.7866
   23524       0.9128
   23525       0.7882
   23526       0.7811
   23527       0.8208
   23528       0.8167
   23529       0.8412
   23530       0.8457
   23531       0.8985
   23532       0.7877
   23533       0.8789
   23534       0.8802
   23535       0.8884
   23536       0.9454
   23537       0.8956
   23538       0.7994
   23539       0.9272
   23540       0.8937
   23541       0.9110
   23542       0.9133
   23543       0.7811
   23544       0.7713
   23545       0.7863
   23546       0.9006
   23547       0.9089
   23548       0.8121
   23549       0.8917
   23550       0.8496
   23551       0.7594
   23552       0.9186
   23553       0.9095
   23554       0.8489
   23555       0.8748
   23556       0.8226
   23557       0.7750
   23558       0.8643
   23559       0.7689
   23560       0.7509
   23561       0.8188
   23562       0.7401
   23563       0.7803
   23564       0.7582
   23565       0.7544
   23566       0.8995
   23567       0.8035
   23568       0.8300
   23569       0.8369
   23570       0.7747
   23571       0.7998
   23572       0.8098
   23573       0.7511
   23574       0.8842
   23575       0.9301
   23576       0.8663
   23577       0.9485
   23578       1.0295
   23579       0.8595
   23580       0.8210
   23581       0.9460
   23582       0.9357
   23583       0.8005
   23584       0.8596
   23585       0.9105
   23586       0.9847
   23587       1.0095
   23588       1.0548
   23589       1.0295
   23590       1.1726
   23591       1.0242
   23592       0.9647
   23593       0.9197
   23594       0.7913
   23595       0.9377
   23596       0.8908
   23597       0.8930
   23598       0.8559
   23599       0.8407
   23600       0.8525
   23601       0.8863
   23602       1.1311
   23603       0.9130
   23604       0.8954
   23605       1.0866
   23606       0.9525
   23607       0.8609
   23608       0.9164
   23609       0.8433
   23610       0.9002
   23611       0.7915
   23612       0.8829
   23613       0.8168
   23614       0.8288
   23615       0.9437
   23616       1.0542
   23617       0.9149
   23618       0.9472
   23619       1.0897
   23620       0.8667
   23621       0.9107
   23622       0.7931
   23623       0.7820
   23624       0.8634
   23625       0.8381
   23626       0.7979
   23627       0.9247
   23628       0.9178
   23629       0.8852
   23630       0.8533
   23631       0.8869
   23632       0.9452
   23633       0.8553
   23634       0.9626
   23635       0.9297
   23636       0.9943
   23637       0.8453
   23638       0.8647
   23639       0.8258
   23640       0.8042
   23641       0.8385
   23642       0.8899
   23643       0.9657
   23644       0.9248
   23645       0.8113
   23646       0.9091
   23647       1.0369
   23648       1.0630
   23649       0.9417
   23650       0.9218
   23651       0.9099
   23652       0.9338
   23653       0.9489
   23654       0.9074
   23655       1.0199
   23656       0.9647
   23657       0.9726
   23658       0.9872
   23659       0.9510
   23660       0.9017
   23661       0.8637
   23662       0.8101
   23663       0.9203
   23664       0.7826
   23665       0.8462
   23666       0.8879
   23667       0.8021
   23668       0.8706
   23669       0.8895
   23670       0.8596
   23671       0.8365
   23672       0.8609
   23673       0.8842
   23674       0.8918
   23675       0.9312
   23676       0.9985
   23677       1.0760
   23678       0.9128
   23679       0.9051
   23680       0.8756
   23681       0.8652
   23682       0.9515
   23683       0.8064
   23684       0.9321
   23685       0.7874
   23686       0.8094
   23687       0.7673
   23688       0.7916
   23689       0.8832
   23690       0.8361
   23691       0.9298
   23692       0.9021
   23693       0.9622
   23694       0.9792
   23695       0.8649
   23696       0.7372
   23697       0.8264
   23698       0.8585
   23699       0.8437
   23700       0.9270
   23701       0.9494
   23702       0.9283
   23703       0.8917
   23704       0.8833
   23705       0.8342
   23706       0.8450
   23707       0.8472
   23708       0.8787
   23709       0.8205
   23710       0.8242
   23711       0.7572
   23712       0.8582
   23713       0.8792
   23714       0.9154
   23715       0.9167
   23716       0.9712
   23717       0.9834
   23718       0.9345
   23719       0.9637
   23720       1.0482
   23721       0.9456
   23722       0.8665
   23723       0.8801
   23724       0.9413
   23725       1.0156
   23726       1.1292
   23727       0.9910
   23728       0.9693
   23729       0.9948
   23730       0.9598
   23731       0.9013
   23732       0.9205
   23733       0.9816
   23734       0.9385
   23735       0.9679
   23736       0.9381
   23737       0.9529
   23738       0.9256
   23739       1.0190
   23740       0.9960
   23741       1.0130
   23742       1.0930
   23743       1.0922
   23744       0.9805
   23745       1.0344
   23746       0.8838
   23747       0.9726
   23748       1.0185
   23749       1.0175
   23750       1.0232
   23751       0.9636
   23752       0.9687
   23753       1.0593
   23754       1.0386
   23755       0.9477
   23756       0.9776
   23757       1.0349
   23758       1.0126
   23759       1.0598
   23760       0.9305
   23761       1.0562
   23762       1.0866
   23763       1.0729
   23764       1.0099
   23765       0.9236
   23766       0.8924
   23767       0.8835
   23768       0.8608
   23769       0.9084
   23770       0.8582
   23771       0.8380
   23772       0.9096
   23773       0.8260
   23774       0.8767
   23775       0.8549
   23776       0.8582
   23777       1.0210
   23778       1.0277
   23779       0.7690
   23780       0.7711
   23781       0.8797
   23782       0.8517
   23783       1.0667
   23784       1.0181
   23785       0.9977
   23786       0.9435
   23787       1.0908
   23788       1.0244
   23789       0.9601
   23790       0.9741
   23791       0.9196
   23792       0.8893
   23793       1.0174
   23794       0.9514
   23795       1.1278
   23796       0.9928
   23797       0.9441
   23798       0.9622
   23799       0.9382
   23800       0.8827
   23801       0.9436
   23802       0.9500
   23803       0.9919
   23804       0.7923
   23805       0.9356
   23806       0.8025
   23807       0.8487
   23808       0.8271
   23809       0.9419
   23810       0.9083
   23811       0.9575
   23812       0.8656
   23813       0.9404
   23814       0.9118
   23815       0.8595
   23816       0.8306
   23817       0.9285
   23818       0.9286
   23819       0.9139
   23820       0.9383
   23821       1.0647
   23822       1.0141
   23823       0.8992
   23824       0.9853
   23825       0.9545
   23826       0.9646
   23827       0.8634
   23828       0.9435
   23829       0.9119
   23830       0.9273
   23831       0.9027
   23832       0.7846
   23833       0.8630
   23834       0.7851
   23835       0.7979
   23836       0.9038
   23837       0.7840
   23838       0.8463
   23839       0.8219
   23840       0.9518
   23841       0.9066
   23842       0.9472
   23843       0.9288
   23844       0.8018
   23845       0.8929
   23846       0.8898
   23847       0.8800
   23848       0.8776
   23849       0.8454
   23850       0.9255
   23851       0.8609
   23852       0.8998
   23853       0.9249
   23854       0.8284
   23855       0.9543
   23856       0.8870
   23857       0.8314
   23858       0.9522
   23859       0.9094
   23860       0.9950
   23861       0.9640
   23862       1.0165
   23863       0.8990
   23864       0.9997
   23865       1.0215
   23866       0.8370
   23867       0.8560
   23868       0.8323
   23869       0.8938
   23870       0.9286
   23871       0.8766
   23872       1.0135
   23873       0.9548
   23874       0.8741
   23875       0.8360
   23876       0.8845
   23877       1.0370
   23878       1.1045
   23879       1.0608
   23880       1.0710
   23881       1.0869
   23882       1.0750
   23883       1.0708
   23884       0.9602
   23885       0.9822
   23886       0.9733
   23887       0.9337
   23888       0.9828
   23889       1.0768
   23890       1.0672
   23891       1.1530
   23892       1.0766
   23893       1.0662
   23894       1.0595
   23895       0.9915
   23896       0.9406
   23897       0.9814
   23898       0.9784
   23899       1.0331
   23900       1.0431
   23901       0.9556
   23902       0.9946
   23903       1.0450
   23904       0.9662
   23905       0.8944
   23906       1.0322
   23907       0.9586
   23908       0.9483
   23909       0.9019
   23910       0.9072
   23911       0.9034
   23912       0.9610
   23913       0.8528
   23914       0.8571
   23915       0.8894
   23916       0.9327
   23917       1.0707
   23918       1.0044
   23919       0.9493
   23920       0.9443
   23921       0.9838
   23922       0.9236
   23923       0.9572
   23924       1.0689
   23925       0.9696
   23926       0.9421
   23927       0.9136
   23928       0.9105
   23929       0.8755
   23930       0.9074
   23931       0.9195
   23932       0.8758
   23933       0.9216
   23934       0.9009
   23935       0.8738
   23936       0.9153
   23937       0.9744
   23938       0.9562
   23939       1.0254
   23940       0.9846
   23941       1.0103
   23942       0.9011
   23943       0.9316
   23944       0.9612
   23945       0.8922
   23946       0.8746
   23947       0.9117
   23948       0.9714
   23949       0.8907
   23950       0.8930
   23951       0.9055
   23952       0.8669
   23953       0.9531
   23954       0.9542
   23955       0.9642
   23956       0.8766
   23957       0.9243
   23958       0.8910
   23959       0.9059
   23960       0.9779
   23961       0.9421
   23962       0.8323
   23963       0.9708
   23964       0.8043
   23965       0.8420
   23966       0.9196
   23967       0.9068
   23968       0.8903
   23969       0.8826
   23970       0.8876
   23971       0.8995
   23972       0.9205
   23973       0.8493
   23974       0.8387
   23975       0.8693
   23976       0.7613
   23977       0.6876
   23978       0.8263
   23979       0.8586
   23980       0.7946
   23981       0.8525
   23982       0.9090
   23983       0.9096
   23984       1.0266
   23985       0.8399
   23986       0.9339
   23987       0.8284
   23988       0.8943
   23989       0.8281
   23990       0.8169
   23991       0.8804
   23992       0.9124
   23993       0.8716
   23994       0.8605
   23995       0.9199
   23996       0.9329
   23997       1.0891
   23998       1.1087
   23999       0.9790
   24000       0.8080
   24001       0.8326
   24002       0.8776
   24003       0.9540
   24004       1.0599
   24005       0.9445
   24006       0.9354
   24007       0.8896
   24008       0.8269
   24009       0.8270
   24010       0.8183
   24011       0.8236
   24012       0.8658
   24013       0.8243
   24014       0.8597
   24015       0.8402
   24016       0.7892
   24017       0.8637
   24018       0.8472
   24019       0.7888
   24020       0.7848
   24021       0.7618
   24022       0.7973
   24023       0.8820
   24024       0.9397
   24025       0.8281
   24026       0.9594
   24027       0.9014
   24028       0.8433
   24029       0.8974
   24030       0.8400
   24031       0.8700
   24032       0.8784
   24033       0.8517
   24034       0.8609
   24035       0.9723
   24036       0.8572
   24037       1.0146
   24038       0.9955
   24039       0.9036
   24040       0.8970
   24041       0.8162
   24042       0.8618
   24043       1.0204
   24044       1.0515
   24045       1.0676
   24046       1.0560
   24047       0.9592
   24048       0.9074
   24049       0.8254
   24050       0.8693
   24051       0.8980
   24052       1.0281
   24053       0.8811
   24054       0.9034
   24055       0.8808
   24056       0.9378
   24057       0.9578
   24058       0.9689
   24059       0.9239
   24060       0.9717
   24061       0.8470
   24062       0.8575
   24063       0.9890
   24064       0.9276
   24065       0.9061
   24066       0.8995
   24067       0.8827
   24068       0.8919
   24069       1.0330
   24070       0.9780
   24071       0.9681
   24072       0.8810
   24073       0.9593
   24074       0.9609
   24075       0.9456
   24076       0.9255
   24077       0.9059
   24078       0.8985
   24079       0.8862
   24080       0.8481
   24081       0.8996
   24082       0.8909
   24083       0.8750
   24084       0.8245
   24085       0.8689
   24086       0.7835
   24087       0.9143
   24088       0.8726
   24089       0.8830
   24090       0.9313
   24091       0.8860
   24092       0.9274
   24093       0.9043
   24094       0.7971
   24095       0.8835
   24096       0.8912
   24097       0.8145
   24098       0.8714
   24099       0.9375
   24100       0.9670
   24101       1.0460
   24102       1.0048
   24103       0.9810
   24104       1.0858
   24105       1.0385
   24106       0.9967
   24107       0.9516
   24108       0.9670
   24109       1.0661
   24110       1.0368
   24111       1.0043
   24112       1.0172
   24113       0.9949
   24114       1.0213
   24115       1.0404
   24116       1.0592
   24117       1.0132
   24118       1.0682
   24119       1.0566
   24120       1.0272
   24121       1.0737
   24122       0.9247
   24123       0.8715
   24124       1.0317
   24125       0.9373
   24126       0.9955
   24127       1.0759
   24128       1.0395
   24129       0.9676
   24130       0.9161
   24131       0.9030
   24132       0.9337
   24133       1.0378
   24134       0.8887
   24135       0.8603
   24136       0.9020
   24137       0.9886
   24138       0.9247
   24139       0.9412
   24140       0.8677
   24141       0.8782
   24142       1.0412
   24143       0.9634
   24144       1.1347
   24145       1.0525
   24146       1.1715
   24147       0.9498
   24148       1.0443
   24149       1.0379
   24150       0.9011
   24151       0.9970
   24152       1.0603
   24153       1.1351
   24154       1.0228
   24155       1.0179
   24156       0.9675
   24157       0.9421
   24158       0.9714
   24159       1.0857
   24160       1.0698
   24161       0.9506
   24162       0.8866
   24163       0.9812
   24164       0.9612
   24165       0.9300
   24166       0.9549
   24167       0.9205
   24168       0.9718
   24169       1.0382
   24170       1.0265
   24171       1.0131
   24172       0.8379
   24173       0.8770
   24174       0.9201
   24175       0.8101
   24176       0.8527
   24177       0.8544
   24178       0.9236
   24179       0.8737
   24180       1.0172
   24181       0.8898
   24182       0.9327
   24183       0.9492
   24184       1.0334
   24185       0.9353
   24186       0.8957
   24187       0.9043
   24188       0.9326
   24189       1.0418
   24190       0.8901
   24191       0.8712
   24192       0.8992
   24193       0.9870
   24194       1.0461
   24195       0.9896
   24196       0.9386
   24197       0.8806
   24198       0.9270
   24199       0.7810
   24200       0.8226
   24201       0.8243
   24202       0.8621
   24203       0.8511
   24204       0.8454
   24205       0.9166
   24206       0.9506
   24207       0.8930
   24208       0.8994
   24209       0.8666
   24210       0.8863
   24211       0.8717
   24212       1.0089
   24213       1.0556
   24214       1.0150
   24215       1.0664
   24216       0.9421
   24217       0.9055
   24218       0.9119
   24219       0.8071
   24220       0.8511
   24221       0.9425
   24222       0.9638
   24223       0.9011
   24224       1.0449
   24225       0.9347
   24226       0.8931
   24227       0.9999
   24228       1.0646
   24229       1.0700
   24230       1.0387
   24231       1.0318
   24232       1.0108
   24233       0.9361
   24234       0.9837
   24235       0.9397
   24236       0.9518
   24237       0.8745
   24238       0.9692
   24239       1.0184
   24240       0.9286
   24241       0.8626
   24242       0.9934
   24243       0.9678
   24244       1.0102
   24245       1.0033
   24246       0.8962
   24247       0.7781
   24248       0.9203
   24249       0.7957
   24250       0.8049
   24251       0.8745
   24252       0.8455
   24253       0.7881
   24254       0.7220
   24255       0.7978
   24256       0.7989
   24257       0.8688
   24258       0.8206
   24259       0.9063
   24260       0.8937
   24261       0.8344
   24262       0.9154
   24263       0.9467
   24264       0.8885
   24265       0.8723
   24266       0.9321
   24267       0.8338
   24268       0.7889
   24269       0.8500
   24270       0.8268
   24271       0.8699
   24272       0.8773
   24273       0.9699
   24274       0.9086
   24275       0.8762
   24276       0.9074
   24277       0.9781
   24278       0.9915
   24279       0.9387
   24280       0.9249
   24281       0.8554
   24282       0.8531
   24283       0.8220
   24284       0.8982
   24285       0.8941
   24286       0.8363
   24287       0.8913
   24288       0.9678
   24289       0.9531
   24290       0.9502
   24291       0.8531
   24292       0.9170
   24293       0.7603
   24294       0.8724
   24295       0.9849
   24296       0.9598
   24297       0.8851
   24298       0.9685
   24299       0.9758
   24300       0.8749
   24301       0.9872
   24302       0.8751
   24303       0.8913
   24304       0.9358
   24305       0.7922
   24306       0.8152
   24307       0.7589
   24308       0.8366
   24309       0.7784
   24310       0.9008
   24311       0.9607
   24312       0.9618
   24313       0.9677
   24314       0.8992
   24315       0.9261
   24316       0.9393
   24317       0.9081
   24318       0.8929
   24319       1.0332
   24320       0.8990
   24321       0.8279
   24322       0.9041
   24323       0.8270
   24324       0.9463
   24325       0.7972
   24326       0.7721
   24327       0.7527
   24328       0.8415
   24329       0.8095
   24330       0.8176
   24331       0.8311
   24332       0.8285
   24333       0.8016
   24334       0.9030
   24335       0.8927
   24336       0.7816
   24337       0.8233
   24338       0.8349
   24339       0.9234
   24340       0.8304
   24341       0.8855
   24342       0.7887
   24343       0.7393
   24344       0.8776
   24345       0.8105
   24346       0.8344
   24347       0.8655
   24348       0.8032
   24349       0.8654
   24350       0.8484
   24351       0.8165
   24352       0.7858
   24353       0.7711
   24354       0.8131
   24355       0.8666
   24356       0.8098
   24357       0.7631
   24358       0.8508
   24359       0.7756
   24360       0.8729
   24361       0.8327
   24362       0.9474
   24363       0.8667
   24364       0.9114
   24365       0.8714
   24366       0.8984
   24367       0.9095
   24368       0.8602
   24369       0.8642
   24370       0.8498
   24371       0.9145
   24372       0.8559
   24373       0.8734
   24374       0.8858
   24375       0.9076
   24376       0.9610
   24377       1.0271
   24378       0.7985
   24379       0.8859
   24380       0.8291
   24381       0.9301
   24382       0.7946
   24383       0.8613
   24384       0.7955
   24385       0.8805
   24386       0.8839
   24387       0.9610
   24388       0.8628
   24389       0.8871
   24390       0.9028
   24391       0.8953
   24392       0.9511
   24393       0.9086
   24394       0.8847
   24395       0.9591
   24396       0.9976
   24397       0.9319
   24398       0.9915
   24399       0.8562
   24400       0.9568
   24401       0.9543
   24402       0.9044
   24403       0.8616
   24404       0.8423
   24405       0.8722
   24406       0.8472
   24407       0.8249
   24408       0.8378
   24409       0.8886
   24410       0.8719
   24411       0.8731
   24412       0.8136
   24413       0.8411
   24414       0.8933
   24415       0.9258
   24416       0.8010
   24417       0.7896
   24418       0.7935
   24419       0.7892
   24420       0.8881
   24421       0.8425
   24422       0.8924
   24423       0.9501
   24424       0.7682
   24425       0.8483
   24426       0.7989
   24427       0.8992
   24428       0.7842
   24429       0.7983
   24430       0.7219
   24431       0.7569
   24432       0.9169
   24433       0.7707
   24434       0.8881
   24435       0.7859
   24436       0.7384
   24437       0.7589
   24438       0.8248
   24439       0.8031
   24440       0.8734
   24441       0.9030
   24442       0.8729
   24443       0.8749
   24444       0.7937
   24445       0.7767
   24446       0.8030
   24447       0.8529
   24448       0.7219
   24449       0.8803
   24450       0.8643
   24451       0.8606
   24452       0.7710
   24453       0.8545
   24454       0.8409
   24455       0.7355
   24456       0.8294
   24457       0.8618
   24458       0.7387
   24459       0.8136
   24460       0.8742
   24461       0.8250
   24462       0.7349
   24463       0.6863
   24464       0.7337
   24465       0.7300
   24466       0.7612
   24467       0.7141
   24468       0.7490
   24469       0.8368
   24470       0.8587
   24471       0.9351
   24472       0.7929
   24473       0.7998
   24474       0.7454
   24475       0.8545
   24476       0.7679
   24477       0.7214
   24478       0.7829
   24479       0.8277
   24480       0.7736
   24481       0.7075
   24482       0.8413
   24483       0.7918
   24484       0.8708
   24485       0.8370
   24486       0.7619
   24487       0.7895
   24488       0.6944
   24489       0.8247
   24490       0.8428
   24491       0.8147
   24492       0.8812
   24493       0.8900
   24494       0.8474
   24495       0.7118
   24496       0.9046
   24497       0.9893
   24498       0.9101
   24499       0.9163
   24500       0.7735
   24501       0.8195
   24502       0.8336
   24503       0.7844
   24504       0.7798
   24505       0.7786
   24506       0.8538
   24507       0.8825
   24508       0.8898
   24509       0.8559
   24510       0.8982
   24511       0.7623
   24512       0.7450
   24513       0.7792
   24514       0.7327
   24515       0.8221
   24516       0.7594
   24517       0.7985
   24518       0.7791
   24519       0.7836
   24520       0.7835
   24521       0.7510
   24522       0.8388
   24523       0.7216
   24524       0.7659
   24525       0.8088
   24526       0.8232
   24527       0.8412
   24528       0.7458
   24529       0.8285
   24530       0.8400
   24531       0.8912
   24532       0.8473
   24533       0.8148
   24534       0.8646
   24535       0.8695
   24536       0.8747
   24537       0.8882
   24538       0.8182
   24539       0.7271
   24540       0.7946
   24541       0.7949
   24542       0.7758
   24543       0.8115
   24544       0.7500
   24545       0.8906
   24546       0.8593
   24547       0.7659
   24548       0.7879
   24549       0.7651
   24550       0.7655
   24551       0.8796
   24552       0.8765
   24553       0.9295
   24554       0.9267
   24555       0.8040
   24556       0.8948
   24557       0.8232
   24558       0.8675
   24559       0.9513
   24560       1.0005
   24561       0.8442
   24562       0.8657
   24563       0.8742
   24564       0.8113
   24565       0.8838
   24566       0.8487
   24567       0.8532
   24568       0.8688
   24569       0.9386
   24570       0.8448
   24571       0.7923
   24572       0.7947
   24573       0.8456
   24574       0.7427
   24575       0.7823
   24576       0.8600
   24577       0.7680
   24578       0.8577
   24579       0.9716
   24580       0.9558
   24581       0.9824
   24582       0.9295
   24583       0.9548
   24584       0.9004
   24585       0.8926
   24586       0.9539
   24587       0.9000
   24588       1.0117
   24589       0.9660
   24590       1.0081
   24591       1.0310
   24592       0.9491
   24593       0.8498
   24594       0.9016
   24595       0.8685
   24596       0.8696
   24597       0.9445
   24598       0.9318
   24599       0.9288
   24600       0.8794
   24601       1.0113
   24602       0.8976
   24603       0.8503
   24604       0.8496
   24605       0.7781
   24606       0.8303
   24607       0.8464
   24608       0.7939
   24609       0.8111
   24610       0.7666
   24611       0.8388
   24612       0.7994
   24613       0.8042
   24614       0.9022
   24615       0.9424
   24616       0.8422
   24617       0.9480
   24618       1.0150
   24619       0.8809
   24620       0.9147
   24621       0.9404
   24622       1.0315
   24623       0.9649
   24624       0.8520
   24625       0.8384
   24626       0.8526
   24627       0.8718
   24628       0.8735
   24629       0.9486
   24630       0.9012
   24631       0.9361
   24632       0.9871
   24633       0.8258
   24634       0.8848
   24635       0.8851
   24636       0.8113
   24637       0.9494
   24638       0.9154
   24639       0.8604
   24640       0.8661
   24641       0.8583
   24642       0.8620
   24643       0.7264
   24644       0.7592
   24645       0.9558
   24646       0.9118
   24647       1.0492
   24648       0.8707
   24649       0.9800
   24650       0.8889
   24651       0.8989
   24652       0.9141
   24653       0.9475
   24654       0.9761
   24655       0.8640
   24656       0.8768
   24657       1.0012
   24658       0.9727
   24659       0.8596
   24660       0.9094
   24661       0.8661
   24662       0.8707
   24663       0.9724
   24664       0.8901
   24665       0.9121
   24666       0.8235
   24667       0.8074
   24668       0.9494
   24669       0.8004
   24670       0.8179
   24671       0.8486
   24672       0.8998
   24673       0.8784
   24674       0.7470
   24675       0.7764
   24676       0.8601
   24677       0.7966
   24678       0.8348
   24679       0.7797
   24680       0.8095
   24681       0.8160
   24682       0.8474
   24683       0.9387
   24684       0.8542
   24685       0.8882
   24686       0.9138
   24687       0.9548
   24688       0.9595
   24689       0.7983
   24690       0.7832
   24691       0.7992
   24692       0.8058
   24693       0.8238
   24694       0.9043
   24695       0.8711
   24696       0.8114
   24697       0.8972
   24698       0.8501
   24699       0.7972
   24700       0.8357
   24701       0.8150
   24702       0.8451
   24703       0.8682
   24704       0.8274
   24705       0.8957
   24706       0.9049
   24707       0.7923
   24708       0.7903
   24709       0.8563
   24710       0.9281
   24711       0.9135
   24712       0.8444
   24713       0.7746
   24714       0.9248
   24715       0.9133
   24716       0.8553
   24717       0.7905
   24718       0.9001
   24719       0.8686
   24720       0.8792
   24721       0.8866
   24722       0.9048
   24723       0.9229
   24724       0.8938
   24725       1.0343
   24726       0.9764
   24727       1.0153
   24728       0.8991
   24729       0.8962
   24730       0.8528
   24731       0.9628
   24732       0.9448
   24733       0.8590
   24734       0.8513
   24735       0.9432
   24736       0.8289
   24737       0.8215
   24738       0.8686
   24739       0.8648
   24740       0.9086
   24741       0.9232
   24742       0.8359
   24743       0.8143
   24744       0.8339
   24745       0.8960
   24746       0.8406
   24747       0.8864
   24748       0.9247
   24749       0.8454
   24750       0.9237
   24751       0.7639
   24752       0.8063
   24753       0.7734
   24754       0.7800
   24755       0.8325
   24756       0.8052
   24757       0.8163
   24758       0.8078
   24759       0.7933
   24760       0.8211
   24761       0.9189
   24762       0.8339
   24763       0.9312
   24764       0.8501
   24765       0.9562
   24766       0.9337
   24767       1.0994
   24768       0.9730
   24769       0.9491
   24770       0.9305
   24771       0.9265
   24772       0.9453
   24773       0.8810
   24774       0.9514
   24775       0.7962
   24776       1.0202
   24777       1.0138
   24778       0.9359
   24779       0.9195
   24780       0.8914
   24781       0.8485
   24782       0.8233
   24783       0.7740
   24784       0.7943
   24785       0.8507
   24786       0.8246
   24787       0.9012
   24788       0.7840
   24789       0.8596
   24790       0.7985
   24791       0.8625
   24792       0.7766
   24793       0.8092
   24794       0.8513
   24795       0.7890
   24796       0.8965
   24797       0.8552
   24798       0.8174
   24799       0.8295
   24800       0.8464
   24801       0.8619
   24802       0.8767
   24803       0.8776
   24804       1.0038
   24805       0.8505
   24806       0.8978
   24807       0.8926
   24808       0.9669
   24809       1.0127
   24810       0.8918
   24811       0.8066
   24812       0.7826
   24813       0.7928
   24814       0.8724
   24815       0.8820
   24816       0.8787
   24817       0.9153
   24818       0.8577
   24819       0.8814
   24820       0.8073
   24821       0.7843
   24822       0.8532
   24823       0.8897
   24824       0.8070
   24825       0.8664
   24826       0.8048
   24827       0.8696
   24828       0.7429
   24829       0.8393
   24830       0.8417
   24831       0.8739
   24832       0.8942
   24833       1.0620
   24834       0.9896
   24835       1.0391
   24836       1.0868
   24837       0.8946
   24838       0.8994
   24839       1.0397
   24840       1.0929
   24841       1.1862
   24842       1.1729
   24843       1.0535
   24844       0.9745
   24845       0.9442
   24846       0.9480
   24847       0.9626
   24848       1.0636
   24849       1.0893
   24850       1.0766
   24851       0.8741
   24852       0.7889
   24853       0.8438
   24854       0.8305
   24855       0.8773
   24856       0.8999
   24857       0.8506
   24858       0.8560
   24859       0.9025
   24860       1.0337
   24861       0.9941
   24862       1.0618
   24863       1.0719
   24864       1.1119
   24865       0.9382
   24866       1.0051
   24867       0.9367
   24868       0.8254
   24869       0.8971
   24870       0.8258
   24871       0.8792
   24872       0.8091
   24873       0.8089
   24874       0.8337
   24875       0.8494
   24876       0.8220
   24877       0.8410
   24878       0.9008
   24879       0.9593
   24880       0.9384
   24881       0.8558
   24882       0.8560
   24883       0.9477
   24884       0.8019
   24885       0.8333
   24886       0.8313
   24887       0.7753
   24888       0.8191
   24889       0.8909
   24890       0.7562
   24891       0.8806
   24892       0.8976
   24893       0.8682
   24894       0.8674
   24895       0.8494
   24896       0.9136
   24897       0.9659
   24898       1.0215
   24899       1.0090
   24900       0.9451
   24901       0.8673
   24902       0.8219
   24903       0.9544
   24904       0.9325
   24905       0.9149
   24906       1.0092
   24907       0.9398
   24908       0.9767
   24909       0.9469
   24910       0.9326
   24911       0.8908
   24912       0.9592
   24913       1.0499
   24914       0.9462
   24915       0.8653
   24916       0.8067
   24917       0.9645
   24918       0.9660
   24919       0.9088
   24920       0.8470
   24921       0.9539
   24922       0.9435
   24923       0.8254
   24924       0.9465
   24925       0.9155
   24926       0.9104
   24927       0.9113
   24928       0.8588
   24929       0.8422
   24930       0.9306
   24931       0.9862
   24932       0.8200
   24933       0.8870
   24934       0.8536
   24935       0.8752
   24936       0.8563
   24937       0.8510
   24938       0.8598
   24939       0.9980
   24940       0.9522
   24941       0.9036
   24942       0.9009
   24943       0.8678
   24944       0.9472
   24945       0.9357
   24946       0.8515
   24947       0.8468
   24948       0.8626
   24949       0.9226
   24950       0.8498
   24951       0.7935
   24952       0.9168
   24953       0.9514
   24954       0.9648
   24955       0.9181
   24956       0.8583
   24957       1.1091
   24958       1.1324
   24959       1.0718
   24960       1.1384
   24961       1.1237
   24962       1.0587
   24963       0.9948
   24964       1.0740
   24965       0.9495
   24966       0.9186
   24967       1.0566
   24968       1.0749
   24969       1.1634
   24970       0.9080
   24971       0.9503
   24972       1.0093
   24973       1.0456
   24974       1.0712
   24975       1.1115
   24976       1.0841
   24977       1.0871
   24978       1.0021
   24979       1.0747
   24980       1.0079
   24981       1.0414
   24982       1.0960
   24983       1.0933
   24984       0.9305
   24985       0.9747
   24986       1.0682
   24987       0.9957
   24988       0.9790
   24989       1.1300
   24990       0.9137
   24991       0.9752
   24992       0.9433
   24993       0.9158
   24994       0.9513
   24995       0.9324
   24996       1.0362
   24997       0.9633
   24998       0.8641
   24999       0.9219
   25000       0.9995
